,Glycolysis / Gluconeogenesis - Homo sapiens (human),Citrate cycle (TCA cycle) - Homo sapiens (human),Pentose phosphate pathway - Homo sapiens (human),Pentose and glucuronate interconversions - Homo sapiens (human),Fructose and mannose metabolism - Homo sapiens (human),Galactose metabolism - Homo sapiens (human),Ascorbate and aldarate metabolism - Homo sapiens (human),Fatty acid biosynthesis - Homo sapiens (human),Fatty acid elongation - Homo sapiens (human),Fatty acid degradation - Homo sapiens (human),Steroid biosynthesis - Homo sapiens (human),Primary bile acid biosynthesis - Homo sapiens (human),Ubiquinone and other terpenoid-quinone biosynthesis - Homo sapiens (human),Steroid hormone biosynthesis - Homo sapiens (human),Oxidative phosphorylation - Homo sapiens (human),Arginine biosynthesis - Homo sapiens (human),Purine metabolism - Homo sapiens (human),Caffeine metabolism - Homo sapiens (human),Pyrimidine metabolism - Homo sapiens (human),"Alanine, aspartate and glutamate metabolism - Homo sapiens (human)","Glycine, serine and threonine metabolism - Homo sapiens (human)",Cysteine and methionine metabolism - Homo sapiens (human),"Valine, leucine and isoleucine degradation - Homo sapiens (human)","Valine, leucine and isoleucine biosynthesis - Homo sapiens (human)",Lysine degradation - Homo sapiens (human),Arginine and proline metabolism - Homo sapiens (human),Histidine metabolism - Homo sapiens (human),Tyrosine metabolism - Homo sapiens (human),Phenylalanine metabolism - Homo sapiens (human),Tryptophan metabolism - Homo sapiens (human),"Phenylalanine, tyrosine and tryptophan biosynthesis - Homo sapiens (human)",beta-Alanine metabolism - Homo sapiens (human),Taurine and hypotaurine metabolism - Homo sapiens (human),Phosphonate and phosphinate metabolism - Homo sapiens (human),Selenocompound metabolism - Homo sapiens (human),D-Amino acid metabolism - Homo sapiens (human),Glutathione metabolism - Homo sapiens (human),Starch and sucrose metabolism - Homo sapiens (human),N-Glycan biosynthesis - Homo sapiens (human),Other glycan degradation - Homo sapiens (human),Mucin type O-glycan biosynthesis - Homo sapiens (human),Various types of N-glycan biosynthesis - Homo sapiens (human),Other types of O-glycan biosynthesis - Homo sapiens (human),Mannose type O-glycan biosynthesis - Homo sapiens (human),Amino sugar and nucleotide sugar metabolism - Homo sapiens (human),"Neomycin, kanamycin and gentamicin biosynthesis - Homo sapiens (human)",Glycosaminoglycan degradation - Homo sapiens (human),Glycosaminoglycan biosynthesis - chondroitin sulfate / dermatan sulfate - Homo sapiens (human),Glycosaminoglycan biosynthesis - keratan sulfate - Homo sapiens (human),Glycosaminoglycan biosynthesis - heparan sulfate / heparin - Homo sapiens (human),Glycerolipid metabolism - Homo sapiens (human),Inositol phosphate metabolism - Homo sapiens (human),Glycosylphosphatidylinositol (GPI)-anchor biosynthesis - Homo sapiens (human),Glycerophospholipid metabolism - Homo sapiens (human),Ether lipid metabolism - Homo sapiens (human),Arachidonic acid metabolism - Homo sapiens (human),Linoleic acid metabolism - Homo sapiens (human),alpha-Linolenic acid metabolism - Homo sapiens (human),Sphingolipid metabolism - Homo sapiens (human),Glycosphingolipid biosynthesis - lacto and neolacto series - Homo sapiens (human),Glycosphingolipid biosynthesis - globo and isoglobo series - Homo sapiens (human),Glycosphingolipid biosynthesis - ganglio series - Homo sapiens (human),Pyruvate metabolism - Homo sapiens (human),Glyoxylate and dicarboxylate metabolism - Homo sapiens (human),Propanoate metabolism - Homo sapiens (human),Butanoate metabolism - Homo sapiens (human),One carbon pool by folate - Homo sapiens (human),Thiamine metabolism - Homo sapiens (human),Riboflavin metabolism - Homo sapiens (human),Vitamin B6 metabolism - Homo sapiens (human),Nicotinate and nicotinamide metabolism - Homo sapiens (human),Pantothenate and CoA biosynthesis - Homo sapiens (human),Biotin metabolism - Homo sapiens (human),Lipoic acid metabolism - Homo sapiens (human),Folate biosynthesis - Homo sapiens (human),Retinol metabolism - Homo sapiens (human),Porphyrin metabolism - Homo sapiens (human),Terpenoid backbone biosynthesis - Homo sapiens (human),Nitrogen metabolism - Homo sapiens (human),Sulfur metabolism - Homo sapiens (human),Aminoacyl-tRNA biosynthesis - Homo sapiens (human),Metabolism of xenobiotics by cytochrome P450 - Homo sapiens (human),Drug metabolism - cytochrome P450 - Homo sapiens (human),Drug metabolism - other enzymes - Homo sapiens (human),Biosynthesis of unsaturated fatty acids - Homo sapiens (human),ABC transporters - Homo sapiens (human),Ribosome biogenesis in eukaryotes - Homo sapiens (human),Ribosome - Homo sapiens (human),Nucleocytoplasmic transport - Homo sapiens (human),mRNA surveillance pathway - Homo sapiens (human),RNA degradation - Homo sapiens (human),RNA polymerase - Homo sapiens (human),Basal transcription factors - Homo sapiens (human),DNA replication - Homo sapiens (human),Spliceosome - Homo sapiens (human),Proteasome - Homo sapiens (human),Protein export - Homo sapiens (human),Viral life cycle - HIV-1 - Homo sapiens (human),Virion - Human immunodeficiency virus - Homo sapiens (human),Virion - Flavivirus - Homo sapiens (human),Virion - Lyssavirus - Homo sapiens (human),Virion - Herpesvirus - Homo sapiens (human),Virion - Adenovirus - Homo sapiens (human),PPAR signaling pathway - Homo sapiens (human),Base excision repair - Homo sapiens (human),Nucleotide excision repair - Homo sapiens (human),Mismatch repair - Homo sapiens (human),Homologous recombination - Homo sapiens (human),Non-homologous end-joining - Homo sapiens (human),Fanconi anemia pathway - Homo sapiens (human),MAPK signaling pathway - Homo sapiens (human),ErbB signaling pathway - Homo sapiens (human),Ras signaling pathway - Homo sapiens (human),Rap1 signaling pathway - Homo sapiens (human),Calcium signaling pathway - Homo sapiens (human),cGMP-PKG signaling pathway - Homo sapiens (human),cAMP signaling pathway - Homo sapiens (human),Cytokine-cytokine receptor interaction - Homo sapiens (human),Viral protein interaction with cytokine and cytokine receptor - Homo sapiens (human),Chemokine signaling pathway - Homo sapiens (human),NF-kappa B signaling pathway - Homo sapiens (human),HIF-1 signaling pathway - Homo sapiens (human),FoxO signaling pathway - Homo sapiens (human),Phosphatidylinositol signaling system - Homo sapiens (human),Sphingolipid signaling pathway - Homo sapiens (human),Phospholipase D signaling pathway - Homo sapiens (human),Neuroactive ligand-receptor interaction - Homo sapiens (human),Cell cycle - Homo sapiens (human),Oocyte meiosis - Homo sapiens (human),p53 signaling pathway - Homo sapiens (human),Ubiquitin mediated proteolysis - Homo sapiens (human),Sulfur relay system - Homo sapiens (human),SNARE interactions in vesicular transport - Homo sapiens (human),Autophagy - other - Homo sapiens (human),Mitophagy - animal - Homo sapiens (human),Autophagy - animal - Homo sapiens (human),Protein processing in endoplasmic reticulum - Homo sapiens (human),Lysosome - Homo sapiens (human),Endocytosis - Homo sapiens (human),Phagosome - Homo sapiens (human),Peroxisome - Homo sapiens (human),mTOR signaling pathway - Homo sapiens (human),PI3K-Akt signaling pathway - Homo sapiens (human),AMPK signaling pathway - Homo sapiens (human),Apoptosis - Homo sapiens (human),Longevity regulating pathway - Homo sapiens (human),Longevity regulating pathway - multiple species - Homo sapiens (human),Apoptosis - multiple species - Homo sapiens (human),Ferroptosis - Homo sapiens (human),Necroptosis - Homo sapiens (human),Cellular senescence - Homo sapiens (human),Cardiac muscle contraction - Homo sapiens (human),Adrenergic signaling in cardiomyocytes - Homo sapiens (human),Vascular smooth muscle contraction - Homo sapiens (human),Wnt signaling pathway - Homo sapiens (human),Notch signaling pathway - Homo sapiens (human),Hedgehog signaling pathway - Homo sapiens (human),TGF-beta signaling pathway - Homo sapiens (human),Axon guidance - Homo sapiens (human),VEGF signaling pathway - Homo sapiens (human),Apelin signaling pathway - Homo sapiens (human),Osteoclast differentiation - Homo sapiens (human),Hippo signaling pathway - Homo sapiens (human),Hippo signaling pathway - multiple species - Homo sapiens (human),Focal adhesion - Homo sapiens (human),ECM-receptor interaction - Homo sapiens (human),Cell adhesion molecules - Homo sapiens (human),Adherens junction - Homo sapiens (human),Tight junction - Homo sapiens (human),Gap junction - Homo sapiens (human),Signaling pathways regulating pluripotency of stem cells - Homo sapiens (human),Complement and coagulation cascades - Homo sapiens (human),Platelet activation - Homo sapiens (human),Antigen processing and presentation - Homo sapiens (human),Neutrophil extracellular trap formation - Homo sapiens (human),Renin-angiotensin system - Homo sapiens (human),Toll-like receptor signaling pathway - Homo sapiens (human),NOD-like receptor signaling pathway - Homo sapiens (human),RIG-I-like receptor signaling pathway - Homo sapiens (human),Cytosolic DNA-sensing pathway - Homo sapiens (human),C-type lectin receptor signaling pathway - Homo sapiens (human),JAK-STAT signaling pathway - Homo sapiens (human),Hematopoietic cell lineage - Homo sapiens (human),Natural killer cell mediated cytotoxicity - Homo sapiens (human),IL-17 signaling pathway - Homo sapiens (human),Th1 and Th2 cell differentiation - Homo sapiens (human),Th17 cell differentiation - Homo sapiens (human),T cell receptor signaling pathway - Homo sapiens (human),B cell receptor signaling pathway - Homo sapiens (human),Fc epsilon RI signaling pathway - Homo sapiens (human),Fc gamma R-mediated phagocytosis - Homo sapiens (human),TNF signaling pathway - Homo sapiens (human),Leukocyte transendothelial migration - Homo sapiens (human),Intestinal immune network for IgA production - Homo sapiens (human),Circadian rhythm - Homo sapiens (human),Circadian entrainment - Homo sapiens (human),Thermogenesis - Homo sapiens (human),Long-term potentiation - Homo sapiens (human),Synaptic vesicle cycle - Homo sapiens (human),Neurotrophin signaling pathway - Homo sapiens (human),Retrograde endocannabinoid signaling - Homo sapiens (human),Glutamatergic synapse - Homo sapiens (human),Cholinergic synapse - Homo sapiens (human),Serotonergic synapse - Homo sapiens (human),GABAergic synapse - Homo sapiens (human),Dopaminergic synapse - Homo sapiens (human),Long-term depression - Homo sapiens (human),Olfactory transduction - Homo sapiens (human),Taste transduction - Homo sapiens (human),Phototransduction - Homo sapiens (human),Inflammatory mediator regulation of TRP channels - Homo sapiens (human),Regulation of actin cytoskeleton - Homo sapiens (human),Insulin signaling pathway - Homo sapiens (human),Insulin secretion - Homo sapiens (human),GnRH signaling pathway - Homo sapiens (human),Ovarian steroidogenesis - Homo sapiens (human),Progesterone-mediated oocyte maturation - Homo sapiens (human),Estrogen signaling pathway - Homo sapiens (human),Melanogenesis - Homo sapiens (human),Prolactin signaling pathway - Homo sapiens (human),Thyroid hormone synthesis - Homo sapiens (human),Thyroid hormone signaling pathway - Homo sapiens (human),Adipocytokine signaling pathway - Homo sapiens (human),Oxytocin signaling pathway - Homo sapiens (human),Glucagon signaling pathway - Homo sapiens (human),Regulation of lipolysis in adipocytes - Homo sapiens (human),Renin secretion - Homo sapiens (human),Aldosterone synthesis and secretion - Homo sapiens (human),Relaxin signaling pathway - Homo sapiens (human),Cortisol synthesis and secretion - Homo sapiens (human),"Parathyroid hormone synthesis, secretion and action - Homo sapiens (human)",GnRH secretion - Homo sapiens (human),Type II diabetes mellitus - Homo sapiens (human),Insulin resistance - Homo sapiens (human),Non-alcoholic fatty liver disease - Homo sapiens (human),AGE-RAGE signaling pathway in diabetic complications - Homo sapiens (human),Cushing syndrome - Homo sapiens (human),"Growth hormone synthesis, secretion and action - Homo sapiens (human)",Alcoholic liver disease - Homo sapiens (human),Type I diabetes mellitus - Homo sapiens (human),Maturity onset diabetes of the young - Homo sapiens (human),Aldosterone-regulated sodium reabsorption - Homo sapiens (human),Endocrine and other factor-regulated calcium reabsorption - Homo sapiens (human),Vasopressin-regulated water reabsorption - Homo sapiens (human),Proximal tubule bicarbonate reclamation - Homo sapiens (human),Collecting duct acid secretion - Homo sapiens (human),Salivary secretion - Homo sapiens (human),Gastric acid secretion - Homo sapiens (human),Pancreatic secretion - Homo sapiens (human),Carbohydrate digestion and absorption - Homo sapiens (human),Protein digestion and absorption - Homo sapiens (human),Fat digestion and absorption - Homo sapiens (human),Bile secretion - Homo sapiens (human),Vitamin digestion and absorption - Homo sapiens (human),Mineral absorption - Homo sapiens (human),Cholesterol metabolism - Homo sapiens (human),Alzheimer disease - Homo sapiens (human),Parkinson disease - Homo sapiens (human),Amyotrophic lateral sclerosis - Homo sapiens (human),Huntington disease - Homo sapiens (human),Spinocerebellar ataxia - Homo sapiens (human),Prion disease - Homo sapiens (human),Pathways of neurodegeneration - multiple diseases - Homo sapiens (human),Cocaine addiction - Homo sapiens (human),Amphetamine addiction - Homo sapiens (human),Morphine addiction - Homo sapiens (human),Nicotine addiction - Homo sapiens (human),Alcoholism - Homo sapiens (human),Bacterial invasion of epithelial cells - Homo sapiens (human),Vibrio cholerae infection - Homo sapiens (human),Epithelial cell signaling in Helicobacter pylori infection - Homo sapiens (human),Pathogenic Escherichia coli infection - Homo sapiens (human),Shigellosis - Homo sapiens (human),Salmonella infection - Homo sapiens (human),Pertussis - Homo sapiens (human),Legionellosis - Homo sapiens (human),Yersinia infection - Homo sapiens (human),Leishmaniasis - Homo sapiens (human),Chagas disease - Homo sapiens (human),African trypanosomiasis - Homo sapiens (human),Malaria - Homo sapiens (human),Toxoplasmosis - Homo sapiens (human),Amoebiasis - Homo sapiens (human),Staphylococcus aureus infection - Homo sapiens (human),Tuberculosis - Homo sapiens (human),Hepatitis C - Homo sapiens (human),Hepatitis B - Homo sapiens (human),Measles - Homo sapiens (human),Human cytomegalovirus infection - Homo sapiens (human),Influenza A - Homo sapiens (human),Human papillomavirus infection - Homo sapiens (human),Human T-cell leukemia virus 1 infection - Homo sapiens (human),Kaposi sarcoma-associated herpesvirus infection - Homo sapiens (human),Herpes simplex virus 1 infection - Homo sapiens (human),Epstein-Barr virus infection - Homo sapiens (human),Human immunodeficiency virus 1 infection - Homo sapiens (human),Coronavirus disease - COVID-19 - Homo sapiens (human),Pathways in cancer - Homo sapiens (human),Transcriptional misregulation in cancer - Homo sapiens (human),Viral carcinogenesis - Homo sapiens (human),Chemical carcinogenesis - DNA adducts - Homo sapiens (human),Proteoglycans in cancer - Homo sapiens (human),MicroRNAs in cancer - Homo sapiens (human),Chemical carcinogenesis - receptor activation - Homo sapiens (human),Chemical carcinogenesis - reactive oxygen species - Homo sapiens (human),Colorectal cancer - Homo sapiens (human),Renal cell carcinoma - Homo sapiens (human),Pancreatic cancer - Homo sapiens (human),Endometrial cancer - Homo sapiens (human),Glioma - Homo sapiens (human),Prostate cancer - Homo sapiens (human),Thyroid cancer - Homo sapiens (human),Basal cell carcinoma - Homo sapiens (human),Melanoma - Homo sapiens (human),Bladder cancer - Homo sapiens (human),Chronic myeloid leukemia - Homo sapiens (human),Acute myeloid leukemia - Homo sapiens (human),Small cell lung cancer - Homo sapiens (human),Non-small cell lung cancer - Homo sapiens (human),Breast cancer - Homo sapiens (human),Hepatocellular carcinoma - Homo sapiens (human),Gastric cancer - Homo sapiens (human),Central carbon metabolism in cancer - Homo sapiens (human),Choline metabolism in cancer - Homo sapiens (human),PD-L1 expression and PD-1 checkpoint pathway in cancer - Homo sapiens (human),Asthma - Homo sapiens (human),Autoimmune thyroid disease - Homo sapiens (human),Inflammatory bowel disease - Homo sapiens (human),Systemic lupus erythematosus - Homo sapiens (human),Rheumatoid arthritis - Homo sapiens (human),Allograft rejection - Homo sapiens (human),Graft-versus-host disease - Homo sapiens (human),Primary immunodeficiency - Homo sapiens (human),Hypertrophic cardiomyopathy - Homo sapiens (human),Arrhythmogenic right ventricular cardiomyopathy - Homo sapiens (human),Dilated cardiomyopathy - Homo sapiens (human),Diabetic cardiomyopathy - Homo sapiens (human),Viral myocarditis - Homo sapiens (human),Lipid and atherosclerosis - Homo sapiens (human),Fluid shear stress and atherosclerosis - Homo sapiens (human)
1,HK3,CS,GPI,GUSB,MPI,GALM,UGDH,ACACA,ACAA2,ACAT2,FDFT1,CYP46A1,TAT,CYP11A1,ND1,OTC,NUDT9,CYP1A2,CAD,GOT1,SHMT2,CTH,BCAT2,SDS,AASS,GATM,HAL,GOT1,PAH,TDO2,GOT1,GADL1,CDO1,PCYT2,KYAT3,GLS2,GGT7,MGAM,SRD5A3,NEU1,GALNTL6,ALG13,OGT,POMT1,CHIA,HK3,HYAL2,XYLT1,FUT8,XYLT1,GLYCTK,PIK3C3,PIGA,GPD1L,AGPS,PLA2G10,PLA2G10,PLA2G10,SPTLC1,B3GNT5,A3GALT2,B4GALNT1,ACSS1,ACSS1,ACSS1,ACAT2,DHFR,NFS1,RFK,PNPO,ASPDH,PANK1,OXSM,LIPT2,GCH1,BCO1,ALAS1,ACAT2,GLUD2,PAPSS2,TRNA,CYP1A1,CYP2D6,HPRT1,ELOVL1,DEFB1,CSNK2B,MRPS2,AAAS,NCBP1,DCPS,POLR2B,GTF2A1L,SSBP1,RNVU1-18,PSMD3,OXA1L,CCR5,CD4,TYRO3,CHRNA1,PILRA,CXADR,CD36,OGG1,RBX1,SSBP1,SSBP1,XRCC6,ATRIP,CACNA1A,EGF,EGF,RAP1A,SLC8A1,AGTR1,VIP,CCL1,CCL5,CXCL1,LCK,IL6,TGFB1,PI4KA,SPTLC1,EGF,CHRM1,CCND1,INS,ATM,UBB,NFS1,STX1A,RPTOR,BCL2L13,INS,SEC61A1,TCIRG1,ARF6,VAMP3,PEX16,SLC7A5,EGF,MAP3K7,TNFSF10,INS,INS,TNFRSF1A,SLC3A2,TNF,TGFB1,CACNA1C,ADRB1,ADRA1A,PORCN,DLL3,PTCH1,CHRD,NTNG1,VEGFA,ADCY1,CSF1,CRB2,DCHS1,COL1A1,COL1A1,CD58,NECTIN1,CRB3,GJA1,LIF,F7,TBXA2R,IFNG,FCGR3A,AGT,TLR1,NOD1,RIGI,POLR3A,CLEC7A,IL2,KITLG,HLA-A,IL25,DLL3,IL1B,CD3D,IGH,IGH,IGH,TNF,JAM3,CD80,RORA,GRIN1,ADRB3,GRIA1,SLC32A1,NGF,SLC17A6,SLC38A1,CHAT,TPH2,SLC38A1,TH,NOS1,OR2J3,SCNN1A,RHO,KNG1,LPAR1,INS,SLC2A1,GNRH1,CGA,PGR,ESR1,POMC,PRL,TSHB,PRKACA,TNF,OXT,AKT1,TSHB,ADRB1,AGT,RLN1,POMC,CASR,KISS1,INS,INS,IL6,TGFB2,CRH,GHRH,C1QA,INS,HHEX,HSD11B2,PTH,AVP,SLC9A3,CA2,ADRB1,CHRM3,CHRM3,AMY1C,PGA5,LIPF,EPHX1,CBLIF,SLC34A1,ABCA1,ADAM10,ADORA2A,TP53,CLTA,TRPC3,PRNP,APP,TH,TH,OPRM1,SLC32A1,TH,CDH1,ATP6V1A,PTPN11,IGH,CD44,PODXL,ITGA5,HSPD1,FN1,TLR2,TLR4,IGH,SDC1,IFNG,IL1B,KRT9,TNF,LDLR,HSPG2,CD46,PDGFRA,TPSD1,WNT1,SLC2A1,C3,LTA,CR2,CD4,TMPRSS2,DCC,RUNX1,SRC,NAT2,CD44,MIR17,CHRNA7,AS3MT,GSK3B,HIF1A,KRAS,EGF,EGF,GSTP1,RET,TP53,FGF1,FGFR3,BCR,KIT,FHIT,FHIT,ESR1,TGFA,CDX2,SLC2A1,EGF,HIF1A,HLA-DMA,IFNA1,TLR2,C1QA,CD80,HLA-A,IL6,ADA,ITGA1,ITGA1,ITGA1,SLC2A1,CXADR,APOB,HSP90AA1
2,HK1,ACLY,G6PD,KL,PMM2,GALK1,UGT2A1,ACACB,HADHB,ACAT1,SQLE,CYP39A1,COQ2,CYP17A1,ND2,ASS1,ADPRM,NAT2,DHODH,GOT1L1,SHMT1,KYAT3,BCAT1,SDSL,ALDH7A1,GAMT,UROC1,GOT1L1,DDC,IDO1,GOT1L1,CSAD,GAD1,SELENOI,KYAT1,GLS,GGT6,MGAM2,DOLK,NEU3,GALNT5,ALG14,EOGT,POMT2,CHIT1,HK1,HYAL1,XYLT2,B4GALT1,XYLT2,ALDH2,MTM1,PIGC,GPD1,PLPP1,PLA2G2D,PLA2G2D,PLA2G2D,SPTLC2,B3GALT1,B3GALNT1,B3GALT4,ACSS2,ACSS2,ACSS2,ACAT1,DHFR2,NTPCR,ACP5,PDXK,QPRT,PANK3,HLCS,LIAS,ALPL,ADH1A,ALAS2,ACAT1,GLUD1,PAPSS1,TRNR,CYP2C9,cytochrome P450 2D6-like [KO:K17712] [EC:1.14.14.1],IMPDH1,ELOVL2,ABCA1,CSNK2A1,MRPS5,NUP42,NCBP2,EXOSC1,POLR2A,GTF2A1,RNASEH1,RNU1-2,PSMD9,SRP54,CXCR4,CCR5,CLEC4M,NCAM1,PILRB,CD46,SLC27A1,NTHL1,CUL4B,PMS2,RAD50,XRCC5,ATR,CACNA1B,TGFA,TGFA,RAP1B,SLC8A2,EDNRA,CRH,CCL25,CCL3,CXCL2,ZAP70,IL6R,TGFB2,PI4KB,SPTLC2,PDGFA,CHRM2,CCND2,IGF1,CHEK2,UBC,MPST,STX2,MTOR,EIF2AK3,IGF1R,SEC61A2,ATP6V0A2,PIP5K1C,STX12,PEX3,SLC3A2,TGFA,STK11,TNFRSF10A,INSR,INSR,FADD,SLC7A11,TNFRSF1A,TGFB2,CACNA1D,ADRB2,ADRA1B,WNT1,DLL1,PTCH2,NOG,NTNG2,KDR,ADCY2,CSF1R,CRB1,DCHS2,COL1A2,COL1A2,CD2,NECTIN2,CLDN4,GJD2,LIFR,F3,F2,TNF,FCGR3B,REN,TLR2,RIPK2,IFIH1,POLR3B,LSP1,IL4,IL7,HLA-B,IL17RA,DLL1,IL1R1,CD3E,CD79A,FCER1A,FCGR1A,TNFRSF1A,ITGAM,CD86,RORB,GRIN2A,GNAS,GRIA2,SLC18A1,BDNF,SLC17A8,SLC38A2,ACHE,TPH1,SLC38A2,DDC,GUCY1A2,OR14J1,SCNN1B,GRK7,BDKRB1,LPAR2,INSR,SLC2A2,GNRH2,LHB,PIK3R1,ESR2,ASIP,PRLR,CGA,PRKACB,TNFRSF1A,OXTR,AKT2,CGA,ADRB2,AGTR1,RLN2,MC2R,GNAI1,KISS1R,INSR,RPS6KA3,IL6R,TGFB3,CRHR1,GHRHR,C1QB,GAD1,MNX1,NR3C2,PTH1R,AVPR2,CA4,ATP6V1A,ADRB2,GAST,CCK,AMY2A,PGA4,PNLIP,SLCO1A2,CUBN,SLC34A2,APOA1,ADAM17,GNAL,CASP1,CLTB,GRM1,NCAM1,MAPT,DDC,DDC,DRD1,CHRNA6,DDC,CTNNB1,ATP6V1B1,MET,SRC,ITGA5,PTPRC,ITGB1,C3,ITGA4,TLR4,TICAM1,TLR9,SDC2,IFNGR1,IL1R1,KRT10,TNFRSF1A,SCARB1,SLC10A1,MSN,PIK3CA,TPSAB1,WNT2,NRP1,TLR3,TNFSF14,CD19,BTRC,ACE2,CASP3,CSF1R,HRAS,NAT1,SRC,MIR18A,ARRB1,GSTA5,AXIN1,EPAS1,PIK3CA,EGFR,TGFA,CDKN1B,CCDC6,CDKN1A,FGF2,HRAS,ABL1,FLT3,RARB,RARB,ESR2,EGFR,MUC2,SLC2A2,PDGFA,EGF,HLA-DMB,IFNA2,TLR4,C1QB,CD86,HLA-B,IL1A,IL7R,ITGA2,ITGA2,ITGA2,SLC2A4,CD55,APOA4,HSP90AB1
3,HK2,ACO2,PGLS,UGT2A1,PMM1,GALT,UGT2A3,ACSF3,HADH,ACAA1,LSS,HSD3B7,COQ6,STS,ND3,ASL,NUDT5,NAT1,UMPS,GOT2,AGXT,KYAT1,IL4I1,BCAT2,AADAT,CKM,AMDHD1,GOT2,AOC3,IDO2,GOT2,GAD1,GAD2,CEPT1,MTR,DGLUCY,GGT1,GAA,DPAGT1,NEU4,GALNT17,ALG1,POFUT1,POMGNT1,HEXA,HK2,SPAM1,B4GALT7,B4GALT2,B4GALT7,ALDH3A2,MTMR1,PIGH,GPD2,PLPP3,PLA2G2E,PLA2G2E,PLA2G2E,SPTLC3,B3GALT2,GBGT1,ST3GAL2,PDHA2,MDH1,ACSS3,HADH,MTHFD1L,ALPL,ACP1,PDXP,NAPRT,PANK2,BTD,LIPT1,ALPI,ADH1B,EARS2,HMGCS1,GLUL,BPNT1,TRNN,CYP3A4,CYP2D7,IMPDH2,ELOVL3,ABCA2,CSNK2A2,MRPS6,GLE1,NCBP2L,EXOSC2,POLR2C,GTF2A2,RPA1,RNU1-4,PSMD12,SEC61A1,CD4,CXCR4,CD209,NCAM2,ITGA5,CD80,SLC27A4,NEIL1,CUL4A,MLH1,MRE11,DCLRE1C,FANCM,CACNA1C,AREG,FGF1,MRAS,SLC8A3,EDNRB,CGA,CCL19,CCL3L1,CXCL3,LAT,STAT3,TGFB3,PI4K2A,SPTLC3,PDGFB,CHRM3,CCND3,IGF1R,ATR,UBA52,TST,STX3,MLST8,ATF4,IRS1,SEC61B,ATP6V0A4,PIP5K1A,STX7,PEX19,SLC38A9,EREG,CAB39,TNFRSF10B,IGF1,IGF1,CASP8,TP53,TRADD,TGFB3,CACNA1F,GNAS,ADRA1D,WNT2,DLL4,SMO,NBL1,LRRC4C,SH2D2A,ADCY3,GRB2,PARD3,FAT4,COL2A1,COL2A1,VSIR,NECTIN3,CLDN3,LPAR1,IL6ST,F12,F2R,PSME1,SYK,ACE,TLR6,IKBKG,MAVS,POLR3C,HRAS,IL7,IL4,HLA-C,IL17RB,DLL4,IL1RAP,CD3G,CD79B,MS4A2,FCGR2A,BAG4,ITGB2,HLA-DMA,RORC,GRIN2B,ADCY1,ADCY1,SLC18A2,NTF4,SLC17A7,GLS2,SLC18A3,DDC,GLS2,SLC18A1,GUCY1A1,OR10C1,SCNN1G,GRK1,BDKRB2,LPAR4,IRS1,GCK,GNRHR,LHCGR,PIK3R2,HSP90AA1,MC1R,JAK2,TSHR,PRKACG,TRADD,GNAQ,AKT3,TSHR,ADRB3,GNAQ,RXFP1,MRAP,GNAI3,GNAQ,IRS1,RPS6KA1,SOCS3,TGFB1,CRHR2,GNAS,C1QC,GAD2,ONECUT1,SCNN1A,GNAS,GNAS,AQP1,ATP6V1B1,ADRB3,CCKBR,CCKAR,AMY1A,PGA3,PNLIPRP1,SLCO1B3,LMBRD1,SLC34A3,LPL,APP,GNAS,BID,CLTC,GNAQ,NCAM2,SNCA,SLC18A1,SLC18A1,ADCY1,CACNA1A,SLC18A1,CTNNA3,ATP6V1B2,PLCG1,FCGR2A,ITGB1,RAB5A,ITGAM,CR1,ITGA5,MYD88,TLR2,MYD88,LRP1,IFNGR2,IL1R2,KRT12,TRADD,CD81,TGFB1,SLAMF1,PIK3CD,TPSB2,WNT2B,MYC,TICAM1,TNFRSF14,HLA-DMA,FBXW11,NRP1,CASP9,MPO,KRAS,CYP1A2,CTTN,MIR19A,ARRB2,GSTA2,AXIN2,EGLN1,PIK3CD,PIK3CA,EGFR,CDK2,NCOA4,GADD45A,FGF3,KRAS,CRK,PIK3CA,RXRA,RXRA,NCOA1,IGF2,CDH17,GCK,PDGFB,EGFR,HLA-DOA,IFNA4,TLR5,C1QC,CD28,HLA-C,IL1B,IL2RG,ITGA2B,ITGA2B,ITGA2B,GFPT2,FYN,APOA1,HSP90B1
4,HKDC1,ACO1,H6PD,UGT2A3,GMPPB,GALE,UGT2B17,MCAT,HADHA,ACAA2,CYP51A1,CH25H,COQ3,SULT2B1,ND4,ARG2,PGM1,CYP2A6,CMPK1,IL4I1,GRHPR,CBS,BCKDHA,BCAT1,DHTKD1,CKMT1A,FTCD,TAT,AOC2,AFMID,TAT,GAD2,GADL1,PCYT1B,CTH,DDO,GGT5,GANC,ALG5,NEU2,GALNT11,ALG2,POFUT2,B4GALT1,HEXB,HKDC1,HYAL4,B3GALT6,B4GALT3,B3GALT6,ALDH1B1,MTMR2,PIGP,GPAM,PLPP2,PLA2G3,PLA2G3,PLA2G3,KDSR,B3GALT5,A4GALT,ST3GAL1,PDHA1,MDH2,BCKDHA,HADHA,MTHFD1,ALPI,ACP2,PHOSPHO2,PNP,PPCS,,ACSM1,ALPP,ADH1C,EPRS1,HMGCS2,CPS1,BPNT2,TRND,CYP1B1,CYP2D6,GMPS,ELOVL4,ABCA3,CSNK2A3,MRPS7,DDX19B,UPF3B,EXOSC3,POLR2J,GTF2B,PCNA,RNU1-3,PSMD11,SEC61A2,MAP1A,CLEC4M,HAVCR1,NGFR,ITGB3,CD86,SLC27A2,NEIL2,DDB1,MSH6,NBN,PRKDC,FAAP24,CACNA1D,EGFR,FGF2,RAPGEF5,ATP2B1,ADRA1A,LHB,CCL21,CCL3L3,CXCL5,PLCG1,TLR4,TGFBR1,PI4K2B,CERS1,PDGFC,CHRM4,CDK4,PGR,CHEK1,RPS27A,URM1,STX1B,ULK2,MAPK8,IRS2,SEC61G,ATP6V0A1,PIP5K1B,ACTG1,ABCD3,ATP6V1A,AREG,CAB39L,FASLG,IGF1R,IGF1R,CASP7,GCLC,TRAF2,TGFBR1,CACNA1S,ADCY1,AGT,WNT2B,JAG1,GPR161,MICOS10-NBL1,LRRC4,PLCG1,ADCY4,MAPK1,PARD6A,CSNK1E,COL4A2,COL4A2,IGSF11,NECTIN4,CLDN7,GNAI1,JAK1,F11,F2RL3,PSME2,MAP3K7,CMA1,LBP,CHUK,DHX58,POLR3D,KRAS,IL9,CSF2,HLA-G,TRADD,NOTCH3,MAPK11,CD247,LYN,FCER1G,FCGR3A,TRADD,JAM2,HLA-DMB,NR1D1,GRIN2C,ADCY2,ADCY8,SLC18A3,NTF3,GRIA1,GLS,CHRM1,SLC18A1,GLS,SLC18A2,GUCY1B1,OR2A2,ENTPD2,RCVRN,HTR2A,LPAR5,IRS2,TRPM4,GNAS,GNAS,PIK3R3,HSP90AB1,GNAS,SHC1,GNAS,ITGAV,TNFRSF1B,HRAS,PDE3B,ADRB1,ADCYAP1,GNA11,GNAO1,GNAS,GNAI2,GNA11,IRS2,RPS6KA2,TNF,TGFBR1,GNAS,ADCY1,C2,PTPRN,PDX1,SCNN1B,ADCY6,ADCY6,CA2,ATP6V1B2,GNAS,GNAQ,GNAQ,AMY2B,PRSS3,PNLIPRP2,SLCO1B1,MMACHC,VDR,LCAT,NAE1,DRD2,BCL2,CLTCL1,PLCB1,LAMC1,TARDBP,SLC18A2,SLC18A2,ADCY2,CACNA1B,SLC18A2,CTNNA1,ATP6V1C2,PLCG2,RAC1,SRC,RAB5B,ITGB2,CR1L,ITGB1,IRAK1,TLR6,THOP1,CD81,JAK1,NFKB1,KRT13,FADD,CLDN4,TGFB2,CLEC4M,PIK3CB,PLG,WNT3,TRRAP,TRAF3,TRAF2,HLA-DMB,SKP1,ACE,APPL1,CSF2,NRAS,SULT1A2,HCLS1,MIR19B2,SRC,GSTA4,CTNNB1,EGLN3,PIK3CB,PIK3CD,PDGFA,CCNE1,NTRK1,GADD45B,FGF4,NRAS,CRKL,PIK3CD,RXRB,RXRB,NCOA3,IGF1R,REG4,PKM,PDGFC,HRAS,HLA-DOB,IFNA5,NFKB1,C2,CTLA4,HLA-F,TNF,JAK3,ITGA3,ITGA3,ITGA3,GFPT1,CAV1,LDLR,NOS3
5,GCK,IDH1,PGD,UGT2B17,GMPPA,UGP2,UGT2B11,FASN,ECHS1,HADHB,TM7SF2,CYP7B1,COQ5,CYP21A2,ND4L,ARG1,PGM2,CYP2A7,CMPK2,DDO,GLYCTK,CBS,BCKDHB,,DLST,CKMT2,HDC,IL4I1,MAOB,KMO,IL4I1,CNDP1,CSAD,PCYT1A,SCLY,SRR,GGCT,SI,ALG13,GLB1,GALNT12,ALG11,MFNG,B4GALT2,NAGK,GCK,HYAL3,B3GAT3,B3GNT2,B3GAT3,ALDH7A1,MTMR3,PIGQ,GPAT2,SELENOI,PLA2G2F,PLA2G2F,PLA2G2F,CERS1,FUT1,GLA,ST8SIA5,PDHB,CS,BCKDHB,EHHADH,MTHFD2,ALPP,FLAD1,AOX1,NMRK1,PPCDC,,,ALPG,ADH7,ALAD,HMGCR,CA13,SUOX,TRNC,GSTA5,CYP2C9,TPMT,ELOVL5,ABCA4,NOL6,MRPS9,DDX19A,UPF3A,EXOSC8,POLR2J3,TBPL2,DNA2,RNU1-1,PSMD6,SEC61B,MAP1B,CD209,,,IDE,,SLC27A5,NEIL3,DDB2,MSH2,ATM,POLL,CENPS,CACNA1E,ERBB2,FGF3,DOCK4,ATP2B3,ADRA1B,GPHA2,CCL3,CCL8,CXCL6,PRKCQ,IFNG,TGFBR2,SACM1L,CERS2,PDGFD,CHRM5,CDK6,AR,GORAB,UBA1,MOCS3,STX4,ATG13,MAPK10,IRS4,SEC62,ATP6V0D1,PIP5KL1,ACTB,PEX1,ATP6V1B1,FGF1,STRADA,FAS,IRS1,IRS1,CASP3,GCLM,TRAF5,TGFBR2,CACNB1,ADCY2,AGTR1,WNT3,JAG2,PRKACA,GREM1,NTN1,PLCG2,ADCY5,MAPK3,PARD6G,TPTEP2-CSNK1E,COL4A4,COL4A4,CD80,PARD3,CLDN19,GNAI3,JAK2,F9,GNA13,PSME3,RAF1,CTSG,CD14,IKBKB,TRAF3,POLR3E,NRAS,IL15,FLT3LG,HLA-E,FADD,MAML3,MAPK12,CD4,SYK,SYK,FCGR3B,TRAF2,ITGA4,HLA-DOA,NR1D2,GRIN2D,ADCY3,PRKACA,SLC17A6,NTRK1,GRIA2,SLC17A6,CHRM3,SLC18A2,GAD1,DRD1,PRKG1,OR52K2,TAS1R2,SAG,HTR2B,CXCL12,IRS4,ATP1A1,ADCY1,ADCY1,PIK3CA,HSP90B1,ADCY1,SHC2,ADCY1,ITGB3,TRAF2,KRAS,GCG,ADRB2,ADCYAP1R1,PLCB1,GNAI1,ADCY1,ADCY1,PLCB1,IRS4,RPS6KA6,TNFRSF1A,TGFBR2,ADCY1,ADCY2,C4A,PTPRN2,NR5A2,SCNN1G,ADCY9,ADCY3,SLC4A4,ATP6V1G1,ADCY1,PLCB1,PLCB1,AMY1B,PRSS2,CEL,SLC10A1,ABCC1,TRPM6,LIPG,APBB1,GNAI1,BCL2L1,HIP1,PLCB2,SOD1,FUS,MAOB,MAOB,ADCY3,CHRNA4,MAOB,CTNNA2,ATP6V1C1,TJP1,CYTH3,PTK2,RAB5C,CALML3,ITGAM,RHOG,IRAK4,TLR9,KNG1,HGF,JAK2,RELA,KRT14,CASP8,CLDN3,TGFB3,CD209,PIK3R1,PRSS3,WNT3A,KAT5,IKBKE,TRAF5,HLA-DOA,CUL1,MAS1,CDH1,IL3,MAPK1,SULT1A1,ERBB2,MIR19B1,RAF1,GSTO2,APC,EGLN2,PIK3R1,PIK3CB,PDGFB,CCNE2,TPM3,GADD45G,FGF17,ARAF,CBL,PIK3CB,RXRG,RXRG,FOS,PLCG1,ABCB1,PDHA2,PDGFD,KRAS,HLA-DPA1,IFNA6,RELA,C4A,HLA-DMA,HLA-G,HLA-DMA,DCLRE1C,ITGA4,ITGA4,ITGA4,CAMK2A,ABL1,OLR1,CAV1
6,GPI,IDH2,RPE,UGT2B11,GMDS,PGM1,UGT2B28,OXSM,MECR,HADH,LBR,CYP7A1,COQ7,HSD3B1,ND5,NOS1,PRPS1L1,XDH,NME6,ASRGL1,PGAM1,BHMT,DBT,,DLD,CKB,AOC1,HPD,MAOA,KYNU,PAH,CARNS1,ADO,CHPT1,TXNRD1,DAO,CHAC1,UGP2,ALG14,HEXA,GALNT13,ALG3,LFNG,B4GALT3,AMDHD2,,GUSB,CSGALNACT1,CHST6,EXTL2,ALDH9A1,MTMR4,PIGY,GPAT4,CHPT1,PLA2G12A,PLA2G12A,PLA2G12A,CERS2,FUT2,B3GALT5,ST3GAL5,DLAT,ACO2,DBT,ECHS1,MTHFD2L,ALPG,ENPP1,PSAT1,NMRK2,ENPP1,,,DHFR,ADH4,HMBS,MVK,CA1,SQOR,TRNQ,GSTA2,CYP3A4,XDH,ELOVL6,ABCA7,RRP7A,MRPS10,RAE1,RBM8A,EXOSC6,POLR2J2,TBPL1,FEN1,RNVU1-7,PSMD7,SEC61G,MAP1S,,,,TNFRSF14,,SLC27A6,UNG,XPC,MSH3,BRCA1,POLM,CENPS-CORT,CACNA1F,PLCG1,FGF4,GRIN1,ATP2B4,ADRA1D,GPHB5,CCL3L1,CCL14,PPBP,IGH,IFNGR1,SMAD4,INPP5F,CERS4,KITLG,ADRA1A,RB1,ADCY1,CDKN2A,SAE1,CTU1,STX19,ATG101,MAPK9,PIK3CA,SEC63,ATP6V0D2,PLD1,CORO1A,PEX6,ATP6V1B2,FGF2,STRADB,FADD,IRS2,IRS2,BID,GSS,RIPK1,SMAD2,CACNB2,ADCY3,EDN1,WNT3A,MFNG,PRKACB,GREM2,NTN3,PRKCA,ADCY6,PIK3CA,PARD6B,NF2,COL4A6,COL4A6,CD274,SRC,CLDN16,GNAI2,JAK3,VWF,ARHGEF1,HSPA8,MAP2K1,KLK2,LY96,NFKBIB,TANK,POLR1C,MRAS,IL21,IL5,KIR3DL2,CASP3,MAML2,MAPK13,CD8A,BTK,LYN,PTPRC,TRAF5,ITGB1,HLA-DOB,NFIL3,CALML3,ADCY4,PRKACB,SLC17A8,NTRK2,GRIA3,SLC17A8,CHRM5,CACNA1C,GAD2,DRD5,PRKG2,OR5P2,TAS1R3,GNAT2,HTR2C,CXCR4,PIK3R1,ATP1A2,ADCY2,ADCY2,PIK3CD,FKBP4,ADCY2,SHC3,ADCY2,HRAS,MTOR,NRAS,GCGR,ADRB3,AQP1,PLCB2,GNAI3,ADCY2,ADCY2,PLCB2,PIK3R1,PPP1CA,NFKB1,SMAD2,ADCY2,ADCY3,C4B,CPE,NEUROG3,SGK1,PRKACA,ADCY9,ATP1A1,ATP6V1G3,ADCY2,PLCB2,PLCB2,LCT,PRSS1,PLA2G10,SLC22A7,TCN2,TRPM7,PLTP,GAPDH,GNAI3,BAX,AP2A2,PLCB3,STIP1,SOD1,MAOA,MAOA,ADCY4,CHRNB2,MAOA,ARHGAP10,ATP6V1D,F11R,CYTH4,CRK,PIK3C3,CALM2,ITGB2,SRC,TRAF6,MYD88,NPPA,MET,STAT1,HSPB1,KRT15,CASP10,CLDN7,TGFBR1,RIGI,PIK3R2,PRSS2,WNT4,CCND2,TBK1,IKBKB,HLA-DOB,RBX1,AGTR1,CTNNB1,RUNX1T1,MAPK3,SULT1A3,GRB2,MIR20A,RB1,GSTM4,APC2,VHL,PIK3R2,PIK3R1,PDGFRA,RB1,TPR,BAX,FGF6,BRAF,PIK3CA,PIK3R1,TP53,CDKN2A,JUN,PLCG2,SHH,PDHA1,EGFR,NRAS,HLA-DPB1,IFNA7,NOD2,C4B,HLA-DMB,HLA-E,HLA-DMB,RAG1,ITGA5,ITGA5,ITGA5,CAMK2D,ABL2,ARHGEF1,CAV2
7,PFKM,IDH3B,RPEL1,UGT2B28,GFUS,PGM2,UGT1A6,CBR4,PPT1,HADHA,MSMO1,CYP27A1,NQO1,HSD3B2,ND6,NOS2,PRPS2,,NME7,ASNS,PGAM2,BHMT2,DLD,,GCDH,CKMT1B,ALDH2,HGD,ALDH3B1,HAAO,,CNDP2,FMO1,,TXNRD3,,CHAC2,ENPP1,DPM1,HEXB,GALNT14,ALG9,RFNG,ST3GAL3,GNPDA1,,IDS,CSGALNACT2,B4GALT4,EXTL3,AKR1B1,MTMR8,DPM2,GPAT3,CEPT1,PLA2G12B,PLA2G12B,PLA2G12B,CERS4,FUT3,HEXA,ST8SIA1,DLD,ACO1,DLD,ACADS,SHMT2,ACP1,ENPP3,,NT5C2,ENPP3,,,DHFR2,ADH5,UROS,PMVK,CA6,ETHE1,TRNE,GSTA4,FMO1,ITPA,ELOVL7,ABCA12,WDR43,MRPS11,NUP98,MAGOH,EXOSC7,POLR2D,TBP,LIG1,RNVU1-1,PSMD13,SEC62,FEZ1,,,,NECTIN1,,FABP1,SMUG1,RAD23B,MLH3,BARD1,DNTT,CENPX,CACNA1G,PLCG2,FGF17,GRIN2A,ATP2B2,ADRA2A,TSHB,CCL3L3,CCL16,CXCL8,SYK,IFNGR2,SMAD3,PIP5K1C,CERS3,INS,ADRA1B,RBL1,ADCY2,MDM2,UBA2,CTU2,STX11,IGBP1,JUN,PIK3CD,RPN1,ATP6V1H,PLD2,STX18,PEX26,ATP6V1C2,FGF3,LEP,TNF,IRS4,IRS4,BCL2L11,GPX4,BIRC2,SMAD3,CACNB3,ADCY4,EDN2,WNT4,LFNG,PRKACG,THBS1,NTN4,PRKCB,ADCY7,PIK3CD,PRKCZ,WWC1,COL4A1,COL4A1,CD28,FARP2,CLDN14,PDGFA,STAT3,F8,ARHGEF12,HSPA1A,MAP2K2,KLK1,TLR3,NFKBIA,AZI2,POLR3K,RRAS,TSLP,CSF3,KIR3DL1,CASP8,MAML1,MAPK14,CD8B,DAPP1,BTK,HCK,RIPK1,PECAM1,HLA-DPA1,BMAL1,CALM2,ADCY5,PRKACG,SLC17A7,NTRK3,GRIA4,SLC17A7,GNAQ,CACNA1D,SLC32A1,CALY,PPP1R17,OR5P3,GNAT3,GNAT1,HRH1,F2,PIK3R2,ATP1A3,ADCY3,ADCY3,PIK3CB,FKBP5,ADCY3,SHC4,ADCY3,KRAS,MAPK8,RAF1,GNAS,GNAS,PTGER2,PLCB3,GNAI2,ADCY3,ADCY3,PLCB3,PIK3R2,PPP1CB,RELA,SMAD3,ADCY3,ADCY4,C3,HSPD1,NKX2-2,KCNJ1,PRKACB,PRKACA,ATP1A2,ATP6V1G2,ADCY3,PLCB3,PLCB3,MGAM,CTRB2,PLA2G2D,SLC22A8,SLC19A3,TRPV6,CETP,BACE1,GNAI2,BAD,AP2A1,PLCB4,PRKACA,ATXN2L,SLC6A3,SLC6A3,ADCY5,GABRA1,SLC6A3,MET,ATP6V1E2,JAM2,CYTH2,CRKL,RAB7A,CALM3,ARF1,PTK2,MAP3K7,IRAK1,APOA1,ACKR1,CIITA,MUC2,KRT16,CASP3,CLDN19,TGFBR2,IFIH1,PIK3R3,PRSS1,WNT5A,ITGAL,IRF7,CHUK,HLA-DPA1,CXCR4,CYBB,CTNNA3,HDAC1,CREB1,SULT1A4,VAV3,MIR92A1,E2F1,GSTT2,TCF7,ELOC,PIK3R3,PIK3R2,PDGFRB,E2F1,TFG,BAK1,FGF7,RAF1,PIK3CD,PIK3R2,CDKN1A,CDK4,SP1,PRKCA,TP53,PDHB,PDGFRA,RAF1,HLA-DQA1,IFNA8,HLA-DMA,H2AX,HLA-DOA,CD80,HLA-DOA,RAG2,ITGA6,ITGA6,ITGA6,CAMK2B,RAC1,MMP1,CAV3
8,PFKP,IDH3G,TKT,UGT1A6,FPGT,HK3,UGT1A4,HSD17B8,PPT2,EHHADH,NSDHL,CYP8B1,GGCX,SRD5A1,NDUFS1,NOS3,PRPS1,,NME2,NIT2,PGAM4,MTR,ACADS,,HADHA,AZIN2,ALDH3A2,GSTZ1,ALDH3B2,ACMSD,,ABAT,FMO2,,TXNRD2,,OPLAH,ENPP3,DPM2,HEXD,GALNT16,ALG12,B4GALT1,B3GAT1,GNPDA2,,IDUA,CHSY3,B3GNT7,EXTL1,AKR1B10,MTMR6,PIGL,AGPAT1,PEDS1,PLA2G1B,PLA2G1B,PLA2G1B,CERS3,ST3GAL3,HEXB,SLC33A1,ADH1A,ACAT2,ACADS,ACSM1,SHMT1,TPK1,BLVRB,,NT5C1A,COASY,,,FPGS,ADH6,UROD,MVD,CA7,MPST,TRNG,GSTO2,FMO2,CES1,HSD17B12,ABCA13,UTP4,MRPS12,NUP214,MAGOHB,EXOSC4,POLR2G,TAF1,POLA1,RNVU1-20,PSMD14,SEC63,BICD2,,,,NECTIN2,,FABP2,MUTYH,RAD23A,RFC1,RBBP8,LIG4,TELO2,CACNA1H,CAMK2A,FGF6,GRIN2B,CHRM1,ADRA2B,POMC,CCL4,CCL15,CXCL9,LYN,RELA,STK11,PIP5K1A,CERS6,EGFR,ADRA1D,RBL2,ADCY3,MDM4,UBA3,MOCS2,STX7,PPP2CA,PINK1,PIK3CB,RPN2,ATP6AP1,DNM1,SEC22B,PEX7,ATP6V1C1,FGF4,LEPR,TNFRSF1A,HRAS,HRAS,PMAIP1,ACSL6,BIRC3,CDKN2B,CACNB4,ADCY5,EDN3,WNT5A,RFNG,CSNK1A1L,DCN,DCC,PRKCG,ADCY8,PIK3CB,PRKCI,FRMD1,COL4A5,COL4A5,CD86,CDC42,CLDN15,PDGFB,KLF4,F10,RHOA,HSPA2,MAPK1,ENPEP,TLR4,NFKB1,TBKBP1,POLR1D,RRAS2,IL2RA,IL3,KIR3DL3,TRAF3IP2,RBPJL,MTOR,CD8B2,BLNK,INPP5D,LYN,BIRC2,CD99,HLA-DPB1,DBP,CALM3,ADCY6,PPP1R1A,SYT1,SH2B2,CACNA1C,GRIK1,GNA11,CACNA1F,ABAT,GNAQ,PPP2R1B,OR8I2,GNB3,GNB1,P2RY2,F2R,PIK3R3,ATP1A4,ADCY4,ADCY4,MAPK8,HSPA8,ADCY4,SRC,ADCY4,NRAS,MAPK10,MAP2K1,ADCY2,ADCY1,PTGER4,PLCB4,GNAS,ADCY4,ADCY4,PLCB4,PIK3R3,PPP1CC,INS,SMAD4,ADCY4,ADCY5,C3AR1,ICA1,NKX6-1,SLC9A3R2,PRKACG,PRKACB,ATP1A3,ATP6V1C2,ADCY4,PLCB4,PLCB4,MGAM2,CTRB1,PLA2G2E,SLC22A1,SLC19A2,SLC8A1,LIPC,BACE2,ADCY5,APAF1,AP2B1,PRKCA,PRKACB,ATXN2,DRD1,CACNA1C,ADCY6,GABRA2,GRIN1,GAB1,ATP6V1E1,JAM3,CYTH1,BCAR1,RAB7B,CALM1,RAB1A,PTK2B,TAB1,IRAK4,APOL1,GYPA,HLA-DMA,COL1A1,KRT17,BID,CLDN16,SMAD3,MAVS,AKT1,TMPRSS2,WNT5B,ITGB2,IFNA1,IKBKG,HLA-DPB1,CCR5,NFKB1,CTNNA1,HDAC2,ATF2,CYP1A1,VAV1,MIR92A2,BIRC5,GSTT1,TCF7L1,ELOB,ARHGEF6,PIK3R3,IGF1,E2F2,HRAS,DDB2,FGF8,MAP2K1,PIK3CB,PIK3R3,GADD45A,CDK6,CCND1,PRKCB,CDKN1A,PDK1,PDGFRB,MAP2K1,HLA-DQA2,IFNA10,HLA-DMB,H2AC20,HLA-DOB,CD86,HLA-DOB,CD3D,ITGA7,ITGA7,ITGA7,CAMK2G,RAC2,RHOA,CALML3
9,PFKL,IDH3A,TKTL2,UGT1A4,FCSK,HK1,UGT1A1,HTD2,ELOVL1,ECHS1,HSD17B7,AKR1D1,VKORC1,SRD5A2,NDUFS2,GLS2,PPAT,,NME4,GPT2,BPGM,MAT2B,ACADM,,EHHADH,AGMAT,ALDH1B1,FAH,ALDH3A1,ALDH8A1,,SMOX,FMO5,,INMT,,GCLC,GBA3,DPM3,MAN2C1,GALNT15,STT3A,B4GALT2,B3GAT2,HK3,,ARSB,CHSY1,CHST1,EXT1,AKR1A1,MTMR7,PIGW,AGPAT2,PEDS1-UBE2V1,PLA2G5,PLA2G5,PLA2G5,CERS6,ST3GAL4,NAGA,ST6GALNAC3,ADH1B,ACAT1,ACOX3,ACSM2A,GART,AK7,,,NT5C1B,AASDHPPT,,,GGH,DHRS3,CPOX,IDI1,CA12,TST,TRNH,GSTM4,FMO5,CES2,HACD2,ABCA5,UTP15,MRPS14,NUP88,CASC3,EXOSC5,POLR2I,TAF1L,POLA2,RNVU1-4,PSMD8,HSPA5,BICD1,,,,IGF2R,,FABP3,MPG,CETN2,RFC4,BRIP1,XRCC4,HES1,CACNA1I,CAMK2D,FGF7,CALML3,CHRM3,ADRA2C,GCG,CCL4L2,CCL23,CXCL10,BLNK,NFKB1,PRKAA1,PIP5K1B,CERS5,PDGFRA,ADRA2A,ABL1,ADCY4,TP53,UBA7,,STX16,PPP2CB,TOMM7,PIK3R1,DAD1,ATP6V0C,DNM3,HLA-A,PEX5,ATP6V1D,FGF17,CAMKK2,TRADD,KRAS,KRAS,BBC3,ACSL4,XIAP,CDK4,CACNA2D1,ADCY6,EDNRA,WNT5B,NOTCH1,CSNK1A1,FMOD,PLCG1,SPHK1,ADCY9,PIK3R1,PATJ,FRMD6,COL4A3,COL4A3,CTLA4,RAC1,CLDN17,PDGFC,SOX2,F5,ROCK1,HSPA1L,MAPK3,ANPEP,TLR5,RELA,IKBKG,POLR3H,RAF1,IL2RB,IL6,KIR2DL2,TRAF6,RBPJ,IRF4,PTPRC,VAV3,PLCG1,SYK,BIRC3,CD99L2,HLA-DQA1,BHLHE40,CALM1,ADCY7,PPP1CA,VAMP2,SH2B1,CACNA1D,GRIK2,PLCB1,CACNA1S,GABRA1,PLCB1,PPP2R1A,OR2D3,GNG13,GNGT1,GNAQ,INS,PIK3CA,ATP1B4,ADCY5,ADCY5,MAPK10,HSPA1A,ADCY5,PIK3CA,ADCY5,RAF1,MAPK9,MAP2K2,PRKACA,ADCY2,GNAS,ITPR1,GNB1,ADCY5,ADCY5,PRKCA,PIK3CA,PPP1R3A,INSR,CDKN1B,ADCY5,ADCY6,C5,HLA-DMA,PAX6,NEDD4L,VDR,PRKACG,ATP1A4,ATP6V1C1,ADCY5,PRKCA,PRKCA,SI,CTRL,PLA2G3,HMGCR,SLC52A3,SLC8A2,LPA,RTN3,PRKACA,CYCS,AP2M1,PRKCB,PRKACG,HTT,GNAS,CACNA1D,ADCY7,GABRA3,GRIN2A,PIK3R1,ATP6V1F,IGSF5,ARF6,CTTN,PLEKHM1,CALML6,RAB1B,CRK,TAB2,TRAF6,HPR,GYPB,HLA-DMB,COL1A2,KRT18,BAX,CLDN14,CDKN1A,TRAF3,AKT2,TMPRSS4,WNT6,ICAM1,IFNA2,NFKBIA,HLA-DQA1,GNAI1,RELA,CTNNA2,SIN3A,ATF4,CYP1B1,VAV2,PTEN,XIAP,GSTM3,TCF7L2,RBX1,RAC1,PTEN,IGF1R,E2F3,NRAS,POLK,FGF9,MAP2K2,PIK3R1,AKT1,GADD45B,CCND1,MYC,PRKCG,GADD45A,TP53,GRB2,MAP2K2,HLA-DQB1,IFNA13,HLA-DOA,H2AC12,HLA-DPA1,CD28,HLA-DPA1,CD3E,ITGA8,ITGA8,ITGA8,TNNI3,RAC3,ROCK2,CALM2
10,FBP1,OGDHL,TKTL1,UGT1A1,ENOSF1,HK2,UGT1A3,MECR,ELOVL2,ACOX3,EBP,AKR1C4,VKORC1L1,SRD5A3,NDUFS3,GLS,GART,,NME1,GPT,PHGDH,MAT1A,IVD,,ECHS1,ODC1,ALDH7A1,TYR,GOT1,DHTKD1,,AOC3,FMO3,,PAPSS2,,GCLM,GYS2,ALG1,MAN2B1,GALNT18,STT3B,B4GALT3,CHST10,HK1,,HPSE,CHPF,ST3GAL3,EXT2,TKFC,MTMR14,GPLD1,AGPAT3,PLA2G10,PLA2G2A,PLA2G2A,PLA2G2A,CERS5,ABO,FUT1,ST6GALNAC4,ADH1C,MCEE,ACOX1,ACSM4,ATIC,AK4,,,NT5C,VNN1,,,PTS,DHRS4,PPOX,IDI2,CA5B,SELENBP1,TRNI,GSTT2,FMO3,UGT2A1,HACD1,ABCA6,HEATR1,MRPS15,RANBP2,EIF4A3,EXOSC9,POLR2M,TAF2,PRIM1,RNU2-1,SEM1,SRP9,TRIM5,,,,,,FABP4,MBD4,ERCC8,RFC2,TOPBP1,NHEJ1,FAAP100,CACNA1S,CAMK2B,FGF8,CALM2,CHRM5,GNAQ,GIP,CCL4L1,CCL13,CXCL11,BTK,INS,PRKAA2,OCRL,DEGS1,PDGFRB,ADRA2B,HDAC1,ADCY5,CDKN1A,UBA6,,STX5,ATG9B,PRKN,PIK3R2,TUSC3,ATP6V0B,DNM2,HLA-B,PEX5L,ATP6V1E2,FGF6,ADRA1A,CFLAR,NRAS,NRAS,BCL2,ACSL1,RBCK1,CDK6,CACNA2D2,ADCY7,AVP,WNT6,NOTCH2,CSNK1G2,LEFTY1,PLCG2,SPHK2,ADCY10,PIK3R2,PALS1,RASSF1,COL6A1,COL6A1,ICOSLG,RAC2,CLDN20,PDGFD,MYC,F2,ROCK2,HSPA1B,SIGLEC9,PREP,TLR7,IL1B,TBK1,POLR3GL,RELA,IL2RG,IL11,KIR2DL1,NFKB1,NFKB1,TGFB1,LCK,VAV1,PLCG2,PIK3CA,MAP3K7,ITGAL,HLA-DQA2,BHLHE41,CALML6,ADCY8,PPP1CB,RAB3A,SH2B3,CACNA1F,GRIK3,PLCB2,HTR2A,GABRA2,PLCB2,PPP2CA,OR52E2,ADCY4,RGS9,PLA2G4E,EGF,PIK3CD,ATP1B1,ADCY6,ADCY6,MAPK9,HSPA2,ADCY6,PIK3CD,ADCY6,MAP2K1,CHUK,MAPK1,PRKACB,ADCY3,ADCY5,ITPR2,GNB2,ADCY6,ADCY6,PRKCB,PIK3CD,PPP1R3C,IRS1,FN1,ADCY6,ADCY7,C5AR1,HLA-DMB,PAX4,SFN,ESR1,ARHGDIB,ATP1B4,ATP6V1D,ADCY6,PRKCB,PRKCB,SLC5A1,CELA2A,PLA2G2F,SCARB1,BTD,SLC8A3,CD36,RTN4,PRKACB,CASP9,AP2S1,PRKCG,BAX,ATXN1L,GRM2,GRIN1,ADCY8,GABRA4,GRIN2B,PIK3R2,ATP6V1G1,ADAM17,ARF1,HCLS1,VPS11,CALML5,SEC22B,CRKL,NFKBIB,MAP2K4,HBA1,GYPC,HLA-DOA,COL4A2,KRT19,CYCS,CLDN15,MAPK8,IKBKE,AKT3,TMPRSS11D,WNT7A,HRAS,IFNA4,NFKB1,HLA-DQA2,GNAI3,TNF,AXIN1,NCOR1,CREB3,CYP2C8,HRAS,MIR221,CDC6,MGST1,LEF1,CUL2,RAC2,PDPK1,PLCG1,TMPRSS2,KRAS,SHH,FGF10,MAPK1,PIK3R2,AKT2,GADD45G,RB1,PGR,ELK1,GADD45B,SCO2,SOS1,MAPK1,HLA-DRA,IFNA14,HLA-DOB,H2AC1,HLA-DPB1,IL12A,HLA-DPB1,PTPRC,ITGA9,ITGA9,ITGA9,RYR2,SGCD,NOS3,CALM3
11,FBP2,OGDH,TALDO1,UGT1A3,HK3,HKDC1,UGT2B10,OLAH,ELOVL3,ACOX1,DHCR24,SLC27A5,HPD,AKR1C2,NDUFS4,GLUL,PFAS,,NME3,AGXT,PSAT1,MAT2A,ACADSB,,HADH,SRM,ALDH9A1,TH,GOT1L1,DLST,,AOC2,FMO4,,PAPSS1,,GSS,GYS1,ALG2,MAN2B2,GALNTL5,RPN1,ST6GAL1,FUT9,HK2,,HPSE2,CHPF2,CHST2,NDST1,GK2,PI4KA,PIGM,AGPAT4,PLA2G2D,PLA2G2C,PLA2G2C,PLA2G2C,ASAH1,B4GALT1,FUT2,ST6GALNAC5,ADH7,PCCA,HADHA,ACSM5,FTCD,AK5,,,NT5M,VNN2,,,SPR,DHRS4L2,FECH,FDPS,CA14,,TRNL2,GSTT1,FMO4,UGT2A3,HACD4,ABCA8,WDR75,MRPS16,RANGAP1,SAP18,DIS3,POLR3B,TAF7,PRIM2,RNU4-2,PSMD4,SRP14,APOBEC3H,,,,,,FABP5,TDG,ERCC6,RFC5,ABRAXAS1,RAD50,FANCA,CACNA2D1,CAMK2G,FGF9,CALM3,ADORA2A,GNA11,FSHB,CCL17,CCL7,CXCL12,PLCG2,EGF,PRKAB1,INPP5B,DEGS2,KIT,ADRA2C,HDAC2,ADCY6,CCND1,UBE2A,,STX17,ATG9A,UBA52,PIK3R3,DDOST,DMXL1,CLTA,HLA-C,PEX14,ATP6V1E1,FGF7,ADIPOQ,CASP8,PIK3CA,PIK3CA,BCL2L1,ACSL5,RNF31,CCND1,CACNA2D3,ADCY8,AVPR1A,WNT7A,NOTCH3,CSNK1G3,LEFTY2,TRPC1,HRAS,PRKACA,PIK3R3,AMOT,RASSF6,COL6A2,COL6A2,ICOS ligand [KO:K06710],RAC3,CLDN11,EGF,GRB2,FGA,PPP1CA,HSPA6,CYBB,ACE2,TLR8,IL18,IKBKE,POLR3G,RELB,IL4R,IL1A,KIR2DL3,RELA,RELA,TGFBR1,FYN,VAV2,PRKCA,PIK3CD,TAB1,F11R,HLA-DQB1,CSNK1D,CALML5,ADCY9,PPP1CC,RIMS1,GRB2,CACNA1S,GRIK4,PLCB3,HTR2B,GABRA3,PLCB3,PPP2CB,OR52J3,ADCY6,PDE6A,PLA2G4A,FGF1,PIK3CB,ATP1B2,ADCY7,ADCY7,MAPK11,HSPA1L,ADCY7,PIK3CB,ADCY7,MAP2K2,IKBKB,MAPK3,PRKACG,ADCY4,ADCY6,ITPR3,GNB3,ADCY7,ADCY7,PRKCG,PIK3CB,PPP1R3D,IRS2,COL1A1,ADCY7,ADCY8,LBP,HLA-DOA,NEUROD1,KRAS,TRPV5,ARHGDIA,ATP1B1,ATP6V1E2,ADCY7,PRKCG,PRKCG,ATP1A1,CELA2B,PLA2G12A,LDLR,SLC5A6,ATP2B1,LDLR,PSENEN,PRKACG,CASP3,HTT,GRIA1,FYN,ATXN1,GRM3,GRIN2A,ADCY9,GABRA5,GRIN2C,PIK3R3,ATP6V1G3,HBEGF,NCKAP1,PXN,VPS16,CALML4,SAR1A,BCAR1,NFKBIA,MAPK8,HBA2,HBA1,HLA-DOB,COL4A4,KRT31,CASP9,CLDN17,MAPK10,TBK1,TSC1,PRKCB,WNT7B,KRAS,IFNA5,RELA,HLA-DQB1,GNAI2,IL6,AXIN2,CEBPA,CREB3L1,CYP2C9,KRAS,MIR222,CDC25A,MGST3,BIRC5,ARNT,RAC3,ILK,PLCG2,ERG,BRAF,PTCH1,FGF16,MAPK3,PIK3R3,AKT3,BAX,E2F1,WNT1,SHC1,GADD45G,SLC1A5,SOS2,MAPK3,HLA-DRB1,IFNA16,HLA-DPA1,H2AC25,HLA-DQA1,IL12B,HLA-DQA1,CD4,ITGA10,ITGA10,ITGA10,PLN,SGCG,PIK3CA,CALM1
12,ALDOC,DLST,RPIA,UGT2B10,HK1,GCK,UGT1A9,ACSL6,ELOVL4,ACADS,SC5D,AMACR,,AKR1C3,NDUFS5,GLUD2,PAICS,,NME1-NME2,AGXT2,PSPH,AMD1,ACAD8,,ACAT2,SMS,ASPA,DCT,GOT2,DLD,,ALDH2,GGT7,,SEPHS2,,LAP3,GYG1,ALG11,MANBA,GALNT10,RPN2,ST6GAL2,FUT4,HKDC1,,SGSH,DSE,CHST4,NDST2,GK,PI4KB,PIGX,AGPAT5,PLA2G2E,PLA2G4E,PLA2G4E,PLA2G4E,ASAH2,B4GALT2,ST3GAL1,ST6GALNAC6,ADH4,PCCB,EHHADH,ACSM3,MTFMT,AK2,,,NT5C1B-RDH14,BCAT2,,,AKR1B1,DHRS9,COX10,GGPS1,CA9,,TRNL1,GSTM3,CYP2C19,UGT2B17,HACD3,ABCA9,UTP18,MRPS17,UBE2I,PNN,EXOSC10,POLR3A,TAF7L,POLD1,RNU4-1,PSMD2,SRP72,APOBEC3F,,,,,,FABP6,APEX1,CDK7,RFC3,UIMC1,MRE11,FANCB,CACNA2D2,PRKCA,FGF10,CALM1,ADORA2B,GNA12,NPPA,CCL22,CCL2,CXCL13,PRKCB,IGF1,PRKAB2,INPP5E,SMPD1,INSR,ADRB1,E2F1,ADCY7,CCND2,UBE2B,,STX18,ATG2A,RPS27A,PDPK1,STT3A,DMXL2,CLTB,HLA-F,PEX13,ATP6V1F,FGF8,ADIPOR1,CASP10,PIK3CD,PIK3CD,BAX,ACSL3,SHARPIN,CCND2,CACNA2D4,ADCY9,AVPR1B,WNT7B,NOTCH4,CSNK1G1,FST,TRPC3,KRAS,PRKACB,AKT1,YAP1,STK3,COL6A3,COL6A3,ICOS,WASL,CLDN18,PDGFRA,MAP2K1,FGB,PPP1CB,HSPA4,NCF1,CTSA,CTSK,IL6,IRF3,POLR3F,IL12A,IL7R,IL1B,KIR2DL5A,FOS,IFNG,TGFBR2,ZAP70,RAC1,PIK3CA,PIK3CB,TAB2,CDH5,HLA-DRA,CSNK1E,CALML4,ADCY10,CAMK2A,STX1A,SOS1,GRM1,GRIK5,PLCB4,HTR2C,GABRA4,PLCB4,HRAS,OR51L1,ADCY8,PDE6B,JMJD7-PLA2G4B,FGF2,PDPK1,ATP1B3,ADCY8,ADCY8,MAPK12,HSPA1B,ADCY8,PIK3R1,ADCY8,MAPK1,IKBKG,PLA2G4E,CREB1,ADCY5,PRKACA,PRKCA,GNB4,ADCY8,ADCY8,ITPR1,SLC2A4,PPP1R3B,PIK3CA,COL1A2,ADCY8,ADCY9,CD14,HLA-DOB,RFX6,ATP1A1,KL,ARHGDIG,ATP1B2,ATP6V1E1,ADCY8,EZR,RAB3D,ATP1A2,CELA3A,PLA2G12B,NCEH1,SLC23A1,ATP2B3,NCEH1,PSEN1,DRD1,SOD1,DCTN1,GRIA2,GRIN1,ATXN3,GNAI1,GRIN2B,SLC32A1,GABRA6,GRIN2D,PIK3CA,ATP6V1G2,EGFR,NCKAP1L,ELMO1,VPS18,RHOA,SAR1B,ELMO1,NFKB1,MAPK10,HBB,HBA2,HLA-DPA1,COL4A6,KRT32,APAF1,CLDN20,MAPK9,IRF3,TSC2,OAS1,WNT8A,NRAS,IFNA6,BIRC2,HLA-DRA,GNAO1,IL1B,APC,PER2,CREB3L2,CYP2C18,NRAS,CDKN1B,JAK2,GSTM1,MYC,ARNT2,NFKB1,AKT1,CALML3,PLAU,MAP2K1,SMO,FGF5,RPS6KA5,AKT1,CHUK,BAK1,E2F2,WNT4,SHC2,BAX,SIRT3,HRAS,FOS,HLA-DRB3,IFNA17,HLA-DPB1,H2AB3,HLA-DQA2,FASLG,HLA-DQA2,CD8A,ITGA11,ITGA11,ITGA11,ATP2A1,SGCA,PIK3CD,CALML6
13,ALDOA,DLD,DERA,UGT1A9,HK2,G6PC1,UGT2B7,ACSL4,ELOVL5,ACADM,DHCR7,ACOX2,,CYP11B1,NDUFS6,GLUD1,ADSL,,AK9,ASS1,GCAT,SRM,HADHA,,ACAT1,AMD1,HNMT,TYRP1,TAT,GCDH,,ALDH3A2,GGT6,,SEPHS1,,ANPEP,GYG2,ALG3,ENGASE,GALNT2,DAD1,ST3GAL3,MGAT5B,GFPT2,,HGSNAT,CHST11,ST3GAL1,NDST3,GPAM,PI4K2A,PIGV,LCLAT1,PLA2G3,PLA2G4A,PLA2G4A,PLA2G4A,ACER2,B4GALT3,ST3GAL2,GLB1,ADH6,MMUT,ECHS1,ACSM2B,AMT,AK1,,,NT5DC4,BCAT1,,,AKR1B10,RDH8,COX15,PDSS1,CA3,,TRNK,MGST1,CYP2B6,UGT2B11,TECR,ABCA10,WDR36,MRPS18C,SUMO3,ACIN1,C1D,POLR1D,TAF8,POLD2,RNU5A-1,PSMD1,SRP68,APOBEC3A_B,,,,,,FABP7,APEX2,MNAT1,PCNA,BABAM1,FEN1,FANCC,CACNA2D3,PRKCB,FGF16,CALML6,ADRB1,GNA13,ADCYAP1,CCL5,CCL27,CXCL16,CARD10,INSR,PRKAG1,SYNJ1,SGMS1,GRB2,ADRB2,E2F2,ADCY8,CCND3,UBE2C,,VTI1B,ATG2B,UBB,AKT1,STT3B,WDR7,CLTC,HLA-G,PEX12,ATP6V1G1,FGF9,ADIPOR2,CASP6,PIK3CB,PIK3CB,BAK1,LPCAT3,SPATA2L,CCND3,CACNG1,PRKACA,GNAQ,WNT8A,RBPJL,CSNK1D,BMP2,TRPC4,NRAS,PRKACG,AKT2,WWTR1,SAV1,COL6A6,COL6A6,HLA-DMA,WAS,CLDN22,PDGFRB,MAP2K2,FGG,PPP1CC,HSP90AA1,CYBA,CPA3,TLR9,TNF,IRF7,POLR2E,IL12B,IL9R,TNF,KLRC1,FOSB,IFNGR1,SMAD2,LCP2,RAC2,PIK3CD,PIK3R1,TAB3,CLDN4,HLA-DRB1,TPTEP2-CSNK1E,CAMK2A,PRKACA,CAMK2D,STX2,SOS2,GRM5,GRIA1,ITPR1,GNAQ,GABRA5,ITPR1,KRAS,OR51A7,PRKACA,PDE6G,PLA2G4B,FGF3,AKT1,FXYD2,ADCY9,ADCY9,MAPK13,HSPA6,ADCY9,PIK3R2,ADCY9,MAPK3,NFKBIA,PLA2G4A,ATF2,ADCY6,PRKACB,PRKCB,GNB5,ADCY9,ADCY9,ITPR2,ADIPOQ,PPP1R3E,PIK3CD,COL3A1,ADCY9,ADCY10,LY96,HLA-DPA1,HES1,ATP1A2,DNM1,CREB1,ATP1B3,ATP6V1F,ADCY9,ACTG1,RAB8A,ATP1A3,CELA3B,PLA2G1B,CYP7A1,FOLH1,ATP2B4,SOAT2,PSEN2,UBA1,ND1,DCTN2,GRIA3,GRIN2A,ATXN3L,GNAI3,GRIN2C,KCNJ3,GABRB1,GRIN3A,PIK3CD,ATP6V0E1,CXCL8,CYFIP1,ELMO2,VPS33A,CFL1,VCP,ELMO2,RELA,MAPK9,IL10,HBB,HLA-DPB1,COL4A1,KRT33A,AKT1,CLDN11,MYC,CHUK,RHEB,OAS2,WNT8B,MAP2K1,IFNA7,BIRC3,HLA-DRB1,PIK3CA,IL12A,APC2,SPI1,CREB3L3,CYP2C19,RRAS,MIR21,STAT3,GSTM5,CCND1,CREBBP,RELA,AKT2,CALM2,PLAT,MAP2K2,KIF7,FGF18,MYC,AKT2,IKBKB,DDB2,E2F3,TNFSF11,SHC3,BAK1,SLC16A3,KRAS,JUN,HLA-DRB4,IFNA21,HLA-DQA1,H2AC8,HLA-DQB1,FAS,HLA-DQB1,CD8B,ITGAV,ITGAV,ITGAV,ATP2A3,SGCB,PIK3CB,CALML5
14,ALDOB,SUCLG1,RBKS,UGT2B7,HKDC1,G6PC2,UGT1A10,ACSL1,ELOVL6,ACADL,LIPA,HSD17B4,,CYP11B2,NDUFS7,CPS1,ATIC,,ENTPD3,ASL,ALAS1,SMS,EHHADH,,HYKK,AOC1,MAOB,DDC,IL4I1,HADHA,,ALDH1B1,GGT1,,PSTK,,GSTA5,GBE1,ALG9,FUCA1,GALNT3,TUSC3,B3GLCT,POMGNT2,GFPT1,,NAGLU,CHST12,ST3GAL2,NDST4,GPAT2,PI4K2B,PIGN,MBOAT1,PLA2G2F,JMJD7-PLA2G4B,JMJD7-PLA2G4B,JMJD7-PLA2G4B,ACER1,B4GALT4,ST8SIA1,HEXA,ADH5,HAO2,HIBCH,ACSM6,MTR,AK8,,,NT5E,DPYD,,,CBR1,RDH10,MMAB,PDSS2,CA5A,,TRNM,MGST3,CYP3A5,UGT2B28,SCD,TAP1,TBL3,MRPS18A,SUMO2,RNPS1,MPHOSPH6,POLR1C,TAF3,POLD3,RNU6-1,ADRM1,SRP19,APOBEC3D,,,,,,PPARA,POLB,CCNH,EXO1,BABAM2,,FANCE,CACNA2D4,PRKCG,FGF5,CALML5,ADRB2,TRPC6,ADRB1,CCL8,CCL11,PF4,CARD11,EGFR,PRKAG3,SYNJ2,SGMS2,GAB1,ADRB3,E2F3,ADCY9,CDK4,UBE2D4,,VTI1A,WIPI2,UBC,AKT2,MOGS,NCOA7,CLTCL1,HLA-E,PEX10,ATP6V1G3,FGF10,PRKAA1,CASP3,PIK3R1,PIK3R1,CYCS,ALOX15,SPATA2,RB1,CACNG2,PRKACB,GNA11,WNT8B,RBPJ,CSNK1E,BMP4,TRPC5,RAF1,LIPE,AKT3,CDH1,LATS2,COL6A5,COL6A5,HLA-DMB,IQGAP1,CLDN5,EGFR,MAPK1,F13A1,PPP1R12A,HSP90AB1,NCF2,MME,RAC1,CXCL8,IFNA1,POLR2F,IL1B,IL15RA,CSF1,KLRD1,JUN,IFNGR2,SMAD3,LAT,RAC3,PIK3CB,PIK3R2,MAP2K4,CLDN3,HLA-DRB3,PER1,CAMK2D,PRKACB,CAMK2B,STX3,HRAS,GNAQ,GRIA2,ITPR2,PLCB1,GABRA6,ITPR2,NRAS,OR51S1,PRKACB,GUCY2D,PLA2G4C,FGF4,AKT2,ABCC8,PRKACA,PRKACA,MAPK14,NCOA1,PRKACA,PIK3R3,PRKACA,STAT1,NFKBIB,JMJD7-PLA2G4B,ATF4,ADCY7,PRKACG,PRKCG,GNG2,PDE8B,GNAQ,ITPR3,MAPK1,INSR,PIK3CB,COL4A2,PRKACA,SST,TLR4,HLA-DPB1,HNF1B,ATP1A3,DNM3,CREB3,FXYD2,ATP6V0E1,PRKACA,ACTB,RAB11A,ATP1A4,CPA1,PLA2G5,NR1H4,SLC46A1,ATP2B2,SOAT1,NCSTN,UBA7,ND2,DCTN3,CACNA1A,GRIN2B,PRNP,GNAI2,GRIN2D,KCNJ6,GABRB3,GRIN3B,PIK3CB,ATP6V0E2,CXCR1,CYFIP2,DOCK1,VPS39,CFL2,APAF1,DOCK1,IL1A,MAPK1,IL12A,TLR9,HLA-DQA1,COL4A5,KRT33B,AKT2,CLDN18,EGR2,IKBKB,MTOR,OAS3,WNT9A,MAP2K2,IFNA8,CCL2,HLA-DRB3,PIK3CD,IL12B,GSK3B,CD14,CREB3L4,CYP3A4,RRAS2,TIMP3,IKBKE,MGST2,KRAS,EP300,AKT1,AKT3,CALM3,MMP3,MAPK1,SUFU,FGF20,RASSF1,AKT3,IKBKG,POLK,KRAS,ERBB2,SHC4,DDB2,SIRT6,NRAS,EML4,HLA-DRB5,HLA-DMA,HLA-DQA2,H2AC4,HLA-DRA,PRF1,HLA-DRA,CD8B2,ITGB1,ITGB1,ITGB1,ATP2A2,LAMA1,PIK3R1,CALML4
15,TPI1,SUCLG2,PGM1,UGT1A10,PFKM,G6PC3,UGT1A8,ACSL5,ELOVL7,ACADSB,CEL,SCP2,,AKR1D1,NDUFS8,GOT1,APRT,,ENTPD8,ADSS1,ALAS2,MTAP,ECHS1,,PHYKPL,SMOX,MAOA,DBH,HPD,EHHADH,,ALDH7A1,GGT5,,SEPSECS,,GSTA2,PYGL,ALG12,FUCA2,GALNT1,DDOST,POGLUT1,B3GALNT2,GNPNAT1,,GALNS,CHST13,,GLCE,GPAT4,SACM1L,PIGB,MBOAT2,PLA2G12A,PLA2G4B,PLA2G4B,PLA2G4B,ACER3,FUT9,FUT9,HEXB,AKR1A1,HAO1,ACACA,L2HGDH,TYMS,THTPA,,,NMNAT3,DPYS,,,AKR1C3,RDH11,HMOX1,DHDDS,CA8,,TRNF,GSTM1,GSTA5,UGT1A6,SCD5,TAP2,WDR3,MRPS21,SUMO1,ALYREF,DIS3L,POLR3C,TAF10,POLD4,RNU6-9,PSMC2,SRPRA,APOBEC3A,,,,,,RXRA,POLL,ERCC3,RPA1,BRCC3,,FANCF,CACNB1,CBL,FGF18,CALML4,ADRB3,PPP3CA,ADRB2,CCL14,CCL24,PF4V1,CARD14,IGF1R,PRKAG2,PIK3CA,TNF,GAB2,DRD1,E2F4,PRKACA,CDK6,UBE2D1,,GOSR1,WIPI1,MFN1,AKT3,CKAP4,CTSA,AP2A2,HLA-DMA,PEX2,ATP6V1G2,FGF16,PRKAA2,CASP7,PIK3R2,PIK3R2,APAF1,SAT2,CYLD,RBL1,CACNG3,PRKACG,PLA2G10,WNT9A,HES1,TPTEP2-CSNK1E,BMP6,TRPC6,MAP2K1,APLN,IFNG,LIMD1,LATS1,COL9A1,COL9A1,HLA-DOA,BAIAP2,CLDN10,GRB2,MAPK3,F13B,MYL12B,HLA-A,NCF4,THOP1,PIK3CA,CXCL1,IFNA2,POLR2H,SYK,IL21R,EPO,PTPN6,JUND,JAK1,SMAD4,ITK,PLCG2,PIK3R1,PIK3R3,MAP2K7,CLDN7,HLA-DRB4,PER2,CAMK2B,PRKACG,CAMK2G,STX1B,KRAS,PLCB1,GRIA3,ITPR3,PLCB2,GABRB1,ITPR3,ARAF,OR51F2,PRKACG,GUCY2F,PLA2G4D,FGF17,AKT3,KCNJ11,PRKACB,PRKACB,GNAI1,NCOA2,PRKACB,AKT1,PRKACB,TP53,NFKBIE,PLA2G4B,CREB3,ADCY8,CREB1,PRKCE,GNG3,PDE8A,GNA11,HCN1,MAPK3,IRS1,PIK3R1,COL4A4,PRKACB,SSTR1,TIRAP,HLA-DQA1,FOXA2,ATP1A4,DNM2,CREB3L1,SLC38A3,ATP6V0E2,PRKACB,ITPR1,RAB27B,ATP1B4,CPA2,PLA2G2A,RXRA,SLC19A1,S100G,APOC1,APH1A,UBA52,ND3,DCTN4,ITPR1,GRIN2C,CHRM1,DRD2,GRIN3A,KCNJ9,GABRB2,HDAC1,CRK,TCIRG1,CXCR2,ABI1,RAC1,VPS41,CASP3,CYCS,IGH,IL1B,MAPK3,IL12B,MYD88,HLA-DQA2,COL4A3,KRT34,AKT3,CLDN22,EGR3,IKBKG,EIF4EBP1,RNASEL,WNT9B,MAPK1,IFNA10,NECTIN1,HLA-DRB4,PIK3CB,MMP3,TCF7,ITGAM,CREB5,EPHX1,MRAS,MIRLET7A1,CCND1,GSTA1,PIK3CA,SLC2A1,AKT2,CASP9,CALM1,MMP9,MAPK3,GLI1,FGF22,DAPK1,BAD,NFKB1,BCL2,RASSF1,FGF1,GRB2,POLK,MYC,RAF1,ALK,IL4,HLA-DMB,HLA-DQB1,MACROH2A2,HLA-DRB1,GZMB,HLA-DRB1,AIRE,ITGB3,ITGB3,ITGB3,SP1,LAMA2,PIK3R2,GPC1
16,GAPDH,SUCLA2,PGM2,UGT1A8,PFKP,GLB1,UGT1A5,ACSL3,HSD17B12,ACADVL,SOAT2,ACOT8,,AKR1C4,NDUFV1,GOT1L1,NT5C2,,ENTPD1,ADSS2,MAOB,LACC1,HADH,,PIPOX,ALDH2,ALDH3B1,PNMT,MIF,ECHS1,,ALDH9A1,BAAT,,MARS1,,GSTA4,PYGM,ALG6,AGA,GALNT6,MAN1B1,GXYLT1,POMK,PGM3,,GLB1,CHST3,,HS2ST1,GPAT3,INPP5F,PIGO,GNPAT,PLA2G12B,PLA2G4C,PLA2G4C,PLA2G4C,DEGS1,FUT4,,,PKM,CAT,ACACB,GAD1,ALDH1L1,,,,NMNAT1,UPB1,,,QDPR,RDH12,HMOX2,NUS1,CA2,,TRNP,GSTM5,GSTA2,UGT1A4,FADS2,ABCB8,UTP6,RPS2,SUMO4,DDX19B,TENT4A,POLR3D,TAF5L,POLE,DDX46,PSMC1,SRPRB,APOBEC3C,,,,,,RXRB,HMGB1,ERCC2,RPA2,PALB2,,FANCG,CACNB2,CBLB,FGF20,F2R,DRD1,PPP3CB,DRD1,CCL16,CCL26,CXCL14,BCL10,ERBB2,NLK,PIK3CD,TNFRSF1A,SHC1,DRD2,E2F5,PRKACB,CCNE1,UBE2D2,,GOSR2,BECN1,MFN2,PTEN,RRBP1,CTSB,AP2A1,HLA-DMB,PXMP2,ATP6V1H,FGF5,PRKAB1,BID,PIK3R3,PIK3R3,CASP9,SAT1,FADD,RBL2,CACNG4,ATP1A1,PLA2G2D,WNT9B,HES5,GSK3B,INHBB,PPP3CA,MAP2K2,APELA,IFNGR1,AJUBA,MOB1A,COL9A2,COL9A2,HLA-DOB,WASF1,CLDN8,SOS1,PIK3CA,F2R,MYL12A,HLA-B,RAC1,NLN,PIK3CD,CXCL2,IFNA4,POLR2K,PTPN11,CRLF2,THPO,PTPN11,FOSL1,JAK2,IL21,TEC,PPP3CA,PIK3R2,AKT1,MAPK8,CLDN19,HLA-DRB5,PER3,CAMK2G,CREB1,RAPGEF3,STXBP1,NRAS,PLCB2,GRIA4,PRKCA,PLCB3,GABRB3,CALML3,BRAF,OR52R1,PLCB1,GUCA1A,PLA2G4F,FGF6,GSK3B,CACNA1C,PRKACG,PRKACG,GNAI3,NCOA3,PRKACG,AKT2,PRKACG,ESR1,NFKB1,PLA2G4C,CREB3L1,ADCY9,KCNMA1,PRKD1,GNG4,PRKACA,PLCB1,HCN2,MTOR,PTPN1,PIK3R2,COL4A6,PRKACG,SSTR2,MYD88,HLA-DQA2,MAFA,ATP1B4,AP2A2,CREB3L2,GLS2,TCIRG1,PRKACG,ITPR2,RAP1A,ATP1B1,CPA3,PLA2G2C,NR0B2,SCARB1,SLC26A3,APOC2,APH1B,RPS27A,ND4,DCTN5,ITPR2,GRIN2D,CHRM3,ADCY5,GRIN3B,KCNJ5,GABRG1,HDAC2,CRKL,ATP6V0A2,ADAM10,BRK1,WASF1,RILP,CASP7,CASP9,FCGR2A,IL12A,MAPK11,IL18,TLR2,HLA-DQB1,FN1,KRT35,BAD,CLDN5,CREBBP,NFKBIB,RPS6KB1,DNAJB1,WNT10B,MAPK3,IFNA13,NECTIN2,HLA-DRB5,PIK3R1,MMP1,TCF7L1,FCGR1A,ATF6B,GSTA5,BRAF,MIRLET7A2,CHRNA4,GSTM2,PIK3CD,VEGFA,AKT3,BAD,CALML6,ZEB1,PAX8,GLI2,FGF19,DAPK3,BCL2L1,RELA,CYCS,RASSF5,FGF2,SOS1,RARB,HIF1A,MAP2K1,PIK3R1,CD40LG,HLA-DOA,HLA-DRA,MACROH2A1,HLA-DRB3,HLA-DMA,HLA-DRB3,TAP1,ITGB4,ITGB4,ITGB4,AGT,DAG1,PIK3R3,SDC1
17,GAPDHS,SDHA,PRPS1L1,UGT1A5,PFKL,LCT,UGT2B15,ACSBG1,HACD2,GCDH,SOAT1,BAAT,,HSD11B1,NDUFV2,GOT2,NT5C1A,,CANT1,ADSL,MAOA,MRI1,HSD17B10,,CAMKMT,ALDH3A2,ALDH3B2,COMT,,HADH,,ALDH3B1,,,MARS2,,GSTO2,PYGB,ALG8,GBA1,GALNT4,MAN1A2,GXYLT2,CRPPA,GALK2,,GNS,CHST7,,HS6ST1,AGPAT1,PIP5K1C,PIGF,ADPRM,PLA2G1B,PLA2G4D,PLA2G4D,PLA2G4D,DEGS2,FUT5,,,PKLR,GRHPR,MLYCD,GAD2,ALDH1L2,,,,NMNAT2,GADL1,,,PCBD2,RDH13,BLVRA,FNTA,CA4,,TRNS2,MGST2,GSTA4,UGT1A1,FADS1,ABCB9,PWP2,RPS3,NUP160,DDX19A,TENT4B,POLR3E,TAF5,POLE2,DDX39B,PSMC5,SPCS1,APOBEC3G,,,,,,RXRG,XRCC1,GTF2H5,RPA3,BRCA2,,FANCL,CACNB3,STAT5A,FGF22,F2RL3,DRD5,PPP3CC,DRD5,CCL15,CCL28,XCL1,MALT1,MAP2K1,SKP2,PIK3CB,NSMAF,SHC2,DRD3,TFDP1,PRKACG,CCNE2,UBE2D3,,BNIP1,BECN2,RHOT1,HRAS,SIL1,CTSC,AP2B1,HLA-DOA,MPV17,LAMTOR1,FGF18,PRKAB2,BAX,AKT1,AKT1,DIABLO,TF,CASP8,E2F1,CACNG5,ATP1A2,PLA2G2E,WNT10B,HEYL,GLI1,BMP5,PPP3CB,MAPK1,APLNR,IFNGR2,WTIP,MOB1B,COL9A3,COL9A3,HLA-DPA1,WASF2,CLDN6,SOS2,PIK3CD,F2RL2,P2RX1,HLA-C,RAC2,PRCP,PIK3CB,CXCL3,IFNA5,POLR2L,MAP3K14,IL3,CD34,ICAM1,IL4,STAT1,IL21R,NCK1,PPP3CB,PIK3R3,AKT2,MAPK10,CLDN16,CD28,CRY1,NOS1,CREB3,RAP1A,UNC13A,RAF1,PLCB3,GRIN1,PRKCB,PLCB4,GABRB2,CALM2,RAF1,OR4C46,PLCB2,GUCA1B,PLA2G6,FGF7,GYS2,CACNA1D,ATF4,PLA2G4E,GNAI2,BCL2,CREB1,AKT3,GNAQ,THRB,RELA,PLA2G4D,CREB3L2,PRKACA,PDE1A,PRKD3,GNG5,PRKACB,PLCB2,HCN3,PRKCZ,PTPN11,PIK3R3,COL4A1,CREB1,SSTR3,IRAK4,HLA-DQB1,HNF4A,ATP1B1,AP2A1,CREB3L3,GLS,ATP6V0A2,VAMP2,ITPR3,RAP1B,ATP1B2,CPB1,CLPS,UGT2A1,PNLIP,SLC26A6,APOH,IDE,UBB,ND4L,DCTN6,ITPR3,GRIN3A,CHRM5,PRKACA,GRIA1,CACNA1A,GABRG2,HDAC3,DOCK1,ATP6V0A4,SRC,WASF1,WASF2,DYNC1H1,CASP1,CASP3,RAC1,IL12B,MAPK12,IFNG,TLR4,HLA-DRA,LAMA1,KRT40,BCL2,CLDN10,EP300,NFKBIA,RPS6KB2,DNAJC3,WNT10A,CD4,IFNA14,PILRA,TLR2,PIK3R2,CCL2,TCF7L2,JUP,DDB1,GSTA2,RAF1,MIRLET7A3,CHRNB2,GSTA3,PIK3CB,TGFB1,CHUK,FOXO3,CALML5,IL1R2,PPARG,GLI3,FGF21,DAPK2,CHUK,BAD,APAF1,STK4,FGF3,SOS2,RXRA,KIT,MAP2K2,PIK3R2,CD40,HLA-DOB,HLA-DRB1,H2AC19,HLA-DRB4,HLA-DMB,HLA-DRB4,TAP2,ITGB5,ITGB5,ITGB5,REN,DMD,AKT1,SDC2
18,PGK2,SDHB,PRPS2,UGT2B15,FBP1,LALBA,UGT1A7,ACSBG2,HACD1,ACSL6,CYP2R1,,,HSD11B1L,NDUFV3,GPT2,NT5C1B,,ENTPD4,NAT8L,AOC3,APIP,ACAA1,,KMT2A,ALDH1B1,ALDH3A1,LRTOMT,,ACAT2,,ALDH3B2,,,,,GSTM4,AGL,ALG10,GBA2,GALNT9,MAN1C1,XXYLT1,FKTN,UAP1,,HEXA,CHST15,,HS6ST2,AGPAT2,PIP5K1A,PIGG,PLPP1,PLA2G5,PLA2G4F,PLA2G4F,PLA2G4F,SGMS1,FUT6,,,ACACA,PGP,ABAT,ABAT,MTHFR,,,,ENPP1,CSAD,,,PCBD1,RDH16,BLVRB,FNTB,,,TRNS1,GSTA1,GSTO2,UGT1A3,ACOX3,ABCB10,MPHOSPH10,RPS3A,NUP85,GLE1,ZCCHC7,POLR3F,TAF4B,POLE3,DHX16,PSMC6,SPCS2,APOBEC3B,,,,,,PPARD,PCNA,GTF2H1,RPA4,SEM1,,WDR48,CACNB4,STAT5B,FGF19,P2RY1,HRH2,PPP3R1,ADORA2A,CCL23,CCL17,XCL2,IL1B,MAP2K2,MDM2,PIK3R1,SMPD2,SHC3,DRD4,TFDP2,AURKA,CDK2,UBE2E3,,STX6,PIK3C3,RHOT2,KRAS,HYOU1,CTSD,AP2M1,HLA-DOB,MPV17L2,LAMTOR2,FGF20,PRKAG1,BAK1,AKT2,AKT2,HTRA2,TFRC,CFLAR,E2F2,CACNG6,ATP1A3,PLA2G3,WNT10A,HEY1,GLI2,BMP7,PPP3CC,MAPK3,GNAI1,STAT1,NF2,LIMD1,LAMA1,LAMA1,HLA-DPB1,WASF3,CLDN2,HRAS,PIK3CB,F2RL3,ORAI1,HLA-F,TLR7,MAS1,PIK3R1,CCL2,IFNA6,RIGI,CHUK,IL5,FLT3,ICAM2,IL5,IL12A,IL2RG,NCK2,PPP3CC,PDPK1,AKT3,MAPK9,CLDN14,IL2,CRY2,MAPK1,CREB3L1,RAP1B,UNC13B,BRAF,PLCB4,GRIN2A,PRKCG,ITPR1,GABRG1,CALM3,MAP2K1,OR4X2,PLCB3,GUCA1C,ALOX12,FGF8,GYS1,CACNA1F,GNAQ,PLA2G4A,ADCY1,EBAG9,CREB3,FOXO3,PLCB1,NCOR1,SOCS3,PLA2G4F,CREB3L3,PRKACB,PDE1B,PRKD2,GNG7,PRKACG,PLCB3,CACNA1G,SOCS1,PTPRF,AKT1,COL4A5,ATF2,SSTR5,IRAK1,HLA-DRA,HNF1A,ATP1B2,AP2B1,CREB3L4,GLUD2,ATP6V0A4,ADRA1A,CALML3,RHOA,ATP1B3,CPB2,CD36,UGT2A3,PLB1,SLC26A9,ANGPTL3,MME,UBC,ND5,ACTR1A,ATXN2L,GRIN3B,SPTBN2,PRKACB,GRIA2,CACNA1B,GABRG3,HDAC4,CDC42,ATP6V0A1,LYN,WASF2,ACTR2,DYNC2H1,PYCARD,CASP8,RAC2,TNF,MAPK13,TNF,IL10,HLA-DRB1,LAMA2,KRT39,CAMK2A,CLDN8,FASLG,NFKB1,CHUK,EIF2AK2,WNT11,TLN1,IFNA16,PILRB,MYD88,PIK3R3,CXCL8,LEF1,PML,YWHAZ,GSTA4,ARAF,MIRLET7B,CHRNA3,GSTO1,PIK3R1,TGFB2,IKBKB,GRB2,CALML4,SPINT1,RXRA,BMP2,FGF23,CDKN2A,IKBKB,MTOR,CASP9,PIK3CA,FGF4,HRAS,RXRB,MET,MAPK1,PIK3R3,IGH,HLA-DPA1,HLA-DRB3,H2AJ,HLA-DRB5,HLA-DOA,HLA-DRB5,LCK,ITGB6,ITGB6,ITGB6,CMA1,ACTG1,AKT2,SDC4
19,PGK1,SDHC,PRPS1,UGT1A7,FBP2,B4GALT1,UGT2B4,,HACD4,ACSL4,CYP27B1,,,HSD11B2,NDUFA1,GPT,NT5C,,ENTPD5,RIMKLB,AOC2,ENOPH1,ACAA2,,KMT2D,ALDH7A1,CARNS1,MAOB,,ACAT1,,ALDH3A1,,,,,GSTT2,AMY1C,ALG10B,,GALNT7,MAN1A1,COLGALT1,FKRP,UAP1L1,,HEXB,UST,,HS6ST3,AGPAT3,PIP5K1B,GPAA1,PLPP3,PLA2G2A,PLA2G6,PLA2G6,PLA2G6,SGMS2,FUT7,,,ACACB,AGXT,PCCA,ALDH5A1,MTHFS,,,,ENPP3,ALDH2,,,PAH,SDR16C5,UGT2A1,CHURC1-FNTB,,,TRNT,GSTM2,GSTM4,UGT2B10,ACOX1,ABCB1,IMP3,RPS4Y1,SEC13,NXF1,MTREX,POLR3GL,TAF4,POLE4,DHX38,PSMC3,SPCS3,SAMHD1,,,,,,PPARG,POLD1,GTF2H2,POLD1,SYCP3,,USP1,CACNG1,SRC,FGF21,FPR1,HTR4,PPP3R2,HTR4,CCL13,CCL22,CX3CL1,IL1R1,MAPK1,SETD7,PIK3R2,ASAH1,SHC4,DRD5,GSK3B,CPEB1,SFN,UBE2E1,,STX8,PIK3R4,USP8,NRAS,HSPA5,CTSE,AP2S1,HLA-DPA1,MPV17L,LAMTOR3,FGF22,PRKAG3,DIABLO,AKT3,AKT3,SEPTIN4,STEAP3,RIPK3,E2F3,CACNG7,ATP1A4,PLA2G2F,WNT11,HEY2,GLI3,BMP8B,PPP3R1,PLA2G4E,GNAI3,IL1A,WWC1,AJUBA,LAMA2,LAMA2,HLA-DQA1,AFDN,CLDN1,KRAS,PIK3R1,CPB2,ITPR1,HLA-G,TLR8,MRGPRD,PIK3R2,CCL5,IFNA7,MAVS,NFKB2,CSF2,DNTT,ITGAL,IL13,IL12B,JAK1,VAV3,PPP3R1,AKT1,RPS6KB1,JUN,CLDN15,IL4,CLOCK,MAPK3,CREB3L2,PPP3CA,UNC13C,MAP2K1,ITPR1,GRIN2B,KCNQ1,ITPR2,GABRG2,CALM1,MAP2K2,OR52M1,PLCB4,GUCA1A,PLCB1,FGF9,PPP1CA,CACNA1S,GNA11,JMJD7-PLA2G4B,ADCY2,KRT9,CREB3L1,GALT,PLCB2,SIN3A,IRS1,PTGS2,CREB3L4,PRKACG,PDE1C,CREB1,GNG8,NR0B1,PLCB4,CACNA1H,SOCS2,PIK3CA,AKT2,COL4A3,ATF4,GNAI1,TRAF6,HLA-DRB1,HNF4G,ATP1B3,AP2M1,CREB5,GLUD1,ATP6V0A1,ADRA1B,CALM2,RAC1,FXYD2,SLC9A3,GOT2,UGT2B17,RBP2,CLCN2,ANGPTL4,MAPT,UBE2L3,ND6,ACTR1B,ATXN2,CACNA1B,GRM1,PRKACG,GRIA3,GABRA1,GABRD,HDAC5,RAC1,ATP6V0D1,CSK,WASF3,ACTR3B,DYNC1I1,NLRP3,BNIP3,RAC3,IL4,MAPK14,IL1B,TGFB1,HLA-DRB3,LAMA3,KRT23,CAMK2D,CLDN6,DDB1,RELA,IKBKB,EIF2S1,WNT16,TLN2,IFNA17,PTPN11,IRAK4,PTK2,ADAM17,BIRC5,RARA,YWHAB,GSTO2,MAP2K1,MIRLET7D,CHRNB4,GSTT2B,PIK3R2,TGFB3,IKBKG,SOS1,CAMK1D,ETV5,RXRB,BMP4,HGF,MDM2,IKBKG,EIF4EBP1,CASP3,PIK3CD,FGF17,KRAS,RXRG,RET,MAPK3,PIK3CA,FCER1A,HLA-DPB1,HLA-DRB4,H2AB1,ITGAL,HLA-DOB,CD80,ZAP70,ITGB7,ITGB7,ITGB7,PRKCB,ACTB,AKT3,TRPV4
20,PGAM1,SDHD,RGN,UGT2B4,PFKFB1,B4GALT2,UGT2A2,,HACD3,ACSL1,CYP24A1,,,AKR1C1,NDUFA2,NAGS,NT5M,,ENTPD6,RIMKLA,GLDC,ADI1,HADHB,,KMT2C,ALDH9A1,CARNMT1,MAOA,,KYAT3,,DPYD,,,,,GSTT1,AMY2A,STT3A,,GALNT8,MGAT1,COLGALT2,RXYLT1,GNE,,,CHST14,,HS3ST1,AGPAT4,PIP5KL1,PIGK,PLPP2,PLA2G2C,PLB1,PLB1,PLB1,SMPD1,ST3GAL6,,,ACYP2,GLUL,PCCB,HMGCS1,ST20-MTHFS,,,,NUDT12,ALDH3A2,,,TH,HSD17B6,UGT2A3,RCE1,,,TRNW,GSTA3,GSTT2,UGT1A9,HSD17B4,ABCB4,IMP4,RPS4X,NUP107,NXF2,SKIC2,POLR3G,TAF12,MCM2,CDC40,PSMC4,SEC11C,PSIP1,,,,,,HMGCS1,POLD2,GTF2H2C_2,POLD2,RPA1,,UBE2T,CACNG2,PTK2,FGF23,LPAR1,HTR5A,MEF2A,HTR6,CCL7,CCL4,CCL1,MYD88,MAPK3,CREBBP,PIK3R3,ASAH2,PTPN11,HRH1,TGFB1,CPEB2,RPRM,UBE2E2,,BET1L,ATG12,USP15,MRAS,DNAJB11,CTSF,EHD2,HLA-DPB1,PXMP4,LAMTOR4,FGF19,PRKAG2,SEPTIN4,ADCY1,ADCY1,BIRC2,SLC11A2,CYBB,E2F4,CACNG8,ATP1B4,PLA2G12A,WNT16,PTCRA,SUFU,BMP8A,PPP3R2,PLA2G4A,GNAI2,IL1B,FRMD1,WTIP,LAMA3,LAMA3,HLA-DQA2,LMO7,CLDN9,NRAS,PIK3R2,THBD,ITPR2,HLA-E,ELANE,AGTR1,PIK3R3,CAMP,IFNA8,NFKB1,PLCG2,IL3RA,HLA-DMA,ITGB2,CCL17,IL12RB1,JAK3,VAV1,PPP3R2,AKT2,RPS6KB2,FOS,CLDN17,IL5,NPAS2,RPS6KA5,CREB3L3,PPP3CB,SNAP25,MAP2K2,ITPR2,GRIN2C,KCNQ2,ITPR3,GABRG3,CALML6,MAPK1,OR1E1,ITPR3,SLC24A1,PLCB2,FGF10,PPP1CB,CAMK2A,PLCB1,PLA2G4B,ADCY3,KRT10,CREB3L2,GRB2,PLCB3,HDAC1,IRS2,MAP2K5,CREB5,NPPA,PDE3A,ATF2,GNG10,NR5A1,ITPR1,CACNA1I,SOCS3,PIK3CD,AKT3,AGT,CREB3,GNAI3,TAB1,HLA-DRB3,FOXA3,FXYD2,AP2S1,AQP2,SLC25A10,ATP6V0C,ADRA1D,CALM3,AMY1C,SLC2A2,SLC15A1,FABP2,UGT2B11,AWAT2,SLC9A3,ANGPTL8,ND1,UBE2L6,NDUFV1,ACTR10,ATXN3,CACNA1C,GRM5,GPSM1,GRIA4,GABRA2,GABRE,HDAC6,WASL,ATP6V0D2,RAC1,ACTR2,ACTR3C,DYNC1I2,IL1B,BCL2L13,PIP5K1C,NOS2,FOS,IL6,TGFB2,HLA-DRB4,LAMA5,KRT25,CAMK2B,CLDN2,DDB2,TLR7,IKBKG,TRIM25,FZD1,RANBP3,IFNA21,ITGA5,IRAK1,PTK2B,TNFRSF1A,MYC,CCNA2,YWHAQ,GSTM4,MAP2K2,MIRLET7E,CACNA1C,ND1,PIK3R3,PDGFB,BAD,SOS2,CAMK1G,INS,RXRG,HHIP,IGF1,TP53,NFKBIA,RPS6KB1,MYC,PIK3CB,FGF6,NRAS,WNT1,EGFR,RALGDS,PIK3CD,MS4A2,HLA-DQA1,HLA-DRB5,H2AC17,ITGB2,HLA-DPA1,CD86,RFX5,ITGB8,ITGB8,ITGB8,AGER,EIF4G3,BAX,KEAP1
21,PGAM2,FH,IDNK,UGT2A2,PFKFB2,GLA,GUSB,,TECR,ACSL5,,,,CYP7B1,NDUFA3,ACY1,NT5C1B-RDH14,,ENPP1,FOLH1,AMT,TAT,PCCA,,KMT2B,CNDP1,CNDP2,AOC3,,KYAT1,,DPYS,,,,,GSTM3,AMY1A,STT3B,,POC1B-GALNT4,MAN2A1,PLOD3,B4GAT1,RENBP,,,,,HS3ST2,AGPAT5,OCRL,PIGS,LPIN1,PLA2G4E,PLAAT3,PLAAT3,PLAAT3,SMPD2,ST8SIA1,,,ACYP1,SHMT2,ECHDC1,HMGCS2,,,,,NADSYN1,ALDH1B1,,,TPH2,LRAT,UGT2B17,ZMPSTE24,,,TRNY,GSTO1,GSTT1,UGT2B7,ACAA1,ABCB5,TCOF1,RPS4Y2,NUP133,NXF2B,SKIC3,POLR3H,TAF6,MCM3,PRPF18,PSME1,SEC11A,PIN1,,,,,,HMGCS2,POLD3,GTF2H2C,POLD3,RPA2,,FANCI,CACNG3,CRK,NGF,LPAR2,HTR6,BORCS8-MEF2B,PTGER2,CCL2,CCL4L2,CCL2,IRAK1,MKNK1,EP300,PTEN,ACER2,SOS1,HRH2,TGFB2,CPEB3,CCNB1,UBE2F,,BET1,ATG5,USP30,RRAS,DNAJC1,CTSG,TGFBR1,HLA-DQA1,PEX11A,LAMTOR5,FGF21,PFKFB1,HTRA2,ADCY2,ADCY2,BIRC3,SLC39A8,CAMK2A,E2F5,RYR2,ATP1B1,PLA2G12B,CER1,DVL3,KIF7,GDF5,NFATC2,JMJD7-PLA2G4B,GNB1,IL1R1,FRMD6,YAP1,LAMA5,LAMA5,HLA-DQB1,SSX2IP,CLDN23,RAF1,PIK3R3,PROCR,ITPR3,HSPA5,MPO,AGTR2,AKT1,DEFA1,IFNA10,RELA,ITPR1,IL5RA,HLA-DMB,PTK2B,CCL11,IL12RB2,IL6,VAV2,NFATC1,AKT3,PLCG1,ITCH,CLDN20,IL6,CREB1,CREB1,CREB3L4,PPP3CC,CPLX1,MAPK1,ITPR3,GRIN2D,KCNQ3,PRKCA,GABRD,CALML5,MAPK3,OR1E2,TRPM5,CALML3,PLCB3,FGF16,PPP1CC,CAMK2D,PLCB2,PLA2G4C,ADCY4,KRT12,CREB3L3,SOS1,PLCB4,HDAC2,IRS4,MAPK7,PPP4R3A,NPR1,PDE3B,ATF4,GNG11,NR4A1,ITPR2,TRPC1,SOCS4,PIK3CB,GSK3A,AGTR1,CREB3L1,GNAI2,TAB2,HLA-DRB4,PKLR,FXYD4,CLTA,RAB11A,MDH1,ATP6V0D1,CHRM3,CALM1,AMY2A,HK3,ATP1A1,FABP1,UGT2B28,LRAT,SLC5A1,SCARB1,ND2,UBE2J2,NDUFV2,HAP1,ATXN3L,CACNA1D,GNAQ,RGS9,DRD1,GABRA3,GABRQ,HDAC7,WASF1,ATP6V1H,CDC42,ACTR3B,ACTR3,DYNC1LI2,C1QA,NFKB2,PIP5K1A,IL10,JUN,FASLG,TGFB3,HLA-DRB5,LAMA4,KRT28,CAMK2G,CLDN1,MAP3K1,TLR9,NFKB1,RIGI,FZD7,RAN,IRF3,ITGB3,TRAF6,PXN,NFKBIA,CCND1,CCNA1,YWHAE,GSTT2,MAPK1,MIRLET7F1,CACNA1D,ND2,AKT1,TGFA,BCL2L1,HRAS,CAMK1,PDGFA,TP53,PTCH2,PDGFA,CDKN1A,NFKB1,RPS6KB2,MAX,PIK3R1,FGF7,ARAF,WNT2,ERBB2,MAPK8,PIK3CB,FCER1G,HLA-DQA2,IFNG,H2AC18,ICAM1,HLA-DPB1,CD28,RFXAP,SGCD,SGCD,SGCD,CYBB,EIF4G1,BAD,NFE2L2
22,PGAM4,MDH1,GLYCTK,UGDH,PFKFB3,AKR1B1,KL,,ACOT4,ACSL3,,,,SULT1E1,NDUFA4,ABHD14A-ACY1,NT5DC4,,ENPP3,ASPA,DLD,IL4I1,PCCB,,KMT2E,CNDP2,CNDP1,AOC2,,AADAT,,UPB1,,,,,MGST1,AMY2B,RPN1,,C1GALT1,MAN2A2,POMT1,LARGE1,NANS,,,,,HS3ST3B1,LCLAT1,INPP5B,PIGT,LPIN3,PLA2G4A,PLAAT2,PLAAT2,PLAAT2,SMPD3,A4GALT,,,ALDH2,SHMT1,MCEE,HMGCL,,,,,NAMPT,,,,TPH1,DGAT1,UGT2B11,ICMT,,,TRNV,GSTT2B,GSTM3,UGT1A10,SCP2,ABCB6,FBL,RPS5,SEH1L,NXF3,SKIC8,CRCP,TAF6L,MCM4,DHX8,PSME2,IMMP1L,SMARCB1,,,,,,APOA1,POLD4,GTF2H3,POLD4,RPA3,,FANCD2,CACNG4,CRKL,BDNF,LPAR3,HTR7,MEF2B,ADCYAP1R1,CCL11,CCL4L1,CCL3,IRAK4,MKNK2,SIRT1,INPP5D,ACER1,SOS2,HRH3,TGFB3,CPEB4,CCNB2,UBE2G1,,USE1,ATG16L1,TAX1BP1,RRAS2,DNAJC3,CTSH,TGFBR2,HLA-DQA2,PEX11B,FLCN,FGF23,PFKFB2,CYCS,ADCY3,ADCY3,XIAP,SLC39A14,CAMK2D,PIK3CA,ASPH,ATP1B2,PLA2G1B,NOTUM,DVL2,HHIP,GDF6,NFATC3,PLA2G4B,GNB2,TNF,SAV1,WWTR1,LAMA4,LAMA4,HLA-DRA,SORBS1,CLDN34,MAP2K1,AKT1,PROC,STIM1,CANX,ACTG1,LNPEP,AKT2,DEFA3,IFNA13,IL6,ITPR2,CSF2RA,HLA-DOA,VAV3,IL17A,TYK2,IL6R,GRAP2,NFATC2,RAC1,PLCG2,CFLAR,CLDN11,IL10,PRKAA1,ITPR1,CREB5,PPP3R1,CPLX2,MAPK3,NAPEPLD,GRIN3A,KCNQ4,PRKCB,GABRE,CALML4,GRID2,OR1D2,SCN2A,CALM2,PLCB4,FGF5,PPP1R3A,CAMK2B,PLCB3,PLA2G4D,ADCY5,KRT13,CREB3L4,SOS2,PRKCA,HDAC3,AKT1,JUN,PPP4R3B,PRKG1,REN,CREB3,GNG12,SP1,ITPR3,TRPC4,IKBKB,PIK3R1,GSK3B,AGER,CREB3L2,PRKACA,MAP3K7,HLA-DRB5,SLC2A2,INS,CLTB,RAB11B,PCK1,ATP6V0D2,GNAQ,CALML6,AMY1A,HK1,ATP1A2,SLC27A1,UGT1A6,APOB,SLC6A19,SORT1,ND3,UBE2J1,NDUFV3,DNAH1,RYR1,CACNA1F,PRKN,CREB1,PRKCA,GABRA4,GABRP,HDAC8,WASF2,ATP6AP1,MAPK11,ACTR3C,ARPC1B,DYNC1LI1,C1QB,NFKBIA,PIP5K1B,TGFB1,IKBKG,FAS,CXCL8,IRGM,LAMB1,KRT24,IFNG,CLDN9,YWHAZ,MYD88,RELA,IFIH1,FZD2,XPO1,CREBBP,SRC,TAB1,CRK,NFKBIB,WNT1,CEBPE,YWHAH,GSTT1,MAPK3,MIRLET7F2,CACNA1F,ND3,AKT2,HGF,CASP9,KRAS,CAMK2A,PDGFB,CDKN1A,WNT1,PDGFB,CCND1,RELA,GRB2,ZBTB17,PIK3R2,FGF8,BRAF,WNT2B,NTRK1,MAPK10,PTEN,IL9,HLA-DQB1,IFNGR1,H2AC11,IL15,HLA-DQA1,IL2,RFXANK,SGCG,SGCG,SGCG,NCF1,EIF4G2,BCL2L1,HMOX1
23,ENO3,MDH2,ALDOC,UGP2,PFKFB4,AKR1B10,MIOX,,ACOT2,ACSBG1,,,,HSD17B1,NDUFA4L2,,NT5E,,ASMTL,GAD1,GCSH,DNMT1,MCEE,,SETD1B,CARNS1,,ALDH3B1,,TPH2,,HIBCH,,,,,MGST3,AMY1B,RPN2,,C1GALT1C1,MGAT2,POMT2,LARGE2,NANP,,,,,HS3ST3A1,MBOAT1,INPP5E,PIGU,LPIN2,JMJD7-PLA2G4B,PTGS1,ALOX15,FADS2,SMPD4,B3GALNT1,,,ALDH3A2,GLDC,MMUT,HMGCLL1,,,,,CD38,,,,MOCS1,AWAT2,UGT2B28,PCYOX1,,,EARS2,GSTP1,MGST1,UGT1A8,ACOT4,ABCB7,FBLL1,RPS6,NUP43,NXT1,CNOT6,POLR3K,TAF9,MCM5,SLU7,PSME3,IMMP2L,PPIA,,,,,,APOA2,POLE,GTF2H4,LIG1,RPA4,,BRCA2,CACNG5,ABL1,NTF3,LPAR4,GNAS,MEF2C,VIPR2,CCL24,CCL20,CCL3L1,TRAF6,PIK3CA,USP7,INPPL1,TRADD,HRAS,HRH4,SMAD2,MOS,CDK1,UBE2G2,,SNAP23,ATG7,SQSTM1,RAF1,DNAJC10,CTSK,ZFYVE9,HLA-DQB1,PEX11G,FNIP1,NGF,PFKFB3,APAF1,ADCY4,ADCY4,BIRC5,PCBP2,CAMK2B,PIK3CD,CASQ2,ATP1B3,PLA2G5,WIF1,DVL1,CCND1,GDF7,NFATC4,PLA2G4C,GNB3,TNFRSF1A,STK3,TEAD1,LAMB1,LAMB1,HLA-DRB1,ACTN1,CLDN25,MAP2K2,AKT2,PROS1,MYLK,B2M,ACTB,ATP6AP2,AKT3,DEFA4,IFNA14,CGAS,ITPR3,CSF2RB,HLA-DOB,VAV1,IL17F,STAT4,IL6ST,GRB2,NFATC3,RAC2,PRKCD,MAP2K3,CLDN18,TGFB1,PRKAA2,ITPR3,PRDM16,PPP3R2,CPLX3,RPS6KA3,PRKCA,GRIN3B,KCNQ5,PRKCG,GABRQ,CAMK2A,GRM1,OR1D5,SCN3A,CALM3,ITPR1,FGF18,PPP1R3C,CAMK2G,PLCB4,PLA2G4F,ADCY6,KRT14,CREBBP,HRAS,PRKCB,THRA,AKT2,FOS,PPP4R3C,PRKG2,ADORA1,CREB3L1,GNG13,PBX1,GCM1,TRPC5,MAPK8,PIK3R2,NR1H3,NOX1,CREB3L3,PRKACB,CHUK,CD80,INS,IGF1,CLTC,DYNC1H1,PCK2,ATP4A,PLCB1,CALML5,AMY2B,HK2,ATP1A3,SLC27A4,UGT1A4,APOA4,ATP1A1,APOB,ND4,UBE2G2,NDUFA1,DNAH3,PDYN,CACNA1S,PLCB1,ATF2,PRKCB,GABRA5,GABRR1,HDAC9,ACTR2,ATP6V0C,MAPK12,ACTR3,ARPC1A,DYNC2LI1,C1QC,NFKB1,ARF6,TGFB2,CHUK,VCAM1,IL6,NOS2,LAMB2,KRT27,IFNGR1,CLDN23,YWHAB,IRAK1,EGFR,NLRX1,FZD3,CALR,EP300,SYK,TAB2,CRKL,HBEGF,WNT2,BCL2A1,YWHAG,GSTM3,RAC1,MIRLET7G,CACNA1S,ND4,AKT3,MET,ARAF,NRAS,CAMK2D,PDGFC,GADD45A,WNT2,PDGFC,CDK4,MDM2,SOS1,CDKN2B,PIK3R3,FGF9,RAF1,WNT3,NTRK3,MAPK9,AKT1,IL10,HLA-DRA,IFNGR2,H2AC21,TNFSF13,HLA-DQA2,HLA-A,CIITA,SGCA,SGCA,SGCA,CYBA,CCND1,BCL2,GSTA5
24,ENO2,PC,ALDOA,AKR1A1,TIGAR,PFKM,AKR1A1,,ACOT1,ACSBG2,,,,HSD17B2,NDUFA5,,PNP,,NUDT2,GAD2,DAO,DNMT3A,MMUT,,SETD1A,SAT2,,ALDH3B2,,TPH1,,HADHA,,,,,GSTM1,TREH,DAD1,,C1GALT1C1L,HEXA,GALNTL6,,NPL,,,,,HS3ST5,MBOAT2,SYNJ1,PGAP1,PLPP5,PLA2G4B,PTGS2,CYP1A2,ACOX3,ENPP7,B3GNT2,,,ALDH1B1,AMT,SUCLG1,OXCT1,,,,,BST1,,,,MOCS2,PNPLA4,UGT1A6,,,,EPRS1,GSTK1,MGST3,UGT1A5,ACOT2,ABCB11,NOP56,RPS7,NUP37,NXT2,CNOT6L,POLR1B,TAF9B,MCM6,DHX15,PSME4,,CPSF6,,,,,,APOC3,POLE2,ERCC5,,RAD51,,PALB2,CACNG6,ABL2,NTF4,LPAR5,GNAL,MEF2D,CRHR1,CCL26,CCL1,CCL3L3,TNF,PIK3CD,SLC2A4,INPP4A,TRAF2,KRAS,HTR1A,SMAD3,MAP2K1,GADD45A,UBE2H,,SNAP29,ATG10,CALCOCO2,MAP2K1,HSP90B1,CTSL,ZFYVE16,HLA-DRA,SLC25A17,FNIP2,BDNF,PFKFB4,CASP9,ADCY5,ADCY5,MAPK8,SLC40A1,CAMK2G,PIK3CB,TRDN,FXYD2,PLA2G2A,SOST,NUMB,CCND2,AMH,PTK2,PLA2G4D,GNB4,TGFB1,RASSF6,TEAD4,LAMB2,LAMB2,HLA-DRB3,ACTN4,CLDN24,MAPK1,AKT3,SERPINE1,MYLK2,PDIA3,VDAC1,,TOLLIP,DEFA5,IFNA16,STING1,CALML3,IL6,HLA-DPA1,VAV2,IL17RC,TBX21,JAK2,PAK1,GRB2,RAC3,PRKCE,MAP2K6,CLDN22,TNFSF13,PRKAB1,RYR1,ZNF516,GRIN1,CPLX4,RPS6KA1,PRKCB,PPP3CA,KCNJ2,MAPK1,GABRP,CAMK2D,GNAI1,OR1G1,SCN9A,CALM1,ITPR2,FGF20,PPP1R3D,KCNMA1,ITPR1,ACOT4,ADCY7,KRT15,EP300,KRAS,PRKCG,RXRA,AKT3,MEF2C,PPP4C,PLIN1,GNAI1,CREB3L2,GNGT1,CREB1,GCM2,KCNJ11,MAPK10,PIK3R3,RXRA,CYBB,CREB3L4,PRKACG,IKBKB,CD86,IAPP,INSR,CLTCL1,DYNC2H1,,ATP4B,PLCB2,CALML4,AMY1B,HKDC1,ATP1A4,AGPAT1,UGT1A1,APOA1,ATP1A2,PCSK9,ND4L,UBE2G1,NDUFA2,DNAH2,GRIN1,HSPA5,PLCB2,ATF4,PRKCG,GABRA6,GABRR2,HDAC10,ACTR3B,ATP6V0B,MAPK13,ARPC1B,ARPC2,DYNLL1,C1R,RELA,WASL,TGFB3,IKBKB,SELE,CCL2,SOCS1,LAMB3,KRT20,IFNGR2,CLDN34,YWHAQ,IRAK4,GRB2,MAVS,FZD4,CANX,IFNB1,CARD9,MAP3K7,AKT1,EGFR,WNT2B,ZBTB16,JAK1,MGST1,IQGAP1,MIRLET7I,CACNA1B,ND4L,BAD,GAB1,BRAF,ARAF,CAMK2B,PDGFD,GADD45B,WNT2B,PDGFD,RB1,TP53,SOS2,CDK4,PDPK1,FGF10,MAP2K1,WNT3A,PDGFRA,PLA2G4E,AKT2,IL13,HLA-DRB1,STAT1,H2AZ2,TNFSF13B,HLA-DQB1,HLA-B,ORAI1,SGCB,SGCB,SGCB,NCF2,CASP8,MAPK8,GSTA2
25,ENO1,PCK1,ALDOB,CRYL1,KHK,PFKP,RGN,,ACOT7,CPT1A,,,,HSD17B6,NDUFA6,,LACC1,,CTPS1,ABAT,AGXT2,DNMT3B,HIBCH,,SETD7,SAT1,,ALDH3A1,,DDC,,EHHADH,,,,,GSTM5,PGM1,TUSC3,,GCNT1,HEXB,GALNT5,,CMAS,,,,,,PLPP1,SYNJ2,MPPE1,PLPP4,PLA2G4C,PTGES,CYP2C8,ACOX1,CERK,B3GNT3,,,ALDH7A1,DLD,SUCLG2,OXCT2,,,,,SIRT1,,,,GPHN,RPE65,UGT1A4,,,,QRSL1,HPGDS,GSTM1,UGT2B15,ACOT1,ABCC1,NOP58,RPS8,AHCTF1,DDX39B,CNOT1,POLR1A,TAF11,MCM7,SNRPB,PSMA6,,CPSF7,,,,,,APOA5,POLE3,BIVM-ERCC5,,RAD52,,RAD51C,CACNG7,NCK1,INS,ADORA2A,ADCY1,NFATC1,CRHR2,CCL27,CCL25,CCL4,TNFRSF1A,PIK3CB,MAPK8,INPP4B,CTSD,NRAS,HTR1B,SMAD4,MAPK1,GADD45B,UBE2I,,VAMP1,ATG3,OPTN,MAP2K2,GANAB,CTSO,PML,HLA-DRB1,HACL1,RRAGA,NTF3,FBP1,PRF1,ADCY6,ADCY6,MAPK10,CP,SLC25A4,PIK3R1,HRC,SLC9A1,PLA2G2C,DKK1,NUMBL,BCL2,THSD4,FYN,PLA2G4F,GNB5,TGFB2,RASSF1,TEAD3,LAMB3,LAMB3,HLA-DRB4,VCL,OCLN,MAPK3,TBX3,SERPINB2,MYLK3,CALR,VDAC2,,MYD88,DEFA6,IFNA17,TBK1,CALM2,IL11,HLA-DPB1,RAC1,TRAF3,RUNX3,IL23A,PAK2,SOS1,MAP2K4,RAF1,MAPK11,CLDN5,TNFSF13B,PRKAB2,RYR2,KDM1A,GRIN2A,CACNA1A,RPS6KA2,PRKCG,PPP3CB,KCNJ12,MAPK3,PRKACA,CAMK2B,GNAI3,OR1A1,CALHM1,CALML6,ITPR3,FGF22,PPP1R3B,KCNU1,ITPR2,ACOT2,ADCY8,KRT16,MITF,NRAS,TTF1,RXRB,CD36,CCND1,CRTC2,CIDEC,GNAI3,CREB3L3,GNGT2,ATF2,MAFB,KCNJ3,MAPK9,AKT1,SREBF1,NOX4,CREB5,CREB1,IKBKG,CD28,GCK,IRS1,RAB11A,DYNC1I1,,SLC4A1,PLCB3,CAMK2A,PRSS3,SLC37A4,ATP1B4,AGPAT2,UGT1A3,,ATP1A3,LDLRAP1,ND5,PRKN,NDUFA3,DNAH7,GRIN2A,EIF2AK3,PLCB3,CREB3,STX1A,GABRB1,GABRR3,HDAC11,ACTR3C,KDELR1,MAPK14,ARPC1A,ARPC3,DYNLL2,C1S,CLK4,ACTR2,C3,NFKBIA,ICAM1,CSF3,MYD88,LAMB4,KRT38,JAK1,CLDN25,MAP2K4,IRF7,SOS1,CHUK,FZD5,PPP3CA,IFNAR1,IRF3,CHUK,AKT2,IL6R,WNT3,MYC,STAT3,MGST3,CDC42,MIRLET7C,CACNA1A,ND5,CASP9,PIK3CA,RAF1,BRAF,CAMK2G,EGF,GADD45G,WNT3,EGF,E2F1,CDKN1B,HRAS,CDK6,AKT1,FGF16,MAP2K2,WNT4,PDGFRB,PLA2G4A,AKT3,IL5,HLA-DRB3,TBX21,H2AC7,IGH,HLA-DRA,HLA-C,IGH,LAMA1,LAMA1,LAMA1,NCF4,BID,MAPK10,GSTA4
26,ENO4,PCK2,FBP1,RPE,SORD,PFKL,ALDH2,,THEM4,CPT1B,,,,HSD17B7,NDUFA7,,HPRT1,,CTPS2,ALDH5A1,GATM,AHCYL2,HIBADH,,PRDM9,MAOB,,ADH1A,,MAOB,,ECHS1,,,,,MGST2,PGM2,DDOST,,GCNT3,FUT8,GALNT17,,CYB5R1,,,,,,PLPP3,PIK3CA,PIGZ,DGKZ,PLA2G4D,PTGES2,CYP2C9,ACAA1,PLPP1,B3GNT4,,,ALDH9A1,GCSH,SUCLA2,AACS,,,,,SIRT2,,,,MOCOS,RDH5,UGT1A1,,,,GATB,EPHX1,GSTM5,UGT1A7,ACOT7,ABCC2,SNU13,RPS9,NUP62,PYM1,CNOT2,POLR1H,TAF13,RPA2,SNRPD1,PSMA2,,TNPO3,,,,,,PLTP,POLE4,XPA,,RAD51B,,RAD51,CACNG8,NCK2,IGF1,ADORA2B,ADCY2,NFATC2,LHCGR,CCL28,CCL18,CCL4L2,RIPK1,PIK3R1,MAPK10,PIKFYVE,BID,MRAS,HTR1D,MYC,MAPK3,GADD45G,UBE2J1,,VAMP2,GABARAP,NBR1,MAPK1,PRKCSH,CTSS,SMAD2,HLA-DRB3,AMACR,RRAGB,NTF4,FBP2,GZMB,ADCY7,ADCY7,MAPK9,PCBP1,SLC25A5,PIK3R2,ATP2A1,KCNQ1,PLA2G4E,DKK2,DTX2,CUL1,FBN1,SRC,PPP3CA,GNG2,TGFBR1,PPP2CA,TEAD2,LAMB4,LAMB4,HLA-DRB5,TJP1,F11R,SRC,NANOG,SERPINA5,MYLK4,TAPBP,VDAC3,,TIRAP,DEFA1B,IFNA21,IKBKE,CALM3,IL13,HLA-DQA1,RAC2,ANAPC5,HLA-DMA,IL23R,PAK3,SOS2,MAP2K7,MAP2K1,MAPK12,CLDN10,TNFRSF13B,PRKAG1,RYR3,UCP1,GRIN2B,CACNA1B,RPS6KA6,DAGLA,PPP3CC,KCNJ18,PLA2G4E,PRKACB,CAMK2G,GNAI2,OR1A2,P2RX2,CALML5,PRKCE,FGF19,PPP1R3E,KCNMB1,ITPR3,ACOT1,ADCY9,KRT17,WNT1,RAF1,TTF2,RXRG,ACSL6,ELK1,SIK2,LIPE,GNAI2,CREB3L4,ADCY5,ATF4,GATA3,KCNJ6,TNF,AKT2,MLX,PLCD1,ATF6B,ATF2,NFKBIA,IL12A,BHLHA15,PIK3R1,CALB1,DYNC1I2,,SLC12A7,PLCB4,CAMK2D,PRSS2,G6PC1,ATP1B1,PLPP1,UGT2B10,,ATP1A4,MYLIP,ND6,SNCA,NDUFA4,DNAH5,GRIN2B,EIF2S1,PLCB4,CREB3L1,CAMK2A,GABRB3,SLC17A6,H2AX,ACTR3,KDELR2,PAK1,ARPC2,ARPC4,DYNLRB1,C2,CLK1,ACTR3B,CR1,NFKB1,LAMA4,IL1B,IRAK1,LAMC1,KRT37,JAK2,CLDN24,PIK3CA,IFNA1,SOS2,IKBKB,FZD8,PPP3CB,IFNAR2,IFNB1,IKBKB,AKT3,IL6ST,WNT3A,DUSP6,STAT5A,GSTM1,ELK1,KRAS,PIK3CA,ND6,ARAF,PIK3CD,MAP2K1,RAF1,CAMK4,TGFA,BAX,WNT3A,FGFR1,E2F2,GRB2,NRAS,CCND1,AKT2,FGF5,MAPK1,WNT5A,FGFR1,JMJD7-PLA2G4B,MTOR,CCL11,HLA-DRB4,IL4,H2AZ1,LTB,HLA-DRB1,HLA-F,IGLL1,LAMA2,LAMA2,LAMA2,RAC1,CYCS,MAPK9,GSTO2
27,PKM,PDHA2,FBP2,RPEL1,AKR1B1,MGAM,ALDH3A2,,THEM5,CPT1C,,,,HSD17B8,NDUFA8,,IMPDH1,,UCK1,GLUD2,GAMT,AHCYL1,ALDH6A1,,PRDM7,MAOA,,ADH1B,,MAOA,,ACADS,,,,,GSTA1,HK3,DOLPP1,,GCNT4,HEXD,GALNT11,,CYB5R3,,,,,,PLPP2,PIK3CD,,DGKD,PLA2G4F,PTGES3,CYP2C19,,PLPP3,GCNT2,,,ACOT12,HYI,ALDH6A1,BDH1,,,,,SIRT3,,,,,AOX1,UGT1A3,,,,GATC,CYP2B6,MGST2,UGT2B4,BAAT,ABCC3,DKC1,RPS10,NUP58,SRRM1,CNOT3,POLR1G,TAF15,RPA4,SNRPD2,PSMA4,,MX1,,,,,,ME3,LIG1,RPA1,,RAD51C,,BRCA1,PRKACA,PAK1,IGF2,GNAS,ADCY3,NFATC3,TSHR,CCL18,CCL19,CCL4L1,TRADD,PIK3R2,MAPK9,MTM1,BAX,RRAS,HTR1E,ZBTB17,RPS6KA3,GTSE1,UBE2J2,,VAMP3,GABARAPL1,TBK1,MAPK3,CANX,CTSV,SMAD3,HLA-DRB4,PHYH,RRAGC,INS,PFKM,TUBA1B,ADCY8,ADCY8,BOK,FTH1,SLC25A6,PIK3R3,ATP2A3,KCNE1,PLA2G4A,DKK4,DTX3L,BTRC,LTBP1,RAC1,PPP3CB,GNG3,TGFBR2,PPP2CB,RASSF2,LAMC1,LAMC1,CD4,CDH1,JAM2,MAP3K2,NANOGP8,SERPINE2,P2RY1,TAP1,SLC25A4,,FADD,DEFB4A,IFNB1,IRF3,CALM1,IL27,HLA-DQA2,RAC3,TNFAIP3,HLA-DMB,IL12RB1,PAK4,RASGRP3,MAP2K3,MAPK1,MAPK13,CLDN8,TNFRSF17,PRKAG3,NOS1AP,KDM3A,GRIN2C,NSF,RPS6KA5,DAGLB,PPP3R1,KCNJ4,PLA2G4A,PRKACG,PPP3CA,GNAO1,OR2J2,P2RX3,CALML4,PPP1CA,FGF21,PPP1R3F,KCNMB2,CALML3,ALOX5,PRKACA,KRT18,WNT2,MAP2K1,PAX8,KAT2B,ACSL4,RYR1,CREBBP,PNPLA2,ORAI1,CREB5,PRKACA,CREB3,SP1,KCNJ9,PRKCD,AKT3,MLXIP,PLCD3,MEN1,ATF4,RELA,IL12B,,PIK3R2,ATP1A1,DYNC1LI2,,CLCNKB,PRKCA,CAMK2B,PRSS1,G6PC2,ATP1B2,PLPP3,UGT1A9,,ATP1B4,APOE,NDUFV1,GPR37,NDUFA4L2,DNAH6,GRIN2C,ATF4,PLCG1,CREB3L2,CAMK2D,GABRB2,SLC17A8,H2AC20,ARPC1B,KDELR3,MAP2K4,ARPC3,ARPC5,DYNLRB2,C4A,HBS1L,ACTR3C,CR1L,RELA,IDO1,TNF,IRAK4,LAMC2,KRT36,STAT1,OCLN,PIK3CD,IFNA2,HRAS,IKBKG,FZD6,PPP3CC,JAK1,TP53,IKBKG,MTOR,JAK1,WNT4,TCF3,STAT5B,GSTM5,ESR1,CDK6,PIK3CD,NDUFV1,BRAF,PIK3CB,MAPK1,MAP2K1,PRKCA,IGF1,BAK1,WNT4,MET,E2F3,GAB2,KRAS,CKS1B,AKT3,FGF18,MAPK3,WNT5B,FGFR2,PLA2G4B,RPS6KB1,TNF,HLA-DRB5,IL5,H2AC15,TNF,HLA-DRB3,HLA-G,CD79A,DAG1,DAG1,DAG1,RAC2,CASP9,SOD2,GSTM4
28,PKLR,PDHA1,PFKM,XYLB,AKR1B10,MGAM2,ALDH1B1,,,CPT2,,,,HSD17B12,NDUFA9,,IMPDH2,,UCK2,GLUD1,CHDH,AHCY,ALDH2,,ASH1L,NOS1,,ADH1C,,ALDH2,,ACOX3,,,,,GSTM2,HK1,MOGS,,ST3GAL1,MGAT4C,GALNT12,,CYB5R2,,,,,,LPIN1,PIK3CB,,DGKI,PLA2G6,CBR1,CYP2J2,,PLPP2,,,,LDHAL6A,GLYCTK,LDHAL6A,,,,,,SIRT4,,,,,ALDH1A2,UGT2B10,,,,QARS1,SULT2A1,GSTA1,UGT2A2,,ABCC4,NHP2,RPS10-NUDT3,NUP54,RNGTT,CNOT4,POLR1F,GTF2E1,RPA3,SNRPD3,PSMA7,,MX2,,,,,,ME1,LIG3,RPA2,,RAD51D,,BRIP1,PRKACB,PAK2,PDGFA,ADCY1,ADCY4,NFATC4,MC2R,CCL20,CCL21,CCL5,TRAF2,PIK3R3,STK4,MTMR1,MAP3K5,RRAS2,HTR1F,CDKN2A,RPS6KA1,FAS,UBE2L3,,VAMP8,GABARAPL2,GABARAP,HIF1A,PDIA3,CTSW,TFRC,HLA-DRB5,ACOX3,RRAGD,IGF1,PFKP,TUBA4A,ADCY9,ADCY9,BIRC7,FTL,SLC25A31,FOXO1,ATP2A2,KCNE1B,JMJD7-PLA2G4B,SERPINF1,DTX1,FBXW11,TGFB1,RAC2,PPP3CC,GNG4,TNFSF11,PPP2R1B,RASSF4,LAMC2,LAMC2,HLA-A,CTNND1,JAM3,MAP2K5,INHBA,PLAT,GNAQ,TAP2,SLC25A5,,CASP8,DEFB4B,IFNW1,IRF7,CALML6,IL31,HLA-DQB1,PAK1,HSP90AA1,HLA-DOA,TYK2,PAK5,HRAS,MAP2K6,MAPK3,MAPK14,CLDN6,TNFRSF13C,PRKAG2,RASD1,KDM3B,GRIN2D,NAPA,ATF4,PTGS2,PPP3R2,KCNJ14,JMJD7-PLA2G4B,SRC,PPP3CB,GNAZ,OR2A4,P2RY1,CNGA1,PPP1CB,FGF23,PHKG1,KCNMB3,CALM2,CYP2J2,PRKACB,KRT19,WNT2B,MAP2K2,CREB1,KAT2A,ACSL1,RYR2,EP300,ABHD5,CLCA1,ATF6B,PRKACB,CREB3L1,VDR,KCNJ5,PRKCE,MTOR,MLXIPL,PLCD4,ASH2L,CREB3,NFKB1,IL2,,PIK3R3,ATP1A2,DYNC1LI1,,,PRKCB,CAMK2G,CTRB2,G6PC3,ATP1B3,PLPP2,UGT2B7,,ATP1B1,LRP1,NDUFV2,SEPTIN5,NDUFA5,DNAH9,GRIN2D,DDIT3,PRKCA,CREB3L3,CAMK2B,GABRG1,SLC17A7,H2AC12,ARPC1A,PDIA4,MAPK8,ARPC4,ARPC5L,DYNLT1,C4B,EEF1A1,ACTR3,ITGAM,IFNB1,IDO2,IL12A,TRAF6,LAMC3,keratin,CIITA,OAS1,PIK3CB,IFNA4,KRAS,NFKBIB,FZD10,PPP3R1,TYK2,C3,NFKBIA,RPS6KB1,TYK2,WNT5A,PBX1,CASP3,MGST2,CCND1,CDC25A,PIK3CB,NDUFV2,RAF1,PIK3R1,MAPK3,MAP2K2,PRKCB,INSRR,DDB2,WNT5A,IGF1R,THBS1,PTPN11,ARAF,CKS2,BAD,FGF20,PIK3CA,WNT6,FGFR3,PLA2G4C,RPS6KB2,IL3,CTLA4,IL12A,H2AC6,IL1A,HLA-DRB4,HLA-E,BLNK,DES,DMD,DES,AGTR1,CASP3,PRKCA,GSTT2
29,PDHA2,PDHB,PFKP,AKR1B1,ALDOC,GAA,ALDH7A1,,,ECI1,,,,DHRS11,NDUFA10,,NME6,,UCKL1,ALDH4A1,ALDH7A1,BCAT2,ALDH3A2,,SMYD2,NOS2,,ADH7,,ALDH3A2,,ACOX1,,,,,GSTA3,HK2,GANAB,,ST3GAL2,MGAT4A,GALNT13,,CYB5RL,,,,,,LPIN3,PIK3CG,,DGKA,PLB1,CBR3,CYP2E1,,SGPP1,,,,LDHAL6B,HOGA1,LDHAL6B,,,,,,SIRT5,,,,,ALDH1A1,UGT1A9,,,,AARS2,CYP1A2,GSTM2,GUSB,,ABCC5,GAR1,RPS11,NUP205,RNMT,CNOT7,POLR1E,GTF2E2,RFC1,SNRPE,PSMA8,,RANBP2,,,,,,FADS2,PARP1,RPA3,,XRCC2,,FAN1,PRKACG,PAK3,PDGFB,ADCY2,ADCY7,SRF,GLP1R,CXCL1,CXCL1,CCL7,TRAF5,AKT1,IGF1,MTMR2,MAPK8,RALGDS,HTR2A,CDKN2B,RPS6KA2,PIDD1,UBE2L6,,VAMP4,ATG4A,GABARAPL1,DDIT4,CALR,CTSZ,EGFR,RAB5A,ACOX1,SESN2,IGF2,PFKL,TUBA3C,PRKACA,PRKACA,NGFR,MAP1LC3C,PPID,FOXO3,TNNC1,ATP2B1,PLA2G4B,SFRP1,DTX3,HHAT,TGFB2,RAC3,PPP3R1,GNG5,TNFRSF11A,PPP2R1A,PAK1,LAMC3,LAMC3,HLA-B,CTNNB1,BVES,MAPK7,INHBB,PLAU,PLCB1,CD8A,SLC25A6,,IRAK4,DEFB103A,IFNE,IFNA1,CALML5,OSM,HLA-DRA,MAP2K1,HSP90AB1,HLA-DOB,STAT3,PAK6,KRAS,MAPK8,PLA2G4E,CEBPB,CLDN2,IGH,RBX1,GNAI1,SMARCA2,CACNA1C,DNM1,BCL2,ABHD6,DLG4,CHRM2,PLA2G4B,PRKCA,PPP3CC,GNAS,OR2C1,P2RY4,CNGB1,PPP1CC,PDGFA,PHKG2,KCNMB4,CALM3,PTGS2,PRKACG,KRT31,WNT3,MAPK1,ATF2,NCOA1,ACSL5,RYR3,PPARGC1A,MGLL,CLCA2,ATF1,PRKACG,CREB3L2,RXRA,GABBR1,PDX1,RPS6KB1,PKLR,PLCB1,RBBP5,CREB3L1,TNF,IFNG,,PIK3CA,ATP1A3,DYNC2LI1,,,PRKCG,MYLK,CTRB1,SLC2A5,FXYD2,MOGAT2,UGT1A10,,ATP1B2,LRP2,NDUFV3,SNCAIP,NDUFA6,DNAH11,GRIN3A,RYR1,PRKCB,CREB3L4,CAMK2G,GABRG2,CHRNA7,H2AC1,ARPC2,ERO1A,MAPK10,ARPC5,ACTG1,DYNLT3,C3,EEF1A2,ARPC1B,ITGB2,CCL5,F2RL1,IL18,MAP3K7,CASP3, type I cuticular Ha4 [KO:K07604],RFX5,OAS2,PIK3R1,IFNA5,NRAS,NFKBIA,FZD9,PPP3R2,STAT1,C5,NFKB1,RPS6KB2,STAT3,WNT5B,WNT16,HPN,GSTA1,ACTG1,CDC25B,PIK3R1,NDUFV3,MAP2K1,PIK3R2,MAPK8,MAPK1,PRKCG,PDGFRA,POLK,WNT5B,PDGFRA,HBEGF,SOS1,BRAF,SKP2,CASP9,FGF22,PIK3CD,WNT7A,FLT3,PLA2G4D,CHUK,PRG2,TPO,IL12B,H2AC13,IL1B,HLA-DRB5,FASLG,BTK,DMD,DES,DMD,NFKB1,MYH7,POU2F1,GSTT1
30,PDHA1,DLAT,PFKL,AKR1B10,ALDOA,GANC,ALDH9A1,,,ECI2,,,,CYP1A1,NDUFAB1,,NME7,,NT5C2,GLUL,BHMT,BCAT1,ALDH1B1,,SMYD3,NOS3,,ADH4,,ALDH1B1,,MLYCD,,,,,GSTO1,HKDC1,MAN1B1,,ST6GALNAC1,MGAT4B,GALNT14,,CYB5R4,,,,,,LPIN2,PTEN,,DGKE,PLAAT3,PRXL2B,CYP3A4,,SGPP2,,,,LDHA,AFMID,LDHA,,,,,,SIRT6,,,,,ALDH1A3,UGT2B7,,,,AARS1,CYP2A6,GSTA3,CYP3A4,,ABCC6,NOP10,RPS12,NUP188,FUS,CNOT8,POLR2E,GTF2F1,RFC4,SNRPF,PSMA5,,NUP153,,,,,,SCD,PARP2,RPA4,,XRCC3,,MLH1,PRKCA,PAK4,PDGFC,ADCY3,ADCY8,GATA4,GIPR,CXCL2,CXCL2,CCL8,BIRC2,AKT2,IGF1R,MTMR3,MAPK10,RALA,HTR2B,CDKN2C,RPS6KA6,TNFRSF10A,UBE2M,,VAMP5,ATG4B,GABARAPL2,TSC2,MAN1A2,NAPSA,PDGFRA,RAB5B,ACOX2,CASTOR1,PDGFA,HNF4A,TUBA1A,PRKACB,PRKACB,BECN1,MAP1LC3B,VDAC1,CDKN1A,TNNI3,ATP2B3,PLA2G4C,SFRP2,DTX4,HHATL,TGFB3,CDC42,PPP3R2,GNG7,TNFRSF11B,PPP2R2A,,CHAD,CHAD,HLA-C,CTNNA3,CDC42,TUBA1B,INHBC,PLAUR,PLCB2,CD8B,SLC25A31,,IRAK1,DEFB103B,IFNK,IFNA2,CALML4,LIF,HLA-DRB1,MAP2K2,HSP90B1,HLA-DPA1,RORC,BUB1B-PAK6,NRAS,MAPK10,PLA2G4A,MAP3K5,CLDN1,AICDA,CUL1,GNAI3,SMARCA4,CALML3,DNM3,KIDINS220,FAAH,DLGAP1,CHRM4,PLA2G4C,PRKCB,PRKCA,GNA12,OR2F1,CHRM3,,TRPA1,PDGFB,PHKB,KCNN1,CALM1,INS,AURKA,KRT32,WNT3A,MAPK3,ATF4,NCOA2,ACSL3,CD38,SIK,FABP4,CLCA4,DAGLA,CREB1,CREB3L3,RXRB,GABBR2,MAFA,RPS6KB2,LEP,PLCB2,WDR5,CREB3L2,IL1B,HLA-A,,PIK3CD,ATP1A4,DYNLL1,,,ITPR1,MYLK2,CTRL,PIK3R1,KCNN4,MOGAT3,UGT1A8,,ATP1B3,LRPAP1,NDUFA1,PSMA6,NDUFA7,DNAH12,GRIN3B,RYR2,PRKCG,CREB5,CALML3,GABRG3,GRIN1,H2AC25,ARPC3,SEC61A1,MAPK9,ARPC5L,ACTB,DCTN1,C5,HSF1,ARPC1A,IGH,CCL2,GNAQ,KLRB1,TAB1,IGH,KRT26,RFXANK,OAS3,PIK3R2,IFNA6,RAF1,NFKB1,DVL3,NFATC1,STAT2,CFP,RELA,NFKB1,IL2,WNT6,ETV6,PIK3CA,GSTM2,ACTB,CDC25C,PIK3R2,NDUFA1,MAP2K2,PIK3R3,MAPK10,MAPK3,SHC1,PDGFRB,CDH1,WNT6,PDGFRB,MMP2,SOS2,RAF1,CDKN1B,FOXO3,FGF19,PIK3CB,WNT7B,HRAS,PLA2G4F,IKBKB,RNASE3,TG,IL12RB2,H2AC14,IL6,IL2,FAS,IKBKG,ACTG1,ACTG1,ACTG1,RELA,MYH6,POU2F2,GSTM3
31,PDHB,,,DCXR,ALDOB,SI,,,,CYP2U1,,,,CYP1A2,NDUFA11,,NME2,,NT5C1A,CAD,DMGDH,AGXT2,ALDH7A1,,SMYD1,ARG2,,ADH5,,ALDH7A1,,ALDH6A1,,,,,GSTT2B,GCK,MAN1A2,,ST6GALNAC2,MGAT4D,GALNT16,,UXS1,,,,,,PLPP5,INPP5D,,DGKB,PLAAT2,HPGD,,,SPHK1,,,,LDHB,,LDHB,,,,,,SIRT7,,,,,CYP26A1,UGT1A10,,,,DARS1,CYP2A7,GSTO1,CDA,,ABCC10,FCF1,RPS13,NUP155,TARDBP,CNOT9,POLR2F,GTF2F2,RFC2,SNRPG,PSMA1,,CREBBP,,,,,,SCD5,PARP3,ERCC4,,RAD54L,,PMS2,PRKCB,PAK5,PDGFD,ADCY4,ADCY9,MYH7,GPR119,CXCL3,CXCL3,CCL11,BIRC3,AKT3,INS,MTMR4,MAPK9,RALB,HTR2C,CDKN2D,PKMYT1,TNFRSF10B,UBE2NL,,VAMP7,ATG4C,MAP1LC3C,TSC1,MAN1C1,LGMN,FGFR2,RAB5C,HSD17B4,CASTOR2,PDGFB,G6PC1,TUBA1C,PRKACG,PRKACG,BECN2,MAP1LC3A,VDAC2,CDK2,TNNT2,ATP2B4,PLA2G4D,FRZB,ADAM17,SHH,INHBA,ABLIM1,NFATC2,GNG8,TRAF2,PPP2R2B,,RELN,RELN,HLA-F,CTNNA1,PARD6A,TUBA4A,INHBE,PLG,PLCB3,CD8B2,PPIF,,TRAF6,NOD2,TRADD,IFNA4,PPP3CA,CNTF,HLA-DRB3,MAPK1,TBK1,HLA-DPB1,RORA,RHOA,RAF1,MAPK9,JMJD7-PLA2G4B,MAP3K14,CLDN9,CD40,SKP1,GNAI2,SMARCB1,CALM2,DNM2,FRS2,CNR1,SHANK3,GNAI1,PLA2G4D,PRKCG,PRKCB,GNA13,OR2W1,TAS1R1,,TRPV1,PDGFC,PHKA2,KCNN2,CALML6,INSR,CPEB1,KRT33A,WNT4,FOS,CREB3,NCOA3,ACSBG1,TRPM2,SIK1,AQP7,CACNA1C,DAGLB,ATF2,CREB3L4,RXRG,KCNN1,SLC2A2,PRKCB,LEPR,PLCB3,WDR5B,CREB3L3,IL6,HLA-B,,PIK3CB,ATP1B4,DYNLL2,,,ITPR2,MYLK3,CELA2A,PIK3R2,KCNK5,DGAT1,UGT1A5,,FXYD2,LIPA,NDUFA2,PSMA2,NDUFA8,DNAH14,MCU,RYR3,TRPC3,ATF6B,CALM2,GABRD,GRIN2A,H2AB3,ARPC4,SEC61A2,JUN,ACTG1,RHOA,DCTN2,SERPING1,HSPA8,ARPC2,FCGR1A,TNF,PLCB1,KLRK1,TAB2,GNAQ,FGG,RFXAP,RNASEL,PIK3R3,IFNA7,MAP2K1,RELA,DVL2,NFATC2,IRF9,TLR2,TNF,RELA,CSF3,WNT7A,ETV7,PIK3CD,GSTA3,FLNA,HMGA2,PIK3R3,NDUFA2,MAPK1,AKT1,MAPK9,ELK1,SHC2,FGFR1,CTNNB1,WNT7A,EGFR,MMP9,HRAS,MAP2K1,CDK2,EGF,FGF21,PIK3R1,WNT8A,KRAS,PIK3CA,IKBKG,EPX,CD80,IL12RB1,H2AC16,IL11,CD40LG,PRF1,CD40,ACTB,ACTB,ACTB,MAPK11,CD40LG,POU2F3,MGST1
32,DLAT,,,SORD,TPI1,,,,,ADH1A,,,,CYP3A5,NDUFA12,,NME4,,NT5C1B,GLS2,PIPOX,GCLC,ALDH9A1,,SUV39H1,ARG1,,ADH6,,ALDH9A1,,,,,,,GSTP1,G6PC1,MAN1C1,,ST6GALNAC3,B4GALT1,GALNT15,,GCK,,,,,,PLPP4,INPPL1,,DGKH,LPCAT4,TBXAS1,,,SPHK2,,,,LDHC,,LDHC,,,,,,NADK,,,,,CYP26B1,UGT1A8,,,,DARS2,CYP2E1,GSTT2B,TYMP,,ABCC11,UTP14C,RPS14,NUP93,PABPN1,CNOT10,POLR2H,GTF2H1,RFC5,SNRNP70,PSMA3,,EP300,,,,,,CYP7A1,PARP4,ERCC1,,RAD54B,,REV1,PRKCG,PAK6,CSF1,ADCY5,PRKACA,MYH6,FSHR,CXCL5,CXCL5,CCL13,EDA,MTOR,INSR,MTMR8,MAPK11,PIK3CA,HTR4,CDKN1B,YWHAZ,CASP8,UBE2N,,YKT6,ATG4D,MAP1LC3B,BNIP3,MAN1A1,TPP1,FGFR3,EEA1,SCP2,MIOS,PDGFC,G6PC2,TUBA8,CREB1,FOXO1,BIRC6,MAP1LC3B2,VDAC3,CCNE1,TPM1,ATP2B2,PLA2G4F,SFRP4,PSEN1,IHH,INHBC,ABLIM3,PTGS2,GNG10,TRAF6,PPP2R2C,,THBS1,THBS1,HLA-G,CTNNA2,PARD6G,TUBA3C,NODAL,KLKB1,PLCB4,KIR3DL2,PADI4,,TAB1,MAP3K7,FADD,IFNA5,PPP3CB,CTF1,HLA-DRB4,MAPK3,TAB2,HLA-DQA1,HIF1A,CDC42,MAP2K1,MAPK11,PLA2G4B,IKBKG,CLDN23,CD40LG,BTRC,GNAO1,SMARCC1,CALM3,CLTA,CRK,GNAI1,SHANK1,GNAI3,PLA2G4F,HAP1,PRKCG,PLA2G4E,OR3A1,GRM1,,ASIC1,PDGFD,PHKA1,KCNN3,CALML5,IGF1,CPEB2,KRT33B,WNT5A,MAPK8,CREB3L1,CREBBP,ACSBG2,KCNJ2,GNAQ,AQP7B,CACNA1D,KCNK3,ATF4,CREB5,FGF23,KCNN2,HK3,IL6,ADIPOQ,PLCB4,KMT2A,CREB3L4,IL12A,HLA-C,,PDPK1,ATP1B1,DCTN1,,,ITPR3,MYLK4,CELA2B,PIK3R3,KCNE3,DGAT2,UGT2B15,,SLC46A1,STARD3,NDUFA3,PSMA4,NDUFA9,DNAH8,VDAC1,ITPR1,SIGMAR1,PDYN,CALM3,GABRE,GRIN2B,H2AC8,ARPC5,SEC61B,MAP3K14,ACTB,DIAPH1,DCTN3,C4BPA,HSPA1A,ARPC3,FCGR2A,IL12A,PLCB2,KLRC4-KLRK1,MAPK1,GNA11,C3,NFYA,RIGI,AKT1,IFNA8,MAP2K2,CALCOCO2,DVL1,NFATC3,EIF2AK2,TLR9,IL6,FOS,CSF2,WNT7B,DEFA1,PIK3CB,GSTO1,FLNC,MIR107,AKT1,NDUFA3,MAPK3,AKT2,RALGDS,MLH1,SHC3,FGFR2,TCF7,WNT7B,HRAS,UPK3A,KRAS,MAP2K2,CCNE1,TGFA,FGF23,PIK3R2,WNT8B,NRAS,PIK3CD,NFKBIA,,CD86,STAT4,H2AB2,IL18,CD40,GZMB,CD40LG,TTN,EMD,TTN,MAPK12,CD40,CD40,MGST3
33,DLD,,,DHDH,TKFC,,,,,ADH1B,,,,CYP3A7,NDUFA13,,NME1,,NT5C,GLS,SARDH,GCLM,AOX1,,SUV39H2,OAT,,TPO,,AOX1,,,,,,,GSTK1,G6PC2,MAN1A1,,ST6GALNAC4,B4GALT2,GALNT18,,PGM1,,,,,,DGKZ,PIK3C2G,,DGKG,ENPP6,PTGDS,,,SGPL1,,,,LDHD,,,,,,,,NADK2,,,,,CYP26C1,UGT1A5,,,,NARS2,CYP2F1,GSTP1,DPYD,,ABCC12,UTP14A,RPS15,NUP35,PABPN1L,DHX36,POLR2K,GTF2H2,RFC3,SNRPA,PSMB6,,KAT2B,,,,,,CYP8B1,FEN1,POLD1,,POLD1,,REV3L,GNA12,BUB1B-PAK6,KITLG,ADCY6,PRKACB,NPPB,NPR1,CXCL6,CXCL6,CCL14,EDAR,EIF4EBP1,IRS1,MTMR6,MAPK12,PIK3CD,HTR5A,CDKN1C,YWHAB,BID,UBE2O,,SEC22B,,MAP1LC3A,RHEB,MAN1B1,GLA,FGFR4,PIK3C3,BAAT,SEH1L,PDGFD,G6PC3,TUBA3E,ATF2,FOXO3,,ATG5,GLUD2,CCNE2,TPM2,SLC8A1,PLA2G6,SFRP5,PSEN2,DHH,INHBE,ABLIM2,PTK2,GNG11,LCK,PPP2R2D,,COMP,COMP,HLA-E,ACTG1,PARD6B,TUBA1A,ACVR1B,KNG1,PRKCZ,KIR3DL1,IGH,,TAB2,TAB1,RIPK1,IFNA6,PPP3CC,CLCF1,HLA-DRB5,TNF,TAB3,HLA-DQA2,HSP90AA1,DLG1,MAP2K2,MAPK12,PLA2G4C,IKBKB,CLDN34,ICOS,FBXW11,GNB1,SMARCC2,CALM1,CLTB,CRKL,GNAI3,SHANK2,GNAI2,CYP2C8,GABARAP,FOS,PLA2G4A,OR3A2,GRM4,,ASIC2,INSRR,CALML3,KCNN4,CALML4,IGF1R,CPEB3,KRT34,WNT5B,MAPK10,CREB3L2,EP300,PRKCQ,KCNJ12,PLCB1,INS,CACNA1F,KCNK9,CREB3,ATF6B,FGFR1,KCNN3,HK1,STAT3,ADIPOR1,PLCG1,KMT2D,CREB5,IL12B,HLA-F,,PRKCA,ATP1B2,DCTN2,,,RYR3,HRH2,CELA3A,PIK3CA,KCNQ1,SCARB1,UGT1A7,,HMOX1,VDAC1,NDUFA4,PSMA7,NDUFA10,DNAH10,VDAC2,ITPR2,ITPR1,BDNF,CALM1,GABRQ,GRIN2C,H2AC4,ARPC5L,SEC61G,CHUK,ARHGEF1,ROCK1,DCTN4,C4BPB,HSPA2,ARPC4,FCGR2C,IL12B,PLCB3,IFNG,MAPK3,GNA14,CFB,NFYB,MAVS,AKT2,IFNA10,MAPK1,TLR3,GSK3B,NFATC4,MAPK11,MYD88,RIGI,JUN,CXCL10,WNT8A,DEFA3,PIK3R1,GSTT2B,FLNB,MIR15A,AKT2,NDUFA4,JUN,AKT3,RALA,CDH1,SHC4,EGFR,TCF7L1,WNT8A,KRAS,SRC,NRAS,MAPK1,CCNE2,EGFR,FGFR1,PIK3R3,WNT9A,RAF1,PIK3CB,NFKBIB,,CD28,IL2,H2BC15,TLR2,IFNG,IFNG,UNG,TNNT2,LMNA,TNNT2,MAPK13,HLA-DMA,CD40LG,GSTM1
34,LDHAL6A,,,FGGY,,,,,,ADH1C,,,,CYP3A7-CYP3A51P,NDUFB1,,NME3,,NT5M,CPS1,GNMT,GSS,ACSF3,,EHMT2,PYCR3,,AOX1,,ASMT,,,,,,,HPGDS,G6PC3,MGAT1,,B3GNT3,B4GALT3,GALNTL5,,PGM2,,,,,,DGKD,PIK3C2A,,DGKQ,ENPP2,HPGDS,,,UGCG,,,,GLO1,,,,,,,,NNT,,,,,CYP1A1,UGT2B15,,,,NARS1,CYP2S1,GSTK1,DPYS,,CFTR,DROSHA,RPS15A,NDC1,BCL2L2-PABPN1,PARN,POLR2L,GTF2H2C_2,RNASEH2A,SNRPC,PSMB7,,KAT2A,,,,,,NR1H3,,POLD2,,POLD2,,POLH,GNG12,MAP2K4,FLT3LG,ADCY7,PRKACG,NPPA,GNAS,CXCL8,CXCL8,CCL15,EDARADD,EIF4E,IRS2,MTMR7,MAPK13,PIK3CB,HTR6,CDKN1A,YWHAQ,BAX,UBE2Q1,,,,MAP1LC3B2,RPTOR,LMAN2,GLB1,IGF1R,TFRC,EHHADH,WDR24,CSF1,PCK1,TUBA3D,CREB3,SOD2,,ATG7,GLUD1,HLA-A,TPM3,SLC8A2,KCNMA1,RSPO1,PSENEN,DISP1,NODAL,NCK1,SHC2,GNG12,FYN,LATS2,,THBS2,THBS2,CD8A,ACTB,PALS1,TUBA1C,ACVR1C,BDKRB1,PRKCI,KIR3DL3,FCGR1A,,MAP3K7,TAB2,CASP8,IFNA7,PPP3R1,IL6R,CD44,CSF2,MAP3K7,HLA-DQB1,HSP90AB1,MAPK11,MAPK1,MAPK13,PLA2G4D,CHUK,CLDN25,ICOSLG,FBXL3,GNB2,SMARCD1,CALML6,CLTC,RAPGEF1,GNAI2,TRPC1,GNAO1,CYP2C9,GABARAPL1,GNAS,JMJD7-PLA2G4B,OR3A3,TAS2R39,,ASIC3,EGFR,CALM2,GCG,CAMK2A,LDLR,CPEB4,KRT35,WNT6,MAPK9,CREB3L3,MED4,LEP,KCNJ18,PLCB2,INSR,CACNA1S,KCNJ5,CREB3L1,CYP11B1,KL,KCNN4,HK2,SOCS3,ADIPOR2,PLCG2,CDKN2C,ATF6B,CXCL8,HLA-G,,PRKCB,ATP1B3,DCTN4,,,CALML3,GNAS,CELA3B,PIK3CD,KCNJ13,NPC1L1,UGT2B4,,HMOX2,VDAC2,NDUFA4L2,PSMA8,NDUFAB1,DNAH17,VDAC3,ITPR3,ITPR2,JUN,CALML6,GABRP,GRIN2D,MACROH2A2,ACTG1,ARF1,IKBKB,RHOA,ROCK2,DCTN5,LY96,HSPA1L,ARPC5,FCGR3A,IL6,PLCB4,CD36,MAPK8,GNA15,CFD,NFYC,TRAF3,AKT3,IFNA13,MAPK3,TICAM1,AXIN1,IL2RB,MAPK12,IRF7,MAVS,BAD,RPS2,WNT8B,DEFA4,PIK3R2,GSTP1,PAK1,MIR15B,AKT3,NDUFA4L2,FOS,BAD,RALB,CTNNB1,GRB2,ERBB2,TCF7L2,WNT8B,NRAS,EGF,RAF1,MAPK3,RB1,ERBB2,IGF1,PTEN,WNT9B,MAP2K1,PIK3R1,NFKBIE,,IL2,IL18,H2BC9,TLR4,TNF,KIR2DL2,AICDA,TNNC1,CTNNB1,TNNC1,MAPK14,HLA-DMB,CYP1A1,GSTM5
35,LDHAL6B,,,CRPPA,,,,,,ADH7,,,,CYP2E1,NDUFB2,,NME1-NME2,,NT5C1B-RDH14,GFPT2,CBS,CDO1,ABAT,,EHMT1,PYCR2,,FAHD1,,AANAT,,,,,,,LANCL1,PGM2L1,MAN2A1,,B3GNT6,ST3GAL3,GALNT10,,UGP2,,,,,,DGKI,PIK3C2B,,DGKK,GDPD3,AKR1C3,,,GBA1,,,,HAGH,,,,,,,,NNMT,,,,,CYP1A2,UGT1A7,,,,GARS1,AKR1C1,HPGDS,UPB1,,ABCC8,EMG1,RPS16,NUP210,NUDT21,PNLDC1,,GTF2H2C,RNASEH2B,PRPF40B,PSMB3,,CDK9,,,,,,CYP27A1,,POLD3,,POLD3,,POLI,PPP3CA,MAP2K7,VEGFA,ADCY8,PLN,NPR1,EDN1,PPBP,PPBP,CCL23,CYLD,EIF4E2,IRS4,MTMR14,MAPK14,PIK3R1,HTR7,CCNE1,YWHAE,PMAIP1,UBE2Q2,,,,AMBRA1,DEPTOR,LMAN1,GAA,CBL,HGS,ACAA1,WDR59,KITLG,PCK2,TUBAL3,CREB3L1,CAT,,NCOA4,GLUL,HLA-B,TPM4,SLC8A3,KCNU1,RSPO2,NCSTN,SCUBE2,NEO1,PAK1,PXN,GNG13,MAP3K14,LATS1,,THBS3,THBS3,CD8B,RHOA,MPP4,TUBA8,ACVR2A,BDKRB2,RASGRP1,KIR2DL2,FCGR2A,,IKBKG,TAB3,CASP10,IFNA8,PPP3R2,IL6ST,KIT,IFNG,IKBKG,HLA-DRA,AHR,MAPK12,MAPK3,MAPK14,PLA2G4F,NFKBIA,CLDN24,ICOS ligand [KO:K06710],,GNB3,SMARCD2,CALML5,CLTCL1,RAP1A,GNAO1,GRM1,GNB1,CYP2C18,GABARAPL2,GNAL,PLA2G4B,OR5I1,TAS2R40,,ASIC4,FGFR1,CALM3,GLP1R,CAMK2D,SCARB1,SPDYA,KRT40,WNT7A,MAPK11,CREB3L4,MED12L,LEPR,KCNJ4,PLCB3,IRS1,KCNJ2,ATP1A1,CREB3L2,CYP17A1,MAPK1,CACNA1S,HKDC1,GSK3B,PRKAA1,PLCE1,CDKN2B,CREBBP,TICAM1,HLA-E,,PRKCG,FXYD2,DCTN5,,,CALM2,ADCY1,CPA1,PIK3CB,SLC38A2,ACAT2,UGT2A2,,CYBRD1,VDAC3,NDUFA5,PSMA5,NDUFA11,DNALI1,SLC25A4,CASP12,ITPR3,FOSB,CALML5,GABRR1,GRIN3A,MACROH2A1,ACTB,GNAS,IKBKG,CDC42,MYL2,DCTN6,TLR4,HSPA1B,ARPC5L,FCGR3B,CXCL8,PRKCA,CR1,MAPK10,PLCB1,CFH,CREB1,TBK1,CHUK,IFNA14,ELK1,TRAF3,AXIN2,IL2RG,MAPK13,TLR3,TRAF3,HRAS,RPS3,WNT9A,DEFA5,PIK3R3,GSTK1,TIAM1,MIR16-1,MTOR,NDUFA5,RALGDS,CRK,RALBP1,CTNNA3,SOS1,IGF1R,LEF1,WNT9A,ARAF,ERBB2,ARAF,STAT3,E2F1,HGF,IGF1R,AKT1,WNT10B,MAP2K2,PIK3R2,NFKB1,,HLA-A,IL18R1,H2BC14,JUN,IL4,KIR2DL1,ICOS,TNNI3,TCF7,TNNI3,MAPK8,HLA-DOA,CYP2A6,MGST2
36,LDHA,,,,,,,,,ADH4,,,,CYP3A4,NDUFB3,,AK9,,NT5DC4,GFPT1,CBS,GOT1,AGXT2,,SETDB1,PYCR1,,MIF,,CYP1A1,,,,,,,NAT8,GPI,MAN2A2,,B4GALT5,B4GALNT3,GALNT2,,UGDH,,,,,,DGKA,INPP4A,,CHPT1,GDPD1,PTGIS,,,GBA2,,,,GRHPR,,,,,,,,AOX1,,,,,CYP2A6,UGT2B4,,,,TARS2,DHDH,ADH1A,CYP2A6,,ABCC9,BMS1,RPS17,NUP210L,CPSF6,TOB1,,GTF2H3,RNASEH2C,PRPF40A,PSMB2,,CCNT1,,,,,,DBI,,POLD4,,POLD4,,POLK,PPP3CB,MAPK8,VEGFB,ADCY9,ATP2A1,NPPC,EDN2,PF4,PF4,CCL16,EDA2R,EIF4E1B,PIK3CA,PIP4K2C,PRKCZ,PIK3R2,TAAR9,CCNE2,YWHAH,BBC3,UBE2QL1,,,,ATG5,MTOR,LMAN1L,GBA1,CBLB,ATP6V1A,DECR2,SEC13,FLT3LG,CRTC2,MCL1,CREB3L2,ATG5,,PRNP,PYGL,HLA-C,ACTC1,SCN5A,KCNMB1,RSPO3,APH1A,BOC,HJV,PAK2,CDC42,GNGT1,CHUK,MOB1A,,THBS4,THBS4,CD8B2,ACP1,TJP3,TUBA3E,ACVR2B,TFPI,RASGRP2,KIR2DL1,ITGAM,,CHUK,MAPK1,CHUK,IFNA10,NFATC1,IL11RA,IL2RA,KIR2DS1,CHUK,HLA-DRB1,IL17A,MAPK13,FOS,IL4,PLA2G6,RELA,OCLN,CCR9,,GNB4,SMARCD3,CALML4,AP2A2,RAP1B,GNB1,GRM5,GNB2,CYP2C19,NSF,ADCY5,PLA2G4C,OR5V1,TAS2R41,,ASIC5,FGFR2,CALM1,GIP,CAMK2B,STAR,SPDYC,KRT39,WNT7B,MAPK12,CREB5,MED12,JAK2,KCNJ14,PLCB4,IRS2,EDN1,ATP1A2,CREB3L3,STAR,MAPK3,CACNA1C,GCK,GYS2,PRKAA2,PRKCA,CDKN2A,EP300,TRAF3,FASLG,,MAPK1,SLC8A1,DCTN6,,,CALM3,ADCY2,CPA2,AKT1,MME,ACAT1,SULT2A1,,SLC11A2,TSPO,NDUFA6,PSMA1,NDUFA12,DNAI1,SLC25A5,PPP3CA,RYR1,NFKB1,CALML4,GABRR2,GRIN3B,H2AC19,SEPTIN1,ADCY3,NFKBIA,MYO1H,MYL5,ACTR1A,CD14,HSPA6,ACTG1,ITGA4,CCL3,PRKCB,CR1L,MAPK9,PLCB2,MBL2,HLA-DMA,IKBKE,IKBKB,IFNA16,SP1,TBK1,APC,JAK1,MAPK14,TICAM1,TBK1,KRAS,RPS3A,WNT9B,DEFA6,RELA,HPGDS,ARHGEF1,MIR16-2,NFKB1,NDUFA6,RALA,CRKL,CDC42,CTNNA1,SOS2,PIK3CA,MYC,WNT9B,BRAF,EGFR,BRAF,STAT5A,E2F2,MET,EGF,AKT2,WNT10A,MAPK1,PIK3R3,RELA,,HLA-B,IL18RAP,H2BW1,FOS,IL5,KIR2DL3,TNFRSF13C,ACTC1,TCF7L1,ACTC1,MAPK10,HLA-DOB,CYP2A7,GSTA1
37,LDHB,,,,,,,,,ADH5,,,,CYP1B1,NDUFB4,,ENTPD3,,NT5E,PPAT,CTH,GOT1L1,MCCC1,,SETDB2,PRODH,,,,CYP1A2,,,,,,,GSR,,MGAT2,,,B4GALNT4,GALNT3,,GALK1,,,,,,DGKE,INPP4B,,CEPT1,TMEM86B,ALOX5,,,B4GALT6,,,,ME2,,,,,,,,,,,,,CYP2A7,UGT2A2,,,,TARS1,CYP2A13,ADH1B,CYP2A7,,ABCD1,NAT10,RPS18,POM121C,CPSF7,TOB2,,GTF2H4,,RBM25,PSMB5,,CCNT2,,,,,,LPL,,POLE,,BLM,,POLN,PPP3CC,MAPK10,PGF,RAPGEF3,ATP2A3,NPR2,EDN3,PF4V1,PF4V1,CCL17,RIGI,RPS6KB1,PIK3CD,PIP4K2A,AKT1,PIK3R3,TAAR6,CDK2,YWHAG,TP53AIP1,UBE2R2,,,,ATG9B,AKT1S1,PREB,IDUA,CBLC,ATP6V1B1,ECH1,DEPDC5,VEGFA,CREB1,ACTG1,CREB3L3,PRKAA1,,HMOX1,PYGM,HLA-F,MYH7,SCN7A,KCNMB2,RSPO4,APH1B,CDON,BMPR1A,PAK3,MAPK11,GNGT2,RELB,MOB1B,,FN1,FN1,PDCD1LG2,PTPRM,PATJ,TUBA3D,SMAD2,SERPINA1,RAP1A,KIR2DL3,ITGB2,,IKBKB,MAPK3,IKBKB,IFNA13,NFATC2,IL13RA1,IL7R,KIR2DS3,IKBKB,HLA-DRB3,IL17F,MAPK14,JUN,IL13,MARCKS,NFKB1,ESAM,ITGA4,,GNB5,SMARCE1,CREBBP,AP2A1,MAP3K3,GNB2,HOMER1,GNB3,CYP2D6,TRAK2,PRKACA,PLA2G4D,OR6A2,TAS2R43,,CALML3,FGFR3,CALML6,GPR119,CAMK2G,CYP11A1,SPDYE2B,KRT23,WNT8A,MAPK13,ATF6B,MED13L,STAT3,PLCB1,ITPR1,IRS4,EDN2,ATP1A3,CREB3L4,NCEH1,EGR1,CACNA1D,PKM,GYS1,PRKAB1,PRKCB,CDK4,POU1F1,IKBKE,FAS,,MAPK3,SLC8A2,VAMP2,,,CALM1,ADCY3,CPA3,AKT2,MEP1A,ABCG5,SLC27A5,,FTH1,CYP27A1,NDUFA7,PSMA3,NDUFA13,DNAI2,SLC25A6,PPP3CB,RYR2,RELA,CAMK4,GABRR3,GRIA1,H2AJ,SEPTIN2,ADCY9,NFKB1,MYO1B,MYL7,ACTR1B,TIRAP,EEF1G,ACTB,ITGB1,CCL3L1,PRKCG,PECAM1,MAP2K3,PLCB3,MASP1,HLA-DMB,IRF3,IKBKG,IFNA17,ITGAV,IKBKE,APC2,JAK3,MAPKAPK2,IRAK4,IKBKE,NRAS,RPS4Y1,WNT10B,DEFA1B,REL,SULT2A1,RHOA,CCND1,RELA,NDUFA7,RALB,RAPGEF1,PLD1,CTNNA2,HRAS,PIK3CD,CCND1,WNT10B,RAF1,TYMP,MAP2K1,STAT5B,E2F3,GRB2,EGFR,AKT3,WNT11,MAPK3,PDPK1,IFNG,,HLA-C,JUN,H2BC1,TGFB1,IL10,KIR2DL5A,CD19,TPM1,TCF7L2,TPM1,MAPK9,HLA-DPA1,CYP2B6,GSTM2
38,LDHC,,,,,,,,,ADH6,,,,CYP19A1,NDUFB5,,ENTPD8,,UPP2,,SDS,GOT2,MCCC2,,PRDM2,ALDH4A1,,,,CYP1B1,,,,,,,IDH1,,FUT8,,,CHST8,GALNT1,,GALT,,,,,,DGKB,PIKFYVE,,PLD1,PLD1,LTA4H,,,B4GALT5,,,,ME3,,,,,,,,,,,,,CYP2B6,GUSB,,,,TARS3,CYP2D6,ADH1C,UPP2,,ABCD2,RCL1,RPS19,POM121,PAPOLG,BTG3,,ERCC3,,DDX5,PSMB1,,AFF4,,,,,,ACSL6,,POLE2,,TOP3A,,RMI1,PPP3R1,MAPK9,VEGFC,RAPGEF4,ATP2A2,PRKG1,SST,CXCL9,CXCL9,CCL18,TRIM25,RPS6KB2,PIK3CB,PIP4K2B,AKT2,AKT1,TAAR1,SKP1,SPDYA,SIVA1,CDC34,,,,ATG9A,MLST8,SAR1A,NAGA,SH3KBP1,ATP6V1B2,ABCD1,NPRL2,VEGFB,CREB3,ACTB,CREB3L4,PRKAA2,,VDAC2,PYGB,HLA-G,MYH6,SCN1B,KCNMB3,LGR4,MAML3,GAS1,BMPR1B,PAK4,MAPK12,GNAQ,NFKB2,PPP1CA,,SPP1,SPP1,CD276,PTPRB,MPDZ,TUBAL3,SMAD3,SERPINC1,RAP1B,KIR2DL4,ITGAL,,NFKBIA,MAPK8,NFKBIB,IFNA14,NFATC3,IL13RA2,TFRC,KIR2DS4,NFKBIA,HLA-DRB4,IL22,PLCG1,PRKCB,IL3,MARCKSL1,MAP3K8,VCAM1,ITGB7,,GNG2,ACTG1,EP300,AP2B1,MAP2K5,GNB3,HOMER2,GNB4,cytochrome P450 2D6-like [KO:K17712] [EC:1.14.14.1],PLCL1,PRKACB,PLA2G4F,OR7A17,TAS2R31,,CALM2,FGFR4,CALML5,ADCYAP1,PRKCA,CYP17A1,SPDYE18,KRT25,WNT8B,MAPK14,TG,MED13,POMC,PLCB2,ITPR2,PIK3CA,EDN3,ATP1A4,CREB5,AGT,PTH,CACNA1F,PKLR,TNF,PRKAB2,PRKCD,CDK6,FOS,TBK1,PRF1,,,SLC8A3,NSF,,,CALML6,ADCY4,CPB1,AKT3,MEP1B,ABCG8,BAAT,,FTL,VAPA,NDUFA8,PSMB6,NDUFB1,DNAL1,SLC25A31,PPP3CC,RYR3,CDK5,GNAS,GABBR1,GRIA2,H2AB1,SEPTIN9,PRKACA,RELA,MYO1F,MYL9,ACTR10,MYD88,NAIP,WIPF2,PTGS2,CCL3L3,,VCAM1,MAP2K6,PLCB4,MASP2,HLA-DOA,IRF7,NFKBIA,IFNA21,ITGB3,IRF3,CTNNB1,STAT5A,MAP2K6,IRAK1,IRF7,RAF1,RPS4X,WNT10A,ELANE,NFKB2,CYP3A5,ROCK1,CCND2,HRAS,NDUFA8,RAC1,RAP1A,PLD2,AXIN1,KRAS,PIK3CB,,WNT10A,MAP2K1,VEGFA,MAP2K2,PIM1,COL4A2,SOS1,KIT,MTOR,WNT16,GLS2,AKT1,IFNGR1,,HLA-F,TNF,H2BC18,TGFB2,IGH,KIR3DL2,TNFRSF13B,TPM2,LEF1,TPM2,MMP2,HLA-DPB1,CYP2C8,GSTA3
39,ADH1A,,,,,,,,,ALDH2,,,,CYP7A1,NDUFB6,,ENTPD1,,UPP1,,SDSL,MPST,AUH,,EZH1,ALDH18A1,,,,INMT,,,,,,,IDH2,,B4GALT1,,,CHST9,GALNT6,,GALE,,,,,,DGKH,FIG4,,PLD2,PLD2,PTGR3,,,GLB1,,,,ME1,,,,,,,,,,,,,CYP2C8,HCCS,,,,SARS2,cytochrome P450 2D6-like [KO:K17712] [EC:1.14.14.1],ADH7,UPP1,,ABCD3,POP1,RPS20,POM121L2,PAPOLB,BTG4,,ERCC2,,TCERG1,PSMB4,,ELL2,,,,,,ACSL4,,POLE3,,TOP3B,,RMI2,PPP3R2,JUN,VEGFD,GNAQ,HRC,PRKG2,NPY,CXCL10,CXCL10,CCL19,LBP,RPS6,PIK3R1,PIP4P1,AKT3,AKT2,TAAR8,CUL1,SPDYC,BCL2L1,UBE2S,,,,MITF,RPS6KB1,SAR1B,NAGLU,SH3GL3,ATP6V1C2,ABCD2,NPRL3,PGF,CREB3L1,SPTA1,ATF4,PRKAB1,,VDAC3,MAPK8,HLA-E,MYL2,SCN4B,KCNMB4,LGR5,MAML2,LRP2,ACVR1,PAK5,MAPK13,PLCB1,MAP3K7,PPP1CB,,VTN,VTN,VTCN1,PTPRF,PRKCZ,TUBB6,BMP4,SERPIND1,APBB1IP,KIR2DL5A,CLEC7A,,NFKB1,MAPK10,NFKBIA,IFNA16,NFATC4,IL27RA,CD38,KIR2DS5,MAPK11,HLA-DRB5,HLA-DMA,PPP3CA,CARD11,IL5,PLD1,MAP2K1,EZR,CXCL12,,GNG3,ACTB,ATF4,AP2M1,MAPK7,GNB4,HOMER3,GNB5,CYP2D7,GPHN,PRKACG,PRKCA,OR7A5,TAS2R45,,CALM3,PDGFRA,CALML4,ADCYAP1R1,PRKCB,HSD17B1,SPDYE11,KRT28,WNT9A,CCND1,HSPA5,MED14,AGRP,PLCB3,ITPR3,PIK3CD,EDNRA,ATP1B4,ATF6B,AGTR1,PTHLH,ARRB1,KCNJ11,TNFRSF1A,PRKAG1,PRKCE,CCND1,GH1,IRF3,GZMB,,,ATP2B1,STX4,,,CALML5,ADCY5,CPB2,CACNA1D,ACE2,APOA4,CYP3A4,,SLC40A1,VAPB,NDUFA9,PSMB7,NDUFB2,DNAL4,PPIF,PPP3R1,PDYN,CDK5R1,ADCY5,GABBR2,GRIA3,H2AC17,SEPTIN12,PRKACB,NOD1,MYO1A,MYL10,TUBA1B,IRAK4,CASP7,WIPF1,PRKCB,IL1B,,THBS1,MAPK11,PRKCA,IGH,HLA-DOB,IFNA1,NFKB1,IFNB1,SRC,CREBBP,CSNK1A1L,STAT5B,ZFP36,TRAF6,IRF3,MAP2K1,RPS4Y2,WNT11,GZMB,NFKB1,CYP3A7,ROCK2,CCNE1,KRAS,NDUFA9,RAC2,RAP1B,TGFA,AXIN2,NRAS,PIK3R1,,WNT11,MAP2K2,MMP1,MAPK1,PIM2,COL4A4,SOS2,SHC1,RPS6KB1,FZD1,GLS,AKT2,IFNGR2,,HLA-G,IL6,H2BC17,TGFB3,,KIR3DL1,,TPM3,CACNA1C,TPM3,MMP9,HLA-DQA1,CYP2C9,GSTO1
40,ADH1B,,,,,,,,,ALDH3A2,,,,HSD17B11,NDUFB7,,CANT1,,NT5C3A,,SRR,TST,HMGCL,,EZH2,LAP3,,,,IL4I1,,,,,,,PGD,,B4GALT2,,,,GALNT4,,GPI,,,,,,DGKG,PIP4K2C,,PLD3,PLD3,PTGR2,,,UGT8,,,,PC,,,,,,,,,,,,,CYP2C9,CP,,,,SARS1,CYP2D7,ADH4,UCK1,,ABCD4,RPP38,RPS21,TMEM33,PAPOLA,BTG1,,GTF2H5,,FUS,PSMB9,,ELL3,,,,,,ACSL1,,POLE4,,MUS81,,TOP3A,RASGRF1,ELK1,HGF,PLCB1,STIM1,CACNA1C,GHRL,CXCL11,CXCL11,CCL20,CD14,HIF1A,PIK3R2,PIP4P2,BCL2,AKT3,TAAR5,RBX1,SPDYE2B,BCL2,UBE2U,,,,TFEB,RPS6KB2,SEC13,GALC,SH3GL2,ATP6V1C1,ABCD4,SKP2,VEGFC,CREB3L2,SPTAN1,CREB5,PRKAB2,,CYBB,MAPK10,KIR2DL4,MYL3,CACNA1C,CACNA1C,LGR6,MAML1,MOSMO,BMPR2,PAK6,MAPK14,PLCB2,TAB1,PPP1CC,,TNC,TNC,PDCD1,PTPN1,PRKCI,TUBB,BMPR1A,SERPING1,TLN1,KLRC1,SRC,,RELA,MAPK9,NFKB1,IFNA17,IL2,IL31RA,CD7,KIR2DS2,MAPK12,CD4,HLA-DMB,PPP3CB,BCL10,CSF2,PLD2,MAPK1,MSN,CXCR4,,GNG4,ACTL6A,CAMK4,AP2S1,MAPK11,GNB5,GNAQ,GNG2,CYP2D6,SLC12A5,CREB1,PRKCB,OR10H1,TAS2R46,,CALM1,PDGFRB,PYGL,GNAS,PRKCD,HSD17B2,SPDYE16,KRT24,WNT9B,GSK3B,HSP90B1,MED16,NPY,PLCB4,PPP3CA,PIK3CB,AGTR1,ATP1B1,VEGFA,GNAQ,PTH1R,ARRB2,ABCC8,MAPK8,PRKAG3,PRKCZ,RB1,GH2,IFNA1,LTA,,,ATP2B3,RAB5A,,,CALML4,ADCY6,PNLIP,PRKCB,PRCP,APOB,AQP9,,HEPH,NPC1,NDUFA10,PSMB3,NDUFB3,TUBA1B,CYCS,PPP3R2,DLG4,GRIN1,PRKACA,GNAI1,GRIA4,H2AC18,SEPTIN3,PRKACG,CXCL1,MYO1C,MYL12B,TUBA4A,IRAK1,NLRC4,WIPF3,NCF1,PPP2R1B,,COMP,MAPK12,PRKCB,C1QA,HLA-DPA1,IFNA2,RELA,TLR2,RAC1,EP300,CSNK1A1,IL2,IL6,MAP3K7,IFNA1,MAP2K2,RPS5,WNT16,KMT2A,TP53,CYP3A7-CYP3A51P,ANK1,CCNE2,NRAS,NDUFA10,RAC3,PTPN11,EGF,APC,ARAF,PIK3R2,,WNT16,MAPK1,CXCL8,MAPK3,RUNX1,COL4A6,HRAS,SHC2,RPS6KB2,FZD7,G6PD,AKT3,JAK1,,HLA-E,IL1A,H2BC3,IL23A,,KIR3DL3,,TPM4,CACNA1D,TPM4,COL1A1,HLA-DQA2,CYP2J2,GSTT2B
41,ADH1C,,,,,,,,,ALDH1B1,,,,UGT2A1,NDUFB8,,ENTPD4,,NT5C3B,,,LDHAL6A,HMGCLL1,,SETMAR,P4HA2,,,,AOC1,,,,,,,G6PD,,B4GALT3,,,,GALNT9,,MPI,,,,,,DGKQ,PIP4K2A,,PLD4,PLD4,PTGR1,,,GALC,,,,MDH1,,,,,,,,,,,,,CYP2C18,HEPH,,,,PSTK,CYP2D6,ADH5,UCK2,,ABCG1,POP4,RPS23,TPR,CLP1,BTG2,,CDK7,,SNRPA1,PSMB10,,ELL,,,,,,ACSL5,,PCNA,,EME1,,TOP3B,RASGRF2,BTC,ANGPT1,PLCB2,STIM2,CACNA1D,OXT,CXCL13,CXCL13,CCL21,TLR4,VHL,PIK3R3,PIK3C3,PPP2CA,TSC1,TAAR2,SKP2,SPDYE18,TP53I3,UBE2W,,,,TFE3,IGBP1,SEC31A,GUSB,SH3GL1,ATP6V1D,SLC27A2,RNF152,VEGFD,CREB3L3,LMNA,ATF6B,PRKAG1,,FTMT,MAPK9,KRAS,MYL4,CACNA1D,CACNA1D,RNF43,CREBBP,MEGF8,ACVR2A,BUB1B-PAK6,MAPKAPK2,PLCB3,TAB2,TP53BP2,,TNN,TNN,CD40,PTPN6,AMOT,TUBB1,BMPR1B,SERPINF2,TLN2,KLRC2,PLCB1,,MAP3K8,MAPK11,RELA,IFNA21,IL10,OSMR,CD2,KLRC2,MAPK13,LCK,HLA-DOA,PPP3CC,MALT1,TNF,PLPP1,MAPK3,ACTG1,CCL28,,GNG5,ACTL6B,HRAS,ATP6V1A,MAPK12,GNG2,PLCB1,GNG3,CYP2J2,GABRR1,ATF2,PRKCG,OR10H2,TAS2R19,,CALML6,FN1,PYGM,ADCY1,CACNA1C,AKR1C3,SPDYE17,KRT27,WNT10B,CISH,CANX,MED17,PPARGC1A,PRKCA,PPP3CB,PIK3R1,GNAQ,ATP1B2,VEGFB,GNA11,ARRB1,HRAS,CACNA1C,MAPK10,PRKAG2,MAPK1,E2F1,CSH1,IFNA2,TNF,,,ATP2B4,RAB5B,,,NOS1,ADCY7,PNLIPRP1,TAS1R2,DPP4,MTTP,AQP8,,HEPHL1,OSBPL5,NDUFAB1,PSMB2,NDUFB4,TUBA4A,AFG3L2,BAD,GRIN1,GRIN2A,PRKACB,GNAI3,,H2AC11,SEPTIN6,CFTR,CXCL2,MYO1D,MYL12A,TUBA3C,TRAF6,PYCARD,BAIAP2,NCF2,PPP2R1A,,THBS2,MAPK13,PRKCG,C1QB,HLA-DPB1,IFNA4,MMP9,TLR4,RAC2,TLR4,TERT,HLA-A,CSF2,TAB1,IFNA2,MAPK1,RPS6,FZD1,AFF1,CCNE1,CYP3A43,ANK2,MIR126,MAP2K1,NDUFAB1,RHOA,GRB2,EGFR,APC2,BRAF,PIK3R3,,FZD1,MAPK3,CDH1,SHC1,CSF1R,COL4A1,NRAS,SHC3,BAD,FZD2,HK3,TSC1,JAK2,,FASLG,IL1B,H2BC8,IL17A,,KLRC1,,MYBPC3,CACNA1F,MYBPC3,COL1A2,HLA-DQB1,AGER,GSTP1
42,ADH7,,,,,,,,,ALDH7A1,,,,UGT2A3,NDUFB9,,ENTPD5,,CDA,,,LDHAL6B,OXCT1,,NSD1,P4HA3,,,,CAT,,,,,,,TXNDC12,,ST6GAL1,,,,GALNT7,,PMM2,,,,,,DGKK,PIP4K2B,,LCAT,UGT8,CYP4F2,,,GAL3ST1,,,,MDH2,,,,,,,,,,,,,CYP2S1,HEPHL1,,,,SEPSECS,HSD11B1,ADH6,UCKL1,,ABCG4,POP5,RPS24,NUP50,PCF11,PABPC1,,MNAT1,,SNRPB2,PSMB8,,MLLT1,,,,,,ACSL3,,RFC1,,,,BLM,RASGRP1,HBEGF,ANGPT2,PLCB3,ORAI1,CACNA1F,HTR1A,CXCL12,CXCL12,CCL22,LY96,RBX1,PDPK1,PIK3C2G,PPP2CB,TSC2,AGT,CCNA2,SPDYE11,EI24,UBE2Z,,,,BECN1,PPP2CA,SEC31B,FUCA1,SH3GLB1,ATP6V1E2,ACSL6,RPTOR,HGF,CREB3L4,LMNB1,EHMT2,PRKAG3,,,FTH1,NRAS,UQCRFS1,CACNA1F,CACNA1F,ZNRF3,EP300,MGRN1,RGMA,RHOA,MAPKAPK3,PLCB4,IKBKG,LLGL2,,TNR,TNR,CD40LG,PTPRJ,AMOTL1,TUBB2A,ACVR1,A2M,ITGA2B,KLRC3,PLCB2,,MAP2K1,MAPK12,TRAF2,IFNB1,EGR2,LIFR,CD5,KLRC3,MAPK14,CD3E,HLA-DOB,PPP3R1,CHUK,LCP2,PLPP3,RPS6KA5,ACTB,CCR10,,GNG7,ARID1B,KRAS,ATP6V1B1,MAPK13,GNG3,PLCB2,GNG4,CYP4X1,GABRR2,ATF4,GNAQ,OR10H3,TAS2R20,,CALML5,ITGA1,PYGB,ADCY2,CACNA1D,HSD17B7,SPDYE1,KRT20,WNT10A,SOCS1,PDIA4,MED24,PCK1,PRKCB,PPP3CC,PIK3R2,PLCB1,ATP1B3,VEGFC,PLCB1,ARRB2,KRAS,CACNA1D,MAPK9,MAPK11,MAPK3,E2F2,CSH2,IFNA4,IL1A,,,ATP2B2,RAB5C,,,GUCY1A2,ADCY8,PNLIPRP2,TAS1R3,XPNPEP2,APOA1,ABCG5,,TF,NPC2,NDUFA11,PSMB5,NDUFB5,TUBA3C,OMA1,VDAC1,GRIN2A,GRIN2B,PRKACG,GNAI2,,H2AC21,SEPTIN11,KCNQ1,CXCL3,MYO1E,MYL11,TUBA1A,NFKB1,CASP1,WASF2,NCF4,PPP2R2A,,THBS3,MAPK14,GNAS,C1QC,HLA-DQA1,IFNA5,BCL2,TRAF6,RAC3,TLR7,TCF7,HLA-B,CCR3,TAB2,IFNA4,MAPK3,RPS7,FZD7,CDK9,CCNE2,PTGS2,ANK3,CRK,MAP2K2,NDUFA11,MAPK8,SOS1,ERBB2,GSK3B,RAF1,PTEN,,FZD7,CCND1,,SHC2,MPO,COL4A5,ARAF,SHC4,BCL2L1,FZD3,HK1,TSC2,STAT1,,FAS,TGFB1,H2BC13,PTH,,KLRD1,,MYL3,CACNA1S,MYL3,COL3A1,HLA-DRA,NOX1,NQO1
43,ADH4,,,,,,,,,ALDH9A1,,,,UGT2B17,NDUFB10,,ENTPD6,,RRM1,,,LDHA,OXCT2,,NSD2,P4HA1,,,,,,,,,,,GPX4,,ST6GAL2,,,,GALNT8,,PMM1,,,,,,DGAT1,PLCB1,,PLA2G10,GAL3ST1,CYP4F3,,,ARSA,,,,FH,,,,,,,,,,,,,CYP3A4,FXN,,,,CARS1,HSD11B1L,ALDH3B1,TK2,,ABCG2,RPP25L,RPS25,NUP153,CPSF1,PABPC5,,CCNH,,SF3A1,PSMB11,,MLLT3,,,,,,ACSBG1,,RFC4,,,,RPA1,RASGRP2,EREG,ANGPT4,PLCB4,ORAI2,CACNA1S,HTR1B,CXCL16,CXCL14,CCL24,TIRAP,ELOC,CHUK,PIK3C2A,PPP2R1B,RHEB,AGTR1,CCNA1,SPDYE16,SHISA5,UBE2K,,,,BECN2,PPP2CB,SEC23B,FUCA2,SH3GLB2,ATP6V1E1,ACSL4,AKT1S1,ANGPT1,CREB5,LMNB2,EHMT1,PRKAG2,,,FTL,RRAS,CYTB,CACNA1S,CACNA1S,FZD1,KAT2B,SMURF1,RGMB,ROCK1,HSPB1,ITPR1,IKBKB,LLGL1,,TNXB,TNXB,ALCAM,CSNK2A1,AMOTL2,TUBB3,BMPR2,C1QA,ITGB3,KLRC4,PLCB3,,MAP2K2,MAPK13,MAP3K7,ZBP1,EGR3,CNTFR,CD1A,NCR2,MAPK8,CD3G,HLA-DPA1,PPP3R2,IKBKB,VAV3,PLPP2,RPS6KA4,PIK3CA,CCL25,,GNG8,ARID1A,NRAS,ATP6V1B2,MAPK14,GNG4,PLCB3,GNG5,ALOX5,GABRR3,CREB3,GNA11,OR10J1,TAS2R50,,CALML4,ITGA2,PDE3B,ADCY3,CACNA1F,HSD3B1,SPDYE4,KRT38,WNT11,SOCS2,ASGR1,MED27,PCK2,PRKCG,PPP3R1,PIK3R3,PLCB2,CACNA1G,VEGFD,PLCB2,ARAF,NRAS,CACNA1A,IKBKB,MAPK12,JUN,E2F3,GHRL,IFNA5,IL1B,,,KLK2,AQP4,,,GUCY1A1,ADCY9,CEL,GNAT3,SLC1A1,ABCA1,ABCG8,,SLC39A4,STAR,NDUFA12,PSMB1,NDUFB6,TUBA1A,OPA1,VDAC2,GRIN2B,GRIN2C,PPP1R1B,GNAO1,,H2AZ2,SEPTIN8,SLC12A2,CCL5,MYO1G,ACTN1,TUBA1C,RELA,IL18,PXN,CYBB,PPP2R2B,,THBS4,CHUK,GNAL,C1R,HLA-DQA2,IFNA6,BAD,CSNK2A1,RHOA,MYD88,TCF7L1,HLA-C,CCR5,IL1B,IFNA5,GNAQ,RPS8,FZD2,CCNT1,CDK2,CYP2A6,GAB1,CRKL,MAPK1,NDUFA12,MAPK10,SOS2,MTOR,TCF7,MAP2K1,PDPK1,,FZD2,CDK4,,SHC3,CSF2,COL4A3,BRAF,GRB2,MYC,FZD4,HK2,RHEB,STAT3,,PRF1,TGFB2,H2BC4,CSF1,,,,MYL2,CACNB1,MYL2,TGFB1,HLA-DRB1,CYBB,SQSTM1
44,ADH5,,,,,,,,,,,,,UGT2B11,NDUFB11,,NUDT16,,RRM2B,,,LDHB,AACS,,NSD3,PRODH2,,,,,,,,,,,GPX6,,MGAT3,,,,POC1B-GALNT4,,GMPPB,,,,,,DGAT2,PLCB2,,PLA2G2D,LPCAT2,LTC4S,,,NEU1,,,,PCK1,,,,,,,,,,,,,CYP3A5,,,,,CARS2,CBR1,ALDH3B2,TK1,,ABCG5,RPP25,RPS26,SENP2,CPSF2,PABPC3,,GTF2IRD1,,SF3A2,IFNG,,NELFA,,,,,,ACSBG2,,RFC2,,,,RPA2,RASGRP3,ERBB3,EFNA1,RASGRP3,ORAI3,KCNMA1,HTR1D,CXCL14,XCL1,CCL25,TICAM2,ELOB,IKBKB,PIK3C2B,PPP2R1A,MTOR,AGTR2,CDC6,SPDYE17,PERP,BIRC6,,,,BCL2L1,ULK1,SEC23A,HEXA,AMPH,ATP6V1F,ACSL1,MTOR,ANGPT2,PPARGC1A,PARP1,FOXO1,MTOR,,,PLA2G4E,RRAS2,CYC1,CACNB1,CALML3,FZD7,KAT2A,SMURF2,AMHR2,ROCK2,SRC,ITPR2,NFKBIA,SCRIB,,VWF,NPNT,CD6,CSNK2A2,ARHGAP17,TUBB4A,SMAD1,C1QB,FERMT3,KLRD1,PLCB4,,MAPK1,MAPK14,TRAF6,RIPK1,PTGS2,IL10,CD1B,TYROBP,MAPK10,CD247,HLA-DPB1,NFATC1,IKBKG,VAV1,SPHK1,CREB1,PIK3CD,MADCAM1,,GNG10,DPF1,ARAF,ATP6V1C2,MAPKAPK2,GNG5,PLCB4,GNG7,ALOX12,CACNA1A,CREB3L1,PLCB1,OR11A1,TAS2R60,,CAMK2A,ITGA2B,PRKACA,ADCY4,CACNA1S,HSD3B2,SPDYE3,KRT37,WNT16,SOCS3,ASGR2,MED30,G6PC1,EEF2K,PPP3R2,AKT1,PLCB3,CACNA1H,NFKBIA,PLCB3,BRAF,RAF1,CACNA1B,NFKBIA,MAPK13,VEGFA,RASD1,GHSR,IFNA6,,,,KLK1,AQP3,,,GUCY1B1,SST,PLA2G10,PLCB1,SLC1A5,,ABCB11,,SLC30A1,CIDEB,NDUFA13,PSMB4,NDUFB7,TUBA1C,FGF14,VDAC3,GRIN2C,GRIN2D,PPP1CA,GNB1,,H2AC7,CBL,ACTG1,PTPRZ1,MYO5A,ACTN4,TUBA8,TICAM2,IL1B,GIT2,CYBA,PPP2R2C,,SELE,IKBKB,ADCY1,C1S,HLA-DQB1,IFNA7,FAS,CSNK2A2,CGAS,IRAK4,TCF7L2,HLA-F,CCR1,CCL5,IFNA6,GNA11,RPS9,FZD3,CCNT2,EGR2,CYP2A7,PIK3CA,MIR1-1,MAPK3,NDUFA13,MAPK9,HRAS,RPS6KB1,TCF7L1,MAP2K2,NKX3-1,,FZD3,PIK3CA,,SHC4,IL3,LAMA1,RAF1,SOS1,RB1,FZD5,HKDC1,MTOR,TLR2,,GZMB,TGFB3,H2BC5,TNFSF11,,,,MYH7,CACNB2,MYH7,TGFB2,HLA-DRB3,NCF1,TXN
45,ADH6,,,,,,,,,,,,,UGT2B28,NDUFC1,,ITPA,,RRM2,,,LDHC,ACAT2,,SETD2,GOT1,,,,,,,,,,,GPX7,,MGAT4A,,,,C1GALT1,,GMPPA,,,,,,MOGAT3,PLCB3,,PLA2G2E,LPCAT1,GGT1,,,NEU3,,,,PCK2,,,,,,,,,,,,,CYP3A7,,,,,MARS1,CBR3,ALDH3A1,UMPS,,ABCG8,POP7,RPS27,KPNA1,CPSF3,PABPC1L2B,,GTF2I,,SF3A3,PSMF1,,NELFB,,,,,,OLR1,,RFC5,,,,RPA3,RASGRP4,NRG1,EFNA2,RASGRP2,CACNA1C,KCNU1,HTR1E,CXCL17,XCL2,CCL26,TICAM1,CUL2,PTEN,PLCB1,PPP2R2A,RHOA,APLN,CDC45,SPDYE1,ZMAT3,UBE3A,,,,PGAM5,ULK2,SEC24B,HEXB,BIN1,ATP6V1G1,ACSL5,DEPTOR,ANGPT4,ELAVL1,PARP2,FOXO3,RPTOR,,,PLA2G4A,MRAS,UQCRC1,CACNB2,CALM2,FZD2,SNW1,GRK2,TGFBR1,UNC5A,PIK3CA,ITPR3,RELA,DLG1,,IBSP,FRAS1,PVR,CSNK2A3,RAC1,TUBB8,SMAD5,C1QC,FGA,KIR2DS1,PLCG1,,MAPK3,JUN,MAP3K1,RIPK3,PRKCD,IL19,CD1C,LCK,MAPK9,CD3D,HLA-DQA1,NFATC2,NFKB1,VAV2,SPHK2,CREB3,PIK3CB,LTBR,,GNG11,DPF3,BRAF,ATP6V1C1,SHC1,GNG7,PRKCA,GNG8,ALOX12B,CACNA1B,CREB3L2,PLCB2,OR12D2,TAS2R42,,CAMK2D,ITGA3,PRKACB,ADCY5,MAP3K1,FSHB,SPDYE2,KRT36,FZD1,SOCS4,ITPR1,MED1,G6PC2,EEF2,CAMK2A,AKT2,PLCB4,CACNA1I,NFKB1,PLCB4,RAF1,MAP2K1,CACNA1E,NFKB1,MAPK14,VEGFB,GNAI1,MRAP2,IFNA7,,,,BDKRB2,,,,PRKG1,SSTR2,PLA2G2D,PLCB2,SLC8A1,,ABCC2,,SLC31A1,CYP7A1,NDUFB1,PSMC2,NDUFB8,TUBA8,SPTBN2,SLC25A4,GRIN2D,GRIN3A,PPP1CB,GNB2,,H2AZ1,SHC1,ACTB,GIT1,MYO5B,ILK,TUBA3E,TICAM1,TLR5,ARHGEF7,MAPK1,PPP2R2D,,ITGAL,IKBKG,PRKACA,C2,HLA-DRA,IFNA8,FADD,CSNK2A3,STING1,IRF7,UBE3A,HLA-G,CCR4,IL6,IFNA7,PLCG1,RPS10,FZD4,MLLT1,EGR3,CYP2A13,PIK3CD,MIR1-2,FOS,NDUFB1,DCC,KRAS,RPS6KB2,TCF7L2,MAPK1,AKT1,,FZD4,PIK3CD,,MYC,RUNX1T1,LAMA2,MAP2K1,SOS2,E2F1,FZD8,PFKM,RPS6KB1,TLR4,,CD40LG,SMAD2,H2BC6,TNFRSF11A,,,,MYH6,CACNB3,MYH6,TGFB3,HLA-DRB4,CYBA,TXN2
46,AKR1A1,,,,,,,,,,,,,UGT1A6,NDUFC2,,XDH,,DCTPP1,,,MDH1,ACAT1,,DOT1L,GOT1L1,,,,,,,,,,,GPX2,,MGAT4B,,,,C1GALT1C1,,GMDS,,,,,,CEL,PLCB4,,PLA2G3,PAFAH1B1,GGT5,,,NEU4,,,,ACAT2,,,,,,,,,,,,,CYP3A7-CYP3A51P,,,,,MARS2,UGT2A1,MAOB,CMPK1,,,RPP30,RPS27L,KPNA2,CPSF4,PABPC1L,,,,SF3B1,POMP,,NELFCD,,,,,,EHHADH,,RFC3,,,,RPA4,RAPGEF2,NRG2,EFNA3,EGF,CACNA1D,KCNMB1,HTR1F,XCL1,CX3CL1,CCL27,CD40LG,EGLN1,AKT1,PLCB2,PPP2R2B,ARF1,APELA,CDC7,SPDYE4,SIAH1,UBE3B,,,,CSNK2A1,ATG13,SEC24A,MANBA,EPN1,ATP6V1G3,ACSL3,MLST8,EFNA1,CCND1,PARP3,SOD2,AKT1S1,,,JMJD7-PLA2G4B,HRAS,UQCRC2,CACNB3,CALM3,FZD3,CTBP1,GRK3,TGFBR2,UNC5B,PIK3CD,RYR1,NFKB1,DLG2,,ITGA1,FREM2,CD226,CSNK2B,NF2,TUBB2B,SMAD9,C1R,FGB,KIR2DS3,PLCG2,,MAP2K3,ATG16L1,MAPK8,IKBKG,MAPK1,IL22,CD1D,IGH,MAPK1,ZAP70,HLA-DQA2,NFATC3,RELA,FYN,PRKCA,CREB3L1,PIK3R1,MAP3K14,,GNG12,PPARG,RAF1,ATP6V1D,SHC2,GNG8,PRKCB,GNG10,ALOX15,CACNA1C,CREB3L3,PLCB3,OR12D3,TAS2R3,,CAMK2B,ITGA4,PRKACG,ADCY6,MAP3K2,FSHR,SPDYE5,keratin,FZD7,SOCS5,ITPR2,CCND1,G6PC3,CACNA1C,CAMK2D,AKT3,ITPR1,CACNA1C,RELA,ITPR1,MAP2K1,MAP2K2,CACNA1G,RELA,PPARA,VEGFC,GNAI3,GNAQ,IFNA8,,,,GNAQ,,,,PRKG2,GNAI1,PLA2G2E,PLCB3,SLC8A2,,ABCG2,,STEAP1,ABCB11,NDUFB2,PSMC1,NDUFB9,TUBA3E,PSMA6,SLC25A5,GRIA1,GRIN3B,PPP1CC,GNB3,,H2AC15,SHC2,PLCG1,CASP3,MYO5C,TLN1,TUBA3D,IRF3,TLR2,CDC42,MAPK3,PPP2CA,,ITGB2,NFKBIA,PRKACB,C4A,HLA-DRB1,IFNA10,CASP8,CSNK2B,TBK1,IL1A,TLR3,HLA-E,CCR8,TNF,IFNA8,PLCG2,RPS10-NUDT3,FZD5,MLLT3,VDAC3,AKR1C2,PIK3CB,HDAC4,JUN,NDUFB2,CASP3,NRAS,JAK1,LEF1,MAPK3,AKT2,,FZD5,PIK3CB,,STAT5A,PML,LAMA3,MAP2K2,HRAS,E2F2,FZD6,PFKP,RPS6KB2,TLR9,,CD40,SMAD3,H2BC10,ATP6V1A,,,,EMD,CACNB4,EMD,CD36,HLA-DRB5,NCF2,NPPC
47,ALDH2,,,,,,,,,,,,,UGT1A4,NDUFC2-KCTD14,,NUDT2,,HDDC2,,,MDH2,HMGCS1,,KMT5A,GOT2,,,,,,,,,,,GPX3,,MGAT4D,,,,C1GALT1C1L,,GFUS,,,,,,PNPLA2,PLCD1,,PLA2G2F,PAFAH1B2,GPX4,,,NEU2,,,,ACAT1,,,,,,,,,,,,,CYP2W1,,,,,MTFMT,UGT2A3,MAOA,RRM1,,,RPP40,RPS27A,KPNA7,CPSF4L,PABPC1L2A,,,,SF3B2,,,NELFE,,,,,,ACAA1,,LIG1,,,,MUS81,NF1,ERBB4,EFNA4,FGF1,CACNA1F,KCNMB2,CHRM1,XCL2,IL10,CCL28,CD40,EGLN3,AKT2,PLCB3,PPP2R2C,ARF6,APLNR,DBF4,SPDYE3,CYCS,UBE3C,,,,CSNK2A2,ATG101,SEC24C,MAN2B1,EPN3,ATP6V1G2,PECR,TELO2,EFNA2,CCNA2,PARP4,CAT,RPS6KB1,,,PLA2G4B,AKT1,UQCRH,CACNB4,CALM1,FZD4,CTBP2,EVC,ACVR1B,UNC5C,PIK3CB,RYR2,NFATC2,DLG3,,ITGA2,FREM1,NECTIN2,TCF7,LLGL2,TUBB4B,SMAD4,C1S,FGG,KIR2DS4,PRKCA,,MAP2K6,ATG5,MAPK10,CHUK,MAPK3,IL20,CD1E,FCGR3A,MAPK3,LAT,HLA-DQB1,SOS1,NFKBIA,GAB2,PRKCB,CREB3L2,PIK3R2,IL15,,GNG13,MAP3K5,MAP2K1,ATP6V1E2,SHC3,GNG10,PRKCG,GNG11,ALOX15B,CACNA1D,CREB3L4,PLCB4,OR51E2,TAS2R4,,CAMK2G,ITGA5,PRKAR1A,ADCY7,MAP3K3,CYP19A1,SPDYE6, type I cuticular Ha4 [KO:K07604],FZD2,SOCS7,ITPR3,GATA4,PTPN11,CACNA1D,CAMK2B,PDE3B,ITPR2,CACNA1D,NOS2,ITPR2,PRKCA,MAPK1,,NOS3,PPARG,VEGFD,GNAI2,GNA11,IFNA10,,,,PLCB1,,,,CD38,GNAI3,PLA2G3,PLCB4,SLC8A3,,CA2,,STEAP2,ABCG5,NDUFB3,PSMC4,NDUFB10,TUBA3D,PSMA2,SLC25A6,GRIA2,DLG4,CREB1,GNB4,,H2AC6,SHC3,PLCG2,ATP6V1A,MYO6,TLN2,TUBAL3,MAPK11,CD14,WAS,ELK1,PPP2CB,,ICAM1,NFKBIB,PRKACG,C4B,HLA-DRB3,IFNA13,CASP10,TNFAIP3,IRF3,IL1B,TICAM1,B2M,FAS,IL12A,IFNA10,ITPR1,RPS11,FZD8,DOT1L,LTBR,HSD11B1,PIK3R1,HDAC5,MYC,NDUFB3,APPL1,ARAF,STAT3,MYC,PIK3CA,AKT3,,FZD8,PIK3R1,,STAT5B,RARA,LAMA5,MAPK1,KRAS,E2F3,FZD10,PFKL,EIF4EBP1,TIRAP,,IL4,STAT3,H2BC21,ATP6V1B1,,,,LMNA,CACNA2D1,LMNA,PPARA,HLA-A,NCF4,ASS1
48,ALDH3A2,,,,,,,,,,,,,UGT1A1,SDHA,,GMPS,,DCK,,,SDS,HMGCS2,,PRDM6,HOGA1,,,,,,,,,,,GPX1,,MGAT5,,,,,,FCSK,,,,,,PNPLA3,PLCD3,,PLA2G12A,PAFAH1B3,CYP2E1,,,GLA,,,,,,,,,,,,,,,,,UGT2A1,,,,,VARS2,UGT2B17,AOX1,RRM2B,,,REXO1,RPS28,KPNA3,FIP1L1,PABPC4,,,,SF3B3,,,SUPT4H1,,,,,,SCP2,,,,,,EME1,RASA1,SHC1,EFNA5,FGF2,CACNA1S,KCNMB3,CHRM2,CX3CL1,IL6,CXCR2,TRAF3,EGLN2,AKT3,PLCB4,PPP2R2D,PLCG1,NMB,DBF4B,SPDYE2,APAF1,SMURF1,,,,CSNK2A3,RB1CC1,SEC24D,NEU1,EPN2,ATP6V0E1,ECI2,TTI1,EFNA3,CCNA1,DFFA,ATG5,RPS6KB2,,,PLA2G4C,AKT2,UQCRHL,CACNA2D1,CALML6,FZD5,TLE7,EVC2,ACVR2B,UNC5D,PIK3R1,RYR3,NFATC1,DLG4,,ITGA2B,DSPP,TIGIT,TCF7L1,LLGL1,CSNK1D,ID1,MBL2,P2RY12,KIR2DS5,PRKCB,,MAP2K4,ATG12,MAPK9,IKBKB,NLRP3,IL24,CD4,FCGR3B,MAPK4,PLCG1,HLA-DRA,SOS2,NFKBIB,LAT,PRKCG,CREB3L3,PIK3R3,IL15RA,,GNGT1,MAP2K3,MAP2K2,ATP6V1E1,SHC4,GNG11,ITPR1,GNG12,PTGS1,CACNA1F,CREB5,GRIA1,OR52A1,TAS2R16,,IL1B,ITGA6,PRKAR2A,ADCY8,MAP3K4,CYP1B1,SPDYE15,KRT26,FZD3,SOCS6,SLC5A5,RCAN1,PPARA,CACNA1F,CAMK2G,PLAAT3,ITPR3,CACNA1F,PIK3CA,ITPR3,PRKCB,MAPK3,,PRKCZ,CDC42,CCL2,AHR,PLCB1,IFNA13,,,,PLCB2,,,,BST1,GNAI2,PLA2G2F,,SLC6A19,,SLC4A2,,MT1B,ABCG8,NDUFB4,PSMC6,NDUFB11,TUBAL3,PSMA4,SLC25A31,GRIA3,PPP1R1B,ATF2,GNB5,,H2AC13,SHC4,PRKCA,ATP6V1B1,MYO10,VCL,TUBB6,MAPK12,TLR4,GNAQ,FOS,IFNG,,CD40LG,NFKB1,RAB5A,C5,HLA-DRB4,IFNA14,BID,MAP3K7,IFNA1,IL6,TRAF3,FDPS,FADD,IL12B,IFNA13,ITPR2,RPS12,FZD6,LMO2,SP100,HSD11B1L,PIK3R2,FOXP1,BCL2,NDUFB4,TGFB1,BRAF,STAT1,CCND1,PIK3CD,CASP9,,FZD6,PIK3R2,,CDKN2A,ZBTB16,LAMA4,MAPK3,NRAS,TERT,FZD9,PGAM1,PIP5K1C,MYD88,,IL5,IL21,H2BC11,ATP6V1B2,,,,CACNA1C,CACNA2D2,IGH,CPT1B,HLA-B,RAC1,THBD
49,ALDH1B1,,,,,,,,,,,,,UGT1A3,SDHB,,GMPR,,DCTD,,,SDSL,,,KMT5C,DAO,,,,,,,,,,,GPX5,,MGAT5B,,,,,,FPGT,,,,,,PNLIP,PLCD4,,PLA2G12B,PLA2G7,CYP2J2,,,B4GALNT1,,,,,,,,,,,,,,,,,UGT2A3,,,,,VARS1,UGT2B11,UGT2A1,RRM2,,,putative exonuclease GOR [KO:K14570] [EC:3.1.-.-],RPS29,KPNA4,WDR33,PABPC4L,,,,SF3B4,,,SUPT5H,,,,,,ACOX3,,,,,,EME2,RASA2,SHC2,EGFR,FGF3,CACNA1A,KCNMB4,DRD2,IL2,IL2,CXCR1,TNFSF11,ARNT,SGK1,PLCD1,PPP2R3B,PLCG2,GRP,CDK1,SPDYE5,CASP9,SMURF2,,,,CSNK2B,ATG2A,UGGT2,HYAL2,EPS15,ATP6V0E2,NUDT7,CLIP1,EFNA4,EEF2K,DFFB,KL,SIRT1,,,PLA2G4D,AKT3,UQCRB,CACNA2D2,CALML5,FZD8,TLE1,EFCAB7,ACVR1C,PTPN11,PIK3R2,CALML3,IFNB1,DLG5,,ITGA3,VWF,ITGAL,TCF7L2,DLG1,CDK1,ID2,MASP1,GNAI1,KIR2DS2,PRKCG,,MAP2K7,GABARAP,MAPK11,NFKBIB,PYCARD,IL26,CD8A,NCR1,MAPK6,PPP3CA,HLA-DRB1,RASGRP1,NFKBIE,GRB2,NCF1,CREB3L4,RAC1,PIGR,,GNGT2,MAPK11,MAPK1,ATP6V1F,GAB1,GNG12,ITPR2,GNG13,PTGS2,CACNA1S,ATF6B,GRIA2,OR51B4,TAS2R1,,IL1R1,ITGA7,PRKAR2B,ADCY9,MAP2K3,CYP1A1,CDK2,CTSD,FZD4,STAT1,SLC26A4,HIF1A,RXRA,CACNA1S,FOXO1,PLAAT2,CALML3,CACNA1S,PIK3CD,KCNK2,PRKCG,PIK3R1,,TBC1D4,RAC1,SERPINE1,AIPL1,PLCB2,IFNA14,,,,PLCB3,,,,BEST2,PRKACA,PLA2G12A,,SLC3A2,,ABCB1,,MT1E,APOA2,NDUFB5,PSMC3,NDUFS1,TUBB6,PSMA7,PPIF,GRIA4,GRIA2,ATF4,GNG2,,H2AC14,CD2AP,TJP1,ATP6V1B2,MYH9,CDC42,TUBB,MAPK13,MYD88,ARHGEF12,JUN,IFNGR1,,CD40,RELA,RAB5B,C3AR1,HLA-DRB5,IFNA16,BAX,TAB2,IFNA2,IL12A,IKBKE,VDAC1,CASP8,RIGI,IFNA14,ITPR3,RPS13,FZD10,PBX3,HNRNPK,CBR1,PIK3R3,PIM1,PRKCA,NDUFB5,TGFB2,RAF1,VEGFA,TP53,PIK3CB,BAD,,FZD10,PIK3R3,,CDKN1A,CEBPA,LAMB1,PLCG1,ARAF,TERC,LRP5,PGAM2,PIP5K1A,TRAF6,,IL10,IL21R,H2BC12,ATP6V1C2,,,,CACNA1D,CACNA2D3,ADRB1,PDK2,HLA-C,SRC,PLAT
50,ALDH7A1,,,,,,,,,,,,,UGT2B10,SDHC,,GMPR2,,DTYMK,,,PHGDH,,,KMT5B,L3HYPDH,,,,,,,,,,,GPX8,,MGAT4C,,,,,,,,,,,,PNLIPRP1,PLCE1,,PLA2G1B,PAFAH2,CYP2U1,,,HEXA,,,,,,,,,,,,,,,,,UGT2B17,,,,,LARS1,UGT2B28,UGT2A3,NME6,,,REXO5,FAU,KPNA6,WDR82,PAN2,,,,SF3B5,,,XPO1,,,,,,ACOX1,,,,,,ERCC4,RAP1A,SHC3,FGFR1,FGF4,CACNA1B,SLC8A1,GABBR1,IL4,IL18,CXCR3,TNFRSF11A,CREBBP,SGK2,PLCD3,PPP2R3C,IGH,NMBR,CCNB1,SPDYE6,CASP3,ITCH,,,,SRC,ATG2B,UGGT1,HYAL1,EPS15L1,TCIRG1,NUDT12,GRB10,EFNA5,EEF2,ENDOG,TSC1,SOD1,,,PLA2G4F,TSC1,UQCRQ,CACNA2D3,CALML4,FZD6,TLE2,IQCE,BAMBI,RGMA,PIK3R3,CALM2,MAP2K1,CSNK1D,,ITGA4,IBSP,ITGB2,LEF1,SCRIB,TJP1,ID3,MASP2,GNAI3,IFI30,ATG7,,MAPK11,GABARAPL1,MAPK12,NFKBIA,CASP1,IL10RA,CD8B,NCR3,MAPK7,PPP3CB,HLA-DRB3,HRAS,IFITM1,SOS1,GSN,ATF2,CYBB,,,GRIA1,MAPK12,MAPK3,ATP6V1G1,PIK3R1,GNG13,ITPR3,GNGT1,HTR3A,GABBR1,MAPK11,GRIA3,OR51B2,TAS2R9,,IL1RAP,ITGA8,PRKAR1B,PRKACA,MAP2K6,BMP15,CDK1,TFF1,FZD5,STAT3,TPO,MYC,RXRB,CACNB1,SIRT1,PTGS1,CALM2,ORAI1,PIK3CB,CACNA1G,TRPV5,PIK3R2,,SLC2A4,MAP3K11,SELE,AIP,PLCB3,IFNA16,,,,PLCB4,,,,AQP5,PRKACB,PLA2G12B,,SLC7A8,,ABCB4,,MT1F,APOC3,NDUFB6,PSMC5,NDUFS2,TUBB,PSMA8,APAF1,CACNA1B,,CREB3,GNG3,,H2AC16,DNM1,TJP2,ATP6V1C2,MYH10,WASL,TUBB1,MAPK14,TNF,ARHGEF1,MAPK11,IFNGR2,,SELP,IL12A,RAB5C,C5AR1,CD74,IFNA17,APAF1,MAPK8,IFNA4,IL12B,TBK1,SLC25A4,BID,IFIH1,IFNA16,CALML3,RPS14,FZD9,RUNX2,CDKN1A,UGT2A1,AKT1,MET,PRKCB,NDUFB6,TGFB3,MAP2K1,CDKN2A,CDKN1A,PIK3R1,FOXO1,,FZD9,AKT1,,CCND1,PER2,LAMB2,PLCG2,BRAF,TP53,LRP6,PGAM4,PIP5K1B,NFATC1,,IGH,IL23A,H2BC26,ATP6V1C1,,,,CACNA1F,CACNA2D4,GNAS,PDK3,HLA-F,JAK2,CDH5
51,ALDH9A1,,,,,,,,,,,,,UGT1A9,SDHD,,GDA,,DUT,,,PSAT1,,,MECOM,,,,,,,,,,,,PRDX6,,,,,,,,,,,,,,PNLIPRP2,PLCG1,,PLA2G5,,CYP2C19,,,HEXB,,,,,,,,,,,,,,,,,UGT2B11,,,,,LARS2,UGT1A6,UGT2B17,NME7,,,putative exonuclease GOR [KO:K14570] [EC:3.1.-.-],RPSA,KPNA5,PPP1CA,PAN3,,,,SF3B6,,,RAN,,,,,,ACOX2,,,,,,ERCC1,RAP1B,SHC4,FGFR2,FGF17,CACNA1E,SLC8A2,GABBR2,IL7,IL37,CXCR4,LTA,EP300,SGK3,PLCD4,PPP2R3A,FCER1A,GRPR,CCNB2,SPDYE15,AIFM2,WWP1,,,,ULK1,WIPI2,EDEM1,SPAM1,SPART,ATP6V0A2,NUDT19,LPIN1,EGFR,FOXO1,AIFM1,TSC2,EIF4EBP2,,,ALOX15,TSC2,UQCR10,CACNA2D4,MYLK,FZD10,TLE3,ARRB1,SMAD1,NEO1,RAC1,CALM3,MAP2K6,CSNK1E,,ITGA5,DMP1,ICAM1,IGF1R,PPP2CA,ADRB1,ID4,C4A,GNAI2,LGMN,FPR1,,MAPK12,GABARAPL2,MAPK13,CCL4,CARD9,IL10RB,CD8B2,FCER1G,MAPK15,PPP3CC,HLA-DRB4,KRAS,CD81,SOS2,SCIN,ATF4,CYBA,,,GRIA2,MAPK13,RPS6KA3,ATP6V1G3,PIK3R2,GNGT1,PLA2G4E,GNGT2,HTR3E,GABBR2,MAPK12,LYN,OR4N4,TAS2R8,,MAP2K3,ITGA9,LIPE,PRKACB,MAPK11,BMP6,CCNA2,PGR,FZD8,STAT5A,ATP1A1,MYH7,RXRG,CACNB2,PPARA,PTGS2,CALM3,CALML3,PIK3R1,CACNA1H,SLC34A1,PIK3R3,,PRKAA1,MAPK8,VCAM1,ARNT,PLCB4,IFNA17,,,,PRKCA,,,,ATP1A1,PRKACG,PLA2G1B,,SLC36A1,,SLC9A1,,MT1G,APOA4,NDUFB7,PSMD2,NDUFS3,TUBB1,PSMA5,CYCS,CACNA1C,,CREB3L1,GNG4,,H2AB2,DNM3,,ATP6V1C1,MYH11,PFN3,TUBB2A,MAPK8,IL6,ARHGEF28,MAPK12,TNFRSF1A,,,IL12B,RAB7A,FCGR1A,CREBBP,IFNA21,CYCS,MAPK10,IFNA5,TNF,IRF3,SLC25A5,BAX,MAVS,IFNA17,CALM2,RPS15,LRP5,SMAD1,DDX3X,UGT2A3,AKT2,MIR29A,PRKCG,NDUFB7,TGFBR1,MAP2K2,CDK4,GADD45A,PIK3R2,CDKN1A,,DVL3,AKT2,,CDK4,SPI1,LAMB3,PRKCA,RAF1,CDKN1A,DVL3,LDHAL6A,WAS,NFATC2,,TSHR,IL23R,H2BC7,ATP6V1D,,,,CACNA1S,CACNG1,ADCY1,PDK4,HLA-G,STAT3,KDR
52,ALDH3B1,,,,,,,,,,,,,UGT2B7,UQCRFS1,,GUK1,,TYMP,,,,,,PRDM16,,,,,,,,,,,,ODC1,,,,,,,,,,,,,,PNLIPRP3,PLCG2,,PLA2G2A,,CYP4F8,,,PSAP,,,,,,,,,,,,,,,,,UGT2B28,,,,,IARS1,UGT1A4,UGT2B11,NME2,,,REXO2,MRPL1,KPNB1,PPP1CB,DCP1A,,,,PHF5A,,,FURIN,,,,,,CPT1A,,,,,,SLX1A,EGF,GRB2,FGFR3,FGF6,CACNA1G,SLC8A3,ADORA1,IL9,IL19,CXCR5,LTB,CYBB,C8orf44-SGK3,PLCE1,PPP2R5B,MS4A2,BRS3,CCNB3,CDK1,IGFBP3,WWP2,,,,FUNDC1,WIPI1,EDEM2,HYAL4,NEDD4,ATP6V0A4,ACOT8,LPIN3,ERBB2,FOXO3,ERN1,RHEB,HSPA8,,,CAPN1,RHEB,UQCR11,CACNG1,MYLK2,FZD9,TLE4,ARRB2,SMAD5,MYL5,RAC2,CALM1,MAPK11,TPTEP2-CSNK1E,,ITGA6,AGRN,ICAM2,INSR,PPP2CB,DRD1,DUSP9,C4B,ADCY1,CTSB,FPR3,,MAPK13,MAP1LC3C,MAPK14,CCL4L2,BCL10,IL20RA,CD3D,CD247,CEBPB,PPP3R1,HLA-DRB5,NRAS,CD19,HRAS,VAV3,CREB5,NCF2,,,GRIA3,MAPK14,RPS6KA1,ATP6V1G2,PIK3R3,GNGT2,PLA2G4A,KCNJ3,HTR3D,GNAI1,MAPK13,CACNA1A,OR5B3,TAS2R7,,MAP2K6,ITGA10,PRKCZ,PRKACG,MAPK12,,CCNA1,TGFA,FZD6,STAT5B,ATP1A2,MYH6,ADIPOQ,CACNB3,PRMT1,ADORA1,CALM1,CALM2,PIK3R2,CACNA1I,SLC34A2,PIK3CA,,PRKAA2,MAPK10,ICAM1,CDKN1B,PRKCA,IFNA21,,,,PRKCB,,,,ATP1A2,ATP4A,PLA2G5,,SLC36A2,,SLC4A5,,MT1H,,NDUFB8,PSMD1,NDUFS4,TUBB2A,PSMA1,CASP9,CACNA1D,,CREB3L2,GNG5,,H2BC15,DNM2,,ATP6V1D,MYH14,PFN1,TUBB3,MAPK10,IL12A,RHOA,MAPK13,NOS2,,,TNF,RAB7B,FCGR2A,EP300,IFNB1,CASP9,MAPK9,IFNA6,CXCL8,IFNB1,SLC25A6,BAK1,TRAF3,IFNA21,CALM3,RPS15A,LRP6,KLF3,EIF2AK2,UGT2B17,AKT3,MIR29B1,VEGFA,NDUFB8,TGFBR2,MAPK1,CDK6,GADD45B,PIK3R3,MDM2,,DVL2,AKT3,,CDK6,CD14,LAMB4,PRKCB,MAP2K1,GADD45A,DVL2,LDHAL6B,RAC1,NFATC3,,CGA,RORC,H2BW2,ATP6V1E2,,,,CACNB1,CACNG2,ADCY2,PRKCA,HLA-E,CDC42,CTNNB1
53,ALDH3B2,,,,,,,,,,,,,UGT1A10,CYTB,,RRM1,,TK2,,,,,,TMLHE,,,,,,,,,,,,SRM,,,,,,,,,,,,,,LIPC,PLCZ1,,PLA2G2C,,ALOX12,,,PSAPL1,,,,,,,,,,,,,,,,,UGT1A6,,,,,IARS2,UGT1A1,UGT2B28,NME4,,,XRN1,MRPL2,TNPO1,PPP1CC,DCP1B,,,,DDX42,,,SERINC3,,,,,,CPT1B,,,,,,SLX1B,TGFA,SOS1,FGFR4,FGF7,CACNA1H,ATP1A1,EDNRA,IL15,IL20,CXCR6,TNFSF14,PLCG1,FOXO1,PLCG1,PPP2R5C,FCER1G,KNG1,CDC25B,CDK2,IGF1,TRIP12,,,,HIF1A,ATG9B,MMP24-AS1-EDEM2,HYAL3,NEDD4L,ATP6V0A1,CRAT,LPIN2,ERBB3,SIRT1,TRAF2,MTOR,HSPA1A,,,CAPN2,MTOR,COX3,CACNG2,MYLK3,LRP5,TLE6,KIF3A,SMAD9,MYL9,RAC3,CALML6,MAPK12,BTRC,,ITGA7,HSPG2,ICAM3,MET,PPP2R1B,GNAS,MAPK11,C2,ADCY2,HLA-DMA,FPR2,,MAPK14,MAP1LC3B,CXCL8,CCL4L1,MALT1,IL20RB,CD3E,ZAP70,TRAF4,PPP3R2,CD4,RAF1,CR2,KRAS,VAV1,ATF6B,NCF1,,,GRIA4,PPARGC1A,RPS6KA2,ATP6V0E1,PIK3CA,KCNJ3,JMJD7-PLA2G4B,KCNJ6,HTR3C,GNAI3,MAPK14,ITPR1,OR9K2,TAS2R13,,MAPK11,ITGA11,PRKCI,CREB1,MAPK13,,MOS,RARA,FZD10,TNFSF11,ATP1A3,ATP2A1,ADIPOR1,CACNB4,G6PC1,PTGER3,CALML6,CALM3,PIK3R3,CACNA1C,SLC34A3,PIK3CD,,PRKAB1,MAPK9,MMP2,CDK2,PRKCB,IFNB1,,,,PRKCG,,,,ATP1A3,ATP4B,PLA2G2A,,SLC36A4,,ABCC3,,MT1M,,NDUFB9,PSMD3,NDUFS5,TUBB3,PSMA3,CASP3,CACNA1F,,CREB3L3,GNG7,,H2BC9,CLTA,,ATP6V1E2,WASL,PFN2,TUBB4A,MAPK9,IL12B,ROCK1,MAPK14,C3,,,BCL2,TLR2,FCGR2B,IL10,IFNG,CASP3,JUN,IFNA7,CCL2,CREBBP,SLC25A31,CYCS,IKBKE,IFNB1,CALM1,RPS16,DVL3,MEF2C,PRKACA,UGT2B11,SLC9A1,MIR29B2,FGF2,NDUFB9,SMAD2,MAPK3,CCND1,GADD45G,AKT1,TP53,,DVL1,BAD,,RB1,ITGAM,LAMC1,PRKCG,MAP2K2,GADD45B,DVL1,LDHA,RAC2,TICAM1,,TSHB,RORA,histone H2B type F-S-like [KO:K11252],ATP6V1E1,,,,CACNB2,CACNG3,ADCY3,PRKCD,CD80,MAP2K4,PRKAA1
54,ALDH3A1,,,,,,,,,,,,,UGT1A8,CYC1,,RRM2B,,TK1,,,,,,ALDH2,,,,,,,,,,,,SMS,,,,,,,,,,,,,,LIPF,PLCH1,,PLA2G4E,,ALOXE3,,,,,,,,,,,,,,,,,,,,UGT1A4,,,,,KARS1,UGT1A3,UGT1A6,NME1,,,XRN2,MRPL3,TNPO2,SSU72,DCP2,,,,U2AF1,,,SERINC5,,,,,,CPT1C,,,,,,SLX4,EREG,SOS2,NGFR,FGF8,CACNA1I,ATP1A2,NPY1R,IL21,IL24,XCR1,LTBR,PLCG2,FOXO3,PLCG2,PPP2R5D,FYN,BDKRB1,CDC25C,MAPK11,SERPINE1,NEDD4,,,,E2F1,ATG9A,EDEM3,ARSA,MDM2,ATP6V0D1,CROT,ULK1,ERBB4,SLC2A4,ITPR1,RPTOR,HSPA2,,,SMPD1,PTEN,COX1,CACNG3,MYLK4,LRP6,NCOR2,CUL3,SMAD2,MYL12B,AKT1,CALML5,MAPK13,FBXW11,,ITGA8,ITGA1,CD22,EGFR,PPP2R1A,DRD2,MAPK12,C3,ADCY3,HLA-DMB,PIK3CA,,MAPK8,MAP1LC3A,TNF,CCL5,CASP8,IL22RA1,CD3G,SYK,IKBKE,NFATC1,LCK,MAP2K1,PIK3R1,NRAS,VAV2,RIPK3,NCF4,,,CACNA1G,ATF2,RPS6KA6,ATP6V0E2,PIK3CD,KCNJ6,PLA2G4B,PIK3CG,HTR3B,GNAI2,MAPK8,ITPR2,OR4Q3,TAS2R10,,MAPK12,ITGAV,SLC2A4,ATF2,MAPK14,,HSP90AA1,FOS,FZD9,TNFRSF11A,ATP1A4,ATP2A3,ADIPOR2,CACNA2D1,G6PC2,NPY,CALML5,CALM1,PRKCZ,CACNA1D,SLC9A3R1,PIK3CB,,PRKAB2,ITCH,IL1A,CCNE1,PRKCG,IL17A,,,,,,,,ATP1A4,KCNE2,PLA2G2C,,SLC36A3,,ABCC4,,MT1X,,NDUFB10,PSMD9,NDUFS6,TUBB4A,PSMB6,MCU,CACNA1S,,CREB3L4,GNG8,,H2BC14,CLTB,,ATP6V1E1,SLC9A3R1,PFN4,TUBB8,MAPK1,CXCL8,ROCK2,IFNG,CALR,,,BCL2L1,TLR4,FCGR2C,IL10RA,TLR3,CASP12,FOS,IFNA8,CCL5,EP300,VDAC2,CASP9,TBK1,IFNAR1,CALML6,RPS17,DVL2,HOXA9,PRKACB,UGT2B28,PPP1CA,MIR29C,ADRB1,NDUFB10,SMAD3,ETS1,RB1,BAX,AKT2,GSK3B,,GSK3B,PTEN,,E2F1,FCGR1A,LAMC2,TP53,MAPK1,GADD45G,FRAT1,LDHB,RAC3,TICAM2,,,FOXP3,H2BK1,ATP6V1F,,,,CACNB3,CACNG4,ADCY4,PTPA,CD86,MAP2K7,PRKAA2
55,ACSS1,,,,,,,,,,,,,UGT1A5,UQCRC1,,RRM2,,TYMS,,,,,,ALDH3A2,,,,,,,,,,,,RRM1,,,,,,,,,,,,,,LIPG,PLCH2,,PLA2G4A,,ALOX12B,,,,,,,,,,,,,,,,,,,,UGT1A1,,,,,RARS2,UGT2B10,UGT1A4,NME3,,,GTPBP4,MRPL4,TNPO3,CSTF1,DDX6,,,,U2AF1L5,,,BST2,,,,,,CPT2,,,,,,,AREG,HRAS,NTRK1,FGF9,CHRNA7,ATP1A3,SSTR1,TSLP,TNF,CX3CR1,MAP3K14,PRKCA,FOXO4,PLCZ1,PPP2R5E,SYK,BDKRB2,YWHAZ,MAPK12,ADGRB1,NEDD4L,,,,RELA,SUPT20H,P4HB,ARSB,TRAF6,ATP6V0D2,MLYCD,ULK2,FGFR1,GYS2,ITPR2,AKT1S1,HSPA1L,,,MLKL,SIRT1,COX2,CACNG4,MYL6B,BAMBI,CIR1,SPOP,SMAD3,MYL12A,AKT2,CALML4,MAPK14,TP73,,ITGA9,ITGA2,PTPRC,ERBB2,PPP2R2A,ADCY1,MAPK13,CFB,ADCY4,HLA-DOA,PIK3CD,,MAPK10,MAP1LC3B2,IL12A,CXCL10,IKBKG,IL22RA2,MME,LCP2,USP25,NFATC2,CD3E,MAP2K2,PIK3R2,RAF1,CDC42,MLKL,CTNNB1,,,CACNA1H,SIRT6,ITPR1,TCIRG1,PIK3CB,KCNJ9,PLA2G4C,PIK3R5,HTR4,GNAO1,MAPK10,ITPR3,OR4M1,TAS2R14,,MAPK13,ITGAL,FLOT2,ATF4,MAPK7,,HSP90AB1,JUN,GNAO1,NFKB1,ATP1B4,ATP2A2,STK11,CACNA2D2,G6PC3,NPY1R,CALML4,CALML6,RAF1,CACNA1F,GNAS,AKT1,,PRKAG1,ERN1,IL1B,CCNE2,ITPR1,IL17RA,,,,,,,,ATP1B4,KCNQ1,ITPR1,,SLC16A10,,SLC51A,,MT2A,,NDUFB11,PSMD12,NDUFS7,TUBB8,PSMB7,ND1,STX1A,,CREB5,GNG10,,H2BW1,CLTC,,ATP6V1F,EZR,EGFR,TUBB2B,MAPK3,CXCL1,FYB1,IFNGR1,C1QA,,,BIRC2,CD14,FCGR3A,IL10RB,TICAM1,BIRC5,IL1A,IFNA10,CXCL10,TADA3,VDAC3,CASP3,IFNA1,IFNAR2,CALML5,RPS18,DVL1,HOXA10,PRKACG,UGT1A6,PPP1CB,DNMT3A,ADRB2,NDUFB11,SMAD4,JUN,E2F1,BAK1,AKT3,CREB1,,AXIN1,CDKN2A,,E2F2,CEBPE,LAMC3,CDKN1A,MAPK3,BAX,FRAT2,LDHC,WASF1,CD274,,,IL17A,H2BC12L,ATP6V1G1,,,,CACNB4,CACNG5,ADCY5,PPP1CA,CD28,FOS,PECAM1
56,ACSS2,,,,,,,,,,,,,UGT2B15,UQCRC2,,HDDC2,,DPYD,,,,,,ALDH1B1,,,,,,,,,,,,RRM2B,,,,,,,,,,,,,,LPL,IMPA2,,JMJD7-PLA2G4B,,ALOX15B,,,,,,,,,,,,,,,,,,,,UGT1A3,,,,,RARS1,UGT1A9,UGT1A1,NME1-NME2,,,GNL2,MRPL12,IPO4,CSTF2,EDC3,,,,U2AF1L4,,,HGS,,,,,,ACADL,,,,,,,FGF1,KRAS,NTRK2,FGF10,P2RX1,ATP1A4,SSTR2,IL3,LTA,CCR8,MAP3K7,PRKCB,FOXO6,IPMK,PPP2R5A,PRKCA,C3,YWHAB,MAPK13,CD82,HUWE1,,,,BNIP3,SMCR8,PDIA4,ARSG,RNF41,ATP6V1H,GNPAT,EIF4EBP1,FGFR2,GYS1,ITPR3,ULK1,HSPA1B,,,PGAM5,CCNA2,COX4I2,CACNG5,MYL6,APCDD1,HDAC1,SPOPL,SMAD4,ARHGEF12,AKT3,NOS1,MAP2K7,BBC3,,ITGA10,ITGA2B,SIGLEC1,FGFR1,PPP2R2B,ADCY2,MAPK14,CFD,ADCY5,HLA-DOB,PIK3CB,,MAPK9,SUGT1,IL12B,AIM2,IKBKB,IL12A,CD9,LAT,TRAF5,NFATC3,CD3G,MAPK1,PIK3R3,MAP2K1,WAS,PGAM5,CTNND1,,,CACNA1I,FGF21,ITPR2,ATP6V0A2,AKT1,KCNJ5,PLA2G4D,PIK3R6,HTR6,GNB1,MAPK9,RYR1,OR13G1,TAS2R5,,MAPK14,ITGAM,FLOT1,CREB3,PLA2G4E,,MAP2K1,SP1,GNAQ,RELA,ATP1B1,PLN,CAMKK2,CACNA2D3,PCK1,GNAI1,PPP3CA,CALML5,MAP2K1,CACNA1S,PDE4A,AKT2,,PRKAG3,TRAF2,IL6,CDKN1A,ITPR2,IL17RC,,,,,,,,ATP1B1,KCNJ1,ITPR2,,SLC3A1,,SLC51B,,MT1A,,NDUFS1,PSMD11,NDUFS8,TUBB2B,PSMB3,ND2,CHRNA7,,ATF6B,GNG11,,H2BC1,CLTCL1,,ATP6V1G1,F2,PIK3CA,TUBB4B,FOS,CXCL2,SKAP2,IFNGR2,C1QB,,,BIRC3,IL6,FCGR3B,CTSS,TRAF6,TP53,IL1B,IFNA13,ICAM1,TP53,TSPO,TNFRSF1A,IFNA2,JAK1,CALML4,RPS19,FRAT1,JMJD1C,H2BC15,UGT1A4,PPP1CC,DNMT3B,ADRB3,NDUFS1,MLH1,RAC1,E2F2,DDB2,MTOR,ATF4,,AXIN2,MDM2,,E2F3,BCL2A1,FN1,GADD45A,PIK3CA,BAK1,GSK3B,IDH1,WASF2,PDCD1,,,IL17F,H3-5,ATP6V1G3,,,,CACNA2D1,CACNG6,ADCY6,PPP1CB,PRF1,JUN,PIK3CA
57,GALM,,,,,,,,,,,,,UGT1A7,UQCRH,,DGUOK,,DPYS,,,,,,ALDH9A1,,,,,,,,,,,,RRM2,,,,,,,,,,,,,,AGK,IMPA1,,PLA2G4B,,CYP2B6,,,,,,,,,,,,,,,,,,,,UGT2B10,,,,,PARS2,UGT2B7,UGT1A3,DUT,,,GNL3,MRPL9,IPO5,CSTF2T,EDC4,,,,U2AF2,,,TSG101,,,,,,ACADM,,,,,,,FGF2,NRAS,INSR,FGF16,P2RX2,ATP1B4,SSTR5,IL5,TNFSF14,CCR6,TAB1,PRKCG,GRM1,ITPKB,TP53,PLD1,C3AR1,YWHAQ,MAPK14,THBS1,UBR5,,,,HRAS,WDR41,PDIA6,GALNS,ITCH,ATP6V0C,AGPS,EIF4E,FGFR3,LIPE,CAPN1,ATG13,HSPA6,,,DNM1L,CCNA1,COX4I1,CACNG6,MYL9,APCDD1L,HDAC2,,SMAD6,LRIG2,NOS3,NOS2,MAPK8,TEAD1,,ITGA11,ITGA3,SPN,FER,PPP2R2C,ADCY3,WNT1,C5,ADCY6,HLA-DPA1,PIK3R1,,JUN,SHARPIN,CXCL10,PYCARD,NFKBIA,IL12B,CD19,PLCG1,TRAF2,PRKCQ,CD247,MAPK3,PIK3CA,MAP2K2,VASP,DNM1L,CTNNA3,,,ADCYAP1,PLIN1,ITPR3,ATP6V0A4,AKT2,CACNA1A,PLA2G4F,HRAS,HTR7,GNB2,PPP1R1B,CRH,OR2L13,TAS2R38,,MAPK8,ITGAX,SH2B2,CREB3L1,PLA2G4A,,MAPK1,GPER1,DVL3,ELF5,ATP1B2,WNT4,PRKAA1,CACNA2D4,PCK2,GNAI3,PPP3CB,CALML4,MAP2K2,ORAI1,PDE4B,AKT3,,PRKAG2,MAP3K5,CXCL8,CACNA1C,ITPR3,CXCL1,,,,,,,,ATP1B2,KCNJ2,ITPR3,,SLC7A9,,KCNN2,,MT1HL1,,NDUFS2,PSMD6,NDUFC1,TUBB4B,PSMB2,ND3,ATP2A1,,PDYN,GNG12,,H2BC18,CAV1,,ATP6V1G3,LPAR1,PIK3CD,FYCO1,JUN,CXCL3,NLRP3,JAK1,C1QC,,,XIAP,CXCL1,FCAR,CLEC4E,RIPK1,CCNA2,IL6,IFNA14,IFNA1,MAGI1,VAC14,TRADD,IFNA4,TYK2,PPP3CA,RPS20,FRAT2,HMGA2,H2BC9,UGT1A1,PPP1R12A,MIR133A1,GNAS,NDUFS2,MSH2,CDC42,E2F3,POLK,PTEN,CREB3,,APC,TP53,,GADD45A,CCNA2,ITGA2,GADD45B,PIK3CD,DDB2,AXIN1,IDH2,WASF3,PTPN6,,,IL22,H3-3B,ATP6V1G2,,,,CACNA2D2,CACNG7,ADCY7,PPP1CC,ITGAL,CCL2,PIK3CD
58,PGM1,,,,,,,,,,,,,UGT2B4,UQCRHL,,DCK,,UPB1,,,,,,BBOX1,,,,,,,,,,,,,,,,,,,,,,,,,,MGLL,CDIPT,,PLA2G4C,,CYP2C8,,,,,,,,,,,,,,,,,,,,UGT1A9,,,,,HARS1,UGT1A10,UGT2B10,MPO,,,GNL3L,MRPL10,IPO7,CSTF3,PATL1,,,,PUF60,,,CHMP6,,,,,,ANGPTL4,,,,,,,FGF3,ARAF,IGF1R,FGF5,P2RX3,ATP1B1,HCAR1,CSF2,TNFSF10,CCR9,TAB2,CAMK2A,HOMER1,ITPKA,FCER1A,PLD2,C5,YWHAE,PPP1CA,SERPINB5,HERC1,,,,KRAS,C9orf72,ERP29,GNS,SMURF1,ATP6V0B,FAR2,EIF4E2,FGFR4,HMGCR,CAPN2,RB1CC1,CRYAB,,,NLRP3,MYBL2,COX5A,CACNG7,MYH9,CSNK1E,ATXN1L,,SMAD7,EFNA1,CASP9,NOS3,MAPK10,TEAD4,,ITGAV,ITGA4,NECTIN3,FYN,PPP2R2D,ADCY4,WNT2,C6,ADCY7,HLA-DPB1,PIK3R2,,FOS,RBCK1,TRIM25,CASP1,NFKB1,IL23A,CD22,PLCG2,SRSF1,CHUK,CD3D,FOS,PIK3CD,MAPK1,ACTR2,FADD,CTNNA1,,,ADCYAP1R1,LIPE,PRKCA,ATP6V0A1,AKT3,CACNA1B,PLD1,KRAS,GNAS,GNB3,PPP1CA,CRHR1,OR52E6,TAS2R30,,MAPK10,ITGAD,SORBS1,CREB3L2,JMJD7-PLA2G4B,,MAPK3,GNAS,DVL2,CSN2,ATP1B3,CTNNB1,PRKAA2,CACNG1,CPT1A,GNAI2,PPP3CC,CAMK1D,MAPK1,KCNA4,PDE4C,GNRH1,,ACACB,FOS,TNF,CACNA1D,CACNA1S,CXCL2,,,,,,,,ATP1B3,KCNJ10,RYR2,,SLC7A7,,ATP1A1,,ATOX1,,NDUFS3,PSMD7,NDUFC2,MAPK8,PSMB5,ND4,ATP2A3,,ARC,GNG13,,H2BC17,CAV2,,ATP6V1G2,LPAR2,PIK3CB,ARL8A,IL6,,NLRC4,JAK2,IL10,,,BIRC7,CXCL2,FPR3,FCER1G,CHUK,CCNA1,IL12A,IFNA16,IFNA2,PTEN,RANBP1,TRAF2,IFNA5,STAT1,PPP3CB,RPS21,F2,KDM6A,H2BC14,UGT1A3,PPP1R12B,MIR133A2,ADCY1,NDUFS3,MSH3,PAK1,TP53,ERBB2,CDKN2A,CREB3L1,,APC2,CDKN1A,,GADD45B,CCNA1,ITGA2B,GADD45G,PIK3CB,POLK,AXIN2,TIGAR,SP1,PTPN11,,,IL4R,H3C4,ATP6V0E1,,,,CACNA2D3,CACNG8,ADCY8,CTSD,ITGB2,ICAM1,PIK3CB
59,PGM2,,,,,,,,,,,,,UGT2A2,UQCRB,,HDDC3,,,,,,,,PLOD1,,,,,,,,,,,,,,,,,,,,,,,,,,ABHD16A,ISYNA1,,PLA2G4D,,CYP2C9,,,,,,,,,,,,,,,,,,,,UGT2B7,,,,,HARS2,UGT1A8,UGT1A9,NAT2,,,NVL,MRPL11,IPO8,SYMPK,XRN1,,,,SMNDC1,,,CHMP4B,,,,,,SORBS1,,,,,,,FGF4,BRAF,PDGFRA,FGF18,P2RX4,ATP1B2,HCAR2,IL13,IL34,CCR4,TAB3,CAMK2D,HOMER2,ITPKC,MS4A2,PLA2G4E,C5AR1,YWHAH,PPP1CB,DDB2,HERC2,,,,NRAS,RAB8A,TXNDC5,IDS,SMURF2,ATP6AP1,FAR1,EIF4E1B,NGFR,SREBF1,CASP12,ATG101,HDAC1,,,PYCARD,LIN9,COX5B,CACNG8,MYH10,TPTEP2-CSNK1E,ATXN1,,SMURF1,EFNA2,BAD,PRKCE,MAPK9,TEAD3,,ITGB1,ITGA5,CLDN4,YES1,PARD3,ADCY5,WNT2B,C7,ADCY8,HLA-DQA1,PIK3R3,,TNF,RNF31,CYLD,IL1B,TNF,IL12RB1,CD24,SH3BP2,ELAVL1,IKBKB,ZAP70,JUN,PIK3CB,MAPK3,ACTR3B,CASP8,CTNNA2,,,GNAS,PNPLA2,PRKCB,ATP6V0D1,NFKBIB,MAPK1,PLD2,NRAS,ADCY5,GNB4,PPP1CB,IGF1,OR52E8,PDE1A,,MAPK9,ITGAE,CBL,CREB3L3,PLA2G4B,,RPS6KA3,SRC,DVL1,CGA,FXYD2,NOTCH1,PRKAB1,CACNG2,CPT1B,,PPP3R1,CAMK1G,MAPK3,KCNK3,PDE4D,GNRH2,,CPT1B,JUN,F3,CACNA1F,CACNA1C,CXCL3,,,,,,,,FXYD2,KCNJ15,CD38,,ELN,,ATP1A2,,ATP7B,,NDUFS4,PSMD13,NDUFC2-KCTD14,MAPK10,PSMB1,ND4L,ATP2A2,,FOS,GNGT1,,H2BC3,CAV3,,ATP6V0E1,LPAR4,PIK3R1,ARL8B,IL12A,,PKN1,STAT1,TGFB1,,,LY96,CXCL3,FPR2,CLEC7A,IKBKB,CDK2,IL12B,IFNA17,IFNA4,PARD3,MAD1L1,CHUK,IFNA6,STAT2,PPP3CC,RPS23,AGT,SUPT3H,H2BW1,UGT2B10,PPP1R12C,MIR133B,ADCY2,NDUFS4,MSH6,PAK2,CDKN1A,,MDM2,CREB3L2,,CTNNB1,CDK6,,GADD45G,MYC,ITGA3,BAX,PIK3R1,CDKN2A,APC,PTEN,PLD1,BATF3,,,IL2RG,H3C3,ATP6V0E2,,,,CACNA2D4,RYR2,ADCY9,PRKCZ,ICAM1,CXCL8,PIK3R1
60,G6PC1,,,,,,,,,,,,,COMT,UQCRQ,,PRUNE1,,,,,,,,PLOD2,,,,,,,,,,,,,,,,,,,,,,,,,,MOGAT1,INPP1,,PLA2G4F,,EPHX2,,,,,,,,,,,,,,,,,,,,UGT1A10,,,,,FARSA,UGT1A5,UGT2B7,NAT1,,,MDN1,MRPL13,IPO9,DAZAP1,XRN2,,,,RBM17,,,CHMP4A,,,,,,PLIN1,,,,,,,FGF17,RAF1,PDGFRB,FGF20,P2RX5,ATP1B3,HCAR3,EPO,CSF1,CCR7,TNFSF13B,CAMK2B,HOMER3,INPP5A,FCER1G,PLA2G4A,VGF,YWHAG,PPP1CC,RRM2B,HERC3,,,,MRAS,RAB39B,ERO1A,SGSH,WWP1,RAB7A,MVK,RPS6KB1,NTRK1,FASN,EIF2AK3,RPS6KB1,HDAC2,,,CASP1,LIN37,COX6A1,CALML3,MYH11,CCDC88C,,,SMURF2,EFNA3,,SLC9A1,FOS,TEAD2,,ITGB3,ITGA6,CLDN3,MAPK1,TIAM1,ADCY6,WNT3,C8A,ADCY9,HLA-DQA2,AKT1,,IL1B,XIAP,RNF125,IL18,IL6,IL12RB2,MS4A1,PIK3CA,GSK3B,IKBKG,LAT,PRKCQ,AKT1,PLA2G4E,ACTR3C,CASP10,PTPN11,,,ADCY1,MGLL,PRKCG,ATP6V0D2,NFKBIA,MAPK3,MAPK1,MAP2K1,PRKACA,GNB5,PPP1CC,IGF1R,OR52E4,PDE1B,,NGF,ITGB1,CBLB,CREB3L4,PLA2G4C,,RPS6KA1,MMP2,GSK3B,LHB,IYD,NOTCH2,PRKAB2,CACNG3,CPT1C,,PPP3R2,CAMK1,MMP2,LDLR,PRKACA,ESR2,,AGT,IL1A,EDN1,CACNA1S,CACNA1D,FASLG,,,,,,,,ATP2B1,KCNJ16,BST1,,COL1A1,,ATP1A3,,ATP7A,,NDUFS5,PSMD4,SDHA,MAPK9,PSMB4,ND5,PSEN1,,PPP3CA,GNGT2,,H2BC8,CTTN,,ATP6V0E2,LPAR5,PIK3R2,PLEKHM2,IL12B,,PKN2,HLA-DMA,TGFB2,,,TLR4,CSF2,FPR1,SRC,IKBKG,CCNE1,IFNAR1,IFNA21,IFNA5,PARD6A,MAD2L1,IKBKB,IFNA7,IRF9,PPP3R1,RPS24,F2R,PROM1,H2BC1,UGT1A9,ARHGEF12,MCL1,ADCY3,NDUFS5,BAX,PAK3,GADD45A,,TP53,CREB3L3,,TCF7,RB1,,BAX,DUSP6,ITGA6,BAK1,PIK3R2,CDK4,APC2,PIK3CA,PLD2,BATF,,,STAT6,H3C1,TCIRG1,,,,CACNG1,ATP2A1,PRKACA,CPT2,IGH,MAP2K3,PIK3R2
61,G6PC2,,,,,,,,,,,,,LRTOMT,UQCR10,,ADCY1,,,,,,,,PLOD3,,,,,,,,,,,,,,,,,,,,,,,,,,MOGAT2,INPP5A,,PLA2G6,,ALOX15,,,,,,,,,,,,,,,,,,,,UGT1A8,,,,,FARS2,UGT2B15,UGT1A10,CYP2E1,,,RBM28,MRPL14,IPO11,MSI1,NUDT16,,,,CHERP,,,PDCD6IP,,,,,,PLIN2,,,,,,,FGF6,MAP2K1,CSF1R,FGF22,P2RX7,FXYD2,FFAR2,GH1,CCR1,CCR2,TNFRSF13C,CAMK2G,AGAP2,ITPK1,FYN,JMJD7-PLA2G4B,FPR1,PLK1,SLK,RRM2,HERC4,,,,RRAS,SQSTM1,ERO1B,LIPA,LDLR,RAB7B,PMVK,RPS6KB2,NTRK2,ACACA,EIF2S1,RPS6KB2,FOXA2,,,IL1B,LIN52,COX6A2,CALM2,MYH14,DVL3,,,ZFYVE9,EFNA4,,SLC8A1,FOSB,CCN2,,ITGB4,ITGA7,CLDN7,MAPK3,TJP1,ADCY7,WNT3A,C8B,PTGIR,HLA-DQB1,AKT2,,IL6,CARD6,ISG15,IL33,IL23A,IL23R,CR2,PIK3CD,CXCL1,NFKBIA,PLCG1,CARD11,AKT2,PLA2G4A,ACTR3,CASP7,MMP2,,,ADCY2,PRKAA1,GRM1,ATP6V1H,NFKBIE,MAPK8,MAPK3,MAPK1,PRKACB,GNG2,SCN1A,,OR56A3,PDE1C,,NTRK1,ITGB2,CRK,CREB5,PLA2G4D,,RPS6KA2,MMP9,CTNNB1,LHCGR,DUOXA2,NOTCH3,PRKAG1,CACNG4,GYS2,,GUCY1A2,CAMK2A,MMP9,SCARB1,PRKACB,GPER1,,SLC27A1,IL1B,THBD,CAMK2A,CACNA1F,FAS,,,,,,,,ATP2B3,CFTR,TPCN2,,COL1A2,,ATP1A4,,,,NDUFS6,PSMD14,SDHB,KIF5A,PSMC2,ND6,PSEN2,,PPP3CB,GNAS,,H2BC13,HCLS1,,TCIRG1,F2R,PIK3R3,KIF5A,IL23A,,RPS6KA3,HLA-DMB,TGFB3,,,HSPA8,CXCL8,PLG,SYK,NFKBIA,CCNE2,IFNAR2,IFNB1,IFNA6,PARD6G,BUB1B,IKBKG,IFNA8,EIF2AK2,PPP3R2,RPS25,F2RL3,FLT3,H2BC18,UGT2B7,PLCE1,BCL2L2,ADCY4,NDUFS6,PMAIP1,PAK4,GADD45B,,CDKN1A,CREB3L4,,TCF7L1,E2F1,,BAK1,JUP,ITGAV,DDB2,PIK3R3,CDK6,CTNNB1,PIK3CD,SLC5A7,BATF2,,,GATA3,H3-3A,ATP6V0A2,,,,CACNG2,ATP2A3,PRKACB,INS,,MAP2K6,PIK3R3
62,G6PC3,,,,,,,,,,,,,HSD17B3,UQCR11,,ADCY2,,,,,,,,COLGALT1,,,,,,,,,,,,,,,,,,,,,,,,,,GLA,INPP5K,,PLB1,,,,,,,,,,,,,,,,,,,,,,UGT1A5,,,,,FARSB,UGT1A7,UGT1A8,GSTA5,,,NOB1,MRPL15,IPO13,MSI2,LSM1,,,,U2SURP,,,VPS4B,,,,,,PLIN4,,,,,,,FGF7,MAP2K2,KIT,FGF19,P2RX6,ATP2B1,SUCNR1,GH2,CCR2,CCR5,IKBKG,TIMP1,CSNK1E,IPPK,GAB2,PLA2G4B,FPR3,WEE1,PLK1,SESN1,UBE4A,,,,RRAS2,TBK1,OS9,PLA2G15,LDLRAP1,RILP,AGXT,EIF4B,INSR,SCD,ATF4,EIF4EBP1,CLPB,,,CHMP2A,LIN54,COX6B1,CALM3,PLCB1,DVL2,,,ZFYVE16,EFNA5,,SLC8A2,FOSL2,GLI2,,ITGB5,ITGA8,CLDN19,SNAI2,TJAP1,ADCY8,WNT4,C8G,GNAS,HLA-DRA,AKT3,,IL12A,TRIP6,ATG5,TREX1,MAPK11,EPO,CD37,PIK3CB,CXCL2,NFKBIB,PPP3CA,BCL10,AKT3,JMJD7-PLA2G4B,ARPC1B,CASP3,MMP9,,,ADCY3,PRKAA2,GRM5,ATP6V0C,NFKB1,MAPK10,GNAS,MAPK3,PRKACG,GNG3,CACNA1C,,OR56A5,PKD2L1,,PLCG1,ITGB3,CRKL,ATF6B,PLA2G4F,,RPS6KA6,HBEGF,TCF7,CYP17A1,DUOX1,NOTCH4,PRKAG3,CACNG5,GYS1,,GUCY1A1,CAMK2D,AKT1,CYP11A1,PRKACG,LHB,,SLC27A4,IKBKB,MAPK11,CAMK2D,GHR,FADD,,,,,,,,ATP2B4,KCNK2,ATP2A1,,COL2A1,,ATP1B4,,,,NDUFS7,PSMD8,SDHC,KIF5B,PSMC1,NDUFV1,DERL1,,PPP3CC,GRK2,,H2BC4,SRC,,ATP6V0A2,GNA12,CYTH3,KIF5B,TNF,,RPS6KA1,HLA-DOA,ACE,,,HSPA1A,TNF,CFI,CARD9,NFKB1,RB1,RACK1,TNF,IFNA7,PARD6B,BUB3,NFKBIA,IFNA10,OAS1,NFATC1,RPS26,LPAR1,BMP2K,H2BC17,UGT1A10,ITPR1,MIR145,ADCY5,NDUFS7,BCL2L11,PAK5,GADD45G,,CCND1,CREB5,,TCF7L2,E2F2,,DDB2,TCF7,ITGB1,POLK,PTEN,CCND1,CSNK1A1L,PIK3CB,SLC44A1,CSNK2A1,,,IL10,H3-4,ATP6V0A4,,,,CACNG3,ATP2A2,PRKACG,INSR,,MAPK11,AKT1
63,ADPGK,,,,,,,,,,,,,,COX10,,ADCY3,,,,,,,,COLGALT2,,,,,,,,,,,,,,,,,,,,,,,,,,,INPP5J,,PLAAT3,,,,,,,,,,,,,,,,,,,,,,UGT2B15,,,,,YARS1,UGT2B4,UGT1A5,GSTA2,,,RAN,MRPL16,SNUPN,PABPC1,LSM2,,,,RP9,,,VPS4A,,,,,,PLIN5,,,,,,,FGF8,MAPK1,FLT3,FGF21,GRIN1,ATP2B3,PTGER3,CSH1,CCR3,CCR1,CHUK,LTBR,TPTEP2-CSNK1E,IP6K1,PIK3CA,PLA2G4C,FPR2,WEE2,CDC25C,SESN3,UBE4B,,,,TP53,TANK,ERLEC1,DNASE2,DAB2,DYNC1H1,DAO,RPS6,IGF1R,SCD5,DDIT3,EIF4E,,,,CHMP2B,RBBP4,COX6B2,CALM1,PLCB2,DVL1,,,HAMP,EFNB1,,SLC8A3,FOSL1,AREG,,ITGB6,ITGA9,CLDN16,SNAI1,DLG2,ADCY9,WNT5A,C9,PIK3CG,HLA-DRB1,MTOR,,IL12B,ERBIN,ATG12,ADAR,MAPK12,GH1,IGH,PIK3R1,CXCL3,NFKBIE,PPP3CB,MALT1,GSK3B,PLA2G4B,ARPC1A,CCL2,MAPK11,,,ADCY4,PRKAB1,GNAQ,ATP6V0B,RELA,MAPK9,ADCY1,FOS,KCNN2,GNG4,CACNA1D,,OR10A6,PKD1L3,,PLCG2,ITGB4,RAPGEF1,PDX1,PLD1,,PKMYT1,ADCY1,TCF7L1,ESR1,DUOX2,BMP4,PRKAG2,CACNG6,PHKB,,GUCY1B1,CAMK2B,AKT2,HSD3B1,CYP27B1,SPP1,,SLC27A2,XBP1,MAPK12,CAMK2B,JAK2,TNFRSF1A,,,,,,,,ATP2B2,KCNK10,ATP2A3,,COL3A1,,ATP1B1,,,,NDUFS8,ADRM1,SDHD,KIF5C,PSMC4,NDUFV2,VCP,,PPP3R1,GRK3,,H2BC5,PTK2,,ATP6V0A4,GNA13,CYTH4,KIF5C,IL10,,RPS6KA2,HLA-DOB,KNG1,,,HSPA2,IL12A,SELPLG,MALT1,RELA,E2F1,JAK1,TNFRSF1A,IFNA8,PRKCI,ANAPC1,NFKB1,IFNA13,OAS2,NFATC2,RPS27,LPAR2,IGF1R,H2BC3,UGT1A8,ITPR2,EGFR,ADCY6,NDUFS8,BBC3,PAK6,BAX,,CDK4,CTNNB1,,LEF1,E2F3,,POLK,TCF7L1,PTK2,KIF5A,AKT1,TGFB1,CSNK1A1,PIK3R1,SLC44A4,CSNK2A2,,,IL13,H3C14,ATP6V0A1,,,,CACNG4,SLC8A1,CACNA1C,IRS1,,MAPK12,AKT2
64,BPGM,,,,,,,,,,,,,,COX3,,ADCY4,,,,,,,,,,,,,,,,,,,,,,,,,,,,,,,,,,,MINPP1,,PLAAT2,,,,,,,,,,,,,,,,,,,,,,UGT1A7,,,,,YARS2,UGT2A2,UGT2B15,GSTA4,,,XPO1,MRPL17,XPO1,PABPC5,LSM3,,,,LSM2,,,,,,,,,ADIPOQ,,,,,,,FGF9,MAPK3,FLT1,FGF23,GRIN2A,ATP2B4,OXTR,CSH2,CCR4,CCR3,IKBKB,EPO,IL6,IP6K2,PIK3CD,PLA2G4D,CCK,PKMYT1,CCNB2,SESN2,STUB1,,,,BNIP3L,RAB1A,SSR1,DNASE2B,CCR5,DYNC2H1,DDO,STRADA,PDGFRA,ACACB,CTSB,EIF4E2,,,,CHMP3,FOXM1,COX6C,CALML6,PLCB3,FRAT1,,,ID1,EFNB2,,MYLK,JUN,BIRC5,,ITGB7,ITGA10,CLDN14,TGFBR1,DLG3,PRKACA,WNT5B,C3AR1,PIK3R5,HLA-DRB3,NFKB1,,CXCL8,BIRC2,NLRX1,,MAPK13,GH2,FCER2,PIK3R2,CXCL5,MAPK1,PPP3CC,MAP3K7,FCGR2B,PLA2G4C,ARPC2,CCL5,MAPK12,,,ADCY5,PRKAB2,PLCB1,SLC6A1,FOXO3,MAPK11,ADCY2,CHRNA7,KCND2,GNG5,CACNA1A,,OR4X1,KCNK5,,PIK3CA,ITGB5,RHOQ,INS,PLD2,,CCNB1,ADCY2,TCF7L2,ESR2,GPX6,PLCB1,ACACB,CACNG7,PHKA2,,NPPA,CAMK2G,AKT3,HSD3B2,CYP24A1,CGA,,SLC27A3,CEBPA,MAPK13,CAMK2G,PLCG1,TRADD,,,,,,,,SLC12A2,ATP1A1,ATP2A2,,COL4A2,,ATP1B2,,,,NDUFC1,SEM1,UQCRFS1,KLC3,PSMC6,NDUFV3,UBA52,,PPP3R2,GRK4,,H2BC6,BCAR1,,ATP6V0A1,ARHGEF11,CYTH2,KLC3,IRF1,,RPS6KA6,HLA-DPA1,BDKRB2,,,HSPA1L,IL12B,SELP,BCL10,TNF,E2F2,TYK2,RIPK1,IFNA10,PRKCZ,ANAPC2,RELA,IFNA14,OAS3,NFATC3,RPS27L,LPAR3,CDKN1B,H2BC8,UGT1A5,ITPR3,VEGFA,ADCY7,NDUFC1,BCL2,BUB1B-PAK6,BAK1,,CDK6,CREBBP,,,CDH1,,TGFB1,TCF7L2,PIK3CA,KIF5B,AKT2,TGFB2,TCF7,PIK3R2,SLC44A5,CSNK2A3,,,MAF,H3C15,ATP6V0D1,,,,CACNG5,SLC8A2,CACNA1D,PIK3CA,,MAPK13,AKT3
65,MINPP1,,,,,,,,,,,,,,COX1,,ADCY5,,,,,,,,,,,,,,,,,,,,,,,,,,,,,,,,,,,ITPKB,,LPCAT2,,,,,,,,,,,,,,,,,,,,,,UGT2B4,,,,,WARS2,CYP3A5,UGT1A7,GSTO2,,,NMD3,MRPL18,CSE1L,PABPC3,LSM4,,,,LSM3,,,,,,,,,MMP1,,,,,,,FGF10,MYC,FLT4,NGF,GRIN2C,ATP2B2,GHSR,PRL,CCR5,CCR10,PARP1,TF,IL10,IP6K3,PIK3CB,PLA2G4F,CCKAR,CCNH,RBX1,PTEN,PPIL2,,,,FOXO3,RRAGA,SSR2,ACP2,CXCR1,DYNC1I1,IDH1,STRADB,PDGFRB,MLYCD,CTSC,EIF4E1B,,,,RNF103-CHMP3,MYC,COX7A1,CALML5,PLCB4,FRAT2,,,ID2,EFNB3,,MYLK2,JUND,AFP,,ITGB8,ITGA11,CLDN15,TGFBR2,NEDD4,PRKACB,WNT6,VSIG4,PIK3R6,HLA-DRB4,RELA,,CCL5,BIRC3,STING1,,MAPK14,CSH1,CR1,PIK3R3,CXCL6,MAPK3,PPP3R1,MAP2K7,INPP5D,PLA2G4D,ARPC3,CCL20,MAPK13,,,ADCY6,PRKAG1,PLCB2,SLC6A2,FASLG,MAPK12,ADCY3,CHRNA4,GABRB1,GNG7,CACNA1B,,OR5D13,HCN4,,PIK3CD,ITGB6,EXOC7,RAPGEF4,SRC,,CCNB2,ADCY3,LEF1,IRF1,GPX7,PLCB2,CPT1A,CACNG8,PHKA1,,NPR1,CAMK4,NOS3,CYP21A2,MEF2A,,,SLC27A5,CYP2E1,MAPK14,RAP1A,PLCG2,CASP8,,,,,,,,KCNN4,ATP1A2,CLCA1,,COL4A4,,ATP1B3,,,,NDUFC2,UCHL1,CYTB,KLC1,PSMC3,NDUFA1,RPS27A,,JUN,GRK5,,H2BC10,PXN,,ATP6V0D1,ARHGEF12,CYTH1,KLC1,IRF8,,MEFV,HLA-DPB1,GNAQ,,,HSPA1B,CD1A,ICAM1,NOD2,CXCL10,E2F3,STAT1,TRADD,IFNA13,CDC42,CDC27,TP53,IFNA16,CXCL10,NFATC4,RPS27A,LPAR4,CDK14,H2BC13,UGT2B15,CAMK2A,MIR200C,ADCY8,NDUFC2,CYCS,PRCC,DDB2,,RB1,EP300,,,GADD45A,,TGFB2,LEF1,PIK3CD,KIF5C,AKT3,TGFB3,TCF7L1,PIK3R3,SLC44A2,CSNK2B,,,NFATC1,H3C13,ATP6V0D2,,,,CACNG6,SLC8A3,CACNA1F,PIK3CD,,MAPK14,MAP2K5
66,PCK1,,,,,,,,,,,,,,COX2,,ADCY6,,,,,,,,,,,,,,,,,,,,,,,,,,,,,,,,,,,ITPKA,,LPCAT1,,,,,,,,,,,,,,,,,,,,,,UGT2A2,,,,,WARS1,AKR7A2,UGT2B4,GSTM4,,,NXF1,MRPL19,XPOT,PABPC1L2B,LSM5,,,,LSM4,,,,,,,,,UCP1,,,,,,,FGF16,GAB1,KDR,INS,GRIN2D,RGS2,GNAI1,THPO,CCR6,JAK2,PIAS4,TFRC,STAT3,PPIP5K1,PIK3R1,AGPAT1,CCKBR,CDK7,CUL1,TSC2,PRPF19,,,,CITED2,RRAGB,SSR3,ACP5,CXCR2,DYNC1I2,IDH2,STK11,CSF1R,CPT1A,CTSD,ADIPOQ,,,,CHMP4B,CDKN2A,COX7A2,CALML4,ITPR1,CSNK2A1,,,ID3,EPHA1,,MYLK3,JUNB,ITGB2,,PDGFA,ITGAV,CLDN17,SMAD3,NEDD4L,PRKACG,WNT7A,CR1,PRKACA,HLA-DRB5,C3,,CCL3,TRAF2,OTUD5,,MAPK8,CSH2,CR1L,FYN,CXCL8,FOS,PPP3R2,MAPK8,INPPL1,PLA2G4F,ARPC4,CXCL1,MAPK14,,,ADCY7,PRKAG3,PLCB3,SLC6A3,BAD,MAPK13,ADCY4,CHRNB2,GABRB3,GNG8,KCNJ3,,OR5D16,CACNA1A,,PIK3CB,ITGB7,TRIP10,RIMS2,CDC42,,CCNB3,ADCY4,KITLG,TH,GPX2,PLCB3,CPT1B,ITPR1,PHKG1,,PRKG2,ATP2B1,NOS1,,MEF2C,,,SLC27A6,FASLG,RELA,RAP1B,SHC1,CASP3,,,,,,,,KCNMA1,ATP1A3,CLCA2,,COL4A6,,FXYD2,,,,NDUFC2-KCTD14,CALML3,CYC1,KLC2,PSMC5,NDUFA2,UBB,,FOSB,GRK6,,H2BC21,FN1,,ATP6V0D2,TUBA1B,ARF6,KLC2,SFTPA1,,LIMK1,HLA-DQA1,GNA11,,,HSPA6,CD1B,ITGAL,RIPK2,EIF2AK1,ATP6AP1,STAT2,TRAF5,IFNA14,SCRIB,ANAPC4,CDKN1A,IFNA17,ISG15,PRKCA,RPS28,LPAR5,MEIS1,H2BC4,UGT1A7,CAMK2D,ZEB1,ADCY9,NDUFC2-KCTD14,TP53,TFE3,POLK,,E2F1,TCF7,,,GADD45B,,TGFB3,CCND1,PIK3CB,RET,MTOR,TGFBR1,TCF7L2,AKT1,SLC44A3,CD4,,,,H3C6,ATP6V1H,,,,CACNG7,CDH2,CACNA1S,PIK3CB,,HRAS,MAPK7
67,PCK2,,,,,,,,,,,,,,COX4I2,,ADCY7,,,,,,,,,,,,,,,,,,,,,,,,,,,,,,,,,,,ITPKC,,LPCAT4,,,,,,,,,,,,,,,,,,,,,,RETSAT,,,,,,AKR7A3,UGT2A2,GSTT2,,,NXF2,MRPL20,XPO4,PABPC1L,LSM6,,,,LSM5,,,,,,,,,ILK,,,,,,,FGF5,NRG3,MET,IGF1,RYR1,GTF2IRD1,GNAI3,CSF3,CCR8,JAK3,UBE2I,VEGFA,EGF,PPIP5K2,PIK3R2,AGPAT2,EDN1,ANAPC1,SKP1,STEAP3,UBOX5,,,,SP1,RRAGC,SSR4,SMPD1,CXCR4,DYNC1LI2,PAOX,CAB39,KIT,CPT1B,CTSF,ADIPOR1,,,,CHMP4A,MDM2,COX7A2L,CAMK2A,ITPR2,CSNK2A2,,,ID4,EPHA2,,MYLK4,RAC1,FGF1,,PDGFB,ITGB1,CLDN20,SMAD4,CGN,HTR2A,WNT7B,CR1L,PRKACB,CD74,CR1,,CCL3L1,TRAF5,SIKE1,,MAPK10,PRL,CSF2RA,SHC1,CXCL10,MAPK11,NFATC1,MAPK10,LILRB2,ALOX5,ARPC5,CXCL2,ICAM1,,,ADCY8,PRKAG2,PLCB4,SLC6A4,GSK3B,MAPK14,ADCY5,CHRNA3,GABRB2,GNG10,KCNJ6,,OR8H2,CACNA1C,,PIK3R1,ITGB8,SREBF1,PCLO,MAP2K4,,STK10,ADCY5,KIT,SLC2A2,GPX3,PLCB4,CPT1C,ITPR2,PHKG2,,CTSB,ATP2B3,EDN1,,MEF2D,,,CD36,CXCL8,NFKB1,BRAF,SHC2,RIPK1,,,,,,,,SLC4A2,ATP1A4,CLCA4,,COL4A1,,SCT,,,,SDHA,CALM2,UQCRC1,KLC4,PSMD2,NDUFA3,UBC,,SIRT1,ARRB1,,H2BC11,ITGA5,,ATP6V1H,TUBA4A,ARF1,KLC4,SFTPA2,,PYCARD,HLA-DQA2,GNA14,,,TLR2,CD1C,ITGAM,HSPA9,EIF2AK2,PRKCA,IRF9,TRAF2,IFNA16,DLG1,ANAPC5,CDK4,IFNA21,FAS,PRKCB,RPS29,LPAR6,HOXA11,H2BC5,UGT2B4,CAMK2B,MIR141,PRKACA,SDHA,CDKN1A,CDKN1A,TGFB1,,E2F2,TCF7L1,,,GADD45G,,TGFBR1,PPARD,PIK3R1,EML4,RPS6KB1,TGFBR2,LEF1,AKT2,SLC22A1,LCK,,,,H3C11,ATP6AP1,,,,CACNG8,JUP,CACNB1,PIK3R1,,KRAS,MEF2A
68,,,,,,,,,,,,,,,COX4I1,,ADCY8,,,,,,,,,,,,,,,,,,,,,,,,,,,,,,,,,,,ITPK1,,LPCAT3,,,,,,,,,,,,,,,,,,,,,,CYP27C1,,,,,,AKR7L,CYP1A2,GSTT1,,,NXF2B,MRPL21,XPO5,PABPC1L2A,LSM7,,,,LSM6,,,,,,,,,PDPK1,,,,,,,FGF18,NRG4,TEK,PDGFA,RYR2,GTF2I,GNAI2,LEP,CCR9,STAT1,ATM,FLT1,EGFR,INPP1,PIK3R3,AGPAT3,EDN2,ANAPC2,BTRC,COP1,MDM2,,,,TBC1D15,RRAGD,BCAP31,ASAH1,GRK7,DYNC1LI1,PIPOX,CAB39L,FLT3,CPT1C,CTSH,ADIPOR2,,,,CHMP4C,TP53,COX7B,CAMK2D,ITPR3,CSNK2A3,,,RBL1,EPHA3,,MYL2,NOX1,TGFB1,,PDGFC,ITGB3,CLDN11,CREBBP,CGNL1,HTR2B,WNT8A,CR2,PRKACG,CTSL,CR1L,,CCL3L3,TRAF6,DDX3X,,MAPK9,THPO,IL3RA,SHC2,CCL2,MAPK12,NFATC2,MAPK9,LILRB1,ALOX5AP,ARPC5L,CXCL3,PLCG1,,,ADCY9,GCG,,SLC6A5,PDPK1,ADCY1,ADCY6,CHRNB4,RAPGEF3,GNG11,KCNJ9,,OR8H3,GABRA1,,PIK3R2,KNG1,ACACA,RAB3A,MAP2K7,,PLK1,ADCY6,HRAS,GCK,GPX1,PLCD1,SLC2A1,ITPR3,CALML3,,AGT,ATP2B4,EDNRB,,SOST,,,PRKCQ,TGFB1,MAPK8,MAP2K1,SHC3,TAB3,,,,,,,,SLC9A1,ATP1B4,TRPC1,,COL4A5,,SCTR,,,,SDHB,CALM3,UQCRC2,IFT57,PSMD1,NDUFA4,PSMA6,,HDAC1,ARRB2,,H2BC12,ITGB1,,ATP6AP1,TUBA3C,AKT1,ACBD3,GNAI1,,CASP1,HLA-DQB1,GNA15,,,LAMA1,CD1D,ITGB2,HSPD1,EIF2AK3,PRKCB,OAS1,IL1B,IFNA17,DLG2,CDC16,CDK6,CGAS,FADD,PRKCG,FAU,AGTR1,SIX1,H2BC6,UGT2A2,CAMK2G,TGFB2,PRKACB,SDHB,GADD45A,FH,TGFB2,,E2F3,TCF7L2,,,BAX,,TGFBR2,,PIK3R2,ALK,RPS6KB2,SMAD2,MYC,AKT3,SLC22A2,CD3E,,,,H3C8,ATP6V0C,,,,RYR2,CTNNA3,CACNB2,PIK3R2,,NRAS,MEF2C
69,,,,,,,,,,,,,,,COX5A,,ADCY9,,,,,,,,,,,,,,,,,,,,,,,,,,,,,,,,,,,IPMK,,LYPLA1,,,,,,,,,,,,,,,,,,,,,,,,,,,,ALDH3B1,CYP2E1,GSTM3,,,NXF3,MRPL22,XPO6,PABPC4,LSM8,,,,LSM7,,,,,,,,,UBC,,,,,,,FGF20,PIK3CA,EPHA2,PDGFB,RYR3,PLCB1,ADCY1,IL6,ACKR4,STAT2,PIDD1,SERPINE1,GRB2,IMPA2,PLD1,AGPAT4,EDN3,CDC27,FBXW11,RCHY1,CBL,,,,TBC1D17,STK11,TRAM1,AGA,GRK1,TUBA1B,HMGCL,PRKAA1,FLT1,CIDEA,CTSK,APPL1,,,,CHMP6,RASSF5,COX7B2,CAMK2B,PRKCA,CSNK2B,,,E2F4,EPHA4,,MYL3,CYBA,TGFB2,,PDGFD,ITGB4,CLDN18,EP300,ARHGEF2,HTR2C,WNT8B,ITGAM,VASP,CTSS,C5,,CCL4,CARD9,PIN1,,JUN,CSF3,CD33,SHC3,CCL7,MAPK13,NFATC3,CHUK,LILRB5,,RAC1,CXCL5,PLCG2,,,ADCY10,BMP8B,,SLC6A9,IRS1,ADCY2,ADCY7,CHRNA6,APP,GNG12,KCNJ5,,OR5T3,GABRA2,,PIK3R3,BDKRB1,ACACB,CCK,MAPK8,,CDC25A,ADCY7,KRAS,CCND2,GPX5,PLCD3,SLC2A4,CALML3,CALM2,,ACE,ATP2B2,MMP1,,NR4A2,,,PRKCD,EIF2AK3,MAPK10,MAP2K2,SHC4,SREBF1,,,,,,,,TRPV6,ATP1B1,SLC12A2,,COL4A3,,GNAS,,,,SDHC,CALM1,UQCRH,CASP8,PSMD3,NDUFA4L2,PSMA2,,HDAC2,PRKCA,,H2BC26,ILK,,ATP6V0C,TUBA1A,AKT2,RHOA,GNAI3,,IL18,HLA-DRA,PLCB1,,,LAMA2,CD1E,DEFB1,LBP,EIF2AK4,PRKCG,OAS2,IL1R1,IFNA21,DLG3,ANAPC7,RB1,STING1,CASP8,GNB1,RPSA,GNA12,SIX4,H2BC10,CYP2E1,NANOG,MIR183,PRKACG,SDHC,GADD45B,FLCN,TGFB3,,GADD45A,LEF1,,,BAK1,,SMAD3,,PIK3R3,JAK3,JAG1,SMAD3,CCND1,MTOR,SLC22A3,CD3G,,,,H3C12,ATP6V0B,,,,ATP2A1,CTNNA1,CACNB3,PIK3R3,,MAPK1,KLF2
70,,,,,,,,,,,,,,,COX5B,,ADCY10,,,,,,,,,,,,,,,,,,,,,,,,,,,,,,,,,,,IPPK,,PLA2G15,,,,,,,,,,,,,,,,,,,,,,,,,,,,ALDH3B2,CYP2C8,MGST1,,,NXT1,MRPL23,XPO7,PABPC4L,ENO3,,,,LSM8,,,,,,,,,PCK1,,,,,,,FGF22,PIK3CD,GRB2,PDGFC,TRDN,PLCB2,ADCY2,IL11,CCR10,STAT3,ERC1,ANGPT1,SOS1,IMPA1,PLD2,AGPAT5,EDNRA,ANAPC4,FBXO5,CCNG1,CBLB,,,,RAB7A,PRKAA1,TRAM1L1,PSAP,GRK2,TUBA4A,HMGCLL1,PRKAA2,FLT4,PPP2CA,CTSL,CAMKK2,,,,VPS4B,BTRC,COX7C,CAMK2G,PRKCB,NKD1,,,E2F5,EPHA5,,MYL4,NCF2,TGFB3,,EGF,ITGB5,CLDN22,MAP3K7,RHOA,GRM1,WNT9A,ITGB2,ACTG1,CD4,C5AR1,,CCL4L2,TNFAIP3,TKFC,,CBLB,LEP,IL4R,SHC4,CCL20,MAPK14,PRKCQ,IKBKB,LILRB4,,RAC2,CXCL6,PRKCA,,,PRKACA,BMP8A,,SLC6A7,PLCG1,ADCY3,ADCY8,ADCY1,HTR1A,GNG13,DRD3,,OR5T1,GABRA3,,PRKCD,BDKRB2,FASN,CCKAR,MAPK10,,CDC25B,ADCY8,NRAS,INS,GPX8,PLCD4,,CALM2,CALM3,,,LIPE,MMP13,,NACA,,,PTPA,EIF2S1,MAPK9,MAPK1,GRB2,FASN,,,,,,,,MUC5B,ATP1B2,ATP1A1,,COL5A1,,ADCY1,,,,SDHD,CALML6,UQCRHL,CASP3,PSMD9,NDUFA5,PSMA4,,,PRKCB,,H2BC7,MAD2L2,,ATP6V0B,TUBA1C,AKT3,M6PR,GNAI2,,IL1B,HLA-DRB1,PLCB2,,,LAMA3,IFNG,DEFB4A,TLR2,IFIT1,NFATC1,OAS3,NFKBIA,IFNB1,LLGL2,CDC23,E2F1,PPP1CA,BID,GNB2,RPL3L,GNA13,EYA1,H2BC21,,NANOGP8,EZR,CREB1,SDHD,GADD45G,,TGFBR1,,GADD45B,CCND1,,,DDB2,,SMAD4,,PTEN,STAT3,JAG2,SMAD4,TERT,SLC7A5,SLC22A5,CD247,,,,H3C10,CTSK,,,,ATP2A3,CTNNA2,CACNB4,PTEN,,MAPK3,ITGA2B
71,,,,,,,,,,,,,,,COX6A1,,GUCY1A2,,,,,,,,,,,,,,,,,,,,,,,,,,,,,,,,,,,MIOX,,LYPLA2,,,,,,,,,,,,,,,,,,,,,,,,,,,,ALDH3A1,CYP2A6,MGST3,,,NXT2,MRPL24,RANBP17,ETF1,ENO2,,,,PRPF3,,,,,,,,,PCK2,,,,,,,FGF19,PIK3CB,GAB1,PDGFD,CASQ1,PLCB3,ADCY3,IL12A,CCR7,STAT5B,NFKBIA,ANGPT2,SOS2,BPNT2,SPHK1,SPHK1,EDNRB,ANAPC5,ANAPC1,CCNG2,CBLC,,,,RAB7B,PRKAA2,DERL1,PSAPL1,GRK3,TUBA3C,HAO2,TSC1,KDR,PPP2CB,CTSO,PRKAA1,,,,VPS4A,FBXW11,COX8C,RYR2,PRKCG,NKD2,,,TFDP1,EPHA6,,HRAS,NCF1,TGFBR1,,IGF1,ITGB6,CLDN5,NLK,GATA4,GRM5,WNT9B,ITGAX,ACTB,CIITA,HMGB1,,CCL4L1,MAVS,,,CLEC6A,EPOR,IL6R,GRB2,IL6,MAPK8,CHUK,IKBKG,LILRA1,,WASF1,CXCL10,PRKCB,,,PRKACB,CNR1,,SLC6A11,PLCG2,ADCY4,ADCY9,ADCY2,HTR1B,GNGT1,DRD4,,OR8K1,GABRA4,,SRC,CHRM1,PKLR,CHRM3,MAPK9,,CDC25C,ADCY9,RAF1,,GSR,PLCE1,,CALM3,CALM1,,,LDLR,TGFB1,,JUND,,,SREBF1,ATF4,DIAPH1,MAPK3,SOS1,ACACA,,,,,,,,MUC7,ATP1B3,ATP1A2,,COL5A2,,ADCY2,,,,UQCRFS1,CALML5,UQCRB,GRM5,PSMD12,NDUFA6,PSMA7,,,PRKCG,,H2BW2,ARHGEF26,,,TUBA8,FOXO1,RAB9A,CXCL8,,TLR4,HLA-DRB3,PLCB3,,,LAMA5,COL3A1,DEFB4B,TLR1,IFIT1B,NFATC2,ADAR,CCL2,IFNAR1,LLGL1,ANAPC10,E2F2,PPP1CB,BCL2L11,GNB3,RPL3,ARHGEF12,CDKN2C,H2BC11,,DDX5,MIR125A,ATF2,UQCRFS1,BAK1,,TGFBR2,,GADD45G,CHUK,,,POLK,,MECOM,,AKT1,STAT5A,DLL3,WNT1,TERC,,SLC22A4,CD3D,,,,H3C2,ACP5,,,,ATP2A2,ACTN3,CACNA2D1,AKT1,,RELA,ITGAV
72,,,,,,,,,,,,,,,COX6A2,,GUCY1A1,,,,,,,,,,,,,,,,,,,,,,,,,,,,,,,,,,,ALDH6A1,,PNPLA6,,,,,,,,,,,,,,,,,,,,,,,,,,,,ADH1A,CYP2A7,GSTM1,,,EIF6,MRPL27,RAN,GSPT2,ENO1,,,,PRPF4,,,,,,,,,GK2,,,,,,,FGF21,PIK3R1,GAB2,CSF1,CASQ2,PLCB4,ADCY4,IL12B,CXCR1,GNAI1,NFKB1,ANGPT4,HRAS,DGKZ,SPHK2,SPHK2,GAL,CDC16,ANAPC2,PPM1D,PRKN,,,,FIS1,PRKACA,DERL2,GM2A,GRK4,TUBA1A,HAO1,TSC2,MET,PPP2R1B,CTSS,PRKAA2,,,,CHMP1B,HIPK3,COX8A,PPP2CA,PRKCD,CXXC4,,,CREBBP,EPHA7,,KRAS,NCF4,TGFBR2,,VEGFA,ITGB7,CLDN10,,MARVELD3,GNA11,WNT10B,C5AR1,SRC,RFX5,TLR2,,TICAM2,TRAF3,,,FCER1G,GHR,FCGR1A,SOS1,TNF,MAPK10,IKBKB,NFKB1,LILRB3,,WASF2,CX3CL1,PRKCG,,,PRKACG,NPPA,,SLC6A12,PRKCD,ADCY5,PRKACA,ADCY3,HTR1D,GNGT2,GNAI1,,OR5M9,GABRA5,,TRPM8,CHRM2,HK3,FFAR1,JUN,,INS,PRKACA,MAP2K1,,ALB,PLCG1,,CALM1,CALML6,,,SCARB1,TGFBR1,,BGLAP,,,IRS2,DDIT3,RAC1,NR4A1,SOS2,SCD,,,,,,,,AMY1C,SLC9A1,ATP1A3,,COL5A3,,ADCY3,,,,CYTB,CALML4,UQCRQ,GNAQ,PSMD11,NDUFA7,PSMA8,,,PRKACA,,histone H2B type F-S-like [KO:K11252],RHOG,,,TUBA3E,FOXO3,RAB9B,CXCL5,,MYD88,HLA-DRB4,PLCB4,,,LAMA4,PTK2,DEFB103A,TLR6,EIF3E,NFATC3,MX1,CCL5,IFNAR2,CRB3,ANAPC11,E2F3,PPP1CC,BCL2,GNB4,RPL4,ARHGEF11,HPGD,H2BC12,,DROSHA,MIR125B1,ATF4,CYTB,DDB2,,SMAD2,,BAX,IKBKB,,,MITF,,RUNX1,,AKT2,STAT5B,DLL1,WNT2,EGF,,CHKA,ZAP70,,,,H3C7,MMP1,,,,PRKAA1,ACTN2,CACNA2D2,AKT2,,NFKB1,ITGB3
73,,,,,,,,,,,,,,,COX6B1,,GUCY1B1,,,,,,,,,,,,,,,,,,,,,,,,,,,,,,,,,,,TPI1,,PNPLA7,,,,,,,,,,,,,,,,,,,,,,,,,,,,ADH1B,,GSTM5,,,SBDS,MRPL28,EEF1A1,GSPT1,ENO4,,,,PPIH,,,,,,,,,GK,,,,,,,FGF23,PIK3R2,SHC1,KITLG,ASPH,ITPR1,ADCY5,IL23A,CXCR2,GNAI3,RELA,TEK,KRAS,DGKD,KNG1,RAF1,GALP,ANAPC7,CDC27,TP73,SIAH1,,,,,PRKACB,DERL3,PPT1,GRK5,TUBA1C,CAT,TBC1D7,TEK,PPP2R1A,CTSV,PRKAB1,,,,CHMP1A,HIPK1,SLC8A1,PPP2CB,PRKCE,SENP2,,,EP300,EPHA8,,NRAS,BTK,SMAD7,,VEGFB,ITGB8,CLDN8,,MAP3K1,GNAQ,WNT10A,C4BPA,ARHGAP35,RFXANK,TLR4,,TICAM1,TBK1,,,CLEC4M,PRLR,CSF1R,SOS2,PTGS2,MAPK9,IKBKG,RELA,LILRA3,,WASF3,CSF1,PTK2,,,GUCY1A2,NPPB,,SLC6A13,CALML3,ADCY6,PRKACB,ADCY4,HTR1E,ADCY1,GNAI3,,OR5M10,GABRA6,,PTGER2,CHRM3,HK1,GNAQ,LHB,,IGF1,PRKACB,MAP2K2,,TTR,PLCG2,,CALML6,CALML5,,,POMC,TGFBR2,,LRP5,,,TRIB3,BCL2L11,CDC42,EGFR,HRAS,SCD5,,,,,,,,AMY2A,SLC9A4,ATP1A4,,COL11A1,,ADCY4,,,,CYC1,CAMK2A,UQCR10,PLCB1,PSMD6,NDUFA8,PSMA5,,,PRKACB,,H2BK1,ELMO1,,,TUBA3D,FOXO4,GCC2,CXCL6,,IRAK4,HLA-DRB5,GNAI1,,,LAMB1,VCL,DEFB103B,TLR4,EIF2S1,NFATC4,MX2,CXCL8,JAK1,PATJ,CDC26,HLA-A,EIF2AK1,BAX,GNB5,RPL5,ARHGEF1,GRIA3,H2BC26,,STAT3,MIR125B2,CREB3,CYC1,POLK,,SMAD3,,BAK1,IKBKG,,,,,CTBP1,,AKT3,,DLL4,WNT2B,EGFR,,CHKB,MAP3K3,,,,H4C16,MMP3,,,,PRKAA2,DSC2,CACNA2D3,AKT3,,SELE,SRC
74,,,,,,,,,,,,,,,COX6B2,,GUCY2C,,,,,,,,,,,,,,,,,,,,,,,,,,,,,,,,,,,,,GPCPD1,,,,,,,,,,,,,,,,,,,,,,,,,,,,ADH1C,,MGST2,,,EFL1,MRPL30,EEF1A2,UPF1,PNPT1,,,,PRPF31,,,,,,,,,AQP7,,,,,,,NGF,PIK3R3,SHC2,VEGFA,CYSLTR1,ITPR2,ADCY6,IL27,CXCR3,GNAI2,CFLAR,EDN1,NRAS,DGKI,ADORA1,MAP2K1,SPX,CDC23,ANAPC4,,PML,,,,,PRKACG,UBXN4,PPT2,GRK6,TUBA8,PRDX5,TBC1D7-LOC100130357 readthrough [KO:K20396],EPHA2,PPP2R2A,CTSW,PRKAB2,,,,CHMP5,HIPK2,SLC8A2,PPP2R1B,PRKCH,GSK3B,,,SP1,EPHB1,,RRAS,TEC,SMAD2,,PGF,CD44,CLDN6,,MAPK8,PLCB1,WNT11,C4BPB,FCGR2A,RFXAP,MAPK11,,RIPK1,IKBKE,,,CD209,MPL,ANPEP,HRAS,CSF3,JUN,NFKBIA,NFKBIA,LILRA2,,PAK1,CSF2,PXN,,,GUCY1A1,NPR1,,SLC1A1,CALM2,ADCY7,PRKACG,ADCY5,HTR1F,ADCY2,GNAI2,,OR5M1,GABBR1,,PTGER4,CHRM4,HK2,GNA11,CGA,,IGF1R,PRKACG,MAPK1,,SERPINA7,PLCZ1,,CALML5,CALML4,,,MC2R,SMAD2,,LRP6,,,PYGL,BAX,HRAS,USP8,KRAS,LPIN1,,,,,,,,AMY1A,CA2,ATP1B4,,COL24A1,,ADCY5,,,,UQCRC1,CAMK2D,UQCR11,PLCB2,PSMD7,NDUFA9,PSMA1,,,PRKACG,,H2BC12L,ELMO2,,,TUBAL3,FOXO6,STX10,NOD1,,IRAK1,MARCKSL1,GNAI3,,,LAMB2,ACTN1,DEFA1,CD14,STAT3,TNF,EIF2AK1,IL6,TYK2,PALS1,ANAPC13,HLA-B,EIF2AK2,BAK1,GNG2,RPL6,PLEKHG5,FUT8,H2BC7,,MIR21,PDCD4,CREB3L1,UQCRC1,EGF,,SMAD4,,DDB2,NFKBIA,,,,,CTBP2,,CHUK,,NOTCH1,WNT3,ERBB2,,HIF1A,MAP2K3,,,,H4C15,CTSL,,,,PRKAB1,PKP2,CACNA2D4,MTOR,,SELP,PTK2
75,,,,,,,,,,,,,,,COX6C,,GUCY2D,,,,,,,,,,,,,,,,,,,,,,,,,,,,,,,,,,,,,CHAT,,,,,,,,,,,,,,,,,,,,,,,,,,,,ADH7,,GSTA1,,,LSG1,MRPL32,PHAX,UPF2,PFKM,,,,SNU13,,,,,,,,,AQP7B,,,,,,,BDNF,AKT1,SHC3,VEGFB,CYSLTR2,ITPR3,ADCY7,EBI3,CXCR5,ADCY1,XIAP,NOS2,BRAF,DGKA,ADORA3,MAP2K2,GALR1,ANAPC10,ANAPC5,,TRAF6,,,,,PRKCD,UBXN1,LAMP1,ARRB1,TUBA3E,SOD1,RHEB,GRB2,PPP2R2B,CTSZ,PRKAG1,,,,CHMP7,HIPK4,SLC8A3,PPP2R1A,PRKCQ,CTNNB1,,,TGIF1,EPHB2,,RRAS2,OSCAR,SMAD3,,VEGFC,SDC1,CLDN2,,MAPK10,PLCB2,WNT16,CFI,SYK,CREB1,MAPK12,,IRF5,TANK,,,ARHGEF12,CSF3R,ITGAM,KRAS,CSF2,IL2,NFKBIB,NFKBIB,LILRA4,,LIMK1,FAS,BCAR1,,,GUCY1B1,PRKG1,,SLC1A2,CALM3,ADCY8,GRM2,ADCY6,HTR5A,ADCY3,GNAO1,,OR9G1,GABBR2,,GNAS,CHRM5,HKDC1,PLCB1,FSHB,,AKT1,CREB1,MAPK3,,LRP2,PRKCA,,CALML4,PYGL,,,GNAS,ACTA2,,CREB1,,,PYGM,FAS,KRAS,POMC,NRAS,LPIN3,,,,,,,,AMY2B,SLC26A7,ATP1B1,,COL27A1,,ADCY6,,,,UQCRC2,CAMK2B,COX3,PLCB3,PSMD13,NDUFA10,PSMA3,,,PDE1A,,H3-5,ELMO3,,,TUBB6,GSK3A,PFN3,IL1A,,TRAF6,EEF1A1,GNAI2,,,LAMB3,ACTN4,DEFA3,TIRAP,SOCS3,JAK1,EIF2AK2,GNB1,SOCS3,VWF,ANAPC15,HLA-C,EIF2AK3,CYCS,GNG3,RPL7,RHOA,TLX3,H2BW2,,TWIST1,MIR143,CREB3L2,UQCRC2,TGFA,,BRCA2,,POLK,NFKB1,,,,,HDAC1,,IKBKB,,NOTCH2,WNT3A,SHC1,,JUN,MAP2K6,,,,H4C9,CSF2,,,,PRKAB2,DSP,CACNG1,GSK3B,,VCAM1,ARHGEF2
76,,,,,,,,,,,,,,,COX7A1,,GUCY2F,,,,,,,,,,,,,,,,,,,,,,,,,,,,,,,,,,,,,ACHE,,,,,,,,,,,,,,,,,,,,,,,,,,,,ADH4,,GSTM2,,,SPATA5,MRPL33,NCBP1,SMG1,PFKP,,,,SNRNP27,,,,,,,,,,,,,,,,NTF3,AKT2,SHC4,PGF,CHRM2,IRAG1,ADCY8,IL31,CXCR4,ADCY2,BCL2L1,NOS3,RAF1,DGKE,BDKRB2,MAPK1,GALR2,ANAPC11,CDC16,,MAP3K1,,,,,MAPK8,UBXN2A,LAMP2,ARRB2,TUBA3D,SOD2,DDIT4,SOS1,PPP2R2C,BIRC2,PRKAG3,,,,TRPM7,PPP1CA,SLC9A6,PPP2R2A,ARAF,AXIN1,,,TGIF2,EPHB3,,MRAS,LILRB2,SMAD4,,VEGFD,SDC4,CLDN1,,MAPK9,PLCB3,FZD1,CFH,COL1A1,NFYA,MAPK13,,IRF7,IRF3,,,RHOA,LEPR,CD14,NRAS,DEFB4A,IL2RA,NFKBIE,NFKBIE,LILRA6,,LIMK2,IL18R1,THY1,,,PRKG1,PRKG2,,SLC1A3,CALM1,ADCY9,GRM3,ADCY7,GNAI1,ADCY4,GNB1,,OR2AG1,HTR1A,,ADCY1,C5,GCK,PLCB2,PTK2B,,AKT2,ATF2,TYR,,,PRKCB,,PPP3CA,PYGM,,,ADCY1,COL1A1,,ATF2,,,PYGB,CASP8,NRAS,MC2R,RAF1,LPIN2,,,,,,,,AMY1B,SLC4A2,ATP1B2,,COL11A2,,ADCY7,,,,UQCRH,CAMK2G,COX1,PLCB4,PSMD4,NDUFAB1,PSMB6,,,PDE1B,,H3-3B,RHOA,,,TUBB,GSK3B,PFN1,NOS2,,TRAF2,EEF1A2,GNAO1,,,LAMB4,ARG2,DEFA4,MYD88,IFNAR1,JAK2,EIF2AK3,GNB2,STAT1,THBS1,ANAPC16,HLA-F,EIF2AK4,APAF1,GNG4,RPL7A,ROCK1,TLX1,histone H2B type F-S-like [KO:K11252],,TWIST2,MIR192,CREB3L3,UQCRH,EREG,,RAD51,,,RELA,,,,,HDAC2,,IKBKG,,NOTCH3,WNT4,SHC2,,FOS,MAPK11,,,,H4C4,CCL5,,,,PRKAG1,DSG2,CACNG2,GYS2,,MMP3,RHOA
77,,,,,,,,,,,,,,,COX7A2,,NPR1,,,,,,,,,,,,,,,,,,,,,,,,,,,,,,,,,,,,,CHKA,,,,,,,,,,,,,,,,,,,,,,,,,,,,ADH5,,GSTA3,,,AK6,MRPL34,NCBP2,SMG7,PFKL,,,,USP39,,,,,,,,,,,,,,,,NTF4,AKT3,PTPN11,VEGFC,ADRA1A,PLN,ADCY9,CLCF1,ACKR3,ADCY3,BCL2,HMOX1,ARAF,DGKB,OPRD1,MAPK3,GALR3,CDC26,ANAPC7,,COP1,,,,,MAPK10,UBXN6,LAMP3,WASL,TUBAL3,NOS2,WNT1,SOS2,PPP2R2D,BIRC3,PRKAG2,,,,IL1A,PPP1CB,SLC9A7,PPP2R2B,BRAF,AXIN2,,,MYC,EPHB4,,RAF1,LILRB1,SERPINE1,,HGF,SV2C,CLDN9,,JUN,PLCB4,FZD7,CD46,COL1A2,NFYB,MAPK14,,SPP1,IRF7,,,PAK1,IFNA1,IL9R,ARAF,DEFB4B,IL2RB,NFKB1,CD28,LILRA5,,CFL1,JAG1,ARHGAP35,,,PRKG2,KLB,,SLC1A6,CALML6,PRKACA,GRM4,ADCY8,GNAI3,ADCY5,GNB2,,OR6B3,HTR1B,,ADCY2,C6,PRKAA1,PLCB3,MMP2,,AKT3,ATF4,TYRP1,,,PRKCG,,PPP3CB,PYGB,,,ADCY2,COL1A2,,CREB3,,,FOXO1,BID,PIK3CA,MRAP,MAP2K1,MIR217,,,,,,,,PRH2,,ATP1B3,,COL6A1,,ADCY8,,,,UQCRHL,MAPT,COX2,STX1A,PSMD14,NDUFA11,PSMB7,,,PDE1C,,H3C4,VCL,,,TUBB1,RPS6KB1,PFN2,,,TAB1,PTPN6,GNAS,,,LAMC1,ARG1,DEFA5,IRAK4,IFNAR2,JAK3,EIF2AK4,GNB3,STAT2,COMP,CDC20,HLA-G,EIF2S1,CASP9,GNG5,RPL8,ROCK2,BCL11B,H2BK1,,MIR10A,MIR194-1,CREB3L4,UQCRHL,AREG,,,,,BCL2,,,,,,,NFKBIA,,NOTCH4,WNT5A,SHC3,,PCYT1B,MAPK12,,,,H4C6,CCL2,,,,PRKAG3,GJA1,CACNG3,GYS1,,MMP9,ACTG1
78,,,,,,,,,,,,,,,COX7A2L,,NPR2,,,,,,,,,,,,,,,,,,,,,,,,,,,,,,,,,,,,,CHKB,,,,,,,,,,,,,,,,,,,,,,,,,,,,ADH6,,GSTO1,,,RIOK1,MRPL35,NCBP2L,SMG5,HSPA9,,,,SART1,,,,,,,,,,,,,,,,INS,MTOR,SOS1,VEGFD,ADRA1B,ATP2A1,ADCY10,CNTF,XCR1,ADCY4,GADD45A,NPPA,MAP2K1,DGKH,GNAI1,PIP5K1C,GHRL,ANAPC13,CDC23,,RCHY1,,,,,MAPK9,UBXN8,CD68,ACTR2,TUBB6,PRDX1,WNT2,HRAS,PPP2R3B,XIAP,SIRT1,,,,IL33,PPP1CC,ATP1A1,PPP2R2C,RAF1,APC,,,CDKN2B,EPHB6,,MAP2K1,LILRB5,BMP2,,PDGFRA,SV2B,CLDN23,,CD1A,ITPR1,FZD2,CD55,COL3A1,NFYC,ITGA2B,,IKBKE,IFNA1,,,KSR1,IFNA2,IL1R1,BRAF,MUC5AC,IL2RG,RELA,ICOS,leukocyte immunoglobulin-like receptor subfamily B member 3 [KO:K06512],,CFL2,IL1B,ARHGAP5,,,CACNA1C,FGFR1,,SLC1A7,CALML5,PRKACB,GRM6,ADCY9,GNAI2,ADCY6,GNB3,,OR1Q1,HTR1D,,ADCY3,C7,PRKAA2,PLCB4,MMP14,,PDE3B,CREB3,DCT,,,SLC9A1,,PPP3CC,PFKFB1,,,ADCY3,COL3A1,,CREB3L1,,,PCK1,CYCS,PIK3CD,PDE8B,MAP2K2,SIRT1,,,,,,,,PRH1,,FXYD2,,COL6A2,,ADCY9,,,,UQCRB,RYR3,COX4I2,CACNA1B,PSMD8,NDUFA12,PSMB3,,,PDE2A,,H3C3,,,,TUBB2A,RPS6KB2,PFN4,,,TAB2,,GNAL,,,LAMC2,NOS2,DEFA6,IRAK1,JAK1,TYK2,RAB9A,GNB4,IRF9,THBS2,PTTG1,HLA-E,EIF2B1,CASP3,GNG7,RPL9,CXCL12,LDB1,H2BC12L,,MIR10B,MIR194-2,CREB5,UQCRB,EGFR,,,,,MTOR,,,,,,,NFKB1,,HES1,WNT5B,SHC4,,PCYT1A,MAPK13,,,,H4C12,CCL3,,,,PRKAG2,,CACNG4,TBC1D4,,FAS,ACTB
79,,,,,,,,,,,,,,,COX7B,,PDE1A,,,,,,,,,,,,,,,,,,,,,,,,,,,,,,,,,,,,,PHOSPHO1,,,,,,,,,,,,,,,,,,,,,,,,,,,,,,GSTT2B,,,RIOK2,MRPL36,NMD3,SMG6,HSPD1,,,,ZMAT2,,,,,,,,,,,,,,,,IGF1,RPS6KB1,SOS2,HGF,ADRA1D,ATP2A3,HCN2,CTF1,CX3CR1,ADCY5,GADD45B,SLC2A1,MAP2K2,DGKG,GNAI3,PIP5K1A,GHSR,ANAPC15,ANAPC10,,BIRC2,,,,,BCL2,NSFL1C,CD63,ACTR3B,TUBB,EPHX2,WNT2B,KRAS,PPP2R3C,BIRC5,BAX,,,,HMGB1,RAF1,ATP1A2,PPP2R2D,MAP2K1,APC2,,,PITX2,ABL1,,MAP2K2,LILRB4,BMP4,,PDGFRB,SV2A,CLDN34,,CD1B,ITPR2,FZD3,CFHR3,GP6,,ITGB3,,TBK1,IFNA2,,,PLK3,IFNA4,IL1R2,RAF1,MUC5B,JAK3,MAPK1,CD40LG,CD22,,PIP5K1C,IL6,RHOA,,,CACNA1D,FRS2,,,CALML4,PRKACG,GRM7,PRKACA,GNAO1,ADCY7,GNB4,,OR7D2,HTR1E,,ADCY4,C8A,PRKAB1,ITPR3,HBEGF,,KRAS,CREB3L1,EDN1,,,ATP1A1,,PPP3R1,PRKAA1,,,ADCY4,COL4A2,,CREB3L2,,,PCK2,CASP3,PIK3CB,PDE8A,MAPK1,TRA2A,,,,,,,,PRB1,,KCNQ1,,COL6A3,,PRKACA,,,,UQCRQ,ITPR1,COX4I1,GRIN1,ADRM1,NDUFA13,PSMB2,,,PDE3A,,H3C1,,,,TUBB3,MDM2,FLNA,,,MAP3K7,,ADCY1,,,LAMC3,ITGB2,DEFA1B,IRAK2,TYK2,STAT3,RAB9B,GNB5,MX1,THBS3,PTTG2,IFNGR1,EIF2B2,CD3E,GNG8,RPL10L,CXCR4,LYL1,H4C16,,HOXD10,CREBBP,ATF6B,UQCRQ,GRB2,,,,,GRB2,,,,,,,RELA,,HES5,WNT6,GRB2,,CHPT1,MAPK14,,,,H4C11,CCL3L1,,,,ACE,,CACNG5,MPC1L,,IL1B,DUSP1
80,,,,,,,,,,,,,,,COX7B2,,PDE1B,,,,,,,,,,,,,,,,,,,,,,,,,,,,,,,,,,,,,PCYT1B,,,,,,,,,,,,,,,,,,,,,,,,,,,,,,GSTP1,,,RNR1,RPL3L,RBM8A,PPP2CA,,,,,PRPF38A,,,,,,,,,,,,,,,,IGF2,RPS6KB2,PLCG1,ANGPT1,AGTR1,ATP2A2,HCN4,LIF,IL10RA,ADCY6,GADD45G,PDK1,MAPK1,DGKQ,GNAI2,PIP5K1B,KISS1,ANAPC16,ANAPC11,,BIRC3,,,,,BCL2L1,SVIP,SCARB2,ACTR3C,TUBB1,GSTK1,WNT3,NRAS,PPP2R3A,BCL2L11,TP53,,,,TNFSF10,MAP2K1,ATP1A3,PPP2R3B,MAP2K2,CSNK1A1L,,,RBX1,ENAH,,MAPK1,LILRA1,BMP5,,IGF1R,CD36,CLDN25,,CD1C,ITPR3,FZD4,CFHR1,FCER1G,,FGA,,TRAF3,IFNA4,,,SRC,IFNA5,CSF3R,MICB,S100A7,STAT5A,MAPK3,PIK3R1,CD72,,PIP5K1A,IL15,ROCK1,,,MTNR1B,GRB2,,,CAMK2A,MGLL,GRM8,PRKACB,GNB1,ADCY8,GNB5,,OR56B4,HTR1F,,ADCY5,C8B,PRKAB2,RYR2,EGFR,,ARAF,CREB3L2,EDNRB,,,ATP1A2,,PPP3R2,PRKAA2,,,ADCY5,COL4A4,,CREB3L3,,,G6PC1,CASP7,PIK3R1,PDE11A,MAPK3,TRA2B,,,,,,,,PRB2,,KCNMA1,,COL6A6,,PRKACB,,,,UQCR10,ITPR2,COX5A,GRIN2B,SEM1,NDUFB1,PSMB5,,,PDE3B,,H3-3A,,,,TUBB4A,PLCB1,FLNC,,,IKBKG,,PIK3R1,,,ITGA6,ITGAM,CAMP,TRAF6,STAT1,STAT1,HSPA8,GNG2,MX2,THBS4,ESPL1,ICAM1,EIF2B3,CD3G,GNG10,RPL10,GNAI1,HHEX,H4C15,,DCN,EP300,GNAI1,UQCR10,SOS1,,,,,SOS1,,,,,,,BIRC2,,HEYL,WNT7A,SOS1,,PLCG1,LAT,,,,H4C3,CCL3L3,,,,IGF1,,CACNG6,MPC1,,IL6,MIR10A
81,,,,,,,,,,,,,,,COX7C,,PDE1C,,,,,,,,,,,,,,,,,,,,,,,,,,,,,,,,,,,,,PCYT1A,,,,,,,,,,,,,,,,,,,,,,,,,,,,,,,,,RNA5-8SN5,RPL3,MAGOH,PPP2CB,,,,,PRPF38B,,,,,,,,,,,,,,,,PDGFA,EIF4EBP1,PLCG2,ANGPT2,EDNRA,RHOA,CNGA1,OSM,IL10RB,ADCY7,TRAF1,HK3,MAPK3,DGKK,PLCB1,DGKZ,KISS1R,CDC20,CDC26,,XIAP,,,,,BAD,VCP,NPC1,ACTR3,TUBB2A,XDH,WNT3A,RAF1,PPP2R5B,BCL2L1,NFKB1,,,,TNFRSF10A,MAP2K2,ATP1A4,PPP2R3C,MAPK1,CSNK1A1,,,CUL1,RASA1,,MAPK3,LILRB3,BMP6,,KDR,GP5,CLDN24,,CD1D,PRKCA,FZD5,CFHR2,LYN,,FGB,,IRF3,IFNA5,,,IKBKE,IFNA6,IL5RA,MICA,S100A7A,STAT5B,FOS,PIK3R2,PTPN6,,PIP5K1B,LIF,ROCK2,,,MTNR1A,SOS1,,,CAMK2D,ND1,GNAI1,PRKACG,GNB2,ADCY9,GNG2,,OR8U1,HTR3A,,ADCY6,C8G,PRKAG1,VAMP2,GRB2,,BRAF,CREB3L3,GNAI1,,,ATP1A3,,NFATC1,PRKAB1,,,ADCY6,COL4A6,,CREB3L4,,,G6PC2,NDUFV1,PIK3R2,NR5A1,STAT1,ADIPOQ,,,,,,,,DMBT1,,ATP2B1,,COL6A5,,PRKACG,,,,UQCR11,ITPR3,COX5B,ITPR1,ERN1,NDUFB2,PSMB1,,,PDE4A,,H3-4,,,,TUBB8,PLCB2,FLNB,,,CHUK,,PIK3R2,,,ITGB1,PIK3R1,DSG1,NFKB1,STAT2,STAT2,HSPA1A,GNG3,ADAR,FN1,CCNB2,CD86,EIF2B4,CD3D,GNG11,RPL10A,GNAI3,PTCRA,H4C9,,IGF1,MIR215,GNAI3,UQCR11,SOS2,,,,,SOS2,,,,,,,BIRC3,,HEY1,WNT7B,SOS2,,PLPP1,PLCG1,,,,H4C8,CCL20,,,,TGFB1,,CACNG7,MPC2,,TNF,TNFRSF1A
82,,,,,,,,,,,,,,,COX8C,,PDE2A,,,,,,,,,,,,,,,,,,,,,,,,,,,,,,,,,,,,,SELENOI,,,,,,,,,,,,,,,,,,,,,,,,,,,,,,,,,RNA5-8SN1,RPL4,MAGOHB,PPP2R1B,,,,,EFTUD2,,,,,,,,,,,,,,,,PDGFB,BAD,RASGRP1,ANGPT4,EDNRB,ROCK1,CNGA2,IL10,IL6R,ADCY8,BCL2A1,HK1,MAPK11,CDS1,PLCB2,DGKD,POMC,PTTG1,ANAPC13,,BIRC7,,,,,BECN1,NPLOC4,NPC2,ARPC1B,TUBB3,DHRS4,WNT4,MAP2K1,PPP2R5C,BCL2,RELA,,,,TNFRSF10B,MAPK1,ATP1B4,PPP2R3A,MAPK3,TCF7,,,SKP1,NGEF,,RPS6KB1,LILRA3,BMP7,,EGFR,GP1BA,OCLN,,CD1E,PRKCB,FZD8,CFHR4,FYN,,FGG,,CD40,IFNA6,,,STAT1,IFNA7,EPOR,ULBP1,S100A8,IL4,MAPK8,PIK3R3,PIK3AP1,,ARF6,LTA,MYL2,,,GNAQ,SOS2,,,CAMK2B,ND2,GNAI3,CREB1,GNB3,KCNJ6,GNG3,,OR4C16,HTR3E,,ADCY7,C9,PRKAG3,STX1A,SOS1,,RAF1,CREB3L4,GNAI3,,,ATP1A4,,NFATC2,PRKAB2,,,ADCY7,COL4A1,,ATF4,,,G6PC3,NDUFV2,PIK3R3,SP1,STAT3,ADIPOR1,,,,,,,,CST1,,ATP2B3,,COL7A1,,CFTR,,,,COX3,PLCG1,COX6A1,DLG4,TRAF2,NDUFB3,PSMB4,,,PDE4B,,H3C14,,,,TUBB2B,PLCB3,EXOC7,,,IKBKB,,PIK3R3,,,LDLR,PIK3R2,HLA-DMA,RELA,IRF9,STAT4,HSPA2,GNG4,PML,COL1A1,CDKN2B,MICB,EIF2B5,CD247,GNG12,RPL11,GNAI2,REL,H4C4,,IGF1R,MIR28,GNAI2,COX3,HRAS,,,,,HRAS,,,,,,,XIAP,,HEY2,WNT8A,HRAS,,PLPP3,PPP3CA,,,,H4C2,CXCL1,,,,TGFB2,,CACNG8,PDHA2,,HSPD1,IL1R1
83,,,,,,,,,,,,,,,COX8A,,PDE3A,,,,,,,,,,,,,,,,,,,,,,,,,,,,,,,,,,,,,ETNK1,,,,,,,,,,,,,,,,,,,,,,,,,,,,,,,,,RNA5-8SN2,RPL5,CASC3,PPP2R1A,,,,,SNRNP200,,,,,,,,,,,,,,,,PDGFC,GSK3B,RASGRP2,EFNA1,F2R,ROCK2,CNGA3,IL19,IL6ST,ADCY9,NFKB2,HK2,MAPK12,CDS2,PLCB3,DGKI,MC1R,PTTG2,ANAPC15,,PIAS1,,,,,BECN2,UFD1,CTNS,ARPC1A,TUBB4A,,WNT5A,MAP2K2,PPP2R5D,DAXX,PPARG,,,,FASLG,MAPK3,ATP1B1,PPP2R5B,CALD1,TCF7L1,,,MAPK1,HRAS,,RPS6KB2,LILRA2,BMP8B,,FLT1,GP1BB,F11R,,CFTR,PRKCG,FZD6,CFHR5,ITGA2,,GP1BA,,CD80,IFNA7,,,IRF9,IFNA8,CD36,ULBP2,S100A9,IL4R,MAPK10,PIK3CA,,,CRK,BCL3,MYL5,,,PLCB1,HRAS,,,CAMK2G,ND3,GNAI2,ATF4,GNB4,SLC6A1,GNG4,,OR4C11,HTR3D,,ADCY8,GNA12,PRKAG2,SNAP25,SOS2,,BUB1,CREB5,GNAI2,,,ATP1B4,,NFATC3,PRKAG1,,,ADCY8,COL4A5,,CREB5,,,SLC2A2,NDUFV3,AKT1,PBX1,STAT5A,ADIPOR2,,,,,,,,CST2,,ATP2B4,,COL8A1,,SLC4A4,,,,COX1,HSPA5,COX6A2,GRIA1,MAP3K5,NDUFB4,PSMC2,,,PDE4C,,H3C15,,,,TUBB4B,PLCB4,EXOC5,,,NFKBIA,,PIK3CA,,,TNFRSF1A,PIK3R3,HLA-DMB,MAPK11,MX1,STAT5A,HSPA1L,GNG5,IFNG,COL1A2,CDKN2A,MICA,OAS1,PSMC2,GNG13,RPL12,PTGER1,CCND2,H4C6,,MTOR,MIR30E,BAD,COX1,NRAS,,,,,KRAS,,,,,,,BIRC7,,FLT4,WNT8B,KRAS,,PLPP2,PPP3CB,,,,H4C5,CXCL2,,,,TGFB3,,RYR2,PDHA1,,HSPA8,IL1R2
84,,,,,,,,,,,,,,,COX11,,PDE3B,,,,,,,,,,,,,,,,,,,,,,,,,,,,,,,,,,,,,ETNK2,,,,,,,,,,,,,,,,,,,,,,,,,,,,,,,,,RNA5-8SN3,RPL6,EIF4A3,PPP2R2A,,,,,PRPF6,,,,,,,,,,,,,,,,PDGFD,CDKN1B,RASGRP3,EFNA2,GRM1,PPP1R12A,CNGA4,IL20,IL2RA,PRKACA,CXCL8,HKDC1,MAPK13,CDIPT,PLCB4,DGKA,MC2R,ESPL1,ANAPC16,,PIAS2,,,,,NRBF2,HSPA8,SLC17A5,ARPC2,TUBB8,,WNT5B,MAPK1,PPP2R5E,RIPK1,PPARGC1A,,,,FAS,ETS1,ATP1B2,PPP2R5C,ACTA2,TCF7L2,,,MAPK3,KRAS,,RPS6,LILRA4,BMP8A,,FLT4,GP9,JAM2,,CDK4,GUCY1A2,FZD10,CD59,ITGB1,,VWF,,CD86,IFNA8,,,STAT2,IFNA10,GYPA,ULBP3,LCN2,STAT6,MAPK9,PIK3CD,,,CRKL,SOCS3,MYL7,,,PLCB2,KRAS,,,CAMK4,ND4,GNAO1,CREB3,GNB5,SLC6A13,GNG5,,OR4S2,HTR3C,,ADCY9,GNA13,FOXO1,PRKCA,HRAS,,MAD1L1,ATF6B,PLCB1,,,ATP1B1,,NFATC4,PRKAG3,,,ADCY9,COL4A3,,ATF6B,,,NR1H3,NDUFA1,AKT2,CYP11B1,STAT5B,CAMKK2,,,,,,,,CST3,,ATP2B2,,COL8A2,,AQP4,,,,COX2,ATF6,COX6B1,GRIA2,MAPK8,NDUFB5,PSMC1,,,PDE4D,,H3C13,,,,ARHGEF2,PLCD1,EXOC4,,,NFKB1,,PIK3CD,,,CASP8,PIK3CA,HLA-DOA,MAPK12,MX2,STAT5B,HSPA1B,GNG7,IFNGR1,COL2A1,CDK4,CLEC2B,OAS2,PSMC1,GNGT1,RPL13,PTGER2,BIRC2,H4C12,,PDPK1,MIR30D,CHRNA9,COX2,MTOR,,,,,NRAS,,,,,,,BCL2L1,,CDKN1A,WNT9A,NRAS,,DGKZ,PPP3CC,,,,H4C13,CXCL3,,,,TNF,,ATP2A1,PDHB,,HSPA1A,MAP3K7
85,,,,,,,,,,,,,,,COX15,,PDE5A,,,,,,,,,,,,,,,,,,,,,,,,,,,,,,,,,,,,,PCYT2,,,,,,,,,,,,,,,,,,,,,,,,,,,,,,,,,RNA5-8SN4,RPL7,ACIN1,PPP2R2B,,,,,PRPF8,,,,,,,,,,,,,,,,CSF1,CDKN1A,RASGRP4,EFNA3,GRM5,PPP1CA,CNGB1,IL24,IL2RB,PRKACB,TNFAIP3,PFKM,MAPK14,ITPR1,PRKCE,DGKE,MC3R,SMC1A,CDC20,,PIAS3,,,,,PIK3R4,HSPA1A,SLC11A1,ARPC3,TUBB2B,,WNT6,MAPK3,PPP2R5A,DAB2IP,STK11,,,,FAF1,MAP2K3,ATP1B3,PPP2R5D,ACTG2,LEF1,,,IFNG,NRAS,,PIK3CG,LILRA6,GDF5,,MET,GP6,JAM3,,YBX3,GUCY1A1,FZD9,CLU,PIK3CA,,SELP,,IFNA1,IFNA10,,,IL17D,IFNA13,CD55,KLRK1,MMP1,GATA3,JUN,PIK3CB,,,DOCK1,TNFAIP3,MYL9,,,PLCB3,NRAS,,,ABL1,ND4L,GNB1,CREB3L1,GNG2,SLC6A11,GNG7,,OR4C6,HTR3B,,PRKACA,GNG12,PPARGC1A,PRKCB,KRAS,,MAD2L1,EGFR,PLCB2,,,ATP1B2,,RGS2,PRKAG2,,,PRKACA,INSL3,,TNFSF11,,,NR1H2,NDUFA2,AKT3,CYP17A1,IRS1,PRKAA1,,,,,,,,CST4,,SLC9A1,,COL9A1,,AQP1,,,,COX4I2,DDIT3,COX6B2,GRIA3,MAPK10,NDUFB6,PSMC4,,,PDE7A,,H3C6,,,,ROCK1,PLCD3,EXOC2,,,RELA,,PIK3CB,,,CASP3,PIK3CD,HLA-DOB,MAPK13,RSAD2,STAT6,HSPA6,GNG8,IFNGR2,COL4A2,CCND1,UBA52,OAS3,PSMC4,GNGT2,RPL13A,PTGER3,BIRC3,H4C11,,RPS6KB1,MIR30A,RPS6KA3,COX4I2,RPS6KB1,,,,,ARAF,,,,,,,TRAF1,,NFKB2,WNT9B,ARAF,,DGKD,PPP3R1,,,,H4C14,CXCL5,,,,IL6,,ATP2A3,ND1,,HSPA2,IKBKG
86,,,,,,,,,,,,,,,COX17,,PDE6A,,,,,,,,,,,,,,,,,,,,,,,,,,,,,,,,,,,,,ETNPPL,,,,,,,,,,,,,,,,,,,,,,,,,,,,,,,,,RNR2,RPL7A,SAP18,PPP2R2C,,,,,SNRNP40,,,,,,,,,,,,,,,,KITLG,,ZAP70,EFNA4,GRPR,PPP1CB,CNGB3,IL22,IL2RG,PRKACG,PTGS2,PFKP,CDK2,ITPR2,MAPK1,DGKB,MC4R,SMC1B,FBXO43,,PIAS4,,,,,PIK3C3,HSPA2,SLC11A2,ARPC4,TUBB4B,,WNT7A,IRS1,TBC1D1,MAP3K5,SESN1,,,,IFNA1,MAP2K6,FXYD2,PPP2R5E,PPP1R14A,CTNNBIP1,,,TNF,MAPK1,,PIK3R5,LILRA5,GDF6,,ERBB2,DAG1,ESAM,,SYMPK,GUCY1B1,DVL3,VTN,PIK3CD,,SELPLG,,IFNA2,IFNA13,,,CYLD,IFNA14,CD59,KLRC4-KLRK1,MMP3,IL5,IL4,PDPK1,,,ASAP1,TRAF1,MYL10,,,PLCB4,RPS6KA3,,,PTPN11,ND5,GNB2,CREB3L2,GNG3,SLC6A12,GNG8,,OR5D14,ASIC2,,PRKACB,FGD1,G6PC1,PRKCG,NRAS,,MAD2L2,SHC1,PLCB3,,,ATP1B3,,RCAN1,ACACA,,,PRKACB,RXFP2,,BCL2,,,PPARGC1B,NDUFA3,NOS3,STAR,IRS2,PRKAA2,,,,,,,,CST5,,SLC4A2,,COL9A2,,SLC10A2,,,,COX4I1,ERN1,COX6C,GRIA4,MAPK9,NDUFB7,PSMC6,,,PDE7B,,H3C11,,,,ROCK2,PLCD4,RALA,,,MAP2K1,,AKT1,,,CYCS,PIK3CB,HLA-DPA1,MAPK14,PPP2R1B,VDAC3,EIF3H,GNG10,JAK2,COL4A4,CCND3,RPS27A,RNASEL,PSMC6,RAC1,RPL14,PTGER4,TRAF1,H4C3,,RPS6KB2,MIR30B,RPS6KA1,COX4I1,RPS6KB2,,,,,BRAF,,,,,,,TRAF2,,WNT2,WNT10B,BRAF,,DGKI,PPP3R2,,,,H4C1,CXCL6,,,,EDN1,,ATP2A2,ND2,,HSPA1L,CHUK
87,,,,,,,,,,,,,,,CYCS,,PDE6B,,,,,,,,,,,,,,,,,,,,,,,,,,,,,,,,,,,,,PEMT,,,,,,,,,,,,,,,,,,,,,,,,,,,,,,,,,RNA5S1,RPL8,RNPS1,PPP2R2D,,,,,DDX23,,,,,,,,,,,,,,,,FLT3LG,,LAT,EFNA5,HRH1,PPP1CC,CALML3,IL26,IL18R1,LYN,CCL4,PFKL,PRMT1,ITPR3,MAPK3,DGKH,MC5R,SMC3,PTTG1,,SYVN1,,,,,ATG14,HSPA1L,LAPTM4B,ARPC5,LAMP1,,WNT7B,TLR2,RAB2A,MAPK8,SESN3,,,,IFNA2,MAPK11,SLC9A1,PPP2R5A,PPP1CA,CBY1,,,RHOA,MAPK3,,PIK3R6,leukocyte immunoglobulin-like receptor subfamily B member 3 [KO:K06512],GDF7,,SRC,CD47,CDH5,,PCNA,PRKG1,DVL2,,PIK3CB,,AGER,,IFNA4,IFNA14,,,BCL3,IFNA16,IL11RA,HCST,MMP9,IL13,IL4R,AKT1,,,ASAP3,JUNB,MYL12B,,,PRKCA,RPS6KA1,,,MATK,ND6,GNB3,CREB3L3,GNG4,GLUL,GNG10,,OR5L1,,,PRKACG,FGD3,G6PC2,,RAF1,,FZR1,SHC2,PLCB4,,,FXYD2,,CAMKK2,ACACB,,,PRKACG,RLN3,,CDKN1A,,,MLX,NDUFA4,FOXO1,NCEH1,IRS4,PRKAB1,,,,,,,,HTN1,,SCT,,COL9A3,,SLC5A1,,,,COX5A,XBP1,COX7A1,TGM2,ATXN1L,NDUFB8,PSMC3,,,PDE8B,,H3C8,,,,FYN,PLCE1,ACTG1,,,MAP2K2,,AKT2,,,CASP9,PRDX1,HLA-DPB1,MAPK1,PPP2R1A,PTK2B,EIF2S1,GNG11,CIITA,COL4A6,CDKN1A,UBB,HCFC2,PSMC3,RAC2,RPL15,GNAS,BCL2L1,H4C8,,EIF4B,MIR30C1,RPS6KA2,COX5A,,,,,,RAF1,,,,,,,TRAF3,,WNT2B,WNT10A,RAF1,,DGKA,RASGRP1,,,,H4C7,CXCL8,,,,AGT,,PLN,ND3,,HSPA1B,IKBKB
88,,,,,,,,,,,,,,,ATP5F1A,,PDE6C,,,,,,,,,,,,,,,,,,,,,,,,,,,,,,,,,,,,,CDS1,,,,,,,,,,,,,,,,,,,,,,,,,,,,,,,,,RNA5S16,RPL9,PNN,PPP2R3B,,,,,TXNL4A,,,,,,,,,,,,,,,,VEGFA,,HTR7,EGFR,HTR2A,CALML3,CALM2,IFNL2,IL18RAP,HCK,CCL4L2,GAPDH,FOXG1,PRKCA,SGPP1,DGKG,MLN,STAG2,PTTG2,,NHLRC1,,,,,AMBRA1,HSPA1B,LAPTM5,ARPC5L,LAMP2,,WNT8A,TLR4,RAB8A,MAPK10,SESN2,,,,IFNA4,MAPK12,,PPP1CA,PPP1CB,CHD8,,,ROCK1,NCK2,,AKT1,FCGR1A,AMH,,ARHGAP35,HMMR,PECAM1,,CCND1,PRKG2,DVL1,,PIK3R1,,CASP4,,IFNA5,IFNA16,,,CCL17,IFNA17,ITGB3,CD48,MMP13,MAF,STAT6,AKT2,,,ASAP2,MMP3,MYL12A,,,PRKCB,RPS6KA2,,,NGFR,NDUFV1,GNB4,CREB3L4,GNG5,SLC38A3,GNG11,,OR5D18,,,TRPV4,PTK2,G6PC3,,MAP2K1,,ANAPC1,SHC3,CALML3,,,SLC16A2,,PRKAA1,SLC2A1,,,CYP11B2,RXFP3,,FOS,,,MLXIP,NDUFA4L2,BCL2,ARMC5,PIK3R1,PRKAB2,,,,,,,,HTN3,,SCTR,,COL10A1,,SLC9A3,,,,COX5B,EIF2AK3,COX7A2,SLC1A3,ATXN1,NDUFB9,PSMC5,,,PDE8A,,H3C12,,,,ABL1,PLCG1,ACTB,,,MAPK1,,AKT3,,,GNAI1,SERPINB3,HLA-DQA1,MAPK3,PPP2R2A,SRC,RCHY1,GNG12,HLA-DMA,COL4A1,CCNA2,UBC,HCFC1,PSMC5,RAC3,RPL17,ADCY1,CD86,H4C2,,RPS6,MIR30C2,RPS6KA6,COX5B,,,,,,MAP2K1,,,,,,,TRAF4,,WNT3,WNT11,MAP2K1,,DGKE,CD28,,,,SNRPB,CXCL12,,,,SLC8A1,,SLC8A1,ND4,,HSPA6,NFKB1
89,,,,,,,,,,,,,,,ATP5F1B,,PDE6D,,,,,,,,,,,,,,,,,,,,,,,,,,,,,,,,,,,,,CDS2,,,,,,,,,,,,,,,,,,,,,,,,,,,,,,,,,RNA5S6,RPL10L,ALYREF,PPP2R3C,,,,,PRPF19,,,,,,,,,,,,,,,,VEGFB,,GNB1,FGFR1,HTR2B,CALM2,CALM3,IFNL3,IL20RA,FGR,CCL4L1,ALDOC,CCNB1,PRKCB,SGPP2,DGKQ,MLNR,STAG1,ESPL1,,AIRE,,,,,TRAF6,HSPA6,LAPTM4A,WIPF2,PIKFYVE,,WNT8B,RAC1,RAB10,MAPK9,CAMK4,,,,IFNA5,MAPK13,,PPP1CB,PPP1CC,SOX17,,,PPP2R1B,RGS3,,AKT2,FCGR2A,BMPR1A,,ARHGAP5,,CD99,,ERBB2,,GSK3B,,PIK3R2,,CASP1,,IFNA6,IFNA17,,,CCL22,IFNA21,ITGA2B,CD244,IL17C,JAG1,GATA3,AKT3,,,FCGR2B,MMP9,MYL11,,,PRKCG,RPS6KA6,,,ARHGDIB,NDUFV2,GNB5,CREB5,GNG7,SLC38A5,GNG12,,OR5AS1,,,F2RL1,BCAR1,FBP1,,MAP2K2,,ANAPC2,SHC4,CALM2,,,SLC16A10,,PRKAA2,SLC2A2,,,STAR,ADCY1,,RUNX2,,,MLXIPL,NDUFA5,BAX,AGT,PIK3R2,PRKAG1,,,,,,,,STATH,,GNAS,,COL12A1,,SLC2A1,,,,COX6A1,EIF2S1,COX7A2L,SLC1A2,KAT5,NDUFB10,PSMD2,,,PDE10A,,H3C10,,,,BAIAP2L1,PLCG2,S100A10,,,MAPK3,,TGFBR2,,,GNAI3,SERPINB4,HLA-DQA2,MAPK8,PPP2R2B,GRB2,TP53,GNG13,HLA-DMB,COL4A5,CCNA1,BECN1,POU2F1,PSMD2,PAK1,RPL17-C18orf32,ADCY2,CD40,H4C5,,EGFR,TPM1,ESR1,COX6A1,,,,,,MAP2K2,,,,,,,TRAF5,,WNT3A,WNT16,MAP2K2,,DGKB,PRKCQ,,,,SNRPD1,VEGFA,,,,SLC8A2,,SLC8A2,ND4L,,HSPA4,RELA
90,,,,,,,,,,,,,,,ATP5F1C,,PDE6G,,,,,,,,,,,,,,,,,,,,,,,,,,,,,,,,,,,,,PLA1A,,,,,,,,,,,,,,,,,,,,,,,,,,,,,,,,,RNA5S11,RPL10,UPF1,PPP2R3A,,,,,CDC5L,,,,,,,,,,,,,,,,PGF,,GNB2,FGFR2,HTR2C,CALM3,CALM1,IFNL1,IL20RB,SRC,CXCL1,ALDOA,CCNB2,PRKCG,ABCC1,DGKK,NMU,RAD21,REC8,,MGRN1,,,,,TP53INP2,DNAJA1,ABCA2,WIPF1,M6PR,,WNT9A,IGH,RAB11B,BAD,,,,,IFNA6,MAPK14,,PPP1CC,PPP1R12A,CTBP1,,,PPP2R1A,CXCL12,,AKT3,FCGR2B,BMPR1B,,RHOA,,CD99L2,,RUNX1,,AXIN1,,PIK3R3,,GSDMD,,IFNA7,IFNA21,,,MAPKAPK2,IFNB1,GP9,PPP3CA,IL17RE,JAG2,RUNX1,MAP3K8,,,INPP5D,MMP14,AFDN,,,KCNJ3,TSC1,,,ARHGDIA,NDUFV3,GNG2,CAMK2A,GNG8,,GNG13,,OR8K5,,,CYP2J2,CRK,FBP2,,MAPK1,,CDC27,GRB2,CALM3,,,SRC,,PRKAB1,GCK,,,NR4A2,ADCY2,,MMP13,,,CPT1A,NDUFA6,CASP3,AGTR1,PIK3R3,PRKAG3,,,,,,,,LYZ,,ADCY1,,COL13A1,,,,,,COX6A2,ATF4,COX7B,KCNJ10,RORA,NDUFB11,PSMD1,,,PDE11A,,H3C2,,,,BAIAP2,PLCZ1,ANXA2,,,MAP2K3,,TGFBR1,,,GNAI2,SERPINB6,HLA-DQB1,MAPK10,PPP2R2C,SOS1,TP73,GNGT1,HLA-DOA,COL4A3,CCNE1,BECN2,POU2F2,PSMD1,PAK2,RPL18,ADCY3,BCL6,H4C13,,CAV1,SPRY2,ESR2,COX6A2,,,,,,MAPK1,,,,,,,TRAF6,,WNT5A,FZD1,MAPK1,,DGKH,,,,,SNRPD3,FLT1,,,,SLC8A3,,SLC8A3,ND5,,HSP90AA1,MAP3K5
91,,,,,,,,,,,,,,,ATP5F1D,,PDE6H,,,,,,,,,,,,,,,,,,,,,,,,,,,,,,,,,,,,,PTDSS1,,,,,,,,,,,,,,,,,,,,,,,,,,,,,,,,,RNA5S5,RPL10A,UPF2,PPP2R5B,,,,,BCAS2,,,,,,,,,,,,,,,,VEGFC,,GNB3,FGFR3,LHCGR,CALM1,CALML6,IFNA1,IL22RA1,SHC1,CXCL2,ALDOB,CCNB3,CALML3,SGPL1,PLPP1,NMS,TTK,STAG3,,BRCA1,,,,,VMP1,DNAJA2,ABCB9,WIPF3,NOS1,,WNT9B,SYK,RAB14,JUN,,,,,IFNA7,GADD45A,,TNNC1,PPP1R12B,CTBP2,,,PPP2CA,CXCR4,,MTOR,FCGR2C,BMPR2,,DIAPH1,,ITGAM,,HSPA4,,AXIN2,,LCP2,,HAT1,,IFNA8,IFNB1,,,CLEC4E,IFNE,GP1BA,PPP3CB,IL1B,NOTCH1,IL27,MAP3K14,,,INPPL1,EDN1,RAP1A,,,KCNJ5,TSC2,,,ARHGDIG,NDUFA1,GNG3,CAMK2D,GNG10,,GNGT1,,OR5T2,,,PRKCA,CRKL,PCK1,,MAPK3,,ANAPC4,SOS1,CALM1,,,PIK3CA,,PRKAB2,FBP1,,,NR4A1,ADCY3,,GNA12,,,PRKCE,NDUFA7,JAK2,GNAQ,PIK3CA,PRKAG2,,,,,,,,LPO,,ADCY2,,COL14A1,,,,,,COX6B1,TH,COX7B2,REST,ATP2A1,NDUFS1,PSMD3,,,ADORA1,,H3C7,,,,NCK1,ITPR1,AHNAK,,,MAP2K6,,SMAD2,,,GNAO1,SERPINB9,HLA-DRA,MAPK9,PPP2R2D,SOS2,BBC3,GNGT2,HLA-DOB,COL6A1,CCNE2,ATG14,POU2F3,PSMD3,PAK3,RPL18A,ADCY4,IGH,H4C14,,CAV2,BCL2,VDR,COX6B1,,,,,,MAPK3,,,,,,,PTGS2,,WNT5B,FZD7,MAPK3,,DGKG,,,,,GRIN2A,ANGPT1,,,,,,IGF1,ND6,,HSP90AB1,MAP2K4
92,,,,,,,,,,,,,,,ATP5F1E,,PDE9A,,,,,,,,,,,,,,,,,,,,,,,,,,,,,,,,,,,,,PTDSS2,,,,,,,,,,,,,,,,,,,,,,,,,,,,,,,,,RNA5S13,RPL11,UPF3B,PPP2R5C,,,,,PLRG1,,,,,,,,,,,,,,,,VEGFD,,GNB4,FGFR4,NTSR1,CALML6,CALML5,IFNA2,TNFRSF1A,SHC2,CXCL3,ENO3,CCND1,CALM2,S1PR1,PLPP3,NMUR1,BUB1,SMC1A,,FANCL,,,,,STX17,DNAJB1,CD164,HSPA8,MPO,,WNT10B,CD19,CFTR,FOS,,,,,IFNA8,GADD45B,,TNNI3,PPP1R12C,TLE7,,,PPP2CB,GNAI1,,EGR1,FCGR3A,SMAD1,,ROCK1,,SELPLG,,SLC9A3R1,,APC,,PLCG2,,H2AX,,IFNA10,NLRX1,,,PIK3CA,IFNK,GP1BB,PPP3CC,IFNG,NOTCH2,EBI3,GSK3B,,,GAB2,VEGFC,RAP1B,,,KCNJ6,RHEB,,,RHOA,NDUFA2,GNG4,CAMK2B,GNG11,,GNGT2,,OR8H1,,,PRKCB,DOCK1,PCK2,,ELK1,,ANAPC5,SOS2,CALML6,,,PIK3CD,,PRKAG1,FBP2,,,CYP11A1,ADCY4,,GNA13,,,PPARGC1A,NDUFA8,STAT3,GNA11,PIK3CD,FOXO1,,,,,,,,CAMP,,ADCY3,,COL15A1,,,,,,COX6B2,MAOB,COX7C,SIN3A,ATP2A3,NDUFS2,PSMD9,,,,,H4C16,,,,NCK2,ITPR2,AHNAK2,,,MAPK11,,SERPINE1,,,PIK3CG,SERPINB10,HLA-DRB1,NOS2,PPP2CA,HRAS,FASLG,GNAQ,HLA-DPA1,COL6A2,CDK2,PIK3C3,IFNAR1,PSMD12,PAK4,RPL19,ADCY5,MAF,H4C1,,CAV3,SERPINB5,CCND3,COX6B2,,,,,,SRD5A2,,,,,,,NOS2,,WNT6,FZD2,PIK3CA,,DGKQ,,,,,GRIN2B,TEK,,,,,,TGFB1,NDUFV1,,HSP90B1,MAP2K7
93,,,,,,,,,,,,,,,ATP5PO,,PDE10A,,,,,,,,,,,,,,,,,,,,,,,,,,,,,,,,,,,,,PISD,,,,,,,,,,,,,,,,,,,,,,,,,,,,,,,,,RNA5S4,RPL12,UPF3A,PPP2R5D,,,,,CWC15,,,,,,,,,,,,,,,,HGF,,GNB5,NGFR,OXTR,CALML5,CALML4,IFNA4,TNFRSF1B,SHC3,VCAM1,ENO2,CCND2,CALM3,S1PR2,PLPP2,NMUR2,BUB3,SMC1B,,MID1,,,,,UVRAG,DNAJB2,ENTPD4,HSPA1A,CTSL,,WNT10A,PIK3AP1,CD36,TP53,,,,,IFNA10,GADD45G,,TNNT2,GNA12,TLE1,,,RPS6KB1,GNAI3,,SPP1,FCGR3B,ID1,,ROCK2,,SELP,,EZR,,APC2,,BTK,,H2AC20,,IFNA13,ANTXR2,,,PIK3CD,IFNL1,GP5,PPP3R1,IL17B,,IL27RA,PDCD1,,,LAT,VEGFD,SIPA1,,,KCNJ9,RPTOR,,,CDC42,NDUFA3,GNG5,CAMK2G,GNG12,,DRD2,,OR8K3,,,PRKCG,SRC,MTOR,,EGR1,,CDC16,HRAS,CALML5,,,PIK3CB,,PRKAG3,PFKM,,,HSD3B1,ADCY6,,ARHGEF1,,,PPARA,NDUFA9,PIM1,PLCB1,PIK3CB,FOXO3,,,,,,,,,,ADCY4,,COL16A1,,,,,,COX6C,MAOA,COX8C,RCOR1,ATP2A2,NDUFS3,PSMD12,,,,,H4C15,,,,WIPF2,ITPR3,RHOJ,,,MAPK12,,FASLG,,,PIK3R5,SERPINB13,HLA-DRB3,IL6,PPP2CB,KRAS,FAS,GNA11,HLA-DPB1,COL6A3,RB1,ATG3,IFNAR2,PSMD11,PAK5,RPL21,ADCY6,ITGB7,H4C7,,CD63,MIR155,EGFR,COX6C,,,,,,AR,,,,,,,,,WNT7A,FZD3,PIK3CD,,DGKK,,,,,TRIM21,IFNG,,,,,,TGFB2,NDUFV2,,TLR2,MAPK8
94,,,,,,,,,,,,,,,ATP6,,PDE11A,,,,,,,,,,,,,,,,,,,,,,,,,,,,,,,,,,,,,PGS1,,,,,,,,,,,,,,,,,,,,,,,,,,,,,,,,,RNA5S3,RPL13,NXF1,PPP2R5E,,,,,CTNNBL1,,,,,,,,,,,,,,,,ANGPT1,,GNG2,INSR,AVPR1A,CALML4,CAMK2A,IFNA5,LTBR,SHC4,PLAU,ENO1,CCNG2,CALM1,HRAS,F2,NPFF,BUB1B,SMC3,,TRIM32,,,,,SH3GLB1,DNAJB12,SORT1,HSPA2,CTSS,,WNT11,GH1,IGF1,HRK,,,,,IFNA13,CDK1,,TPM1,GNA13,TLE2,,,RPS6KB2,GNAI2,,JAG1,TREM2,ID2,,MYL2,,ITGA4,,RDX,,CTNNB1,,VWF,,H2AC12,,IFNA14,ANTXR1,,,PIK3CB,IFNL2,ITGA1,PPP3R2,IL17D,,IFNG,CTLA4,,,DNM2,NOD2,VASP,,,PER1,MTOR,,,RAC1,NDUFA4,GNG7,CAMK4,GNG13,,ARRB1,,OR8J1,,,PRKCH,SOS1,RPTOR,,,,ANAPC7,KRAS,CALML4,,,PIK3R1,,PRKAG2,PFKP,,,HSD3B2,ADCY7,,ARHGEF11,,,PDPK1,NDUFA10,NFATC1,PLCB2,AKT1,PPARGC1A,,,,,,,,,,ADCY5,,COL17A1,,,,,,COX7A1,SLC6A3,COX8A,HDAC1,SLC1A6,NDUFS4,PSMD11,,,,,H4C9,,,,WIPF1,CAST,ARHGEF26,,,MAPK13,,FAS,,,PIK3R6,CTSG,HLA-DRB4,IL12A,PIAS1,NRAS,TRADD,PLCB1,HLA-DQA1,COL6A6,E2F1,MAP1LC3C,SOCS3,PSMD6,PAK6,RPL22L1,ADCY7,NSD2,BAX,,CDKN1A,MIR203A,GRB2,COX7A1,,,,,,HSP90AA1,,,,,,,,,WNT7B,FZD4,PIK3CB,,PRKCA,,,,,RO60,,,,,,,TGFB3,NDUFV3,,LBP,MAPK10
95,,,,,,,,,,,,,,,ATP5PB,,ADSS1,,,,,,,,,,,,,,,,,,,,,,,,,,,,,,,,,,,,,CRLS1,,,,,,,,,,,,,,,,,,,,,,,,,,,,,,,,,RNA5S2,RPL13A,NXF2,PPP2R5A,,,,,HSPA8,,,,,,,,,,,,,,,,ANGPT2,,GNG3,IGF1R,AVPR1B,MYLK,CAMK2D,IFNA6,TNFRSF14,GRB2,CSNK2A1,ENO4,CDKN2B,CALML6,KRAS,AGT,NPVF,MAD1L1,CCNB1,,TRIM37,,,,,RUBCN,DNAJC5,CLN3,HSPA1L,SEC61A1,,WNT16,GH2,IGF1R,MAP3K14,,,,,IFNA14,CCNB1,,TPM2,ARHGEF12,TLE3,,,,SLIT1,,NOTCH3,SIRPA,WNT1,,MYL5,,ITGB1,,MSN,,TCF3,,GP5,,H2AC1,,IFNA16,NLRP1,,,PIK3R1,IFNL3,ITGA2,NFATC1,,,IFNGR1,PTPN6,,,AMPH,ICAM1,ACTN1,,,PER2,MLST8,,,MAP3K1,NDUFA4L2,GNG8,JAK2,GNGT1,,ARRB2,,OR8U3,,,PRKCQ,SOS2,RPS6KB1,,,,CDC23,NRAS,CAMK2A,,,PIK3R2,,CAMK1D,PFKL,,,CYP21A2,ADCY8,,AKAP13,,,PTEN,NDUFAB1,STAT1,PLCB3,AKT2,PPARA,,,,,,,,,,ADCY6,,COL18A1,,,,,,COX7A2,SLC18A1,ATP5F1A,HDAC2,CIC,NDUFS5,PSMD6,,,,,H4C4,,,,WIPF3,CAPN1,RHOG,,,MAPK14,,FADD,,,PDPK1,IL10,HLA-DRB5,IL12B,EGF,JUN,FADD,PLCB2,HLA-DQA2,COL6A5,E2F2,MAP1LC3B,JAK1,PSMD7,BUB1B-PAK6,RPL22,ADCY8,H3-5,GRB2,,CASP3,MIR203B,SOS1,COX7A2,,,,,,HSP90AB1,,,,,,,,,WNT8A,FZD5,PIK3R1,,PRKCB,,,,,SSB,,,,,,,TNF,NDUFA1,,CD14,MAPK9
96,,,,,,,,,,,,,,,ATP5MC1,,ADSS2,,,,,,,,,,,,,,,,,,,,,,,,,,,,,,,,,,,,,TAFAZZIN,,,,,,,,,,,,,,,,,,,,,,,,,,,,,,,,,RNA5S10,RPL14,NXF2B,HBS1L,,,,,HSPA1A,,,,,,,,,,,,,,,,ANGPT4,,GNG4,PDGFRA,LTB4R2,MYLK2,CAMK2B,IFNA7,TNFRSF10A,SOS1,CSNK2A2,PGK2,CDKN2D,CALML5,NRAS,AVP,NPFFR1,MAD2L1,BUB1,,RBX1,,,,,CAMKK2,DNAJC5B,CLN5,HSPA1B,SEC61A2,,FZD1,CSH1,INS,CHUK,,,,,IFNA16,CCNB2,,TPM3,ARHGEF1,TLE4,,,,SLIT2,,CCND1,SIRPG,WNT2,,MYL7,,ITGA9,,PRKCE,,ESRRB,,GP1BA,,H2AC25,,IFNA17,PYCARD,,,PIK3R2,IFNW1,ITGA3,NFATC2,,,IFNGR2,CBLB,,,BIN1,SELE,ACTN4,,,PER3,AKT1S1,,,MAP3K5,NDUFA5,GNG10,FYN,GNGT2,,PPP2CA,,OR5M3,,,IGF1,HRAS,RPS6KB2,,,,ANAPC10,RAF1,CAMK2D,,,PIK3R3,,CAMK1G,PGAM1,,,NPPA,ADCY9,,RHOA,,,OGA,NDUFA11,STAT5A,PLCB4,AKT3,CPT1A,,,,,,,,,,ADCY7,,COL19A1,,,,,,COX7A2L,SLC18A2,ATP5F1B,POLR2A,PUM2,NDUFS6,PSMD7,,,,,H4C6,,,,CTTN,CAPN2,ELMO1,,,MAP2K4,,CASP8,,,AKT1,TGFB1,PTAFR,IL18,EGFR,SMAD4,CASP8,PLCB3,HLA-DQB1,COL9A1,E2F3,MAP1LC3A,TYK2,PSMD13,LIMK1,RPL23,ADCY9,H3-3B,TRADD,,TGFB1,MIR205,SOS2,COX7A2L,,,,,,HSP90B1,,,,,,,,,WNT8B,FZD8,PIK3R2,,PRKCG,,,,,ACTN1,,,,,,,AGT,NDUFA2,,LY96,MAP2K6
97,,,,,,,,,,,,,,,ATP5MC2,,AMPD2,,,,,,,,,,,,,,,,,,,,,,,,,,,,,,,,,,,,,LPGAT1,,,,,,,,,,,,,,,,,,,,,,,,,,,,,,,,,RNA5S12,RPL15,NXF3,PELO,,,,,HSPA2,,,,,,,,,,,,,,,,EFNA1,,GNG5,PDGFRB,PTAFR,MYLK3,CAMK2G,IFNA8,TNFRSF10B,SOS2,CSNK2A3,PGK1,CDKN1A,CALML4,RAF1,CXCL8,NPFFR2,MAD2L2,MAD2L1,,CUL1,,,,,MAP3K7,DNAJC5G,MFSD8,HSPA6,SEC61B,,FZD7,CSH2,INSR,IKBKB,,,,,IFNA17,CCNB3,,TPM4,ARHGEF11,TLE6,,,,SLIT3,,PDE3B,SIRPB1,WNT2B,,MYL9,,VCAM1,,ACTG1,,TCF7,,GP1BB,,H2AB3,,IFNA21,CASP1,,,PIK3R3,IFNAR1,ITGA4,PRKCA,,,STAT1,IL2,,,MYO10,VCAM1,VCL,,,FOS,RPS6KB1,,,MAP2K7,NDUFA6,GNG11,PIK3CA,CASP3,,PPP2CB,,OR5M8,,,TRPV2,KRAS,RPS6,,,,ANAPC11,MAP2K1,CAMK2B,,,PDPK1,,CAMK1,PGAM2,,,NPR1,PLCB1,,PLD1,,,OGT,NDUFA12,STAT5B,ITPR1,MTOR,ACADVL,,,,,,,,,,ADCY8,,COL20A1,,,,,,COX7B,SLC11A2,ATP5F1C,POLR2B,PUM1,NDUFS7,PSMD13,,,,,H4C12,,,,HCLS1,CAPNS1,ELMO2,,,MAP2K7,,CFLAR,,,AKT2,TGFB2,IL10,IL23A,GRB2,ATF2,BID,PLCB4,HLA-DRA,COL9A2,ATM,MAP1LC3B2,STAT1,PSMD4,LIMK2,RPL23A,PRKACA,H3C4,CDK1,,TLR2,MIR27A,EIF4EBP1,COX7B,,,,,,KLK3,,,,,,,,,WNT9A,FZD6,PIK3R3,,LYPLA1,,,,,ACTN4,,,,,,,,NDUFA3,,TLR4,MAPK11
98,,,,,,,,,,,,,,,ATP5MC3,,AMPD3,,,,,,,,,,,,,,,,,,,,,,,,,,,,,,,,,,,,,CDIPT,,,,,,,,,,,,,,,,,,,,,,,,,,,,,,,,,RNA5S8,RPL17,NXT1,,,,,,HSPA1L,,,,,,,,,,,,,,,,EFNA2,,GNG7,CSF1R,PTGER1,MYLK4,CAMK4,IFNA10,TNFRSF10C,HRAS,CSNK2B,PFKFB3,CDKN1B,,MAP2K1,AGTR1,NPS,FZR1,MAD2L2,,SKP1,,,,,ERN1,HSP90AA1,HGSNAT,DNAJC6,SEC61G,,FZD2,PRL,IRS1,IKBKG,,,,,IFNA21,MRE11,,ACTC1,RHOA,CTNND2,,,,ROBO1,,PIK3C3,TYROBP,WNT3,,MYL10,,ITGB7,,ACTB,,POU5F1,,GP9,,H2AC8,,IFNB1,BCL2,,,AKT1,IFNAR2,ITGA5,PRKCB,,,TBX21,IL4,,,,PTGS2,CXCL12,,,,RPS6KB2,,,MAPK8,NDUFA7,GNG12,PIK3CD,DUSP1,,PPP2R1B,,OR5AR1,,,TRPV3,NRAS,EIF4EBP1,,,,CDC26,MAP2K2,CAMK2G,,,AKT1,,CAMK2A,PGAM4,,,PDE2A,PLCB2,,PLD2,,,SLC2A1,NDUFA13,CCND1,ITPR2,GSK3B,ACADM,,,,,,,,,,ADCY9,,COL21A1,,,,,,COX7B2,SLC39A2,ATP5F1D,POLR2C,TBPL2,NDUFS8,PSMD4,,,,,H4C11,,,,NCL,ATM,ROCK2,,,MAPK8,,CD3D,,,AKT3,TGFB3,,IL1A,SOS1,CREB1,BAX,ITPR1,HLA-DRB1,COL9A3,ATR,GNB1,STAT2,PSMD14,CFL1,RSL24D1,PRKACB,H3C3,TBPL2,,TLR4,MIR27B,RPS6KB1,COX7B2,,,,,,,,,,,,,,,WNT9B,FZD10,AKT1,,GPCPD1,,,,,HLA-DMA,,,,,,,,NDUFA4,,TIRAP,MAPK12
99,,,,,,,,,,,,,,,ATP5PD,,AMPD1,,,,,,,,,,,,,,,,,,,,,,,,,,,,,,,,,,,,,MBOAT7,,,,,,,,,,,,,,,,,,,,,,,,,,,,,,,,,RNA5S7,RPL17-C18orf32,NXT2,,,,,,HSPA1B,,,,,,,,,,,,,,,,EFNA3,,GNG8,KIT,PTGER3,MYL9,ABCC4,IFNA13,TNFRSF10D,KRAS,RELB,LDHAL6A,RBL2,,MAP2K2,F2R,NPSR1,CDC14B,MAD1L1,,BTRC,,,,,ITPR1,HSP90AB1,SUMF1,WASHC4,TAP1,,FZD3,OSM,IRS2,NFKBIA,,,,,IFNB1,RAD50,,MYH7,ROCK1,CREBBP,,,,ROBO2,,PIK3R4,SYK,WNT3A,,MYL12B,,MADCAM1,,CACNA1D,,POU5F1B,,AKT1,,H2AC4,,IFNAR1,BCL2L1,,,AKT2,IFNLR1,ITGA6,PRKCG,,,IL2,IL5,,,,TNFRSF1B,CXCR4,,,,RPS6,,,MAPK10,NDUFA8,GNG13,PIK3CB,HRAS,,PPP2R1A,,OR8B12,,,,RRAS,EIF4E,,,,ANAPC13,MAPK1,PRKCA,,,AKT2,,CAMK2D,PKM,,,,PLCB3,,MMP14,,,GFPT2,NDUFB1,CDK4,ITPR3,IGF1,ACOX3,,,,,,,,,,CFTR,,COL22A1,,,,,,COX7C,SLC39A3,ATP5F1E,POLR2D,TBPL1,NDUFC1,PSMD14,,,,,H4C3,,,,ITGB1,TP53,MYL2,,,MAPK10,,CD3E,,,BAD,C8A,,IL1B,SOS2,CREB3,BAK1,ITPR2,HLA-DRB3,LAMA1,CHEK1,GNB2,IRF9,PSMD8,CFL2,RPL24,PRKACG,H3C1,TBPL1,,PDCD4,ST14,RPS6KB2,COX7C,,,,,,,,,,,,,,,WNT10B,FZD9,AKT2,,,,,,,HLA-DMB,,,,,,,,NDUFA4L2,,MYD88,MAPK13
100,,,,,,,,,,,,,,,ATP5ME,,ADK,,,,,,,,,,,,,,,,,,,,,,,,,,,,,,,,,,,,,,,,,,,,,,,,,,,,,,,,,,,,,,,,,,,,,,RNA5S14,RPL18,DDX39B,,,,,,HSPA6,,,,,,,,,,,,,,,,EFNA4,,GNG10,FLT1,PTGFR,CNGA1,RAPGEF3,IFNA14,CSF1R,NRAS,CCL13,LDHAL6B,PLK1,,PDPK1,GRM1,NPY,CDC14A,CCNE1,,FBXW11,,,,,DAPK1,HSPH1,GNPTAB,WASHC5,TAP2,,FZD4,IL2,IRS4,NFKB1,,,,,IFNG,NBN,,MYH6,ROCK2,EP300,,,,ROBO3,,BECN1,BLNK,WNT4,,MYL12A,,SELL,,MAP3K5,,FGF2,,AKT2,,MACROH2A2,,IFNAR2,CTSB,,,AKT3,IFNG,,SH2D1B,,,IL2RA,IL10,,,,TRAF3,GNAI1,,,,ACSL6,,,MAPK9,NDUFA9,GNGT1,PIK3R1,KRAS,,PPP2R2A,,OR8G5,,,,RRAS2,EIF4E2,,,,ANAPC15,MAPK3,PRKCB,,,AKT3,,CAMK2B,PDHA2,,,,PLCB4,,MMP15,,,GFPT1,NDUFB2,EGR1,KCNK2,JUNB,ACOX1,,,,,,,,,,SLC26A3,,COL23A1,,,,,,COX8C,SLC39A1,ATP6,POLR2E,TBP,NDUFC2,PSMD8,,,,,H4C8,,,,IL1B,BCL2L1,MYL5,,,MAPK9,,CD3G,,,CD40LG,C8B,,CEBPB,HRAS,CREB3L1,BCL2,ITPR3,HLA-DRB4,LAMA2,CHEK2,GNB3,ZNF583,ADRM1,TNF,RPL26,GNB1,H3-3A,TBP,,TNF,CYP1B1,PAQR7,COX8C,,,,,,,,,,,,,,,WNT10A,LRP5,AKT3,,,,,,,HLA-DOA,,,,,,,,NDUFA5,,IRAK4,MAPK14
101,,,,,,,,,,,,,,,ATP5MF,,ADA,,,,,,,,,,,,,,,,,,,,,,,,,,,,,,,,,,,,,,,,,,,,,,,,,,,,,,,,,,,,,,,,,,,,,,RNA5S15,RPL18A,SRRM1,,,,,,PQBP1,,,,,,,,,,,,,,,,EFNA5,,GNG11,FLT4,BDKRB1,CNGB1,RAPGEF4,IFNA16,,RAF1,CCL19,LDHA,PLK2,,NOS3,GRM2,PYY,ATR,CCNE2,,SKP2,,,,,DAPK3,HSPA4L,GNPTG,WASHC2C,CALR,,FZD5,IL3,PIK3CA,RELA,,,,,IFNAR1,ATM,,MYL2,ADORA2A,RUVBL1,,,,SRGAP2,,BECN2,LCP2,WNT5A,,MYL11,,CD34,,MAP2K7,,FGFR1,,AKT3,,MACROH2A1,,STAT1,NLRP3,,,MDM2,IFNGR1,,SH2D1A,,,IL2RB,IFNG,,,,PIK3CA,GNAI3,,,,ACSL4,,,JUN,NDUFA10,GNGT2,PIK3R2,NRAS,,PPP2R2B,,OR10G8,,,,MRAS,EIF4E1B,,,,ANAPC16,PIK3CA,PRKCG,,,GSK3B,,CAMK2G,PDHA1,,,,PRKCA,,MMP16,,,CRTC2,NDUFB3,,CACNA1G,SOCS1,FABP1,,,,,,,,,,SLC4A4,,COL25A1,,,,,,COX8A,SLC39A4,ATP5PB,POLR2F,RBPJL,NDUFC2-KCTD14,ADRM1,,,,,H4C2,,,,IL1R1,BCL2,MYL7,,,FOS,,CD247,,,CD40,C8G,,CEBPG,KRAS,CREB3L2,BCL2L1,CALML3,HLA-DRB5,LAMA3,TP53,GNB4,ZNF558,SEM1,TNFRSF1B,RPL26L1,GNB2,H3-4,USP7,,IL12B,MIR31,PAQR8,COX8A,,,,,,,,,,,,,,,WNT11,LRP6,MTOR,,,,,,,HLA-DOB,,,,,,,,NDUFA6,,IRAK1,FOS
102,,,,,,,,,,,,,,,ATP5MG,,ADA2,,,,,,,,,,,,,,,,,,,,,,,,,,,,,,,,,,,,,,,,,,,,,,,,,,,,,,,,,,,,,,,,,,,,,,RNA5S17,RPL19,PYM1,,,,,,WBP11,,,,,,,,,,,,,,,,EGFR,,GNG12,KDR,BDKRB2,ADCY1,RRAS,IFNA17,,BRAF,CCL21,LDHB,PLK3,,RAC1,GRM3,PPY,ATM,SGO1,,FBXW7,,,,,DAPK2,BAG1,NAGPA,WASHC2A,CANX,,FZD8,IL6,PIK3CD,PTPN13,,,,,IFNAR2,CHEK2,,MYL3,ADORA2B,SMAD4,,,,SRGAP1,,MAP1LC3C,PLCG2,WNT5B,,PPP1CA,,GLG1,,SRC,,FGFR2,,NOS3,,H2AC19,,CXCL10,PANX1,,,IRF1,IFNGR2,,IFNGR1,,,STAT5A,CSF2,,,,PIK3CD,GNAI2,,,,ACSL1,,,TP53,NDUFAB1,GRK2,PIK3R3,ARAF,,PPP2R2C,,OR10G9,,,,ARHGEF6,TSC1,,,,KIF22,PIK3CD,,,,MDM2,,CAMK4,PDHB,,,,MAP2K4,,MMP17,,,CREB1,NDUFB4,,CACNA1H,SOCS2,ADH1A,,,,,,,,,,CA2,,COL26A1,,,,,,ATP5F1A,SLC39A5,ATP5MC1,POLR2G,RBPJ,SDHA,SEM1,,,,,H4C5,,,,TLR4,HK3,MYL9,,,JUN,,IL2,,,PPIF,C9,,TLR9,NRAS,CREB3L3,BAD,CALM2,NLRP3,LAMA5,PIK3R1,GNB5,ZNF98,TAP1,BCL2L1,RPL27,GNB3,H3C14,MDM2,,ERBB3,MIR99A,PAQR5,ATP5F1A,,,,,,,,,,,,,,,WNT16,DVL3,RPS6KB1,,,,,,,HLA-DPA1,,,,,,,,NDUFA7,,TRAF6,JUN
103,,,,,,,,,,,,,,,ATP5PF,,AK7,,,,,,,,,,,,,,,,,,,,,,,,,,,,,,,,,,,,,,,,,,,,,,,,,,,,,,,,,,,,,,,,,,,,,,RNA5S9,RPL21,THOC1,,,,,,SNW1,,,,,,,,,,,,,,,,ERBB2,,GNG13,MET,TACR1,ADCY2,RRAS2,IFNA21,,MAP2K1,CXCL12,LDHC,PLK4,,RAC2,GRM4,NPY1R,TP53,PPP2R5B,,FBXO2,,,,,HMGB1,BAG2,IGF2R,WASHC1,FCAR,,FZD6,IL4,PIK3CB,GADD45A,,,,,IFNGR1,RAD9A,,MYL4,PTGIR,SMAD3,,,,SRGAP3,,MAP1LC3B,PPP3CA,WNT6,,PPP1CB,,SELE,,CTTN,,FGFR3,,GUCY1A2,,H2AJ,,CXCL9,P2RX7,,,CLEC4D,EGF,,IFNGR2,,,STAT5B,TNF,,,,PIK3CB,RAPGEF3,,,,ACSL5,,,BAX,NDUFA11,GRK3,AKT1,BRAF,,PPP2R2D,,OR10S1,,,,PIK3CA,TSC2,,,,,PIK3CB,,,,TSC2,,NOS3,LDHAL6A,,,,MAP2K7,,MMP24,,,CREB3,NDUFB5,,CACNA1I,SOCS3,ADH1B,,,,,,,,,,,,COL28A1,,,,,,ATP5F1B,SLC39A6,ATP5MC2,POLR2H,SP1,SDHB,UCHL1,,,,,H4C13,,,,TIRAP,HK1,MYL10,,,TICAM1,,,,,CCR5,,,IFNA1,BRAF,CREB3L4,CYCS,CALM3,PYCARD,LAMA4,PIK3R2,GNG2,ZNF555,TAP2,TLR2,RPL27A,GNB4,H3C15,RBPJL,,ERBB4,MIR100,PGR,ATP5F1B,,,,,,,,,,,,,,,FZD1,DVL2,RPS6KB2,,,,,,,HLA-DPB1,,,,,,,,NDUFA8,,TAB1,MMP2
104,,,,,,,,,,,,,,,ATP8,,AK4,,,,,,,,,,,,,,,,,,,,,,,,,,,,,,,,,,,,,,,,,,,,,,,,,,,,,,,,,,,,,,,,,,,,,,SNORD3A,RPL22L1,THOC2,,,,,,XAB2,,,,,,,,,,,,,,,,ERBB3,,GNGT1,TEK,TACR2,ADCY3,PLD1,IFNB1,,MAPK1,ICAM1,BCL2,GADD45A,,RAC3,GRM5,NPY2R,CHEK1,PPP2R5C,,FBXO4,,,,,PRAP1,HSPBP1,M6PR,WASHC3,FCGR1A,,FZD10,IL7,PIK3R1,GADD45B,,,,,IFNGR2,RAD9B,,PLN,CALCA,MAP3K7,,,,SEMA3A,,MAP1LC3A,PPP3CB,WNT7A,,PPP1CC,,NECTIN1,,HCLS1,,FGFR4,,GUCY1A1,,H2AB1,,CXCL11,TRPM2,,,CLEC1B,PDGFA,,IFNA1,,,FOXP3,CDK4,,,,PIK3R1,RAPGEF4,,,,ACSL3,,,TP73,NDUFA12,KCNJ3,AKT2,RAF1,,PPP2R3B,,OR6T1,,,,PIK3CD,RHEB,,,,,PIK3R1,,,,RHEB,,GUCY1A2,LDHAL6B,,,,MAPK11,,MMP25,,,CREB3L1,NDUFB6,,ORAI1,IGFALS,ADH1C,,,,,,,,,,,,,,,,,,ATP5F1C,SLC39A7,ATP5MC3,POLR2I,GTF2B,SDHC,UBA1,,,,,H4C14,,,,MYD88,HK2,MYL12B,,,TBK1,,,,,ALOX5,,,IFNA2,RAF1,ATF4,APAF1,CALM1,CASP1,LAMB1,PIK3R3,GNG3,ZNF569,TAPBP,TLR4,RPL28,GNB5,H3C13,RBPJ,,MYC,MTOR,TNFSF11,ATP5F1C,,,,,,,,,,,,,,,FZD7,DVL1,BCL2,,,,,,,HLA-DQA1,,,,,,,,NDUFA9,,TAB2,MMP9
105,,,,,,,,,,,,,,,ATP6V1A,,AK5,,,,,,,,,,,,,,,,,,,,,,,,,,,,,,,,,,,,,,,,,,,,,,,,,,,,,,,,,,,,,,,,,,,,,,SNORD3C,RPL22,THOC5,,,,,,SYF2,,,,,,,,,,,,,,,,ERBB4,,GNGT2,EPHA2,TACR3,ADCY4,PLD2,IFNW1,,MAPK3,,CDKN1A,GADD45B,,S1PR3,GRM6,NPY4R,CHEK2,PPP2R5D,,CUL2,,,,,EIF2AK3,CRYAA,CLTA,CAPZA1,FCGR2A,,FZD9,IFNA1,PIK3R2,GADD45G,,,,,JAK1,RAD1,,ATP2A1,CALCB,NLK,,,,SEMA3B,,MAP1LC3B2,PPP3CC,WNT7B,,PPP1R12A,,CDH2,,ACTR2,,HRAS,,GUCY1B1,,H2AC17,,,TRPM7,,,,PDGFB,,IFNA2,,,RARA,,,,,PIK3R2,RASSF5,,,,ND1,,,TRAF6,NDUFA13,CACNA1A,AKT3,MAP2K1,,PPP2R3C,,OR4D5,,,,PIK3CB,BAD,,,,,PIK3R2,,,,MTOR,,GUCY1A1,LDHA,,,,MAPK12,,HBEGF,,,CREB3L2,NDUFB7,,KCNA4,IGFBP3,ADH7,,,,,,,,,,,,,,,,,,ATP5F1D,SLC39A8,ATP5PD,POLR2L,NFYA,SDHD,UBA7,,,,,H4C1,,,,TLR5,HKDC1,MYL12A,,,IRF3,,,,,IL10,,,IFNA4,ARAF,CREB5,CASP9,CALML6,IL18,LAMB2,PIK3CA,GNG4,ZNF570,PDIA3,MYD88,RPL29,GNG2,H3C6,SNW1,,CTNNB1,RPTOR,STAT5A,ATP5F1D,,,,,,,,,,,,,,,FZD2,FRAT1,MLH1,,,,,,,HLA-DQA2,,,,,,,,NDUFA10,,MAP3K7,CTSL
106,,,,,,,,,,,,,,,ATP6V1B1,,AK2,,,,,,,,,,,,,,,,,,,,,,,,,,,,,,,,,,,,,,,,,,,,,,,,,,,,,,,,,,,,,,,,,,,,,,SNORD3B-2,RPL23,THOC6,,,,,,CRNKL1,,,,,,,,,,,,,,,,FGFR1,,PRKACA,CRK,TBXA2R,ADCY5,PLCE1,IFNK,,PIK3CA,,CDKN1B,GADD45G,,GNAQ,GRM7,NPY4R2,CREBBP,PPP2R5E,,ELOC,,,,,EIF2AK4,CRYAA,CLTB,CAPZA2,FCGR2B,,LRP5,IFNA2,PIK3R3,TRAF1,,,,,JAK2,HUS1,,ATP2A3,ADM,MYC,,,,SEMA3C,,PRKAA1,PPP3R1,WNT8A,,PPP1R12B,,NCAM1,,ACTR3B,,KRAS,,PRKG1,,H2AC18,,,TRPV2,,,,EGFR,,IFNA4,,,RXRA,,,,,PIK3R3,PTK2B,,,,ND2,,,ZNF274,NDUFB1,SLC1A2,BCL2,CACNA1A,,PPP2R3A,,OR6Q1,,,,PIK3R1,SHC1,,,,,PIK3R3,,,,TBC1D4,,GUCY1B1,LDHB,,,,MAPK13,,EGFR,,,CREB3L3,NDUFB8,,KCNK3,PTK2,ADH4,,,,,,,,,,,,,,,,,,ATP5F1E,SLC39A9,ATP5PO,POLR2J,XBP1,UQCRFS1,UBE2L3,,,,,H4C7,,,,IRAK1,VDAC1,MYL11,,,TNF,,,,,IL10RA,,,IFNA5,YWHAZ,ATF6B,CASP3,CALML5,IL33,LAMB3,PIK3CD,GNG5,ZNF595,CALR,IRAK4,RPL30,GNG3,H3C11,GTF2H1,,HIF1A,CYP24A1,STAT5B,ATP5F1E,,,,,,,,,,,,,,,FZD3,FRAT2,CDKN1B,,,,,,,HLA-DQB1,,,,,,,,NDUFAB1,,CHUK,CCL2
107,,,,,,,,,,,,,,,ATP6V1B2,,AK1,,,,,,,,,,,,,,,,,,,,,,,,,,,,,,,,,,,,,,,,,,,,,,,,,,,,,,,,,,,,,,,,,,,,,,SNORD3B-1,RPL23A,THOC7,,,,,,ISY1,,,,,,,,,,,,,,,,FGFR2,,PRKACB,CRKL,TRHR,ADCY6,MAPK8,IFNE,,PIK3CD,,PDHA2,FASLG,,PRKCA,GRM8,NPY5R,EP300,PPP2R5A,,ELOB,,,,,EIF2S1,CRYAB,CLTC,CAPZA3,FCGR2C,,LRP6,IFNA4,PDPK1,BCL2A1,,,,,JAK3,ATR,,ATP2A2,ADM2,JUN,,,,SEMA3D,,PRKAA2,PPP3R2,WNT8B,,PPP1R12C,,NCAM2,,ACTR3C,,NRAS,,PRKG2,,H2AC11,,,CASR,,,,PDGFRA,,IFNA5,,,RXRB,,,,,AKT1,ITK,,,,ND3,,,PRDM4,NDUFB2,SLC1A7,CACNA1A,CACNA1B,,PPP2R5B,,OR9I1,,,,PIK3R2,SHC2,,,,,AKT1,,,,PFKFB2,,NPPA,LDHC,,,,MAPK14,,,,,CREB3L4,NDUFB9,,LDLR,BCAR1,ADH5,,,,,,,,,,,,,,,,,,ATP6,SLC39A10,ATP5PF,POLR2J3,MYOD1,CYTB,UBE2L6,,,,,HAT1,,,,IRAK4,BAX,FHOD1,,,IL6,,,,,IL10RB,,,IFNA6,YWHAB,CXCL8,CDKN1B,CALML4,PIK3R1,LAMB4,PIK3CB,GNG7,ZNF425,HLA-A,IRAK1,RPL31,GNG4,H3C8,GTF2H2,,TFAP4,ERBB2,BCL6,ATP6,,,,,,,,,,,,,,,FZD4,GSK3B,CDK2,,,,,,,HLA-DRA,,,,,,,,NDUFA11,,IKBKB,VCAM1
108,,,,,,,,,,,,,,,ATP6V1C2,,AK8,,,,,,,,,,,,,,,,,,,,,,,,,,,,,,,,,,,,,,,,,,,,,,,,,,,,,,,,,,,,,,,,,,,,,,SNORD3E,RSL24D1,THOC3,,,,,,ISY1-RAB43,,,,,,,,,,,,,,,,FGFR3,,PRKACG,RAPGEF1,CCKAR,ADCY7,MAPK10,IFNG,,PIK3CB,,PDHA1,BCL2L11,,PRKCB,AVPR1A,GPR83,PRKDC,PPP2R1B,,VHL,,,,,MTMR3,YOD1,CLTCL1,CAPZB,FCGR3A,,DVL3,IFNA5,AKT1,ATM,,,,,TYK2,CHEK1,,AGT,CALCRL,FOSL1,,,,SEMA3E,,PRKAB1,CAMK4,WNT9A,,MYLK,,L1CAM,,ACTR3,,RAF1,,MAPK11,,H2AC21,,,GPRC6A,,,,PDGFRB,,IFNA6,,,RXRG,,,,,AKT2,TXK,,,,ND4,,,MAGED1,NDUFB3,SLC1A1,CACNA1B,KCNJ3,,PPP2R5C,,OR9Q1,,,,PIK3R3,SHC3,,,,,AKT2,,,,BAD,,NPR1,,,,,MAPK8,,,,,CREB5,NDUFB10,,SCARB1,CRK,ADH6,,,,,,,,,,,,,,,,,,ATP5PB,SLC39A11,ATP8,POLR2J2,MTOR,CYC1,UBE2J2,,,,,DRD1,,,,PTPN6,CYCS,CDC42,,,CXCL8,,,,,TYK2,,,IFNA7,YWHAQ,PCNA,CCND1,PPP3CA,PIK3R2,LAMC1,AKT1,GNG8,ZNF746,HLA-B,TRAF6,RPL32,GNG5,H3C12,GTF2H2C_2,,VEGFA,ERBB3,KLF5,ATP5PB,,,,,,,,,,,,,,,FZD5,AXIN1,CCNE1,,,,,,,HLA-DRB1,,,,,,,,NDUFA12,,IKBKG,ICAM1
109,,,,,,,,,,,,,,,ATP6V1C1,,AK6,,,,,,,,,,,,,,,,,,,,,,,,,,,,,,,,,,,,,,,,,,,,,,,,,,,,,,,,,,,,,,,,,,,,,,RMRP,RPL24,,,,,,,PPIL1,,,,,,,,,,,,,,,,FGFR4,,RASGRF1,BCAR1,CCKBR,ADCY8,MAPK9,IL1A,,PIK3R1,,PDHB,TNFSF10,,PRKCG,AVPR1B,NPW,MDM2,PPP2R1A,,CUL3,,,,,MTMR4,PLAA,AP1G1,VPS29,FCGR3B,,DVL2,IFNA6,AKT2,PIDD1,,,,,STAT1,CDC25A,,AGTR1,RAMP1,CCND1,,,,SEMA3F,,PRKAB2,CREB1,WNT9B,,MYLK2,,CADM1,,ARPC1B,,IGF1,,MAPK12,,H2AZ2,,,PLCB1,,,,JAK1,,IFNA7,,,,,,,,AKT3,VAV3,,,,ND4L,,,BEX3,NDUFB4,SLC1A6,CACNA1C,KCNJ6,,PPP2R5D,,OR9Q2,,,,VAV3,SHC4,,,,,AKT3,,,,FOXO1,,NPR2,,,,,MAPK10,,,,,,NDUFB11,,CYP11A1,CRKL,ALDH2,,,,,,,,,,,,,,,,,,ATP5MC1,SLC39A12,VDAC1,POLR2K,ULK1,UQCRC1,UBE2J1,,,,,GNAS,,,,PTPN11,BNIP3,RAC1,,,IFNB1,,,,,STAT3,,,IFNA8,YWHAE,ARAF,CCND2,PPP3CB,PIK3R3,LAMC2,AKT2,GNG10,ZNF782,HLA-C,TAB1,RPL34,GNG7,H3C10,GTF2H2C,,KDR,ABL1,KLF4,ATP5MC1,,,,,,,,,,,,,,,FZD8,AXIN2,CCNE2,,,,,,,HLA-DRB3,,,,,,,,NDUFA13,,NFKBIA,SELE
110,,,,,,,,,,,,,,,ATP6V1D,,AK3,,,,,,,,,,,,,,,,,,,,,,,,,,,,,,,,,,,,,,,,,,,,,,,,,,,,,,,,,,,,,,,,,,,,,,,RPL26,,,,,,,PPIE,,,,,,,,,,,,,,,,NGFR,,RASGRF2,CDH1,CXCR4,ADCY9,RAP1A,IL1B,,PIK3R2,,,BCL6,,S1PR4,AVPR2,NPB,GADD45A,PPP2CA,,KEAP1,,,,,MTMR14,RAD23B,AP1G2,VPS26B,IGH,,DVL1,IFNA7,AKT3,TP53AIP1,,,,,STAT2,SQSTM1,,AGTR2,RAMP2,CCND2,,,,SEMA3G,,PRKAG1,SPI1,WNT10B,,MYLK3,,NEGR1,,ARPC1A,,IGF1R,,MAPK13,,H2AC7,,,PLCB2,,,,JAK2,,IFNA8,,,,,,,,DAB2IP,VAV1,,,,ND5,,,YWHAE,NDUFB5,CACNA1C,CACNA1D,KCNJ9,,PPP2R5E,,OR1S2,,,,VAV1,GRB2,,,,,GABBR1,,,,CASP9,,MYLK,,,,,MAPK9,,,,,,NDUFS1,,HSD3B1,MAP3K1,ALDH3A2,,,,,,,,,,,,,,,,,,ATP5MC2,SLC39A13,TOMM40,BDNF,ULK2,UQCRC2,UBE2G2,,,,,DRD2,,,,TRAF6,PPID,NCKAP1,,,PIK3CA,,,,,TGFB1,,,IFNA10,YWHAH,BRAF,CCND3,PPP3CC,PIK3CA,LAMC3,AKT3,GNG11,ZNF519,HLA-F,TAB2,RPL35,GNG8,H3C2,GTF2H3,,MET,TP63,WNT1,ATP5MC2,,,,,,,,,,,,,,,FZD6,APC,RB1,,,,,,,HLA-DRB4,,,,,,,,NDUFB1,,TICAM2,TNF
111,,,,,,,,,,,,,,,ATP6V1E2,,ENTPD2,,,,,,,,,,,,,,,,,,,,,,,,,,,,,,,,,,,,,,,,,,,,,,,,,,,,,,,,,,,,,,,,,,,,,,,RPL26L1,,,,,,,CCDC12,,,,,,,,,,,,,,,,NTRK1,,GRIN1,CTNNB1,GNAQ,PDE2A,RAP1B,IL1RN,,PIK3R3,,,BNIP3,,S1PR5,LPAR1,NPBWR1,GADD45B,PPP2CB,,KLHL9,,,,,ZFYVE1,RAD23A,AP1B1,VPS26A,C1R,,GSK3B,IFNA8,TSC2,BBC3,,,,,STAT3,GATA4,,ADRA1A,RAMP3,CCND3,,,,PLXNA2,,PRKAG3,MITF,WNT10A,,MYLK4,,NTNG1,,ARPC2,,HESX1,,MAPK14,,H2AZ1,,,PLCB3,,,,JAK3,,IFNA10,,,,,,,,IRF1,VAV2,,,,ND6,,,RIPK2,NDUFB6,CACNA1D,CACNA1F,KCNJ5,,PPP2R5A,,OR1S1,,,,VAV2,SOS1,,,,,GABBR2,,,,RCAN2,,MYLK2,,,,,JUN,,,,,,NDUFS2,,HSD3B2,MAP2K3,ALDH1B1,,,,,,,,,,,,,,,,,,ATP5MC3,SLC39A14,TOMM40L,CREBBP,ATG101,UQCRH,UBE2G1,,,,,GNAI1,,,,TNF,CASP4,NCKAP1L,,,PIK3CD,,,,,TGFB2,,,IFNA13,YWHAG,RAF1,CCNE1,PPP3R1,PIK3CD,CHAD,DLG1,GNG12,ZNF836,HLA-G,MAP3K7,RPL35A,GNG10,H3C7,GTF2H4,,CBL,ZEB2,NOTCH2,ATP5MC3,,,,,,,,,,,,,,,FZD10,APC2,E2F1,,,,,,,HLA-DRB5,,,,,,,,NDUFB2,,TICAM1,IL1A
112,,,,,,,,,,,,,,,ATP6V1E1,,NTPCR,,,,,,,,,,,,,,,,,,,,,,,,,,,,,,,,,,,,,,,,,,,,,,,,,,,,,,,,,,,,,,,,,,,,,,,RPL27,,,,,,,RBM22,,,,,,,,,,,,,,,,NTRK2,,GRIN2A,MAGI1,GNA11,PDE3A,TIAM1,IL36RN,,PIK3CG,,,ATG12,,GNA12,LPAR2,NPBWR2,GADD45G,PLCZ1,,KLHL13,,,,,ATG12,UBQLN1,AP1M1,VPS35,ITGAM,,TNF,IFNA10,TSC1,PMAIP1,,,,,STAT4,TRAF3IP2,,ADRA1B,GNAS,CCN4,,,,PLXNA3,,PRKAG2,CTSK,WNT11,,PIP5K1C,,LRRC4C,,ARPC3,,ZIC3,,MAPK1,,H2AC15,,,PLCB4,,,,TYK2,,IFNA13,,,,,,,,IFNB1,RAC2,,,,NDUFS1,,,IRAK1,NDUFB7,SLC1A3,CACNA1S,TRPC1,,AKT1,,OR10Q1,,,,TIAM1,SOS2,,,,,GNAI1,,,,SLC2A1,,MYLK3,,,,,FOS,,,,,,NDUFS3,,CYP21A2,MAP2K4,ALDH7A1,,,,,,,,,,,,,,,,,,ATP5PD,ND1,MCU,EP300,ATG13,UQCRHL,GPR37,,,,,GNAI3,,,,TNFRSF1A,IL1B,CYFIP1,,,PIK3CB,,,,,TGFB3,,,IFNA14,MAP2K1,MAP2K1,CCNE2,PPP3R2,PIK3CB,RELN,PTEN,GNG13,ZNF610,HLA-E,CHUK,RPL36,GNG11,PAX5,GTF2E1,,TIMP3,FSCN1,JAG1,ATP5PD,,,,,,,,,,,,,,,FZD9,CTNNB1,E2F2,,,,,,,CD80,,,,,,,,NDUFB3,,TRAF3,IL1B
113,,,,,,,,,,,,,,,ATP6V1F,,ENPP1,,,,,,,,,,,,,,,,,,,,,,,,,,,,,,,,,,,,,,,,,,,,,,,,,,,,,,,,,,,,,,,,,,,,,,,RPL27A,,,,,,,BUD31,,,,,,,,,,,,,,,,INSR,,GRIN2B,MAGI2,GNA14,PDE3B,VAV3,IL36A,,PIK3R5,,,GABARAP,,GNA13,LPAR3,NTS,PCNA,ITPR1,,RHOBTB2,,,,,ATG5,UBQLN2,AP1M2,SNX12,ITGB2,,TNFRSF1A,IFNA13,RHEB,CASP2,,,,,STAT5A,NFKB1,,ADRA1D,ADCY1,PPARD,,,,PLXNA1,,PLIN1,ACP5,WNT16,,PIP5K1A,,NTNG2,,ARPC4,,LEFTY1,,MAPK3,,H2AC6,,,ITPR1,,,,STAT1,,IFNA14,,,,,,,,,CDC42,,,,NDUFS2,,,IRAK2,NDUFB8,GLUL,SLC5A7,SLC6A4,,AKT2,,OR5B17,,,,ARAF,HRAS,,,,,GNAI3,,,,PFKM,,MYLK4,,,,,HRAS,,,,,,NDUFS4,,FH,MAP2K6,ALDH9A1,,,,,,,,,,,,,,,,,,ATP5PO,ND2,PINK1,TAF4B,RB1CC1,UQCRB,SEPTIN5,,,,,GNAI2,,,,TRADD,IL18,CYFIP2,,,PIK3R1,,,,,,,,IFNA16,MAP2K2,MAP2K2,CDK4,NFATC1,AKT1,SPP1,TNF,GNGT1,ZNF320,B2M,IKBKB,RPL37,GNG12,PAX8,GTF2E2,,THBS1,MIR375,MIR141,ATP5PO,,,,,,,,,,,,,,,LRP5,CSNK1A1L,E2F3,,,,,,,CD86,,,,,,,,NDUFB4,,MIB1,IFNG
114,,,,,,,,,,,,,,,ATP6V1G1,,ENPP3,,,,,,,,,,,,,,,,,,,,,,,,,,,,,,,,,,,,,,,,,,,,,,,,,,,,,,,,,,,,,,,,,,,,,,,RPL28,,,,,,,AQR,,,,,,,,,,,,,,,,IGF1R,,CALML3,MAGI3,GNA15,PDE5A,VAV1,IL36B,,PIK3R6,,,GABARAPL1,,RHOA,LPAR4,NTSR1,SFN,ITPR2,,RHOBTB1,,,,,ATG16L1,UBQLN3,AP1S1,SNX3,C3,,IKBKB,IFNA14,MTOR,NGF,,,,,STAT5B,RELA,,GNAQ,ADCY2,MMP7,,,,PLXNA4,,PPARGC1A,CALCR,FZD1,,PIP5K1B,,LRRC4,,ARPC5,,LEFTY2,,PLA2G4E,,H2AC13,,,ITPR2,,,,STAT2,,IFNA16,,,,,,,,,RHOH,,,,NDUFS3,,,IRAK3,NDUFB9,SLC38A3,,MAOB,,AKT3,,OR5B21,,,,BRAF,KRAS,,,,,GNAI2,,,,PFKP,,MYL6B,,,,,KRAS,,,,,,NDUFS5,,WNT1,MAPK8,CYP2E1,,,,,,,,,,,,,,,,,,ATP5PF,ND3,PRKN,TAF4,AMBRA1,UQCRQ,SNCAIP,,,,,GNAO1,,,,GAPDH,TNF,ABI1,,,PIK3R2,,,,,,,,IFNA17,MAPK1,MAPK1,CDK6,NFATC2,AKT2,VTN,TNFRSF1A,GNGT2,ZNF550,SNW1,IKBKG,RPL37A,GNG13,PPARG,SND1,,MMP2,MIR602,MIR29A,ATP5PF,,,,,,,,,,,,,,,LRP6,CSNK1A1,TGFB1,,,,,,,CD28,,,,,,,,NDUFB5,,MIB2,PDGFA
115,,,,,,,,,,,,,,,ATP6V1G3,,PDE4A,,,,,,,,,,,,,,,,,,,,,,,,,,,,,,,,,,,,,,,,,,,,,,,,,,,,,,,,,,,,,,,,,,,,,,,RPL29,,,,,,,ACIN1,,,,,,,,,,,,,,,,PDGFRA,,CALM2,RAPGEF2,EGF,GUCY1A2,VAV2,IL36G,,PRKCZ,,,GABARAPL2,,ROCK1,LPAR5,NTSR2,CDC25A,ITPR3,,CUL4B,,,,,ATG16L2,UBQLN4,AP1S2,USP8,COLEC11,,INS,IFNA16,RPTOR,NTRK1,,,,,STAT6,IL1A,,PLCB1,ADCY3,PSEN1,,,,NRP1,,UCP1,ITGB3,FZD7,,ACTG1,,PTPRF,,ARPC5L,,SKIL,,PLA2G4A,,H2AC14,,,ITPR3,,,,STAT3,,IFNA17,,,,,,,,,,,,,NDUFS4,,,IRAK4,NDUFB10,,,MAOA,,GSK3A,,OR5A2,,,,RAF1,NRAS,,,,,GNAO1,,,,PFKL,,MYL6,,,,,NRAS,,,,,,NDUFS6,,WNT2,MAPK10,ACACB,,,,,,,,,,,,,,,,,,ATP8,ND4,OPTN,TBPL2,BECN1,UQCR10,HSPA5,,,,,GNB1,,,,TRAF2,TNFRSF1A,BRK1,,,PIK3R3,,,,,,,,IFNA21,MAPK3,MAPK3,CDK2,NFATC3,AKT3,TNC,MAP3K1,HRAS,ZNF846,SIN3A,NFKBIA,RPL38,GNGT1,RXRA,CREBBP,,MMP9,RASSF1,MIR29B1,ATP8,,,,,,,,,,,,,,,DVL3,TCF7,TGFB2,,,,,,,CD40LG,,,,,,,,NDUFB6,,TANK,PDGFB
116,,,,,,,,,,,,,,,ATP6V1G2,,PDE4B,,,,,,,,,,,,,,,,,,,,,,,,,,,,,,,,,,,,,,,,,,,,,,,,,,,,,,,,,,,,,,,,,,,,,,,RPL30,,,,,,,EIF4A3,,,,,,,,,,,,,,,,PDGFRB,,CALM3,RAPGEF6,PDGFA,GUCY1A1,RAC1,IL1F10,,AKT1,,,CAT,,ROCK2,LPAR6,PENK,ORC1,CALML3,,CUL4A,,,,,ATG7,NGLY1,AP1S3,STAMBP,COLEC12,,IGF1,IFNA17,AKT1S1,IL3,,,,,IRF9,IL6,,PLCB2,ADCY4,PRKACA,,,,L1CAM,,NRF1,PPARG,FZD2,,ACTB,,LRRC4B,,WHAMM,,SMARCAD1,,JMJD7-PLA2G4B,,H2AC16,,,VDAC1,,,,STAT4,,IFNA21,,,,,,,,,,,,,NDUFS5,,,IKBKB,NDUFB11,,,,,GSK3B,,OR5A1,,,,MOS,ARAF,,,,,KCNJ3,,,,SLCO1C1,,MYL9,,,,,SRC,,,,,,NDUFS7,,WNT2B,MAPK9,MLYCD,,,,,,,,,,,,,,,,,,HSD17B10,ND4L,SQSTM1,TBPL1,BECN2,UQCR11,VAPB,,,,,GNB2,,,,RIPK1,TRADD,WASF3,,,AKT1,,,,,,,,IFNB1,PIK3R1,FOS,CD3D,NFATC4,CCND3,TNN,MAP2K4,KRAS,ZNF791,HDAC1,IFNA1,RPL39,GNGT2,RXRB,EP300,,LUM,MIR10B,MIR29B2,SOD2,,,,,,,,,,,,,,,DVL2,TCF7L1,TGFB3,,,,,,,CD40,,,,,,,,NDUFB7,,IKBKE,EDN1
117,,,,,,,,,,,,,,,ATP6V1H,,PDE4C,,,,,,,,,,,,,,,,,,,,,,,,,,,,,,,,,,,,,,,,,,,,,,,,,,,,,,,,,,,,,,,,,,,,,,,RPL31,,,,,,,RBM8A,,,,,,,,,,,,,,,,CSF1R,,CALM1,LAT,PDGFB,GUCY1B1,RAC2,IL37,,AKT2,,,SOD2,,PTEN,PTGFR,PDYN,ORC2,CALM2,,DDB1,,,,,ATG10,ATXN3,AP3D1,RAB7A,MBL2,,INSR,IFNA21,RPS6KB1,IL3RA,,,,,EIF2AK2,CXCL8,,PLCB3,ADCY5,PRKACB,,,,LIMK1,,TFAM,IFNAR1,FZD3,,RASGRF1,,SDC1,,WAS,,KAT6A,,PLA2G4B,,H2AB2,,,VDAC2,,,,STAT5A,,IFNB1,,,,,,,,,,,,,NDUFS6,,,SORT1,NDUFS1,,,,,GRIN2A,,OR4D6,,,,MAP2K1,BRAF,,,,,KCNJ6,,,,DIO1,,ACTG1,,,,,SHC1,,,,,,NDUFS8,,WNT3,MAPK11,CPT1B,,,,,,,,,,,,,,,,,,PPID,ND5,MAP1LC3C,TBP,PIK3R4,COX3,ATF6,,,,,GNB3,,,,MAP3K7,TRAF2,ACTR2,,,AKT2,,,,,,,,CLEC4M,PIK3R2,ELK1,CD3E,PTGS2,CDK4,TNR,MAPK8,NRAS,ZNF564,HDAC2,IFNA2,UBA52,COL4A2,RXRG,GTF2B,,FASLG,HOXD10,MIR29C,VDAC1,,,,,,,,,,,,,,,DVL1,TCF7L2,TGFBR1,,,,,,,TNF,,,,,,,,NDUFB8,,TBK1,VEGFA
118,,,,,,,,,,,,,,,TCIRG1,,PDE4D,,,,,,,,,,,,,,,,,,,,,,,,,,,,,,,,,,,,,,,,,,,,,,,,,,,,,,,,,,,,,,,,,,,,,,,RPL32,,,,,,,MAGOH,,,,,,,,,,,,,,,,KIT,,CALML6,FYB1,PDGFC,KNG1,RAC3,IL18,,AKT3,,,ATM,,NFKB1,CXCR1,PNOC,ORC3,CALM3,,DDB2,,,,,ATG3,ATXN3L,AP3B2,HGS,SFTPA1,,IGF1R,IFNB1,RPS6KB2,CSF2RB,,,,,TLR4,IGFBP3,,PLCB4,ADCY6,PRKACG,,,,LIMK2,,KLF2,IFNAR2,FZD4,,CAPN2,,SDC2,,VASP,,SETDB1,,PLA2G4C,,H2BC15,,,VDAC3,,,,STAT5B,,IFNAR1,,,,,,,,,,,,,NDUFS7,,,PSEN1,NDUFS2,,,,,GRIN2B,,OR4D11,,,,MAP2K2,RAF1,,,,,KCNJ9,,,,DIO2,,ACTB,,,,,SHC2,,,,,,NDUFC1,,WNT3A,MAPK12,CPT1C,,,,,,,,,,,,,,,,,,VDAC1,ND6,MAP1LC3B,SP1,ATG14,COX1,DDIT3,,,,,GNB4,,,,TAB1,TRAF5,ACTR3B,,,AKT3,,,,,,,,CD209,PIK3R3,TLR2,CD3G,GNAI1,CDK6,TNXB,MAPK10,RAF1,ZNF709,NCOR2,IFNA4,RPL41,COL4A4,PRCC,CCND1,,FAS,DDIT4,AR,VDAC2,,,,,,,,,,,,,,,FRAT1,LEF1,TGFBR2,,,,,,,IFNG,,,,,,,,NDUFB9,,IRF7,BMP4
119,,,,,,,,,,,,,,,ATP6V0A2,,PDE7A,,,,,,,,,,,,,,,,,,,,,,,,,,,,,,,,,,,,,,,,,,,,,,,,,,,,,,,,,,,,,,,,,,,,,,,RPL34,,,,,,,MAGOHB,,,,,,,,,,,,,,,,FLT3,,CALML5,LCP2,PDGFD,BDKRB2,PAK1,IL33,,FOXO3,,,PCK1,,RELA,CXCR2,OPRD1,ORC4,CALM1,,ERCC8,,,,,CFLAR,UBE4B,AP3B1,STAM2,SFTPA2,,GRB2,EPO,EIF4EBP1,PIK3CA,,,,,TICAM2,SERPINE1,,PRKCA,ADCY7,TP53,,,,CFL1,,SPHK1,JAK1,FZD5,,ACTN1,,SDC3,,PRKACA,,JARID2,,PLA2G4D,,H2BC9,,,MCU,,,,STAT6,,IFNAR2,,,,,,,,,,,,,NDUFS8,,,PSEN2,NDUFS3,,,,,GRIA1,,OR6C74,,,,MAPK1,MAP2K1,,,,,KCNJ5,,,,DIO3,,RHOA,,,,,SHC3,,,,,,NDUFC2,,WNT4,MAPK13,NOX4,,,,,,,,,,,,,,,,,,VDAC2,NDUFV1,MAP1LC3A,CREB1,NRBF2,COX2,XBP1,,,,,GNB5,,,,TAB2,RIPK1,ACTR3C,,,GSK3B,,,,,,,,ARHGEF12,PIK3CA,MYD88,CD28,GNAI3,TNFSF10,IBSP,MAPK9,MAP2K1,ZNF433,SAP30,IFNA5,RPL36AL,COL4A6,TFE3,CCND2,,MDM2,BMF,MIRLET7A1,VDAC3,,,,,,,,,,,,,,,FRAT2,KEAP1,SMAD2,,,,,,,IL10,,,,,,,,NDUFB10,,IRF3,BMPR2
120,,,,,,,,,,,,,,,ATP6V0A4,,PDE7B,,,,,,,,,,,,,,,,,,,,,,,,,,,,,,,,,,,,,,,,,,,,,,,,,,,,,,,,,,,,,,,,,,,,,,,RPL35,,,,,,,THOC1,,,,,,,,,,,,,,,,FLT1,,CALML4,SKAP1,FGF1,OPRD1,ARAP3,IL17A,,CHUK,,,PCK2,,,PLCB1,OPRK1,ORC5,CALML6,,DET1,,,,,RAB33B,EIF2AK1,AP3M1,STAM,SFTPD,,SOS1,CSF3,PPARG,PIK3CD,,,,,TICAM1,EIF4EBP1,,PPP1R1A,ADCY8,SIAH1,,,,CFL2,,SPHK2,TYK2,FZD8,,ACTN4,,SDC4,,PRKACB,,REST,,PLA2G4F,,H2BC14,,,OAS1,,,,IRF9,,TNFSF10,,,,,,,,,,,,,NDUFV1,,,,NDUFS4,,,,,GRIA2,,OR6C3,,,,MAPK3,MAP2K2,,,,,POMC,,,,ACTG1,,ROCK1,,,,,SHC4,,,,,,NDUFC2-KCTD14,,WNT5A,MAPK14,AKT1,,,,,,,,,,,,,,,,,,VDAC3,NDUFV2,MAP1LC3B2,CREB3,PIK3C3,COX4I2,ERN1,,,,,GNG2,,,,TAB3,MAP3K7,ACTR3,,,CCL2,,,,,,,,RHOA,PIK3CD,TIRAP,IL2,GNAI2,TNFRSF10A,ITGA1,JUN,MAP2K2,ZNF383,SAP30L,IFNA6,RPL36A,COL4A1,CDKN1A,CCND3,,TP53,MIR224,MIRLET7A2,SLC25A4,,,,,,,,,,,,,,,GSK3B,NFE2L2,SMAD3,,,,,,,IGH,,,,,,,,NDUFB11,,IFNA1,ACVR2A
121,,,,,,,,,,,,,,,ATP6V0A1,,PDE8B,,,,,,,,,,,,,,,,,,,,,,,,,,,,,,,,,,,,,,,,,,,,,,,,,,,,,,,,,,,,,,,,,,,,,,,RPL35A,,,,,,,THOC2,,,,,,,,,,,,,,,,FLT4,,HRAS,PLCG1,FGF2,ADORA1,RHOA,IL17F,,IKBKB,,,G6PC1,,,PLCB2,OPRM1,ORC6,CALML5,,RNF7,,,,,PRKCQ,EIF2AK2,AP3M2,TSG101,ITGAV,,SOS2,GHR,ULK1,PIK3CB,,,,,TLR3,MAPKAPK2,,MAPK1,ADCY9,CACYBP,,,,RHOD,,GNA13,STAT2,FZD6,,TLN1,,ITGAV,,PRKACG,,RIF1,,PTGS1,,H2BW1,,,OAS2,,,,CISH,,TNFRSF10A,,,,,,,,,,,,,NDUFV2,,,,NDUFS5,,,,,GRIA3,,OR1L4,,,,AKT1,MAPK1,,,,,OPRM1,,,,ACTB,,ROCK2,,,,,SOS1,,,,,,SDHA,,WNT5B,,AKT2,,,,,,,,,,,,,,,,,,SLC25A4,NDUFV3,TBK1,CREB3L1,ATG2A,COX4I1,TRAF2,,,,,GNG3,,,,IKBKG,TAB1,ARPC1B,,,CD4,,,,,,,,LSP1,PIK3CB,TLR4,IL2RA,GNAO1,TNFRSF10B,ITGA2,MMP7,MAPK1,ZNF780B,CIR1,IFNA7,RPL36A-HNRNPH2,COL4A5,TMPRSS2,CDK6,,TGFB2,PAK4,MIRLET7A3,SLC25A5,,,,,,,,,,,,,,,AXIN1,HMOX1,SMAD4,,,,,,,C1R,,,,,,,,NDUFS1,,IFNA2,ACVR2B
122,,,,,,,,,,,,,,,ATP6V0C,,PDE8A,,,,,,,,,,,,,,,,,,,,,,,,,,,,,,,,,,,,,,,,,,,,,,,,,,,,,,,,,,,,,,,,,,,,,,,RPL36,,,,,,,THOC3,,,,,,,,,,,,,,,,KDR,,KRAS,PRKCA,FGF3,ADORA3,AFDN,IL17B,,IKBKG,,,G6PC2,,,PLCB3,OPRL1,MCM2,CALML4,,CUL5,,,,,GABARAP,EIF2AK3,AP3S2,MVB12A,ITGA2,,HRAS,PRLR,,PIK3R1,,,,,ZBP1,ZFP36L1,,MAPK3,PRKACA,SKP1,,,,RND1,,CAMK4,IRF9,FZD10,,TLN2,,ITGB8,,RAB13,,PCGF1,,TBXAS1,,H2BC1,,,OAS3,,,,SOCS1,,TNFRSF10B,,,,,,,,,,,,,NDUFV3,,,,NDUFS6,,,,,GRIA4,,OR52B2,,,,AKT2,MAPK3,,,,,PRKCD,,,,,,PPP1CA,,,,,SOS2,,,,,,SDHB,,WNT6,,AKT3,,,,,,,,,,,,,,,,,,SLC25A5,NDUFA1,TANK,CREB3L2,ATG2B,COX5A,MAP3K5,,,,,GNG4,,,,CHUK,TAB2,ARPC1A,,,CD8A,,,,,,,,PLK3,AKT1,IRAK4,IL2RB,ADCY1,FASLG,ITGA2B,IL1R1,MAPK3,ZNF100,RBPJL,IFNA8,RPLP0,COL4A3,ERG,CCNA2,,SMAD2,MMP9,MIRLET7B,SLC25A6,,,,,,,,,,,,,,,AXIN2,NQO1,CDKN2B,,,,,,,C1S,,,,,,,,NDUFS2,,IFNA4,ACVR1
123,,,,,,,,,,,,,,,ATP6V0B,,FHIT,,,,,,,,,,,,,,,,,,,,,,,,,,,,,,,,,,,,,,,,,,,,,,,,,,,,,,,,,,,,,,,,,,,,,,,RPL37,,,,,,,ALYREF,,,,,,,,,,,,,,,,MET,,NRAS,PRKCB,FGF4,GNAI1,PIK3CA,IL17C,,NFKBIA,,,G6PC3,,,PLCB4,QRFP,MCM3,PPP3CA,,SOCS1,,,,,GABARAPL1,EIF2AK4,AP3S1,MVB12B,ITGA5,,KRAS,OSMR,,PIK3R2,,,,,USP21,ZFP36L2,,RPS6KA5,PRKACB,TBL1X,,,,FES,,HDAC4,SOCS1,FZD9,,FLNA,,ITGA8,,ARHGEF18,,PCGF2,,SNAP23,,H2BC18,,,RNASEL,,,,SOCS2,,FASLG,,,,,,,,,,,,,NDUFA1,,,,NDUFS7,,,,,KIF5A,,OR4C3,,,,AKT3,MKNK1,,,,,GNAQ,,,,,,PPP1CB,,,,,ARRB1,,,,,,SDHC,,WNT7A,,GSK3B,,,,,,,,,,,,,,,,,,SLC25A6,NDUFA2,WDR41,CREB3L3,WIPI2,COX5B,MAP2K7,,,,,GNG5,,,,IKBKB,TAB3,ARPC2,,,CD8B,,,,,,,,KSR1,AKT2,IRAK1,IL2RG,ADCY2,FAS,ITGA3,IL1R2,HIF1A,ZNF540,RBPJ,IFNA10,RPLP1,LAMA1,PLAU,CCNA1,,HPSE,MIR363,MIRLET7D,SLC25A31,,,,,,,,,,,,,,,APC,GSTA5,CDH1,,,,,,,C3,,,,,,,,NDUFS3,,IFNA5,BMPR1A
124,,,,,,,,,,,,,,,ATP6V0D1,,ENPP4,,,,,,,,,,,,,,,,,,,,,,,,,,,,,,,,,,,,,,,,,,,,,,,,,,,,,,,,,,,,,,,,,,,,,,,RPL37A,,,,,,,NCBP1,,,,,,,,,,,,,,,,TEK,,MRAS,PRKCG,FGF17,GNAI3,PIK3CD,IL17D,,NFKBIB,,,IL7R,,,GNA12,QRFPR,MCM4,PPP3CB,,SOCS3,,,,,GABARAPL2,EIF2S1,AP4E1,VPS28,ITGB1,,NRAS,IL2RA,,PIK3R3,,,,,SQSTM1,CACNA1D,,CREB1,PRKACG,TBL1Y,,,,DPYSL5,,HDAC5,SOCS3,DVL3,,FLNC,,NRXN1,,ROCK1,,PCGF3,,VAMP8,,H2BC17,,,DHX33,,,,SOCS3,,FAS,,,,,,,,,,,,,NDUFA2,,,,NDUFS8,,,,,KIF5B,,OR4S1,,,,RGCC,MKNK2,,,,,PLCB1,,,,,,PPP1CC,,,,,ARRB2,,,,,,SDHD,,WNT7B,,CTNNB1,,,,,,,,,,,,,,,,,,SLC25A31,NDUFA3,SMCR8,CREB3L4,WIPI1,COX6A1,MAPK8,,,,,GNG7,,,,NFKBIA,IKBKG,ARPC3,,,CD8B2,,,,,,,,RAF1,AKT3,TRAF6,PIK3R1,ADCY3,TNFRSF1A,ITGA4,CD3D,JUN,ZNF596,HES1,IFNA13,RPLP2,LAMA2,PLAT,SKP2,,HPSE2,MIR494,MIRLET7E,PPIF,,,,,,,,,,,,,,,APC2,GSTA2,CTNNA3,,,,,,,C5,,,,,,,,NDUFS4,,IFNA6,BMPR1B
125,,,,,,,,,,,,,,,ATP6V0D2,,PAPSS2,,,,,,,,,,,,,,,,,,,,,,,,,,,,,,,,,,,,,,,,,,,,,,,,,,,,,,,,,,,,,,,,,,,,,,,RPL38,,,,,,,NCBP2,,,,,,,,,,,,,,,,EPHA2,,RRAS,PRKD1,FGF6,GNAI2,PIK3CB,IL25,,NFKB1,,,KLF2,,,PTK2B,HCRT,MCM5,PPP3CC,,CUL7,,,,,MAP1LC3C,NFE2L2,AP4B1,VPS37D,ITGB3,,BRAF,IL2RB,,PDPK1,,,,,HSP90AA1,TRPV4,,ATF2,NPPA,TBL1XR1,,,,DPYSL2,,MEF2A,GAB2,DVL2,,FLNB,,NRXN2,,ROCK2,,BMI1,,,,H2BC3,,,MFN1,,,,SOCS4,,GZMB,,,,,,,,,,,,,NDUFA3,,,,NDUFC1,,,,,KIF5C,,OR51F1,,,,ARHGEF1,ELK1,,,,,PLCB2,,,,,,PPP1R12A,,,,,EGFR,,,,,,UQCRFS1,,WNT8A,,TCF7,,,,,,,,,,,,,,,,,,PPIF,NDUFA4,C9orf72,CREB5,KCNC3,COX6A2,MAPK10,,,,,GNG8,,,,NFKBIB,CHUK,ARPC4,,,LCK,,,,,,,,TGFB1,GSK3B,TAB1,PIK3R2,ADCY4,TRADD,ITGA5,CD3E,FOS,ZNF169,FCER2,IFNA14,IGH,LAMA3,MMP3,MRPS18B,,SDC1,MIR615,MIRLET7F1,SOD1,,,,,,,,,,,,,,,CTNNB1,GSTA4,CTNNA1,,,,,,,C6,,,,,,,,NDUFS5,,IFNA7,NOX1
126,,,,,,,,,,,,,,,ATP6V0E1,,PAPSS1,,,,,,,,,,,,,,,,,,,,,,,,,,,,,,,,,,,,,,,,,,,,,,,,,,,,,,,,,,,,,,,,,,,,,,,RPL39,,,,,,,NCBP2L,,,,,,,,,,,,,,,,GRB2,,RRAS2,PRKD3,FGF7,INS,PIK3R1,IL16,,RELA,,,S1PR1,,,GNA13,HCRTR1,MCM6,PPP3R1,,FBXW8,,,,,MAP1LC3B,ATF4,AP4M1,VPS37A,ITGB5,,RAF1,IL2RG,,AKT1,,,,,HSP90AB1,TRPM7,,ATF4,NPPB,BTRC,,,,CDK5,,BORCS8-MEF2B,FHL2,DVL1,,PXN,,NRXN3,,MYL2,,COMMD3-BMI1,,,,H2BC8,,,MFN2,,,,SOCS5,,PRF1,,,,,,,,,,,,,NDUFA4,,,,NDUFC2,,,,,CLOCK,,OR1C1,,,,ARHGEF12,SOCS1,,,,,PLCB3,,,,,,PPP1R12B,,,,,GRB2,,,,,,CYTB,,WNT8B,,TCF7L1,,,,,,,,,,,,,,,,,,LPL,NDUFA4L2,RAB8A,PPARGC1A,KCND3,COX6B1,MAPK9,,,,,GNG10,,,,NFKB1,IKBKB,ARPC5,,,ZAP70,,,,,,,,TGFB2,CTNNB1,TAB2,PIK3R3,ADCY5,FADD,ITGA6,CD3G,PIK3CG,ZNF431,RUNX3,IFNA16,FCGR2A,LAMA5,MMP9,TRAF1,,PLAU,MIR625,MIRLET7F2,CAT,,,,,,,,,,,,,,,CSNK1A1L,GSTO2,CTNNA2,,,,,,,C7,,,,,,,,NDUFS6,,IFNA8,CYBA
127,,,,,,,,,,,,,,,ATP6V0E2,,URAD,,,,,,,,,,,,,,,,,,,,,,,,,,,,,,,,,,,,,,,,,,,,,,,,,,,,,,,,,,,,,,,,,,,,,,,UBA52,,,,,,,HNRNPA3,,,,,,,,,,,,,,,,SOS1,,NF1,PRKD2,FGF8,INSR,PIK3R2,IL32,,BAD,,,S1PR4,,,PIK3CG,HCRTR2,MCM7,PPP3R2,,ANAPC11,,,,,MAP1LC3A,PPP1R15A,AP4S1,VPS37B,THBS1,,MAP2K1,IL3RA,,AKT2,,,,,TNFAIP3,CAPN1,,CREB3,NPR1,FBXW11,,,,GSK3B,,MEF2B,CYLD,YWHAZ,,ILK,,NLGN1,,EPB41L4B,,PCGF5,,,,H2BC13,,,RIPK1,,,,SOCS7,,CASP3,,,,,,,,,,,,,NDUFA4L2,,,,NDUFC2-KCTD14,,,,,BMAL1,,OR2B6,,,,ARHGAP35,SOCS2,,,,,PLCB4,,,,,,PPP1R12C,,,,,INSL5,,,,,,CYC1,,WNT9A,,TCF7L2,,,,,,,,,,,,,,,,,,APOE,NDUFA5,RAB39B,PPARG,RELN,COX6B2,CASP12,,,,,GNG11,,,,RELA,NFKBIA,ARPC5L,,,LAT,,,,,,,,TGFB3,BAD,MAP3K7,PIK3CA,ADCY6,CASP8,ITGA7,MAP3K3,PIK3R5,ZNF675,MYC,IFNA17,SYK,LAMA4,ZEB1,TRAF2,,PLAUR,MIR25,MIRLET7G,SLC26A1,,,,,,,,,,,,,,,CSNK1A1,GSTM4,JUP,,,,,,,C8A,,,,,,,,NDUFS7,,IFNA10,NCF1
128,,,,,,,,,,,,,,,ATP6AP1,,ALLC,,,,,,,,,,,,,,,,,,,,,,,,,,,,,,,,,,,,,,,,,,,,,,,,,,,,,,,,,,,,,,,,,,,,,,,RPL41,,,,,,,HNRNPA1,,,,,,,,,,,,,,,,SOS2,,RASA1,DRD2,FGF9,IRS1,PIK3R3,IL34,,GSK3A,,,RAG1,,,PIK3R5,OXT,,CAMK2A,,ANAPC2,,,,,MAP1LC3B2,DDIT3,GGA2,VPS37C,COMP,,MAP2K2,IL6R,,AKT3,,,,,PARP1,CAPN2,,CREB3L1,NPPC,CUL1,,,,SEMA4F,,MEF2C,SQSTM1,YWHAB,,ZYX,,NLGN2,,STK11,,PCGF6,,,,H2BC4,,,RIPK3,,,,SOCS6,,BID,,,,,,,,,,,,,NDUFA5,,,,SLC32A1,,,,,SLC6A3,,OR1J4,,,,RHOA,SOCS3,,,,,ITPR1,,,,,,GNAS,,,,,RXFP4,,,,,,UQCRC1,,WNT9B,,LEF1,,,,,,,,,,,,,,,,,,LRP1,NDUFA6,RAB1A,TFAM,VLDLR,COX6C,MAP3K10,,,,,GNG12,,,,RPS3,NFKBIB,PAK1,,,LCP2,,,,,,,,CYP27B1,CDKN1A,IL6,PIK3CD,ADCY7,BID,ITGA8,CHUK,PIK3R6,ZNF627,USP7,IFNA21,PIK3CA,LAMB1,IL1R2,TRAF3,,COL1A1,MIR34A,MIRLET7I,SLC26A2,,,,,,,,,,,,,,,TCF7,GSTT2,HGF,,,,,,,C8B,,,,,,,,NDUFS8,,IFNA13,NCF2
129,,,,,,,,,,,,,,,ATP4A,,,,,,,,,,,,,,,,,,,,,,,,,,,,,,,,,,,,,,,,,,,,,,,,,,,,,,,,,,,,,,,,,,,,,,,,,RPL36AL,,,,,,,HNRNPA1L2,,,,,,,,,,,,,,,,HRAS,,RASA2,CNR1,FGF10,IRS2,AKT1,CSF1,,GSK3B,,,RAG2,,,PIK3R6,OXTR,,CAMK2D,,CDC20,,,,,ATG4A,BCL2,GGA3,SNF8,THBS2,,MAPK1,IL4R,,HRAS,,,,,BID,CALML3,,CREB3L2,NPR2,RBX1,,,,SEMA4D,,MEF2D,,YWHAQ,,VASP,,NLGN3,,PRKAA1,,PAX6,,,,H2BC5,,,DNM1L,,,,BCL2,,RAET1G,,,,,,,,,,,,,NDUFA6,,,,RIMS1,,,,,MAOB,,OR2M4,,,,RAC1,SOCS4,,,,,ITPR2,,,,,,ADCY1,,,,,GNA15,,,,,,UQCRC2,,WNT10B,,CCND1,,,,,,,,,,,,,,,,,,FAS,NDUFA7,MTOR,NRF1,DAB1,COX7A1,EIF2AK3,,,,,GNG13,,,,MAPK1,NFKB1,PAK3,,,VAV3,,,,,,,,VDR,TP53,MAP2K3,PIK3CB,ADCY8,BAX,ITGA9,IKBKB,PIK3CA,ZNF584,MDM2,IFNB1,PIK3CD,LAMB2,SPINT1,TRAF5,,COL1A2,MIR96,EGF,SLC26A6,,,,,,,,,,,,,,,TCF7L1,GSTT1,MET,,,,,,,C8G,,,,,,,,NDUFC1,,IFNA14,RAC1
130,,,,,,,,,,,,,,,ATP4B,,,,,,,,,,,,,,,,,,,,,,,,,,,,,,,,,,,,,,,,,,,,,,,,,,,,,,,,,,,,,,,,,,,,,,,,,RPL36A,,,,,,,HNRNPC,,,,,,,,,,,,,,,,KRAS,,RASA3,GNAI1,FGF16,IRS4,AKT2,TNF,,ITK,,,FBXO25,,,CYTH3,SST,,CAMK2B,,FZR1,,,,,ATG4B,ATF6,GGA1,VPS36,THBS3,,MAPK3,IL7R,,KRAS,,,,,BAX,CALM2,,CREB3L3,PRKG1,GPC4,,,,SEMA4B,,TGFBR1,,YWHAE,,VCL,,NLGN4X,,PRKAA2,,MEIS1,,,,H2BC6,,,NAMPT,,,,MCL1,,RAET1L,,,,,,,,,,,,,NDUFA7,,,,GABRA1,,,,,MAOA,,OR2L2,,,,RAC2,PTPN1,,,,,ITPR3,,,,,,ADCY2,,,,,,,,,,,UQCRH,,WNT10A,,MAP3K5,,,,,,,,,,,,,,,,,,TNFRSF1A,NDUFA8,ULK1,SOD1,PIK3CA,COX7A2,EIF2S1,,,,,GNGT1,,,,MAPK3,RELA,MYO6,,,VAV1,,,,,,,,CAMP,CDK2,MAP2K6,CBLB,ADCY9,BAK1,ITGA10,IKBKG,PIK3CD,ZNF25,TP53,MAPK11,PIK3CB,LAMB3,ETV1,JAK3,,ITGA2,MIR10A,FGF3,SLC26A9,,,,,,,,,,,,,,,TCF7L2,GSTM3,FGF1,,,,,,,C9,,,,,,,,NDUFC2,,IFNA16,RAC2
131,,,,,,,,,,,,,,,ATP12A,,,,,,,,,,,,,,,,,,,,,,,,,,,,,,,,,,,,,,,,,,,,,,,,,,,,,,,,,,,,,,,,,,,,,,,,,RPL36A-HNRNPH2,,,,,,,RBMX,,,,,,,,,,,,,,,,NRAS,,RASA4,GNAI3,FGF5,PIK3CG,AKT3,LTA,,VAV3,,,FBXO32,,,CYTH4,CORT,,CAMK2G,,ANAPC1,,,,,ATG4C,ATF6B,MCOLN1,VPS25,THBS4,,RPS6KA3,IFNAR1,,NRAS,,,,,AIFM1,CALM3,,CREB3L4,IRAG1,ROR1,,,,SEMA4C,,SMAD2,,YWHAH,,PARVB,,NLGN4Y,,PRKAB1,,HOXB1,,,,H2BC10,,,CYBB,,,,BCL2L1,,RAET1E,,,,,,,,,,,,,NDUFA8,,,,GABRA2,,,,,COMT,,OR2K2,,,,RAC3,PTPRF,,,,,CALML3,,,,,,ADCY3,,,,,,,,,,,UQCRHL,,WNT11,,MAP2K4,,,,,,,,,,,,,,,,,,FADD,NDUFA9,ULK2,SOD2,PIK3CD,COX7A2L,ATF4,,,,,GNGT2,,,,MAPK8,CXCL8,PIK3CA,,,VAV2,,,,,,,,C3,CDK4,MAPK11,AKT1,PRKACA,VDAC1,ITGA11,NFKBIA,PIK3CB,ZFP30,CDKN1A,MAPK12,PIK3R1,LAMB4,ETV4,LYN,,ITGB1,MIR23A,FGF4,CYP1A2,,,,,,,,,,,,,,,LEF1,MGST1,FGF2,,,,,,,CTSG,,,,,,,,NDUFC2-KCTD14,,IFNA17,RAC3
132,,,,,,,,,,,,,,,PPA2,,,,,,,,,,,,,,,,,,,,,,,,,,,,,,,,,,,,,,,,,,,,,,,,,,,,,,,,,,,,,,,,,,,,,,,,,RPLP0,,,,,,,HNRNPK,,,,,,,,,,,,,,,,RRAS,,RASA4B,GNAI2,FGF18,PIK3R5,BRAF,LTB,,VAV1,,,,,,CYTH2,SSTR1,,,,CDC27,,,,,ATG4D,WFS1,LITAF,CHMP6,TLR2,,RPS6KA1,IFNAR2,,RAF1,,,,,H2AX,CALM1,,CREB5,GUCY1A2,ROR2,,,,SEMA4G,,SMAD3,,YWHAG,,PARVA,,PTPRS,,PRKAB2,,HOXA1,,,,H2BC21,,,CYBA,,,,PIM1,,,,,,,,,,,,,,,NDUFA9,,,,GABRA3,,,,,LRTOMT,,OR5L2,,,,CDC42,MAPK8,,,,,CALM2,,,,,,ADCY4,,,,,,,,,,,UQCRB,,WNT16,,MAP2K7,,,,,,,,,,,,,,,,,,CASP8,NDUFA10,ATG101,GPX6,PIK3CB,COX7B,SLC6A3,,,,,SLC29A3,,,,MAPK10,TIFA,PIK3CD,,,PLCG1,,,,,,,,CR1,CDK6,MAPK12,AKT2,PRKACB,SLC25A4,ITGAV,NFKB1,PIK3R1,ZNF510,GADD45A,MAPK13,PIK3R2,LAMC1,ETV5,SYK,,VTN,MIR23B,FGF17,CYP2E1,,,,,,,,,,,,,,,TP53,MGST3,FGF3,,,,,,,ELANE,,,,,,,,SDHA,,IFNA21,PRKCZ
133,,,,,,,,,,,,,,,PPA1,,,,,,,,,,,,,,,,,,,,,,,,,,,,,,,,,,,,,,,,,,,,,,,,,,,,,,,,,,,,,,,,,,,,,,,,,RPLP1,,,,,,,HNRNPM,,,,,,,,,,,,,,,,RRAS2,,SYNGAP1,GNAO1,FGF20,PIK3R6,RAF1,TNFSF14,,VAV2,,,,,,CYTH1,SSTR2,,,,ANAPC4,,,,,LAMP1,MBTPS1,,CHMP4B,TLR6,,RPS6KA2,EPOR,,MAP2K1,,,,,H2AC20,CALML6,,ATF6B,GUCY1A1,RYK,,,,SEMA4A,,SMAD4,,GSK3B,,PARVG,,SLITRK1,,PRKAG1,,HOXD1,,,,H2BC11,,,TXNIP,,,,MYC,,,,,,,,,,,,,,,NDUFA10,,,,GABRA4,,,,,,,OR5K1,,,,PAK1,MAPK10,,,,,CALM3,,,,,,ADCY5,,,,,,,,,,,UQCRQ,,FZD1,,MAPK8,,,,,,,,,,,,,,,,,,BID,NDUFAB1,ATG13,GPX7,PIK3R1,COX7B2,PINK1,,,,,SLC29A1,,,,MAPK9,IL1R1,PIK3CB,,,NFATC1,,,,,,,,CR1L,RB1,MAPK13,AKT3,PRKACG,SLC25A5,ITGB1,RELA,PIK3R2,ZNF620,GADD45B,MAPK14,PIK3R3,LAMC2,SLC45A3,ATP6V0D1,,ITGAV,MIR23C,FGF6,CYP2F1,,,,,,,,,,,,,,,GADD45A,GSTM1,FGF4,,,,,,,FCGR1A,,,,,,,,SDHB,,IFNB1,PIAS4
134,,,,,,,,,,,,,,,LHPP,,,,,,,,,,,,,,,,,,,,,,,,,,,,,,,,,,,,,,,,,,,,,,,,,,,,,,,,,,,,,,,,,,,,,,,,,RPLP2,,,,,,,HNRNPU,,,,,,,,,,,,,,,,MRAS,,RASAL1,RAP1GAP,FGF22,AKT1,MAP2K1,FASLG,,RAC1,,,,,,GNAS,SSTR3,,,,ANAPC5,,,,,LAMP2,MBTPS2,,CHMP4A,TLR4,,RPS6KA6,CSF3R,,MAP2K2,,,,,H2AC12,CALML5,,CREM,GUCY1B1,VANGL2,,,,SEMA5A,,ACTA2,,CTNNB1,,PDPK1,,SLITRK2,,PRKAG3,,LHX5,,,,H2BC12,,,TXN,,,,CCND1,,,,,,,,,,,,,,,NDUFAB1,,,,GABRA5,,,,,,,OR8B8,,,,PAK2,MAPK9,,,,,CALM1,,,,,,ADCY6,,,,,,,,,,,UQCR10,,FZD7,,MAPK10,,,,,,,,,,,,,,,,,,CALML3,NDUFA11,RB1CC1,GPX2,PIK3R2,COX7C,ND1,,,,,SLC29A2,,,,MAPK11,CD14,PIK3CG,,,NFATC2,,,,,,,,ITGAX,E2F1,MAPK14,GSK3B,CCL3,SLC25A6,ITGB3,GPS2,PIK3R3,ZNF718,GADD45G,MAPK8,PLCG1,LAMC3,ELK4,ATP6V0D2,,ITGB3,MIR122,FGF7,CYP1A1,,,,,,,,,,,,,,,GADD45B,GSTM5,FGF17,,,,,,,FCGR2A,,,,,,,,SDHC,,CD36,TP53
135,,,,,,,,,,,,,,,,,,,,,,,,,,,,,,,,,,,,,,,,,,,,,,,,,,,,,,,,,,,,,,,,,,,,,,,,,,,,,,,,,,,,,,,,RNR1,,,,,,,PCBP1,,,,,,,,,,,,,,,,ARAF,,RASAL2,SIPA1L1,FGF19,AKT2,MAP2K2,TNFSF15,,RAC2,,,,,,ADCY1,SSTR4,,,,CDC16,,,,,RAB7A,XBP1,,CHMP4C,CD14,,IRS1,JAK1,,MAPK1,,,,,H2AC1,CALML4,,BCL2,,VANGL1,,,,SEMA5B,,CDH1,,APC,,AKT1,,SLITRK4,,PRKAG2,,OTX1,,,,H2BC26,,,TXN2,,,,CCND2,,,,,,,,,,,,,,,NDUFA11,,,,GABRA6,,,,,,,OR10A3,,,,PAK3,IKBKB,,,,,CALML6,,,,,,ADCY7,,,,,,,,,,,UQCR11,,FZD2,,MAPK9,,,,,,,,,,,,,,,,,,CALM2,NDUFA12,AMBRA1,GPX3,PIK3R3,COX8C,ND2,,,,,ADORA2A,,,,MAPK12,TLR4,PIK3C2G,,,NFATC3,,,,,,,,ITGB2,E2F2,MAP2K7,JAK3,CCL3L1,SLC25A31,ITGB4,LTBR,AKT1,ZNF549,DDB2,MAPK10,PLCG2,FN1,DDX5,UBE3A,,FN1,SLC7A1,FGF8,CYP1B1,,,,,,,,,,,,,,,GADD45G,MGST2,FGF6,,,,,,,FCGR3A,,,,,,,,SDHD,,PPARG,SUMO3
136,,,,,,,,,,,,,,,,,,,,,,,,,,,,,,,,,,,,,,,,,,,,,,,,,,,,,,,,,,,,,,,,,,,,,,,,,,,,,,,,,,,,,,,,RNR2,,,,,,,SRSF1,,,,,,,,,,,,,,,,BRAF,,RASAL3,SIPA1,FGF21,AKT3,MAPK1,TNFSF10,,RAC3,,,,,,ADCY2,SSTR5,,,,ANAPC7,,,,,RAB7B,ERN1,,CHMP3,PLA2R1,,PIK3R1,JAK2,,MAPK3,,,,,H2AC25,PPP3CA,,RAPGEF3,,PRICKLE1,,,,SEMA6A,,CCN2,,APC2,,AKT2,,SLITRK5,,MYH9,,NEUROG1,,,,H2BC7,,,NEK7,,,,CCND3,,,,,,,,,,,,,,,NDUFA12,,,,GABRB1,,,,,,,OR7C2,,,,PAK4,INPPL1,,,,,CALML5,,,,,,ADCY8,,,,,,,,,,,COX3,,FZD3,,MAP2K3,,,,,,,,,,,,,,,,,,CALM3,NDUFA13,BECN1,GPX1,AKT1,COX8A,ND3,,,,,ADORA2B,,,,MAPK13,TLR5,PIK3C2A,,,IL2,,,,,,,,ITGAM,E2F3,TICAM2,STAT3,CCL3L3,CYCS,ITGB5,CD40,AKT2,ZNF324,POLK,MAPK9,PRKCA,ITGA2,MYCN,DLG1,,ITGB5,CCNG1,FGF9,EPHX1,,,,,,,,,,,,,,,BAX,GSTA1,FGF7,,,,,,,FCGR3B,,,,,,,,UQCRFS1,,RXRA,SUMO2
137,,,,,,,,,,,,,,,,,,,,,,,,,,,,,,,,,,,,,,,,,,,,,,,,,,,,,,,,,,,,,,,,,,,,,,,,,,,,,,,,,,,,,,,,RNA5S1,,,,,,,SRSF2,,,,,,,,,,,,,,,,RAF1,,RASSF1,SIPA1L2,FGF23,NOS3,MAPK3,EDA,,PAK1,,,,,,ADCY3,TAC1,,,,CDC23,,,,,VAMP8,TRAF2,,RNF103-CHMP3,MRC1,,PIK3R2,JAK3,,,,,,,H2AB3,PPP3CB,,RAPGEF4,,PRICKLE2,,,,SEMA6B,,AGTR1,,AXIN1,,AKT3,,SLITRK6,,MYH10,,HAND1,,,,H2BW2,,,BRCC3,,,,CDKN1A,,,,,,,,,,,,,,,NDUFA13,,,,GABRB3,,,,,,,OR7C1,,,,PAK5,INPP5A,,,,,CALML4,,,,,,ADCY9,,,,,,,,,,,COX1,,FZD4,,MAP2K6,,,,,,,,,,,,,,,,,,CALM1,NDUFB1,BECN2,GPX5,AKT2,ATP5F1A,ND4,,,,,ADCY5,,,,MAPK14,TRAF6,PIK3C2B,,,IL10,,,,,,,,PLA2R1,TNFRSF1A,TLR3,STAT5A,CCL4,APAF1,ITGB6,TNFRSF13C,AKT3,ZNF473,TRAF5,CGAS,PRKCB,ITGA2B,MAX,SCRIB,,HGF,HMOX1,FGF10,EPHX2,,,,,,,,,,,,,,,BAK1,GSTM2,FGF8,,,,,,,,,,,,,,,CYTB,,RXRB,SUMO1
138,,,,,,,,,,,,,,,,,,,,,,,,,,,,,,,,,,,,,,,,,,,,,,,,,,,,,,,,,,,,,,,,,,,,,,,,,,,,,,,,,,,,,,,,RNA5S16,,,,,,,SRSF8,,,,,,,,,,,,,,,,MAP2K1,,RASSF5,SIPA1L3,VEGFA,ADRB1,PRKACA,NGF,,CDC42,,,,,,ADCY4,TAC4,,,,ANAPC10,,,,,SNAP29,MAP3K5,,CHMP2A,MRC2,,PIK3R3,COL1A1,,,,,,,H2AC8,PPP3CC,,MAPK11,,PRICKLE4,,,,SEMA6C,,SERPINE1,,AXIN2,,GSK3B,,PTPRD,,MYH11,,DLX5,,,,histone H2B type F-S-like [KO:K11252],,,HSP90AA1,,,,AOX1,,,,,,,,,,,,,,,NDUFB1,,,,GABRB2,,,,,,,OR4D1,,,,PAK6,,,,,,NOS3,,,,,,PRKACA,,,,,,,,,,,COX2,,FZD5,,MAPK11,,,,,,,,,,,,,,,,,,CALML6,NDUFB2,PIK3R4,GPX8,AKT3,ATP5F1B,ND4L,,,,,PRKACA,,,,FOS,PRKCD,CYTH3,,,,,,,,,,,MRC1,TRADD,TICAM1,STAT5B,CCL4L2,CASP9,ITGB7,MAP3K14,MTOR,ZNF658,PIK3CA,STING1,PRKCG,ITGA3,MDM2,PXN,,WNT1,MIR150,FGF16,EPHX3,,,,,,,,,,,,,,,DDB2,GSTA3,FGF9,,,,,,,,,,,,,,,CYC1,,RXRG,SUMO4
139,,,,,,,,,,,,,,,,,,,,,,,,,,,,,,,,,,,,,,,,,,,,,,,,,,,,,,,,,,,,,,,,,,,,,,,,,,,,,,,,,,,,,,,,RNA5S6,,,,,,,SRSF3,,,,,,,,,,,,,,,,MAP2K2,,STK4,ID1,VEGFB,ADRB2,PRKACB,TNFSF11,,WAS,,,,,,ADCY5,TACR1,,,,CDC26,,,,,CTSD,MAP2K7,,CHMP2B,CLEC4M,,PIK3CA,COL1A2,,,,,,,H2AC4,PPP3R1,,MAPK12,,PRICKLE3,,,,SEMA6D,,PLAT,,NKD1,,CTNNB1,,SLITRK3,,MYH14,,MYF5,,,,H2BK1,,,HSP90AB1,,,,GFAP,,,,,,,,,,,,,,,NDUFB2,,,,GABRG1,,,,,,,OR2T1,,,,BUB1B-PAK6,,,,,,GRM1,,,,,,PRKACB,,,,,,,,,,,COX4I2,,FZD8,,MAPK12,,,,,,,,,,,,,,,,,,CALML5,NDUFB3,ATG14,UCP1,TWNK,ATP5F1C,ND5,,,,,PRKACB,,,,JUN,PRKCE,CYTH4,,,,,,,,,,,MRC2,TRAF2,RIGI,FCGR2B,CCL4L1,CASP3,ITGB8,RELB,PREX1,ZNF337,PIK3CD,TBK1,MAPK1,ITGA6,PTK2,BAK1,,FZD1,MIR223,FGF5,EPHX4,,,,,,,,,,,,,,,POLK,GSTO1,FGF10,,,,,,,,,,,,,,,UQCRC1,,LYN,BCL2
140,,,,,,,,,,,,,,,,,,,,,,,,,,,,,,,,,,,,,,,,,,,,,,,,,,,,,,,,,,,,,,,,,,,,,,,,,,,,,,,,,,,,,,,,RNA5S11,,,,,,,SRSF4,,,,,,,,,,,,,,,,LAMTOR3,,TIAM1,THBS1,VEGFC,ADRB3,PRKACG,TNFSF12,,RHOA,,,,,,ADCY6,TACR2,,,,ANAPC13,,,,,CTSL,MAPK8,,CHMP7,CD209,,PIK3CD,COL2A1,,,,,,,MACROH2A2,PPP3R2,,MAPK13,,INVS,,,,PLXNB1,,,,NKD2,,PRKCA,,CADM3,,MYL6B,,ONECUT1,,,,H2BC12L,,,CARD8,,,,STAM2,,,,,,,,,,,,,,,NDUFB3,,,,GABRG2,,,,,,,OR2H1,,,,ARHGEF7,,,,,,,,,,,,PRKACG,,,,,,,,,,,COX4I1,,FZD6,,MAPK13,,,,,,,,,,,,,,,,,,CALML4,NDUFB4,NRBF2,TP53,ATXN8OS,ATP5F1D,ND6,,,,,PRKACG,,,,IL6,PRKCQ,CYTH2,,,,,,,,,,,SPHK1,FASLG,IFIH1,,CX3CL1,CPSF4,PTK2,NFKB2,RAC1,ZNF285,PIK3CB,IRF3,MAPK3,ITGAV,TP53,IRF3,,FZD7,STMN1,FGF18,AKR1A1,,,,,,,,,,,,,,,CDK4,GSTT2B,FGF16,,,,,,,,,,,,,,,UQCRC2,,PTK2,
141,,,,,,,,,,,,,,,,,,,,,,,,,,,,,,,,,,,,,,,,,,,,,,,,,,,,,,,,,,,,,,,,,,,,,,,,,,,,,,,,,,,,,,,,RNA5S5,,,,,,,SRSF5,,,,,,,,,,,,,,,,MAPK1,,RAC1,RALGDS,VEGFD,PRKCE,PPP1R1B,CD70,,ROCK1,,,,,,ADCY7,TAC3,,,,ANAPC15,,,,,CTSB,MAPK10,,VPS4B,CLEC7A,,PIK3CB,COL4A2,,,,,,,MACROH2A1,NFATC1,,MAPK14,,DAAM1,,,,PLXNB2,,,,TCF7,,PRKCB,,NRCAM,,MYL6,,ISL1,,,,H4C16,,,PYDC1,,,,STAM,,,,,,,,,,,,,,,NDUFB4,,,,GABRG3,,,,,,,OR4C13,,,,GIT1,,,,,,,,,,,,GNAI1,,,,,,,,,,,COX5A,,FZD10,,MAPK14,,,,,,,,,,,,,,,,,,PPP3CA,NDUFB5,PIK3C3,BAX,ATXN10,ATP5F1E,NDUFV1,,,,,CREB1,,,,CXCL8,MALT1,CYTH1,,,,,,,,,,,SPHK2,FAS,MAVS,,GNA12,CPSF4L,PXN,ZFP36,MAPK8,ZNF777,PIK3R1,APOBEC3H,MAPK11,ITGB1,BMI1,PSMC1,,FZD2,MIR342,FGF20,AKR1C1,,,,,,,,,,,,,,,CDK6,GSTP1,FGF5,,,,,,,,,,,,,,,UQCRH,,VAV3,
142,,,,,,,,,,,,,,,,,,,,,,,,,,,,,,,,,,,,,,,,,,,,,,,,,,,,,,,,,,,,,,,,,,,,,,,,,,,,,,,,,,,,,,,,RNA5S13,,,,,,,SRSF6,,,,,,,,,,,,,,,,MAPK3,,RAC2,RALA,NGF,KCNJ8,PPP1CA,TNFSF8,,ROCK2,,,,,,ADCY8,TACR3,,,,ANAPC16,,,,,,MAPK9,,VPS4A,MSR1,,PTEN,COL4A4,,,,,,,H2AC19,NFATC2,,GNAI1,,DAAM2,,,,PLXNB3,,,,TCF7L1,,PRKCG,,CNTN1,,MYL9,,ZFHX3,,,,H4C15,,,PYDC2,,,,PTPN2,,,,,,,,,,,,,,,NDUFB5,,,,GABRD,,,,,,,OR4C12,,,,ROCK1,,,,,,,,,,,,GNAI3,,,,,,,,,,,COX5B,,FZD9,,MAP3K14,,,,,,,,,,,,,,,,,,PPP3CB,NDUFB6,ATG2A,BBC3,BEAN1,ATP6,NDUFV2,,,,,ATF2,,,,TNFSF10,BCL10,ARF6,,,,,,,,,,,CALML3,FADD,TRAF3,,GNA13,PABPN1,TNF,IL2RA,MAPK10,ZNF544,PIK3R2,APOBEC3F,MAPK12,PTK2,COMMD3-BMI1,RB1,,FZD3,MIR423,FGF22,AKR1C2,,,,,,,,,,,,,,,RB1,TXNRD1,FGF18,,,,,,,,,,,,,,,UQCRHL,,VAV1,
143,,,,,,,,,,,,,,,,,,,,,,,,,,,,,,,,,,,,,,,,,,,,,,,,,,,,,,,,,,,,,,,,,,,,,,,,,,,,,,,,,,,,,,,,RNA5S4,,,,,,,SRSF7,,,,,,,,,,,,,,,,MKNK1,,RAC3,RALB,HGF,VDAC1,PPP1CB,CD40LG,,GNB1,,,,,,ADCY9,UTS2,,,,,,,,,,BAX,,VTA1,MARCO,,PDPK1,COL4A6,,,,,,,H2AJ,NFATC3,,GNAI3,,RHOA,,,,MET,,,,TCF7L2,,PTK2,,PTPRM,,MYL12B,,ESX1,,,,H4C9,,,MEFV,,,,PTPN6,,,,,,,,,,,,,,,NDUFB6,,,,GABRE,,,,,,,OR51V1,,,,ROCK2,,,,,,,,,,,,GNAI2,,,,,,,,,,,COX6A1,,DVL3,,,,,,,,,,,,,,,,,,,,PPP3CC,NDUFB7,ATG2B,ND1,NOP56,ATP5PB,NDUFV3,,,,,ATF4,,,,TNFRSF10A,NOD1,ARF1,,,,,,,,,,,CALM2,CASP8,IKBKE,,ARHGEF1,PABPN1L,TNFRSF1A,IL15,MAPK9,ZNF311,PIK3R3,APOBEC3A_B,MAPK13,PIK3CA,SP1,RBL1,,FZD4,STAT3,DLL3,AKR1C3,,,,,,,,,,,,,,,E2F1,TXNRD3,FGF20,,,,,,,,,,,,,,,UQCRB,,VAV2,
144,,,,,,,,,,,,,,,,,,,,,,,,,,,,,,,,,,,,,,,,,,,,,,,,,,,,,,,,,,,,,,,,,,,,,,,,,,,,,,,,,,,,,,,,RNA5S3,,,,,,,SRSF9,,,,,,,,,,,,,,,,MKNK2,,PAK1,RAC1,MST1,VDAC2,PPP1CC,TNFSF9,,GNB2,,,,,,RAPGEF3,UTS2B,,,,,,,,,,BAK1,,CHMP1B,OLR1,,AKT1,COL4A1,,,,,,,H2AB1,NFATC4,,GNAI2,,ROCK2,,,,RAF1,,,,LEF1,,PIK3CA,,CNTN2,,MYL12A,,,,,,H4C4,,,PSTPIP1,,,,CREBBP,,,,,,,,,,,,,,,NDUFB7,,,,GABRQ,,,,,,,OR8D1,,,,MYLK,,,,,,,,,,,,GNAO1,,,,,,,,,,,COX6A2,,DVL2,,,,,,,,,,,,,,,,,,,,PPP3R1,NDUFB8,WIPI2,ND2,,ATP5MC1,NDUFA1,,,,,CREB3,,,,TNFRSF10B,ARHGEF2,SNX18,,,,,,,,,,,CALM3,CASP3,TBK1,,ARHGEF11,BCL2L2-PABPN1,TRADD,IL15RA,CD200R1L,ZNF547,AKT1,APOBEC3D,MAPK14,PIK3CD,ZBTB17,RBL2,,FZD5,MYC,DLL1,AKR1C4,,,,,,,,,,,,,,,E2F2,TXNRD2,FGF22,,,,,,,,,,,,,,,UQCRQ,,TLR6,
145,,,,,,,,,,,,,,,,,,,,,,,,,,,,,,,,,,,,,,,,,,,,,,,,,,,,,,,,,,,,,,,,,,,,,,,,,,,,,,,,,,,,,,,,RNA5S2,,,,,,,TRA2A,,,,,,,,,,,,,,,,RPS6KA3,,PAK2,RAC2,GDNF,VDAC3,CREB1,TNFSF4,,GNB3,,,,,,RAPGEF4,UTS2R,,,,,,,,,,CAPN1,,CHMP1A,SCARB1,,AKT2,COL4A5,,,,,,,H2AC17,ITPR1,,PIK3CG,,RAC1,,,,RRAS,,,,MYC,,PIK3CD,,NFASC,,IGSF5,,,,,,H4C6,,,CASP8,,,,EP300,,,,,,,,,,,,,,,NDUFB8,,,,GABRP,,,,,,,OR8D2,,,,MYLK2,,,,,,,,,,,,PIK3CG,,,,,,,,,,,COX6B1,,DVL1,,,,,,,,,,,,,,,,,,,,PPP3R2,NDUFB9,WIPI1,ND3,,ATP5MC2,NDUFA2,,,,,CREB3L1,,,,FASLG,RIPK2,SNX33,,,,,,,,,,,CALM1,CFLAR,DDX3X,,ARHGEF12,NXF1,FASLG,IL6,CD200R1,ZIK1,AKT2,APOBEC3A,TLR2,PIK3CB,NTRK1,CDKN1B,,FZD8,CASP3,DLL4,NQO1,,,,,,,,,,,,,,,E2F3,HGF,FGF19,,,,,,,,,,,,,,,UQCR10,,RAP1A,
146,,,,,,,,,,,,,,,,,,,,,,,,,,,,,,,,,,,,,,,,,,,,,,,,,,,,,,,,,,,,,,,,,,,,,,,,,,,,,,,,,,,,,,,,RNA5S10,,,,,,,TRA2B,,,,,,,,,,,,,,,,RPS6KA1,,PAK3,RAC3,EGFR,SLC25A4,CREB3,TNFSF18,,GNB4,,,,,,DNM1,AVP,,,,,,,,,,CAPN2,,CHMP5,CD36,,AKT3,COL4A3,,,,,,,H2AC18,ITPR2,,PIK3R5,,RAC2,,,,SEMA7A,,,,CCND1,,PIK3CB,,CNTNAP1,,MAGI1,,,,,,H4C12,,,FADD,,,,PIAS1,,,,,,,,,,,,,,,NDUFB9,,,,GABRR1,,,,,,,OR8B4,,,,MYLK3,,,,,,,,,,,,PIK3R5,,,,,,,,,,,COX6B2,,GSK3B,,,,,,,,,,,,,,,,,,,,BAD,NDUFB10,ALS2,ND4,,ATP5MC3,NDUFA3,,,,,CREB3L2,,,,FAS,MAPK8,SNX9,,,,,,,,,,,CALML6,BID,IRF3,,AKAP13,NXF2,FAS,CSF2,SYK,ZNF615,AKT3,APOBEC3C,TLR4,PIK3R1,NGFR,UBR4,,FZD6,HRAS,PTGES3,CBR1,,,,,,,,,,,,,,,BRCA1,MET,FGF21,,,,,,,,,,,,,,,UQCR11,,RAP1B,
147,,,,,,,,,,,,,,,,,,,,,,,,,,,,,,,,,,,,,,,,,,,,,,,,,,,,,,,,,,,,,,,,,,,,,,,,,,,,,,,,,,,,,,,,RNA5S12,,,,,,,SRSF10,,,,,,,,,,,,,,,,RPS6KA2,,PAK4,APBB1IP,ERBB2,SLC25A5,CREB3L1,TNFSF13,,GNB5,,,,,,DNM3,AVPR1A,,,,,,,,,,CASP12,,IST1,CYBA,,CHUK,COL6A1,,,,,,,H2AC11,ITPR3,,PIK3R6,,RAC3,,,,PLXNC1,,,,CCND2,,PIK3R1,,CNTNAP2,,SYNPO,,,,,,H4C11,,,CASP12,,,,PIAS2,,,,,,,,,,,,,,,NDUFB10,,,,GABRR2,,,,,,,OR9G4,,,,MYLK4,,,,,,,,,,,,PIK3R6,,,,,,,,,,,COX6C,,AXIN1,,,,,,,,,,,,,,,,,,,,CYCS,NDUFB11,RAB5A,ND4L,,ATP5PD,NDUFA4,,,,,CREB3L3,,,,FADD,MAPK10,WASL,,,,,,,,,,,CALML5,BAX,IRF7,,ROCK1,NXF2B,FADD,LTA,SRC,ZNF763,MAP3K14,APOBEC3G,MYD88,PIK3R2,MEN1,JUN,,FZD10,NRAS,AIPL1,AHR,,,,,,,,,,,,,,,BRCA2,GAB1,FGF23,,,,,,,,,,,,,,,COX3,,CCL5,
148,,,,,,,,,,,,,,,,,,,,,,,,,,,,,,,,,,,,,,,,,,,,,,,,,,,,,,,,,,,,,,,,,,,,,,,,,,,,,,,,,,,,,,,,RNA5S8,,,,,,,,,,,,,,,,,,,,,,,RPS6KA6,,PAK5,TLN1,ERBB3,SLC25A6,CREB3L2,TNFSF13B,,GNG2,,,,,,DNM2,AVPR1B,,,,,,,,,,MARCHF6,,PDCD6IP,CYBB,,MAPKAP1,COL6A2,,,,,,,H2AC21,SLC25A4,,AKT1,,MAPK8,,,,ITGB1,,,,CCND3,,PIK3R2,,MPZ,,ACTN1,,,,,,H4C3,,,CARD18,,,,PIAS3,,,,,,,,,,,,,,,NDUFB11,,,,GABRR3,,,,,,,OR10A4,,,,PPP1CA,,,,,,,,,,,,SRC,,,,,,,,,,,COX7A1,,AXIN2,,,,,,,,,,,,,,,,,,,,APAF1,NDUFS1,RAC1,ND5,,ATP5PO,NDUFA4L2,,,,,CREB3L4,,,,CASP8,MAPK9,DNM2,,,,,,,,,,,CALML4,BAK1,IFNA1,,ROCK2,NXF3,CASP8,BCL2L1,HCK,ZFP82,RELB,APOBEC3B,TLR7,PIK3R3,EWSR1,CHD4,,FZD9,MIR199B,AIP,LPO,,,,,,,,,,,,,,,,ACTG1,FGFR2,,,,,,,,,,,,,,,COX1,,CCL3,
149,,,,,,,,,,,,,,,,,,,,,,,,,,,,,,,,,,,,,,,,,,,,,,,,,,,,,,,,,,,,,,,,,,,,,,,,,,,,,,,,,,,,,,,,RNA5S7,,,,,,,,,,,,,,,,,,,,,,,ATF4,,PAK6,TLN2,ERBB4,SLC25A31,CREB3L3,TGFB1,,GNG3,,,,,,,AVPR2,,,,,,,,,,UBE2J1,,SPG21,RAC1,,RICTOR,COL6A3,,,,,,,H2AZ2,SLC25A5,,AKT2,,MAPK10,,,,SHH,,,,SOX2,,PIK3R3,,MPZL1,,ACTN4,,,,,,H4C8,,,CARD16,,,,PIAS4,,,,,,,,,,,,,,,NDUFC1,,,,,,,,,,,OR6C6,,,,PPP1CB,,,,,,,,,,,,KCNJ3,,,,,,,,,,,COX7A2,,CTNNB1,,,,,,,,,,,,,,,,,,,,CASP9,NDUFS2,CHMP2B,ND6,,ATP5PF,NDUFA5,,,,,CREB5,,,,TMBIM6,JUN,TLR6,,,,,,,,,,,PIK3C3,CYCS,IFNA2,,CTNNB1,NXT1,CASP3,XIAP,LYN,ZNF875,NFKB2,SAMHD1,TLR8,PTEN,FLI1,HDAC1,,ITGA5,MIR324,AHR,NOX4,,,,,,,,,,,,,,,,ACTB,GAB1,,,,,,,,,,,,,,,COX2,,CCL3L1,
150,,,,,,,,,,,,,,,,,,,,,,,,,,,,,,,,,,,,,,,,,,,,,,,,,,,,,,,,,,,,,,,,,,,,,,,,,,,,,,,,,,,,,,,,RNA5S14,,,,,,,,,,,,,,,,,,,,,,,ELK1,,BUB1B-PAK6,ITGA2B,PDGFRA,PPIF,CREB3L4,TGFB2,,GNG4,,,,,,,F2,,,,,,,,,,UBE2J2,,IGF2R,NCF1,,PRR5,COL6A6,,,,,,,H2AC7,SLC25A6,,AKT3,,MAPK9,,,,PTCH1,,,,SNAI2,,PTEN,,MAG,,MICALL2,,,,,,H4C2,,,NLRP6,,,,FHL1,,,,,,,,,,,,,,,NDUFC2,,,,,,,,,,,OR2Z1,,,,PPP1CC,,,,,,,,,,,,KCNJ6,,,,,,,,,,,COX7A2L,,APC,,,,,,,,,,,,,,,,,,,,CASP3,NDUFS3,FIG4,NDUFV1,,ATP8,NDUFA6,,,,,ATF6B,,,,BAK1,UBE2V1,TLR2,,,,,,,,,,,RAB5A,APAF1,IFNA4,,PTGER1,NXT2,SLC9A3R1,TGFB1,MAP2K4,ZNF256,TRADD,TRIM5,IRAK4,NKX3-1,IGF1,HDAC2,,SDC2,MIR483,HSP90AA1,CYBA,,,,,,,,,,,,,,,,ACTL6A,,,,,,,,,,,,,,,,COX4I2,,CCL3L3,
151,,,,,,,,,,,,,,,,,,,,,,,,,,,,,,,,,,,,,,,,,,,,,,,,,,,,,,,,,,,,,,,,,,,,,,,,,,,,,,,,,,,,,,,,RNA5S15,,,,,,,,,,,,,,,,,,,,,,,ELK4,,RHOA,ITGB3,PDGFRB,CREB1,CREB5,TGFB3,,GNG5,,,,,,,CTSG,,,,,,,,,,UBE2G1,,SNX1,NCF2,,PRR5L,COL6A5,,,,,,,H2AZ1,SLC25A31,,,,PLCB1,,,,SMO,,,,BIRC2,,VAV3,,CDH1,,RAB8A,,,,,,H4C5,,,NLRP7,,,,PTPN11,,,,,,,,,,,,,,,NDUFC2-KCTD14,,,,,,,,,,,OR10H5,,,,PPP1R12A,,,,,,,,,,,,KCNJ9,,,,,,,,,,,COX7B,,APC2,,,,,,,,,,,,,,,,,,,,CHRM1,NDUFS4,SPG11,NDUFV2,,PSMA6,NDUFA7,,,,,CRH,,,,BAX,UBE2V2,TIRAP,,,,,,,,,,,RAB5B,CASP9,IFNA5,,PTGER2,HNRNPUL1,PPP2CA,TGFB2,MAP2K7,ZNF443,NFKBIB,BST2,IRAK1,AKT1,ID2,HDAC3,,EZR,MIR26A1,HSP90AB1,NOX1,,,,,,,,,,,,,,,,ACTL6B,,,,,,,,,,,,,,,,COX4I1,,CXCL1,
152,,,,,,,,,,,,,,,,,,,,,,,,,,,,,,,,,,,,,,,,,,,,,,,,,,,,,,,,,,,,,,,,,,,,,,,,,,,,,,,,,,,,,,,,RNA5S17,,,,,,,,,,,,,,,,,,,,,,,MYC,,PIK3CA,PFN3,FGFR1,ATF2,CREBBP,GDF15,,GNG7,,,,,,,GZMA,,,,,,,,,,UBE2G2,,SNX2,NCF4,,RHOA,COL9A1,,,,,,,H2AC15,PPID,,,,PLCB2,,,,PRKCA,,,,BIRC3,,VAV1,,VCAN,,RAB8B,,,,,,H4C13,,,NLRP12,,,,GRB2,,,,,,,,,,,,,,,NDUFAF1,,,,,,,,,,,OR14A16,,,,PPP1R12B,,,,,,,,,,,,KCNJ5,,,,,,,,,,,COX7B2,,TCF7,,,,,,,,,,,,,,,,,,,,CHRM3,NDUFS5,PPP3CA,NDUFV3,,PSMA2,NDUFA8,,,,,NPY,,,,CYCS,UBE2NL,MYD88,,,,,,,,,,,RAB5C,PSME3,IFNA6,,PTGER3,RAE1,PPP2CB,TGFB3,PLCG2,ZNF267,NFKBIE,TNFRSF1A,TRAF6,AKT2,TGFBR2,HDAC4,,RDX,MIR26A2,HSP90B1,NCF1,,,,,,,,,,,,,,,,SMARCD1,,,,,,,,,,,,,,,,COX5A,,CXCL2,
153,,,,,,,,,,,,,,,,,,,,,,,,,,,,,,,,,,,,,,,,,,,,,,,,,,,,,,,,,,,,,,,,,,,,,,,,,,,,,,,,,,,,,,,,RNA5S9,,,,,,,,,,,,,,,,,,,,,,,SRF,,PIK3CD,PFN1,FGFR2,ATF4,EP300,GDF2,,GNG8,,,,,,,PLG,,,,,,,,,,SYVN1,,SNX32,,,PRKCA,COL9A2,,,,,,,H2AC6,VDAC1,,,,PLCB3,,,,ILK,,,,ACTG1,,VAV2,,ITGA6,,RAPGEF6,,,,,,H4C14,,,NAIP,,,,SOS1,,,,,,,,,,,,,,,NDUFAF2,,,,,,,,,,,OR2V2,,,,PPP1R12C,,,,,,,,,,,,EGFR,,,,,,,,,,,COX7C,,TCF7L1,,,,,,,,,,,,,,,,,,,,CHRM5,NDUFS6,PPP3CB,NDUFA1,,PSMA4,NDUFA9,,,,,BDNF,,,,CASP9,UBE2N,CD14,,,,,,,,,,,EEA1,RXRA,IFNA7,,PTGER4,NUP98,PPP2R1B,TGFBR1,PLCG1,ZNF211,MAP2K4,RIPK1,MAP3K7,AKT3,IGFBP3,HDAC5,,MSN,MIR26B,KPNA1,NCF2,,,,,,,,,,,,,,,,SMARCD2,,,,,,,,,,,,,,,,COX5B,,CXCL3,
154,,,,,,,,,,,,,,,,,,,,,,,,,,,,,,,,,,,,,,,,,,,,,,,,,,,,,,,,,,,,,,,,,,,,,,,,,,,,,,,,,,,,,,,,RNA5-8SN5,,,,,,,,,,,,,,,,,,,,,,,FOS,,PIK3CB,PFN2,FGFR3,CREB3,BDNF,BMP10,,GNG10,,,,,,,PRSS3,,,,,,,,,,RNF5,,SNX5,,,PRKCB,COL9A3,,,,,,,H2AC13,VDAC2,,,,PLCB4,,,,BOC,,,,ACTB,,RAC1,,CDH3,,RAP1A,,,,,,H4C1,,,NLRC4,,,,SOS2,,,,,,,,,,,,,,,NDUFAF3,,,,,,,,,,,OR13C9,,,,MYL2,,,,,,,,,,,,CDKN1A,,,,,,,,,,,COX8C,,TCF7L2,,,,,,,,,,,,,,,,,,,,GRM5,NDUFS7,PPP3CC,NDUFA2,,PSMA7,NDUFA10,,,,,NTRK2,,,,CASP3,RBCK1,TLR4,,,,,,,,,,,RAB7A,PPARA,IFNA8,,GNAS,RSAD2,PPP2R1A,TGFBR2,ITPR1,ZNF234,MAP2K7,TRADD,TAB2,CHUK,FEV,HDAC6,,SDC4,MIR152,KPNA2,EGF,,,,,,,,,,,,,,,,SMARCD3,,,,,,,,,,,,,,,,COX6A1,,IL12A,
155,,,,,,,,,,,,,,,,,,,,,,,,,,,,,,,,,,,,,,,,,,,,,,,,,,,,,,,,,,,,,,,,,,,,,,,,,,,,,,,,,,,,,,,,RNA5-8SN1,,,,,,,,,,,,,,,,,,,,,,,MAPT,,PIK3R1,PFN4,FGFR4,CREB3L1,FOS,INHA,,GNG11,,,,,,,PRSS2,,,,,,,,,,RNF185,,SNX6,,,PRKCG,LAMA1,,,,,,,H2AC14,VDAC3,,,,CAMK2A,,,,WNT5A,,,,CTNNA3,,RAC2,,CDH4,,ITGB1,,,,,,H4C7,,,PRKCD,,,,HRAS,,,,,,,,,,,,,,,NDUFAF4,,,,,,,,,,,OR13D1,,,,MYL5,,,,,,,,,,,,,,,,,,,,,,,COX8A,,LEF1,,,,,,,,,,,,,,,,,,,,GNAQ,NDUFS8,PPP3R1,NDUFA3,,PSMA8,NDUFAB1,,,,,SHC1,,,,CASP7,RNF31,LY96,,,,,,,,,,,CTSD,NR1H3,IFNA10,,GSK3B,FDPS,PPP2R2A,SMAD2,ITPR2,ZNF273,MAPK8,TRAF5,MAPK8,IKBKB,ATF1,HDAC7,,FGF2,DNMT1,KPNA7,EGFR,,,,,,,,,,,,,,,,PHF10,,,,,,,,,,,,,,,,COX6A2,,IL12B,
156,,,,,,,,,,,,,,,,,,,,,,,,,,,,,,,,,,,,,,,,,,,,,,,,,,,,,,,,,,,,,,,,,,,,,,,,,,,,,,,,,,,,,,,,RNA5-8SN2,,,,,,,,,,,,,,,,,,,,,,,STMN1,,PIK3R2,VASP,FLT1,CREB3L2,JUN,BMP3,,GNG12,,,,,,,PRSS1,,,,,,,,,,SELENOS,,SRC,,,SGK1,LAMA2,,,,,,,H2AC16,MCU,,,,CAMK2D,,,,WNT5B,,,,CTNNA1,,RAC3,,CDH15,,AFDN,,,,,,H3-5,,,GBP2,,,,RAF1,,,,,,,,,,,,,,,NDUFAF5,,,,,,,,,,,OR8D4,,,,MYL7,,,,,,,,,,,,,,,,,,,,,,,,,,,,,,,,,,,,,,,,,,,,,PLCB1,NDUFC1,PPP3R2,NDUFA4,,PSMA5,NDUFA11,,,,,SHC2,,,,ABCF2,SHARPIN,TLR5,,,,,,,,,,,TCIRG1,CCND1,IFNA13,,CCND1,PRKCA,PPP2R2B,SMAD3,ITPR3,ZNF460,MAPK10,TRAF2,MAPK10,IKBKG,ARNT2,HDAC8,,FGFR1,MIR135B,KPNA3,HGF,,,,,,,,,,,,,,,,DPF1,,,,,,,,,,,,,,,,COX6B1,,NLRP3,
157,,,,,,,,,,,,,,,,,,,,,,,,,,,,,,,,,,,,,,,,,,,,,,,,,,,,,,,,,,,,,,,,,,,,,,,,,,,,,,,,,,,,,,,,RNA5-8SN3,,,,,,,,,,,,,,,,,,,,,,,PLA2G4E,,PIK3R3,ENAH,FLT4,CREB3L3,GLI3,GDF10,,GNG13,,,,,,,F2R,,,,,,,,,,SEL1L,,HRAS,,,,LAMA3,,,,,,,H2AB2,,,,,CAMK2B,,,,FZD3,,,,CTNNA2,,PAK1,,NEO1,,TJP2,,,,,,H3-3B,,,GBP5,,,,PIK3CA,,,,,,,,,,,,,,,NDUFAF6,,,,,,,,,,,OR5F1,,,,MYL9,,,,,,,,,,,,,,,,,,,,,,,,,,,,,,,,,,,,,,,,,,,,,PLCB2,NDUFC2,UBQLN1,NDUFA4L2,,PSMA1,NDUFA12,,,,,SHC3,,,,NAIP,TNIP1,TLR9,,,,,,,,,,,ATP6V0A2,MYC,IFNA14,,MYC,RAF1,PPP2R2C,SMAD4,CALML3,ZNF268,MAPK9,MAP2K3,MAPK9,NFKBIA,ATM,HDAC9,,FRS2,MIR135A2,KPNA4,MET,,,,,,,,,,,,,,,,DPF3,,,,,,,,,,,,,,,,COX6B2,,IL18,
158,,,,,,,,,,,,,,,,,,,,,,,,,,,,,,,,,,,,,,,,,,,,,,,,,,,,,,,,,,,,,,,,,,,,,,,,,,,,,,,,,,,,,,,,RNA5-8SN4,,,,,,,,,,,,,,,,,,,,,,,PLA2G4A,,AKT1,EVL,KDR,CREB3L4,GLI1,GDF11,,GNGT1,,,,,,,F2RL1,,,,,,,,,,SEL1L2,,IL2RA,,,,LAMA5,,,,,,,PPIA,,,,,CAMK2G,,,,RYK,,,,,,PAK2,,,,RAPGEF2,,,,,,H3C4,,,AIM2,,,,PIK3CD,,,,,,,,,,,,,,,NDUFAF7,,,,,,,,,,,OR5AP2,,,,MYL10,,,,,,,,,,,,,,,,,,,,,,,,,,,,,,,,,,,,,,,,,,,,,PLCB3,NDUFC2-KCTD14,UBQLN2,NDUFA5,,PSMA3,NDUFA13,,,,,SHC4,,,,NLRP4,UBE2D4,IRAK1,,,,,,,,,,,ATP6V0A4,,IFNA16,,IL6R,MAP2K1,PPP2R2D,ADCY1,CALM2,ZNF275,TRAF2,MAP2K6,FOS,NFKB1,MITF,HDAC10,,PTPN11,MIR135A1,KPNA6,GRB2,,,,,,,,,,,,,,,,ARID1B,,,,,,,,,,,,,,,,COX6C,,HSPA5,
159,,,,,,,,,,,,,,,,,,,,,,,,,,,,,,,,,,,,,,,,,,,,,,,,,,,,,,,,,,,,,,,,,,,,,,,,,,,,,,,,,,,,,,,,,,,,,,,,,,,,,,,,,,,,,,,JMJD7-PLA2G4B,,AKT2,ACTG1,NTRK1,CREB5,PTCH1,MSTN,,GNGT2,,,,,,,F2RL2,,,,,,,,,,HERPUD1,,IL2RB,,,,LAMA4,,,,,,,BCL2,,,,,PPP3CA,,,,CAMK2A,,,,,,PAK3,,,,RAP2C,,,,,,H3C3,,,IFI16,,,,PIK3CB,,,,,,,,,,,,,,,NDUFAF8,,,,,,,,,,,OR52L1,,,,MYL12B,,,,,,,,,,,,,,,,,,,,,,,,,,,,,,,,,,,,,,,,,,,,,PLCB4,SDHA,UBQLN3,NDUFA6,,PSMB6,NDUFB1,,,,,GRB2,,,,NLRP3,UBE2D1,IRAK4,,,,,,,,,,,ATP6V0A1,,IFNA17,,JAK1,MAP2K2,PPP2R3B,ADCY2,CALM3,ZNF257,RIPK1,MAP2K7,JUN,NFKB2,WT1,HDAC11,,SOS1,APC,KPNA5,SOS1,,,,,,,,,,,,,,,,ARID1A,,,,,,,,,,,,,,,,COX7A1,,ATF6,
160,,,,,,,,,,,,,,,,,,,,,,,,,,,,,,,,,,,,,,,,,,,,,,,,,,,,,,,,,,,,,,,,,,,,,,,,,,,,,,,,,,,,,,,,,,,,,,,,,,,,,,,,,,,,,,,PLA2G4B,,AKT3,ACTB,NTRK2,ATF6B,HHIP,INHBA,,PREX1,,,,,,,F2RL3,,,,,,,,,,AMFR,,IL2RG,,,,LAMB1,,,,,,,,,,,,PPP3CB,,,,CAMK2D,,,,,,PAK4,,,,MARVELD2,,,,,,H3C1,,,TP53BP1,,,,PIK3R1,,,,,,,,,,,,,,,SDHA,,,,,,,,,,,OR2AG2,,,,MYL12A,,,,,,,,,,,,,,,,,,,,,,,,,,,,,,,,,,,,,,,,,,,,,GRIN1,SDHB,UBQLN4,NDUFA7,,PSMB7,NDUFB2,,,,,SOS1,,,,PYCARD,UBE2D2,TRAF6,,,,,,,,,,,ATP6V0D1,,IFNA21,,STAT3,MAPK1,PPP2R3C,ADCY3,CALM1,ZIM3,MAP2K3,FASLG,CHUK,RELA,PDGFA,PKM,,SOS2,APC2,KPNB1,SOS2,,,,,,,,,,,,,,,,SMARCE1,,,,,,,,,,,,,,,,COX7A2,,DDIT3,
161,,,,,,,,,,,,,,,,,,,,,,,,,,,,,,,,,,,,,,,,,,,,,,,,,,,,,,,,,,,,,,,,,,,,,,,,,,,,,,,,,,,,,,,,,,,,,,,,,,,,,,,,,,,,,,,PLA2G4C,,IKBKG,ARAP3,NTRK3,BAD,NFKBIA,INHBB,,ELMO1,,,,,,,PARD3,,,,,,,,,,STUB1,,RHOA,,,,LAMB2,,,,,,,,,,,,PPP3CC,,,,CAMK2B,,,,,,PAK5,,,,TUBA1B,,,,,,H3-3A,,,PYDC5,,,,PIK3R2,,,,,,,,,,,,,,,SDHB,,,,,,,,,,,OR52B6,,,,MYL11,,,,,,,,,,,,,,,,,,,,,,,,,,,,,,,,,,,,,,,,,,,,,GRIN2A,SDHC,VCP,NDUFA8,,PSMB3,NDUFB3,,,,,SOS2,,,,CASP1,UBE2D3,MAP3K7,,,,,,,,,,,ATP6V0D2,,IFNB1,,VEGFA,MAPK3,PPP2R3A,ADCY4,CALML6,ZNF554,MAP2K6,FAS,IKBKB,PTGS2,IL2RB,IRF9,,PLCG1,IRS1,ARNT,HRAS,,,,,,,,,,,,,,,,SMARCB1,,,,,,,,,,,,,,,,COX7A2L,,ERO1A,
162,,,,,,,,,,,,,,,,,,,,,,,,,,,,,,,,,,,,,,,,,,,,,,,,,,,,,,,,,,,,,,,,,,,,,,,,,,,,,,,,,,,,,,,,,,,,,,,,,,,,,,,,,,,,,,,PLA2G4D,,CHUK,RHOA,MET,VASP,NFKB1,GDF1,,DOCK2,,,,,,,PRLH,,,,,,,,,,UBE2D4,,HLA-A,,,,LAMB3,,,,,,,,,,,,PPP3R1,,,,CAMK2G,,,,,,PAK6,,,,TUBA4A,,,,,,H3-4,,,RHOA,,,,PIK3R3,,,,,,,,,,,,,,,SDHC,,,,,,,,,,,OR2AT4,,,,MYH9,,,,,,,,,,,,,,,,,,,,,,,,,,,,,,,,,,,,,,,,,,,,,GRIN2B,SDHD,DERL1,NDUFA9,,PSMB2,NDUFB4,,,,,HRAS,,,,CASP4,RBX1,TAB1,,,,,,,,,,,ATP6V1H,,IFNAR1,,MAP2K6,ACTG1,PPP2R5B,ADCY5,CALML5,ZNF689,MAPK11,FADD,IKBKG,NOS2,BAIAP3,DNAJA3,,PLCG2,PIK3R1,CYP1A1,KRAS,,,,,,,,,,,,,,,,SMARCC1,,,,,,,,,,,,,,,,COX7B,,ITPR1,
163,,,,,,,,,,,,,,,,,,,,,,,,,,,,,,,,,,,,,,,,,,,,,,,,,,,,,,,,,,,,,,,,,,,,,,,,,,,,,,,,,,,,,,,,,,,,,,,,,,,,,,,,,,,,,,,PLA2G4F,,IKBKB,SRC,MST1R,RAF1,RELA,GDF3,,PTK2,,,,,,,PRLHR,,,,,,,,,,UBE2D1,,HLA-B,,,,LAMB4,,,,,,,,,,,,PPP3R2,,,,WNT4,,,,,,BUB1B-PAK6,,,,TUBA3C,,,,,,H3C14,,,PKN1,,,,AKT1,,,,,,,,,,,,,,,SDHD,,,,,,,,,,,OR10A2,,,,MYH10,,,,,,,,,,,,,,,,,,,,,,,,,,,,,,,,,,,,,,,,,,,,,GRIN2C,UQCRFS1,PSMA6,NDUFA10,,PSMB5,NDUFB5,,,,,KRAS,,,,IL18,CUL1,TAB2,,,,,,,,,,,ATP6AP1,,,,MAPK11,ACTB,PPP2R5C,ADCY6,CALML4,ZNF354B,MAPK12,CASP8,NLRP3,BCL2,TSPAN7,KAT2B,,PRKCA,PIK3R2,CYP1B1,NRAS,,,,,,,,,,,,,,,,SMARCC2,,,,,,,,,,,,,,,,COX7B2,,CAMK2A,
164,,,,,,,,,,,,,,,,,,,,,,,,,,,,,,,,,,,,,,,,,,,,,,,,,,,,,,,,,,,,,,,,,,,,,,,,,,,,,,,,,,,,,,,,,,,,,,,,,,,,,,,,,,,,,,,TNF,,NFKB1,FARP2,RET,MAP2K1,SOX9,NODAL,,PXN,,,,,,,PMCH,,,,,,,,,,UBE2D2,,HLA-C,,,,LAMC1,,,,,,,,,,,,PRKCA,,,,PIK3CA,,,,,,CDC42,,,,TUBA1A,,,,,,H3C15,,,PKN2,,,,AKT2,,,,,,,,,,,,,,,UQCRFS1,,,,,,,,,,,OR6C2,,,,MYH11,,,,,,,,,,,,,,,,,,,,,,,,,,,,,,,,,,,,,,,,,,,,,GRIN2D,CYTB,PSMA2,NDUFAB1,,PSMB1,NDUFB6,,,,,NRAS,,,,PAK1,SKP1,TAB3,,,,,,,,,,,ATP6V0C,,,,MAPK12,RAB11A,PPP2R5D,ADCY7,PPP3CA,ZNF641,MAPK13,BID,CASP1,BIRC2,MLF1,KAT2A,,PRKCB,PIK3R3,EPHX1,ARAF,,,,,,,,,,,,,,,,SMARCA2,,,,,,,,,,,,,,,,COX7C,,CAMK2D,
165,,,,,,,,,,,,,,,,,,,,,,,,,,,,,,,,,,,,,,,,,,,,,,,,,,,,,,,,,,,,,,,,,,,,,,,,,,,,,,,,,,,,,,,,,,,,,,,,,,,,,,,,,,,,,,,IL1A,,RELA,CDC42,IGH,MAP2K2,AMH,GDF9,,BCAR1,,,,,,,MCHR1,,,,,,,,,,UBE2D3,,HLA-F,,,,LAMC2,,,,,,,,,,,,PRKCB,,,,PIK3CD,,,,,,BCAR1,,,,TUBA1C,,,,,,H3C13,,,YWHAE,,,,AKT3,,,,,,,,,,,,,,,CYTB,,,,,,,,,,,OR6C4,,,,MYH14,,,,,,,,,,,,,,,,,,,,,,,,,,,,,,,,,,,,,,,,,,,,,CACNA1C,CYC1,PSMA4,NDUFA11,,PSMB4,NDUFB7,,,,,ARAF,,,,PAK2,BTRC,IKBKG,,,,,,,,,,,ATP6V0B,,,,MAPK13,RAB11B,PPP2R5E,ADCY8,PPP3CB,ZNF816,MAPK14,BAX,TLR3,BIRC3,NR4A3,GTF2A1L,,PRKCG,MAPK7,EPHX2,BRAF,,,,,,,,,,,,,,,,SMARCA4,,,,,,,,,,,,,,,,COX8C,,CAMK2B,
166,,,,,,,,,,,,,,,,,,,,,,,,,,,,,,,,,,,,,,,,,,,,,,,,,,,,,,,,,,,,,,,,,,,,,,,,,,,,,,,,,,,,,,,,,,,,,,,,,,,,,,,,,,,,,,,IL1B,,BAD,VAV3,PLCD1,MAPK1,PPARA,INHBC,,CRK,,,,,,,MCHR2,,,,,,,,,,PRKN,,HLA-G,,,,LAMC3,,,,,,,,,,,,PRKCG,,,,PIK3CB,,,,,,CRK,,,,TUBA8,,,,,,H3C6,,,GBP1,,,,MTOR,,,,,,,,,,,,,,,CYC1,,,,,,,,,,,OR8S1,,,,DIAPH1,,,,,,,,,,,,,,,,,,,,,,,,,,,,,,,,,,,,,,,,,,,,,CACNA1D,UQCRC1,PSMA7,NDUFA12,,PSMC2,NDUFB8,,,,,BRAF,,,,PAK3,FBXW11,CHUK,,,,,,,,,,,LAMP1,,,,MAPK14,XPO1,PPP2R5A,ADCY9,PPP3CC,ZNF543,JUN,BAK1,RIGI,XIAP,TAF15,GTF2A1,,NUDT16L1,PIK3CA,EPHX3,RAF1,,,,,,,,,,,,,,,,ARID2,,,,,,,,,,,,,,,,COX8A,,CAMK2G,
167,,,,,,,,,,,,,,,,,,,,,,,,,,,,,,,,,,,,,,,,,,,,,,,,,,,,,,,,,,,,,,,,,,,,,,,,,,,,,,,,,,,,,,,,,,,,,,,,,,,,,,,,,,,,,,,TGFB1,,BCL2L1,VAV1,PLCD3,MAPK3,ACOX3,INHBE,,CRKL,,,,,,,FSHB,,,,,,,,,,RBX1,,HLA-E,,,,CHAD,,,,,,,,,,,,NFATC1,,,,PIK3R1,,,,,,CRKL,,,,TUBA3E,,,,,,H3C11,,,GBP3,,,,,,,,,,,,,,,,,,,UQCRC1,,,,,,,,,,,OR6S1,,,,DIAPH2,,,,,,,,,,,,,,,,,,,,,,,,,,,,,,,,,,,,,,,,,,,,,CACNA1F,UQCRC2,PSMA8,NDUFA13,,PSMC1,NDUFB9,,,,,RAF1,,,,RAB1A,CGAS,IKBKB,,,,,,,,,,,LAMP2,,,,CREB1,KPNA1,TSC1,PRKACA,PPP3R1,ZNF813,ENTPD3,BCL2,ISG15,BIRC7,FUS,GTF2A2,,PXN,PIK3CD,EPHX4,MAP2K1,,,,,,,,,,,,,,,,PBRM1,,,,,,,,,,,,,,,,ATP5F1A,,EIF2AK3,
168,,,,,,,,,,,,,,,,,,,,,,,,,,,,,,,,,,,,,,,,,,,,,,,,,,,,,,,,,,,,,,,,,,,,,,,,,,,,,,,,,,,,,,,,,,,,,,,,,,,,,,,,,,,,,,,TGFB2,,FOXO4,VAV2,PLCD4,,ACOX1,AMH,,PTK2B,,,,,,,CGA,,,,,,,,,,CUL1,,FOLR1,,,,RELN,,,,,,,,,,,,NFATC2,,,,PIK3R2,,,,,,DOCK1,,,,TUBA3D,,,,,,H3C8,,,GBP4,,,,,,,,,,,,,,,,,,,UQCRC2,,,,,,,,,,,OR6F1,,,,SLC9A1,,,,,,,,,,,,,,,,,,,,,,,,,,,,,,,,,,,,,,,,,,,,,CACNA1S,UQCRH,PSMA5,NDUFB1,,PSMC4,NDUFB10,,,,,MAP2K1,,,,SEC24B,STING1,NFKBIA,,,,,,,,,,,PPP3CA,,,,ATF2,KPNA2,TSC2,PRKACB,PPP3R2,ZNF12,ENTPD8,CYCS,IFIH1,BCL2L1,DDIT3,SRF,,PTK2,PIK3CB,GSTA5,MAP2K2,,,,,,,,,,,,,,,,BRD7,,,,,,,,,,,,,,,,ATP5F1B,,EIF2S1,
169,,,,,,,,,,,,,,,,,,,,,,,,,,,,,,,,,,,,,,,,,,,,,,,,,,,,,,,,,,,,,,,,,,,,,,,,,,,,,,,,,,,,,,,,,,,,,,,,,,,,,,,,,,,,,,,TGFB3,,FASLG,TIAM1,PLCB1,,NFATC1,BMP2,,GNAQ,,,,,,,FSHR,,,,,,,,,,SKP1,,FOLR2,,,,THBS1,,,,,,,,,,,,NFATC3,,,,PIK3R3,,,,,,RAPGEF1,,,,TUBAL3,,,,,,H3C12,,,GBP7,,,,,,,,,,,,,,,,,,,UQCRH,,,,,,,,,,,OR2T3,,,,PIP5K1C,,,,,,,,,,,,,,,,,,,,,,,,,,,,,,,,,,,,,,,,,,,,,CHRNA7,UQCRHL,PSMA1,NDUFB2,,PSMC6,NDUFB11,,,,,MAPK1,,,,SEC24A,MYD88,NFKB1,,,,,,,,,,,PPP3CB,,,,ATF4,KPNA7,RHEB,PRKACG,NFATC1,ZNF14,ENTPD1,CASP9,MAVS,TRAF1,CEBPB,IKBKG,,HBEGF,MIR200A,GSTA2,MAPK1,,,,,,,,,,,,,,,,,,,,,,,,,,,,,,,,ATP5F1C,,ATF4,
170,,,,,,,,,,,,,,,,,,,,,,,,,,,,,,,,,,,,,,,,,,,,,,,,,,,,,,,,,,,,,,,,,,,,,,,,,,,,,,,,,,,,,,,,,,,,,,,,,,,,,,,,,,,,,,,TNFRSF1A,,RALGAPA1,PARD3,PLCB2,,F2R,BMP4,,PLCB1,,,,,,,LHB,,,,,,,,,,FBXO2,,FOLR3,,,,COMP,,,,,,,,,,,,NFATC4,,,,PDPK1,,,,,,RAP1A,,,,,,,,,,H3C10,,,CASP5,,,,,,,,,,,,,,,,,,,UQCRHL,,,,,,,,,,,OR10R2,,,,PIP5K1A,,,,,,,,,,,,,,,,,,,,,,,,,,,,,,,,,,,,,,,,,,,,,MCU,UQCRB,PSMA3,NDUFB3,,PSMC3,NDUFS1,,,,,MAPK3,,,,SEC24C,TBK1,RELA,,,,,,,,,,,PPP3CC,,,,CREB3,KPNA6,MTOR,NFYB,NFATC2,ZNF708,CD40,CASP3,TRAF3,TRAF2,IL6,NFKBIA,,GPC1,MIR200B,GSTA4,MAPK3,,,,,,,,,,,,,,,,,,,,,,,,,,,,,,,,ATP5F1D,,ERN1,
171,,,,,,,,,,,,,,,,,,,,,,,,,,,,,,,,,,,,,,,,,,,,,,,,,,,,,,,,,,,,,,,,,,,,,,,,,,,,,,,,,,,,,,,,,,,,,,,,,,,,,,,,,,,,,,,IL1R1,,RALGAPA2,PARD6A,PLCB3,,BAD,GDF5,,PLCB2,,,,,,,LHCGR,,,,,,,,,,FBXO6,,CAV1,,,,THBS2,,,,,,,,,,,,,,,,PARD3,,,,,,RAP1B,,,,,,,,,,H3C2,,,CASP4,,,,,,,,,,,,,,,,,,,UQCRB,,,,,,,,,,,OR2T29,,,,PIP5K1B,,,,,,,,,,,,,,,,,,,,,,,,,,,,,,,,,,,,,,,,,,,,,MAPK1,UQCRQ,PSMB6,NDUFB4,,PSMC5,NDUFS2,,,,,PDYN,,,,SEC24D,IRF3,NOD1,,,,,,,,,,,PPP3R1,,,,CREB3L1,KPNA5,EIF4EBP1,HLA-DMA,NFATC3,ZNF17,CD44,CD3E,IKBKE,TRAF3,NFKBIZ,RASA2,,IGF2,HNRNPK,GSTO2,MAP3K5,,,,,,,,,,,,,,,,,,,,,,,,,,,,,,,,ATP5F1E,,TRAF2,
172,,,,,,,,,,,,,,,,,,,,,,,,,,,,,,,,,,,,,,,,,,,,,,,,,,,,,,,,,,,,,,,,,,,,,,,,,,,,,,,,,,,,,,,,,,,,,,,,,,,,,,,,,,,,,,,IL1RAP,,RALGAPB,PARD6G,PLCB4,,LIPE,GDF6,,PLCB3,,,,,,,TSHB,,,,,,,,,,,,CAV2,,,,THBS3,,,,,,,,,,,,,,,,PRKCZ,,,,,,MAPK8,,,,,,,,,,H3C7,,,GSDMD,,,,,,,,,,,,,,,,,,,UQCRQ,,,,,,,,,,,OR6V1,,,,PIP4K2C,,,,,,,,,,,,,,,,,,,,,,,,,,,,,,,,,,,,,,,,,,,,,MAPK3,UQCR10,PSMB7,NDUFB5,,PSMD2,NDUFS3,,,,,CALML3,,,,TMED10,IFNB1,HSP90AA1,,,,,,,,,,,PPP3R2,,,,CREB3L2,,RPS6KB1,HLA-DMB,NFATC4,ZNF19,ITGAL,CD3G,TBK1,TRAF4,NFKB1,CDC42,,GPC3,RECK,GSTM4,MAP2K4,,,,,,,,,,,,,,,,,,,,,,,,,,,,,,,,ATP6,,MAP3K5,
173,,,,,,,,,,,,,,,,,,,,,,,,,,,,,,,,,,,,,,,,,,,,,,,,,,,,,,,,,,,,,,,,,,,,,,,,,,,,,,,,,,,,,,,,,,,,,,,,,,,,,,,,,,,,,,,TGFBR1,,RALGDS,PARD6B,PLCG1,,ROCK1,GDF7,,PLCB4,,,,,,,GPHA2,,,,,,,,,,,,CAV3,,,,THBS4,,,,,,,,,,,,,,,,PARD6A,,,,,,MAPK10,,,,,,,,,,HDAC1,,,IFNAR1,,,,,,,,,,,,,,,,,,,UQCR10,,,,,,,,,,,OR2A12,,,,PIP4K2A,,,,,,,,,,,,,,,,,,,,,,,,,,,,,,,,,,,,,,,,,,,,,RYR3,UQCR11,PSMB3,NDUFB6,,PSMD1,NDUFS4,,,,,CALM2,,,,OCLN,U2AF1,HSP90AB1,,,,,,,,,,,CORO1A,,,,CREB3L3,,RPS6KB2,HLA-DOA,CXCL8,ZNF20,CD58,CD3D,IRF3,TRAF5,RELA,RAC1,,WNT2,MIR124-1,GSTT2,MAP2K7,,,,,,,,,,,,,,,,,,,,,,,,,,,,,,,,ATP5PB,,XBP1,
174,,,,,,,,,,,,,,,,,,,,,,,,,,,,,,,,,,,,,,,,,,,,,,,,,,,,,,,,,,,,,,,,,,,,,,,,,,,,,,,,,,,,,,,,,,,,,,,,,,,,,,,,,,,,,,,TGFBR2,,RGL1,PRKCZ,PLCG2,,ROCK2,BMP15,,PLCG1,,,,,,,GPHB5,,,,,,,,,,,,EHD3,,,,FN1,,,,,,,,,,,,,,,,PARD6G,,,,,,MAPK9,,,,,,,,,,HDAC2,,,IFNAR2,,,,,,,,,,,,,,,,,,,UQCR11,,,,,,,,,,,OR2A1,,,,PIP4K2B,,,,,,,,,,,,,,,,,,,,,,,,,,,,,,,,,,,,,,,,,,,,,ITPR1,COX3,PSMB2,NDUFB7,,PSMD3,NDUFS5,,,,,CALM3,,,,CLDN4,U2AF1L5,HSP90B1,,,,,,,,,,,IGH,,,,CREB3L4,,BAK1,HLA-DOB,PTGS2,ZNF182,ICAM1,CD247,CGAS,TRAF6,CXCL8,RHOA,,WNT2B,MIR124-3,GSTT1,MAPK8,,,,,,,,,,,,,,,,,,,,,,,,,,,,,,,,ATP5MC1,,ABCA1,
175,,,,,,,,,,,,,,,,,,,,,,,,,,,,,,,,,,,,,,,,,,,,,,,,,,,,,,,,,,,,,,,,,,,,,,,,,,,,,,,,,,,,,,,,,,,,,,,,,,,,,,,,,,,,,,,FASLG,,RGL2,PRKCI,PLCE1,,PPP1R12A,BMP5,,PLCG2,,,,,,,TSHR,,,,,,,,,,,,EHD4,,,,SPP1,,,,,,,,,,,,,,,,PARD6B,,,,,,JUN,,,,,,,,,,HDAC3,,,JAK1,,,,,,,,,,,,,,,,,,,COX1,,,,,,,,,,,OR1J1,,,,PIKFYVE,,,,,,,,,,,,,,,,,,,,,,,,,,,,,,,,,,,,,,,,,,,,,ITPR2,COX1,PSMB5,NDUFB8,,PSMD9,NDUFS6,,,,,CALM1,,,,CLDN3,U2AF1L4,RIPK2,,,,,,,,,,,FCGR1A,,,,CREB5,,BAD,HLA-DPA1,CXCL1,ZNF26,VIM,TAP1,STING1,MTOR,PAX7,GSN,,WNT3,MIR124-2,GSTM3,MAPK10,,,,,,,,,,,,,,,,,,,,,,,,,,,,,,,,ATP5MC2,,ABCG1,
176,,,,,,,,,,,,,,,,,,,,,,,,,,,,,,,,,,,,,,,,,,,,,,,,,,,,,,,,,,,,,,,,,,,,,,,,,,,,,,,,,,,,,,,,,,,,,,,,,,,,,,,,,,,,,,,FAS,,RALA,AFDN,PLCZ1,,MYL9,BMP6,,RASGRP2,,,,,,,PTGDR,,,,,,,,,,,,EEA1,,,,VTN,,,,,,,,,,,,,,,,SSH1,,,,,,BRAF,,,,,,,,,,HDAC4,,,TYK2,,,,,,,,,,,,,,,,,,,COX2,,,,,,,,,,,OR1B1,,,,LIMK1,,,,,,,,,,,,,,,,,,,,,,,,,,,,,,,,,,,,,,,,,,,,,ITPR3,COX2,PSMB1,NDUFB9,,PSMD12,NDUFS7,,,,,CALML6,,,,CLDN7,CCL5,CSE1L,,,,,,,,,,,FCGR2A,,,,ATF6B,,PDGFRB,HLA-DPB1,CXCL2,ZNF33A,TNFAIP3,TAP2,IFNA1,RPS6KB1,PAX3,SCIN,,WNT3A,MIR137,MGST1,MAPK9,,,,,,,,,,,,,,,,,,,,,,,,,,,,,,,,ATP5MC3,,NFE2L2,
177,,,,,,,,,,,,,,,,,,,,,,,,,,,,,,,,,,,,,,,,,,,,,,,,,,,,,,,,,,,,,,,,,,,,,,,,,,,,,,,,,,,,,,,,,,,,,,,,,,,,,,,,,,,,,,,CD14,,RALB,CTNND1,ITPR1,,TNNI3,BMP7,,RAP1A,,,,,,,PTGER1,,,,,,,,,,,,RAB5A,,,,TNC,,,,,,,,,,,,,,,,SSH3,,,,,,CAV1,,,,,,,,,,HDAC5,,,STAT1,,,,,,,,,,,,,,,,,,,COX3,,,,,,,,,,,OR13H1,,,,LIMK2,,,,,,,,,,,,,,,,,,,,,,,,,,,,,,,,,,,,,,,,,,,,,ATP2A1,COX4I2,PSMB4,NDUFB10,,PSMD11,NDUFS8,,,,,CALML5,,,,CLDN19,CSF2,KPNA1,,,,,,,,,,,FCGR2B,,,,CXCL12,,PIK3CA,HLA-DQA1,CXCL3,ZNF33B,JAK3,TAPBP,IFNA2,RPS6KB2,FOXO1,ACTN1,,WNT4,MIR128-1,MGST3,MAPK11,,,,,,,,,,,,,,,,,,,,,,,,,,,,,,,,ATP5PD,,PYCARD,
178,,,,,,,,,,,,,,,,,,,,,,,,,,,,,,,,,,,,,,,,,,,,,,,,,,,,,,,,,,,,,,,,,,,,,,,,,,,,,,,,,,,,,,,,,,,,,,,,,,,,,,,,,,,,,,,RAC1,,PLD1,KRIT1,ITPR2,,PLN,BMP8B,,RAP1B,,,,,,,PTGER2,,,,,,,,,,,,RAB5B,,,,TNN,,,,,,,,,,,,,,,,SSH2,,,,,,CAV2,,,,,,,,,,HDAC6,,,STAT2,,,,,,,,,,,,,,,,,,,COX4I2,,,,,,,,,,,OR56B1,,,,DIAPH3,,,,,,,,,,,,,,,,,,,,,,,,,,,,,,,,,,,,,,,,,,,,,ATP2A3,COX4I1,PSMC2,NDUFB11,,PSMD6,NDUFC1,,,,,CALML4,,,,CLDN16,MAPK1,KPNA3,,,,,,,,,,,FCGR2C,,,,CXCR4,,PIK3CD,HLA-DQA2,RCAN1,ZNF37A,STAT3,PDIA3,IFNA4,BAD,FLT1,ACTN4,,WNT5A,MIR128-2,GSTM1,MAPK12,,,,,,,,,,,,,,,,,,,,,,,,,,,,,,,,ATP5PO,,CASP1,
179,,,,,,,,,,,,,,,,,,,,,,,,,,,,,,,,,,,,,,,,,,,,,,,,,,,,,,,,,,,,,,,,,,,,,,,,,,,,,,,,,,,,,,,,,,,,,,,,,,,,,,,,,,,,,,,RAC2,,PLD2,RGS14,ITPR3,,ATP2A1,BMP8A,,PARD3,,,,,,,PTGER3,,,,,,,,,,,,RAB5C,,,,TNR,,,,,,,,,,,,,,,,BMP7,,,,,,CAV3,,,,,,,,,,HDAC7,,,IRF9,,,,,,,,,,,,,,,,,,,COX4I1,,,,,,,,,,,OR52K1,,,,BAIAP2,,,,,,,,,,,,,,,,,,,,,,,,,,,,,,,,,,,,,,,,,,,,,ATP2A2,COX5A,PSMC1,NDUFS1,,PSMD7,NDUFC2,,,,,CAMKK1,,,,CLDN14,MAPK3,KPNA4,,,,,,,,,,,FCGR3A,,,,PRKCA,,PIK3CB,HLA-DQB1,FGF2,ZNF41,LYN,CALR,IFNA5,FOXO1,SS18L1,CDK4,,WNT5B,E2F3,GSTM5,MAPK13,,,,,,,,,,,,,,,,,,,,,,,,,,,,,,,,ATP5PF,,VLDLR,
180,,,,,,,,,,,,,,,,,,,,,,,,,,,,,,,,,,,,,,,,,,,,,,,,,,,,,,,,,,,,,,,,,,,,,,,,,,,,,,,,,,,,,,,,,,,,,,,,,,,,,,,,,,,,,,,RAC3,,EXOC2,RASSF5,CD38,,ATP2A3,CCR8,,TIAM1,,,,,,,PTGER4,,,,,,,,,,,,RABEP1,,,,TNXB,,,,,,,,,,,,,,,,GDF7,,,,,,FYN,,,,,,,,,,HDAC8,,,TLR4,,,,,,,,,,,,,,,,,,,COX5A,,,,,,,,,,,OR52I1,,,,ENAH,,,,,,,,,,,,,,,,,,,,,,,,,,,,,,,,,,,,,,,,,,,,,ATF6,COX5B,PSMC4,NDUFS2,,PSMD13,NDUFC2-KCTD14,,,,,CAMKK2,,,,CLDN15,MAPK11,RPS3,,,,,,,,,,,FCGR3B,,,,PRKCB,,PIK3R1,HLA-DRA,VEGFA,ZNF43,SYK,HLA-A,IFNA6,MDM2,SS18,CDKN2A,,WNT6,MIR7-1,MGST2,MAPK14,,,,,,,,,,,,,,,,,,,,,,,,,,,,,,,,ATP8,,PDPK1,
181,,,,,,,,,,,,,,,,,,,,,,,,,,,,,,,,,,,,,,,,,,,,,,,,,,,,,,,,,,,,,,,,,,,,,,,,,,,,,,,,,,,,,,,,,,,,,,,,,,,,,,,,,,,,,,,CDC42,,TBK1,ITGAL,TPCN1,,ATP2A2,CCR9,,PRKCB,,,,,,,PTGFR,,,,,,,,,,,,RBSN,,,,VWF,,,,,,,,,,,,,,,,BMPR2,,,,,,SHC1,,,,,,,,,,HDAC9,,,TICAM1,,,,,,,,,,,,,,,,,,,COX5B,,,,,,,,,,,OR51D1,,,,WASL,,,,,,,,,,,,,,,,,,,,,,,,,,,,,,,,,,,,,,,,,,,,,XBP1,COX6A1,PSMC6,NDUFS3,,PSMD4,SDHA,,,,,CAMK4,,,,CLDN17,MAPK12,HRAS,,,,,,,,,,,,,,,PRKCG,,PIK3R2,HLA-DRB1,PDGFB,ZNF45,NEDD4,HLA-B,IFNA7,TP53,SSX1,CDKN2B,,WNT7A,MIR7-2,GSTA1,JUN,,,,,,,,,,,,,,,,,,,,,,,,,,,,,,,,VDAC1,,GSK3B,
182,,,,,,,,,,,,,,,,,,,,,,,,,,,,,,,,,,,,,,,,,,,,,,,,,,,,,,,,,,,,,,,,,,,,,,,,,,,,,,,,,,,,,,,,,,,,,,,,,,,,,,,,,,,,,,,TRADD,,REL,ITGAM,TPCN2,,RYR2,ACKR4,,PRKCD,,,,,,,PTGIR,,,,,,,,,,,,RAB4A,,,,IBSP,,,,,,,,,,,,,,,,BMPR1B,,,,,,SHC2,,,,,,,,,,HDAC10,,,MYD88,,,,,,,,,,,,,,,,,,,COX6A1,,,,,,,,,,,OR52A5,,,,WASF2,,,,,,,,,,,,,,,,,,,,,,,,,,,,,,,,,,,,,,,,,,,,,DDIT3,COX6A2,PSMC3,NDUFS4,,PSMD14,SDHB,,,,,FOSB,,,,CLDN20,MAPK13,RAF1,,,,,,,,,,,,,,,PTK2B,,PIK3R3,HLA-DRB3,ANGPT2,ZNF79,RAC1,HLA-C,IFNA8,CDKN1B,SSX2,CHEK1,,WNT7B,MIR7-3,GSTM2,FOS,,,,,,,,,,,,,,,,,,,,,,,,,,,,,,,,VDAC2,,NFATC1,
183,,,,,,,,,,,,,,,,,,,,,,,,,,,,,,,,,,,,,,,,,,,,,,,,,,,,,,,,,,,,,,,,,,,,,,,,,,,,,,,,,,,,,,,,,,,,,,,,,,,,,,,,,,,,,,,CASP3,,MAPK8,ITGB2,MCOLN1,,GRIN1,CCR7,,NCF1,,,,,,,TBXA2R,,,,,,,,,,,,RUFY1,,,,ITGA1,,,,,,,,,,,,,,,,,,,,,,SHC3,,,,,,,,,,HDAC11,,,IRAK4,,,,,,,,,,,,,,,,,,,COX6A2,,,,,,,,,,,OR51B6,,,,CYFIP1,,,,,,,,,,,,,,,,,,,,,,,,,,,,,,,,,,,,,,,,,,,,,ERN1,COX6B1,PSMC5,NDUFS5,,PSMD8,SDHC,,,,,PPP1R1B,,,,CLDN11,MAPK14,MAP2K1,,,,,,,,,,,,,,,PTK2,,AKT1,HLA-DRB4,IL6ST,ZNF84,IGH,HLA-F,IFNA10,CDKN1A,SSX2B,CDC20,,WNT8A,IRS2,GSTA3,PIK3R1,,,,,,,,,,,,,,,,,,,,,,,,,,,,,,,,VDAC3,,NFATC2,
184,,,,,,,,,,,,,,,,,,,,,,,,,,,,,,,,,,,,,,,,,,,,,,,,,,,,,,,,,,,,,,,,,,,,,,,,,,,,,,,,,,,,,,,,,,,,,,,,,,,,,,,,,,,,,,,TRAF2,,MAPK10,ITGB1,MCOLN2,,GRIN2A,CCR4,,GRK7,,,,,,,ADORA1,,,,,,,,,,,,RUFY2,,,,ITGA2,,,,,,,,,,,,,,,,,,,,,,SHC4,,,,,,,,,,AZU1,,,STING1,,,,,,,,,,,,,,,,,,,COX6B1,,,,,,,,,,,OR2D2,,,,CYFIP2,,,,,,,,,,,,,,,,,,,,,,,,,,,,,,,,,,,,,,,,,,,,,EIF2AK3,COX6B2,PSMD2,NDUFS6,,ADRM1,SDHD,,,,,PPP1CA,,,,CLDN18,RPS6KA5,MAP2K2,,,,,,,,,,,,,,,BCAR1,,AKT2,HLA-DRB5,JAK2,ZNF221,BTK,HLA-G,IFNA13,BCR,NUPR1,MAD1L1,,WNT8B,MIR326,GSTO1,PIK3R2,,,,,,,,,,,,,,,,,,,,,,,,,,,,,,,,SLC25A4,,NFATC3,
185,,,,,,,,,,,,,,,,,,,,,,,,,,,,,,,,,,,,,,,,,,,,,,,,,,,,,,,,,,,,,,,,,,,,,,,,,,,,,,,,,,,,,,,,,,,,,,,,,,,,,,,,,,,,,,,DAXX,,MAPK9,BRAF,MCOLN3,,GRIN2B,CCR5,,GRK1,,,,,,,ADORA2A,,,,,,,,,,,,EHD1,,,,ITGA2B,,,,,,,,,,,,,,,,,,,,,,GRB2,,,,,,,,,,CTSG,,,,,,,,,,,,,,,,,,,,,,COX6B2,,,,,,,,,,,OR52W1,,,,NCKAP1,,,,,,,,,,,,,,,,,,,,,,,,,,,,,,,,,,,,,,,,,,,,,TRAF2,COX6C,PSMD1,NDUFS7,,SEM1,UQCRFS1,,,,,PPP1CB,,,,CLDN22,H3-5,MAPK1,,,,,,,,,,,,,,,CRK,,AKT3,SRF,STAT3,ZNF85,BLNK,HLA-E,IFNA14,ABL1,ASPSCR1,VAC14,,WNT9A,NOTCH1,GSTT2B,PIK3R3,,,,,,,,,,,,,,,,,,,,,,,,,,,,,,,,SLC25A5,,PLCB1,
186,,,,,,,,,,,,,,,,,,,,,,,,,,,,,,,,,,,,,,,,,,,,,,,,,,,,,,,,,,,,,,,,,,,,,,,,,,,,,,,,,,,,,,,,,,,,,,,,,,,,,,,,,,,,,,,MYD88,,RALBP1,RAF1,SPHK1,,GRIN2C,CCR3,,GRK2,,,,,,,ADORA2B,,,,,,,,,,,,VPS45,,,,ITGA3,,,,,,,,,,,,,,,,,,,,,,SOS1,,,,,,,,,,CAMP,,,,,,,,,,,,,,,,,,,,,,COX6C,,,,,,,,,,,OR56A4,,,,NCKAP1L,,,,,,,,,,,,,,,,,,,,,,,,,,,,,,,,,,,,,,,,,,,,,MAP3K5,COX7A1,PSMD3,NDUFS8,,C5,CYTB,,,,,PPP1CC,,,,CLDN5,H3-3B,MAPK3,,,,,,,,,,,,,,,CRKL,,FOXO1,ELK4,GSK3B,ZNF91,PLCG2,AP1B1,IFNA16,CRK,MET,RANBP1,,WNT9B,NOTCH2,UGT2A1,PIK3CA,,,,,,,,,,,,,,,,,,,,,,,,,,,,,,,,SLC25A6,,PLCB2,
187,,,,,,,,,,,,,,,,,,,,,,,,,,,,,,,,,,,,,,,,,,,,,,,,,,,,,,,,,,,,,,,,,,,,,,,,,,,,,,,,,,,,,,,,,,,,,,,,,,,,,,,,,,,,,,,IRAK1,,CDC42,MAP2K1,SPHK2,,GRIN2D,CCR2,,GRK3,,,,,,,ADORA3,,,,,,,,,,,,SNX4,,,,ITGA4,,,,,,,,,,,,,,,,,,,,,,SOS2,,,,,,,,,,CLCN3,,,,,,,,,,,,,,,,,,,,,,COX7A1,,,,,,,,,,,OR56A1,,,,ABI2,,,,,,,,,,,,,,,,,,,,,,,,,,,,,,,,,,,,,,,,,,,,,MAP2K7,COX7A2,PSMD9,NDUFC1,,C6,CYC1,,,,,PKIA,,,,CLDN10,H3C4,MAP2K3,,,,,,,,,,,,,,,PXN,,CDKN1B,ELK1,CTNNB1,ZNF99,SKP2,AP1G1,IFNA17,CRKL,GADD45A,POLB,,WNT10B,NOTCH3,UGT2A3,PIK3CD,,,,,,,,,,,,,,,,,,,,,,,,,,,,,,,,SLC25A31,,PLCB3,
188,,,,,,,,,,,,,,,,,,,,,,,,,,,,,,,,,,,,,,,,,,,,,,,,,,,,,,,,,,,,,,,,,,,,,,,,,,,,,,,,,,,,,,,,,,,,,,,,,,,,,,,,,,,,,,,IRAK4,,AFDN,MAP2K2,MCU,,GRIN3A,CCR1,,GRK4,,,,,,,P2RY2,,,,,,,,,,,,RAB22A,,,,ITGA5,,,,,,,,,,,,,,,,,,,,,,HRAS,,,,,,,,,,CLCN4,,,,,,,,,,,,,,,,,,,,,,COX7A2,,,,,,,,,,,OR10P1,,,,BRK1,,,,,,,,,,,,,,,,,,,,,,,,,,,,,,,,,,,,,,,,,,,,,MAPK8,COX7A2L,PSMD12,NDUFC2,,C7,UQCRC1,,,,,,,,,CLDN8,H3C3,MAP2K6,,,,,,,,,,,,,,,IL10RA,,CDKN1A,SPI1,TCF7,ZNF222,CDKN1B,AP1G2,IFNA21,CBL,GADD45B,IRF7,,WNT10A,NOTCH4,UGT2B17,PIK3CB,,,,,,,,,,,,,,,,,,,,,,,,,,,,,,,,PPIF,,PLCB4,
189,,,,,,,,,,,,,,,,,,,,,,,,,,,,,,,,,,,,,,,,,,,,,,,,,,,,,,,,,,,,,,,,,,,,,,,,,,,,,,,,,,,,,,,,,,,,,,,,,,,,,,,,,,,,,,,TRAF6,,SHOC2,MAPK1,VDAC1,,GRIN3B,CCR10,,GRK5,,,,,,,P2RY1,,,,,,,,,,,,RAB31,,,,ITGA6,,,,,,,,,,,,,,,,,,,,,,RAF1,,,,,,,,,,CLCN5,,,,,,,,,,,,,,,,,,,,,,COX7A2L,,,,,,,,,,,OR10AD1,,,,WASF1,,,,,,,,,,,,,,,,,,,,,,,,,,,,,,,,,,,,,,,,,,,,,MAPK10,COX7B,PSMD11,NDUFC2-KCTD14,,C8A,UQCRC2,,,,,,,,,CLDN6,H3C1,MAPK11,,,,,,,,,,,,,,,IL10RB,,CCND1,ETS1,TCF7L1,ZNF124,CCND1,AP1M1,IFNB1,STAT5A,GADD45G,IL6ST,,WNT11,BMI1,UGT2B11,RAC1,,,,,,,,,,,,,,,,,,,,,,,,,,,,,,,,PRKCG,,PLCG1,
190,,,,,,,,,,,,,,,,,,,,,,,,,,,,,,,,,,,,,,,,,,,,,,,,,,,,,,,,,,,,,,,,,,,,,,,,,,,,,,,,,,,,,,,,,,,,,,,,,,,,,,,,,,,,,,,GADD45A,,RAF1,MAPK3,VDAC2,,GRIA1,CCR6,,GRK6,,,,,,,P2RY4,,,,,,,,,,,,RAB10,,,,ITGA7,,,,,,,,,,,,,,,,,,,,,,MAP2K1,,,,,,,,,,AQP9,,,,,,,,,,,,,,,,,,,,,,COX7B,,,,,,,,,,,OR10A7,,,,ACTR2,,,,,,,,,,,,,,,,,,,,,,,,,,,,,,,,,,,,,,,,,,,,,MAPK9,COX7B2,PSMD6,SDHA,,C8B,UQCRH,,,,,,,,,CLDN2,H3-3A,MAPK12,,,,,,,,,,,,,,,CXCR2,,CCND2,ETS2,TCF7L2,ZNF132,CCND2,AP1M2,IFNAR1,STAT5B,BAX,CCR5,,WNT16,COMMD3-BMI1,UGT2B28,PDPK1,,,,,,,,,,,,,,,,,,,,,,,,,,,,,,,,NOS3,,CALML3,
191,,,,,,,,,,,,,,,,,,,,,,,,,,,,,,,,,,,,,,,,,,,,,,,,,,,,,,,,,,,,,,,,,,,,,,,,,,,,,,,,,,,,,,,,,,,,,,,,,,,,,,,,,,,,,,,GADD45B,,MAP2K1,MAP2K3,VDAC3,,GRIA2,CXCR1,,ARRB1,,,,,,,P2RY6,,,,,,,,,,,,RAB8A,,,,ITGA8,,,,,,,,,,,,,,,,,,,,,,MAPK1,,,,,,,,,,,,,,,,,,,,,,,,,,,,,,,,COX7B2,,,,,,,,,,,OR4K14,,,,ACTR3B,,,,,,,,,,,,,,,,,,,,,,,,,,,,,,,,,,,,,,,,,,,,,EIF2S1,COX7C,PSMD7,SDHB,,C8G,UQCRHL,,,,,,,,,CLDN1,H3-4,MAPK13,,,,,,,,,,,,,,,CCR1,,CCND3,TBPL2,LEF1,ZNF133,CCND3,AP1S1,IFNAR2,PIM1,BAK1,CCR8,,SHH,MIR146A,UGT1A6,AKT1,,,,,,,,,,,,,,,,,,,,,,,,,,,,,,,,GAPDH,,CALM2,
192,,,,,,,,,,,,,,,,,,,,,,,,,,,,,,,,,,,,,,,,,,,,,,,,,,,,,,,,,,,,,,,,,,,,,,,,,,,,,,,,,,,,,,,,,,,,,,,,,,,,,,,,,,,,,,,GADD45G,,MAP2K2,MAP2K6,SLC25A4,,GRIA3,CXCR2,,ARRB2,,,,,,,LPAR6,,,,,,,,,,,,RAB35,,,,ITGA9,,,,,,,,,,,,,,,,,,,,,,MAPK3,,,,,,,,,,,,,,,,,,,,,,,,,,,,,,,,COX7C,,,,,,,,,,,OR4L1,,,,ACTR3C,,,,,,,,,,,,,,,,,,,,,,,,,,,,,,,,,,,,,,,,,,,,,ATF4,COX8C,PSMD13,SDHC,,C9,UQCRB,,,,,,,,,CLDN9,H3C14,MAPK14,,,,,,,,,,,,,,,CCR3,,CDK4,TBPL1,CREB1,ZNF135,CDK4,AP1S2,STAT1,PIM2,DDB2,CCR3,,IHH,MMP16,UGT1A4,AKT2,,,,,,,,,,,,,,,,,,,,,,,,,,,,,,,,PARP1,,CALM3,
193,,,,,,,,,,,,,,,,,,,,,,,,,,,,,,,,,,,,,,,,,,,,,,,,,,,,,,,,,,,,,,,,,,,,,,,,,,,,,,,,,,,,,,,,,,,,,,,,,,,,,,,,,,,,,,,TAB1,,MAPK1,MAPK11,SLC25A5,,GRIA4,CXCR3,,,,,,,,,P2RY10,,,,,,,,,,,,RAB11A,,,,ITGA10,,,,,,,,,,,,,,,,,,,,,,ELK1,,,,,,,,,,,,,,,,,,,,,,,,,,,,,,,,COX8C,,,,,,,,,,,OR11H6,,,,ACTR3,,,,,,,,,,,,,,,,,,,,,,,,,,,,,,,,,,,,,,,,,,,,,PSMA6,COX8A,PSMD4,SDHD,,C1QA,UQCRQ,,,,,,,,,CLDN23,H3C15,MAP2K4,,,,,,,,,,,,,,,CCR5,,CDK6,TBP,CCND1,ZNF136,CDK6,AP1S3,STAT2,KNG1,POLK,CCR4,,PTCH1,MIR181A2,UGT1A1,AKT3,,,,,,,,,,,,,,,,,,,,,,,,,,,,,,,,G6PD,,CALM1,
194,,,,,,,,,,,,,,,,,,,,,,,,,,,,,,,,,,,,,,,,,,,,,,,,,,,,,,,,,,,,,,,,,,,,,,,,,,,,,,,,,,,,,,,,,,,,,,,,,,,,,,,,,,,,,,,TAB2,,MAPK3,MAPK12,SLC25A6,,CFTR,CXCR5,,,,,,,,,P2RY14,,,,,,,,,,,,RAB11B,,,,ITGA11,,,,,,,,,,,,,,,,,,,,,,CCND1,,,,,,,,,,,,,,,,,,,,,,,,,,,,,,,,COX8A,,,,,,,,,,,OR4D2,,,,ARPC1B,,,,,,,,,,,,,,,,,,,,,,,,,,,,,,,,,,,,,,,,,,,,,PSMA2,ATP5F1A,PSMD14,UQCRFS1,,C1QB,UQCR10,,,,,,,,,CLDN34,H3C13,MAP2K7,,,,,,,,,,,,,,,TAP1,,CCNE1,FOS,MYC,ZNF140,CCNA2,B2M,IRF9,EDN1,,MAPKAPK2,,SMO,MIR181A1,UGT1A3,FOXO3,,,,,,,,,,,,,,,,,,,,,,,,,,,,,,,,GSR,,CALML6,
195,,,,,,,,,,,,,,,,,,,,,,,,,,,,,,,,,,,,,,,,,,,,,,,,,,,,,,,,,,,,,,,,,,,,,,,,,,,,,,,,,,,,,,,,,,,,,,,,,,,,,,,,,,,,,,,ECSIT,,PLA1A,MAPK13,SLC25A31,,ATP1A1,CXCR4,,,,,,,,,P2RY8,,,,,,,,,,,,RAB11FIP2,,,,ITGAV,,,,,,,,,,,,,,,,,,,,,,CCND2,,,,,,,,,,,,,,,,,,,,,,,,,,,,,,,,COX10,,,,,,,,,,,OR7D4,,,,ARPC1A,,,,,,,,,,,,,,,,,,,,,,,,,,,,,,,,,,,,,,,,,,,,,PSMA4,ATP5F1B,PSMD8,CYTB,,C1QC,UQCR11,,,,,,,,,CLDN25,H3C6,MAPK8,,,,,,,,,,,,,,,TAP2,,CCNE2,EGR1,,ZNF141,CCNA1,ELOB,ADAR,BDKRB1,,CASP8,,HSPG2,MIR181B1,UGT2B10,BAD,,,,,,,,,,,,,,,,,,,,,,,,,,,,,,,,TGFBR1,,CALML5,
196,,,,,,,,,,,,,,,,,,,,,,,,,,,,,,,,,,,,,,,,,,,,,,,,,,,,,,,,,,,,,,,,,,,,,,,,,,,,,,,,,,,,,,,,,,,,,,,,,,,,,,,,,,,,,,,MAP4K3,,PLA2G10,MAPK14,PPIF,,ATP1A2,ACKR3,,,,,,,,,P2RY11,,,,,,,,,,,,RAB11FIP1,,,,ITGB1,,,,,,,,,,,,,,,,,,,,,,CCND3,,,,,,,,,,,,,,,,,,,,,,,,,,,,,,,,COX11,,,,,,,,,,,OR7G1,,,,ARPC2,,,,,,,,,,,,,,,,,,,,,,,,,,,,,,,,,,,,,,,,,,,,,PSMA7,ATP5F1C,ADRM1,CYC1,,HSPA8,COX3,,,,,,,,,CLDN24,H3C11,MAPK10,,,,,,,,,,,,,,,TAPBP,,CDK2,FOSL1,,ZNF154,CCNE1,ELOC,OAS1,BDKRB2,,BAD,,CTSL,MIR181B2,UGT1A9,PTPN1,,,,,,,,,,,,,,,,,,,,,,,,,,,,,,,,TGFBR2,,CALML4,
197,,,,,,,,,,,,,,,,,,,,,,,,,,,,,,,,,,,,,,,,,,,,,,,,,,,,,,,,,,,,,,,,,,,,,,,,,,,,,,,,,,,,,,,,,,,,,,,,,,,,,,,,,,,,,,,MAP4K4,,PLA2G2D,PIK3CA,TNNC1,,ATP1A3,CXCR6,,,,,,,,,P2RY13,,,,,,,,,,,,RAB11FIP5,,,,ITGB3,,,,,,,,,,,,,,,,,,,,,,BIRC2,,,,,,,,,,,,,,,,,,,,,,,,,,,,,,,,COX14,,,,,,,,,,,OR1M1,,,,ARPC3,,,,,,,,,,,,,,,,,,,,,,,,,,,,,,,,,,,,,,,,,,,,,PSMA8,ATP5F1D,SEM1,UQCRC1,,HSPA1A,COX1,,,,,,,,,TJP1,H3C8,MAPK9,,,,,,,,,,,,,,,PDIA3,,RB1,EGR2,,ZNF155,CCNE2,CUL5,OAS2,EDNRA,,PMAIP1,,PRKACA,MIR181C,UGT2B7,PTEN,,,,,,,,,,,,,,,,,,,,,,,,,,,,,,,,SMAD2,,PPP3CA,
198,,,,,,,,,,,,,,,,,,,,,,,,,,,,,,,,,,,,,,,,,,,,,,,,,,,,,,,,,,,,,,,,,,,,,,,,,,,,,,,,,,,,,,,,,,,,,,,,,,,,,,,,,,,,,,,MAP4K1,,PLA2G2E,PIK3CD,TNNC2,,ATP1A4,XCR1,,,,,,,,,GPR35,,,,,,,,,,,,ZFYVE27,,,,ITGB4,,,,,,,,,,,,,,,,,,,,,,BIRC3,,,,,,,,,,,,,,,,,,,,,,,,,,,,,,,,COX15,,,,,,,,,,,OR1I1,,,,ARPC4,,,,,,,,,,,,,,,,,,,,,,,,,,,,,,,,,,,,,,,,,,,,,PSMA5,ATP5F1E,HDAC6,UQCRC2,,HSPA2,COX2,,,,,,,,,,H3C12,FOS,,,,,,,,,,,,,,,CALR,,RBL1,CREB1,,ZNF157,CDK2,RNF7,OAS3,EDNRB,,C3,,PRKACB,MIR181D,UGT1A10,CHUK,,,,,,,,,,,,,,,,,,,,,,,,,,,,,,,,SMAD3,,PPP3CB,
199,,,,,,,,,,,,,,,,,,,,,,,,,,,,,,,,,,,,,,,,,,,,,,,,,,,,,,,,,,,,,,,,,,,,,,,,,,,,,,,,,,,,,,,,,,,,,,,,,,,,,,,,,,,,,,,PAK1,,PLA2G3,PIK3CB,CALML3,,ATP1B4,CX3CR1,,,,,,,,,CNR1,,,,,,,,,,,,KIF5A,,,,ITGB5,,,,,,,,,,,,,,,,,,,,,,XIAP,,,,,,,,,,,,,,,,,,,,,,,,,,,,,,,,COX16,,,,,,,,,,,OR10H4,,,,ARPC5,,,,,,,,,,,,,,,,,,,,,,,,,,,,,,,,,,,,,,,,,,,,,PSMA1,ATP6,TARDBP,UQCRH,,HSPA1L,COX4I2,,,,,,,,,,H3C10,JUN,,,,,,,,,,,,,,,HLA-A,,RBL2,CREB3,,ZNF175,RB1,DCAF1,MX1,GNAQ,,HLA-A,,PRKACG,ATM,UGT1A8,IKBKB,,,,,,,,,,,,,,,,,,,,,,,,,,,,,,,,PLCB1,,PPP3CC,
200,,,,,,,,,,,,,,,,,,,,,,,,,,,,,,,,,,,,,,,,,,,,,,,,,,,,,,,,,,,,,,,,,,,,,,,,,,,,,,,,,,,,,,,,,,,,,,,,,,,,,,,,,,,,,,,PAK2,,PLA2G2F,PIK3R1,CALM2,,ATP1B1,IL2RA,,,,,,,,,CNR2,,,,,,,,,,,,KIF5B,,,,ITGB6,,,,,,,,,,,,,,,,,,,,,,BAD,,,,,,,,,,,,,,,,,,,,,,,,,,,,,,,,COX17,,,,,,,,,,,OR2M5,,,,ARPC5L,,,,,,,,,,,,,,,,,,,,,,,,,,,,,,,,,,,,,,,,,,,,,PSMA3,ATP5PB,FUS,UQCRHL,,HSPA1B,COX4I1,,,,,,,,,,H3C2,TNF,,,,,,,,,,,,,,,HLA-B,,PSMC1,CREB3L1,,ZNF177,E2F1,DDB1,MX2,GNA11,,HLA-B,,MAPK11,SOCS1,UGT1A5,IKBKG,,,,,,,,,,,,,,,,,,,,,,,,,,,,,,,,PLCB2,,PPP3R1,
201,,,,,,,,,,,,,,,,,,,,,,,,,,,,,,,,,,,,,,,,,,,,,,,,,,,,,,,,,,,,,,,,,,,,,,,,,,,,,,,,,,,,,,,,,,,,,,,,,,,,,,,,,,,,,,,STK4,,PLA2G12A,PIK3R2,CALM3,,ATP1B2,IL2RB,,,,,,,,,PTAFR,,,,,,,,,,,,KIF5C,,,,ITGB7,,,,,,,,,,,,,,,,,,,,,,BCL2,,,,,,,,,,,,,,,,,,,,,,,,,,,,,,,,COX18,,,,,,,,,,,OR2M3,,,,ACTG1,,,,,,,,,,,,,,,,,,,,,,,,,,,,,,,,,,,,,,,,,,,,,PSMB6,ATP5MC1,HNRNPA3,UQCRB,,HSPA6,COX5A,,,,,,,,,,H3C7,IL1B,,,,,,,,,,,,,,,HLA-C,,E2F1,CREB3L2,,ZNF180,E2F2,CUL4B,EIF2AK2,PLCB1,,HLA-C,,MAPK12,MIR373,UGT2B15,NFKBIA,,,,,,,,,,,,,,,,,,,,,,,,,,,,,,,,PLCB3,,PPP3R2,
202,,,,,,,,,,,,,,,,,,,,,,,,,,,,,,,,,,,,,,,,,,,,,,,,,,,,,,,,,,,,,,,,,,,,,,,,,,,,,,,,,,,,,,,,,,,,,,,,,,,,,,,,,,,,,,,STK3,,PLA2G12B,PIK3R3,CALM1,,ATP1B3,IL2RG,,,,,,,,,GNRH1,,,,,,,,,,,,RAB11FIP4,,,,ITGB8,,,,,,,,,,,,,,,,,,,,,,,,,,,,,,,,,,,,,,,,,,,,,,,,,,,,,,COX19,,,,,,,,,,,OR2T12,,,,ACTB,,,,,,,,,,,,,,,,,,,,,,,,,,,,,,,,,,,,,,,,,,,,,PSMB7,ATP5MC2,HNRNPA1,UQCRQ,,NOTCH1,COX5B,,,,,,,,,,CBX3,IL6,,,,,,,,,,,,,,,HLA-F,,CCNA2,CREB3L3,,ZNF184,E2F3,CUL4A,C5AR1,PLCB2,,HLA-F,,MAPK13,MIR520A,UGT1A7,RELA,,,,,,,,,,,,,,,,,,,,,,,,,,,,,,,,PLCB4,,TNFSF10,
203,,,,,,,,,,,,,,,,,,,,,,,,,,,,,,,,,,,,,,,,,,,,,,,,,,,,,,,,,,,,,,,,,,,,,,,,,,,,,,,,,,,,,,,,,,,,,,,,,,,,,,,,,,,,,,,MAP4K2,,PLA2G1B,AKT1,CALML6,,FXYD2,IL4R,,,,,,,,,GNRH2,,,,,,,,,,,,RAB11FIP3,,,,PTK2,,,,,,,,,,,,,,,,,,,,,,,,,,,,,,,,,,,,,,,,,,,,,,,,,,,,,,COX20,,,,,,,,,,,OR14C36,,,,PFN3,,,,,,,,,,,,,,,,,,,,,,,,,,,,,,,,,,,,,,,,,,,,,PSMB3,ATP5MC3,HNRNPA1L2,UQCR10,,CAV1,COX6A1,,,,,,,,,,BECN1,CXCL8,,,,,,,,,,,,,,,HLA-G,,CCNA1,CREB3L4,,ZNF189,,ATM,C3AR1,PLCB3,,HLA-G,,MAPK14,MIR520G,UGT2B4,NFKB1,,,,,,,,,,,,,,,,,,,,,,,,,,,,,,,,ACE,,TNFRSF10A,
204,,,,,,,,,,,,,,,,,,,,,,,,,,,,,,,,,,,,,,,,,,,,,,,,,,,,,,,,,,,,,,,,,,,,,,,,,,,,,,,,,,,,,,,,,,,,,,,,,,,,,,,,,,,,,,,MAP3K8,,PLA2G5,AKT2,CALML5,,FXYD1,IL7R,,,,,,,,,GNRHR,,,,,,,,,,,,PARD3,,,,PIK3CA,,,,,,,,,,,,,,,,,,,,,,,,,,,,,,,,,,,,,,,,,,,,,,,,,,,,,,COA1,,,,,,,,,,,OR2T34,,,,PFN1,,,,,,,,,,,,,,,,,,,,,,,,,,,,,,,,,,,,,,,,,,,,,PSMB2,ATP5PD,HNRNPA2B1,UQCR11,,CAV2,COX6A2,,,,,,,,,,BECN2,CTNNB1,,,,,,,,,,,,,,,HLA-E,,ATM,ATF2,,ZNF195,,ATR,C3,PLCB4,,HLA-E,,HSPB2,MIR520H,UGT2A2,PRKCD,,,,,,,,,,,,,,,,,,,,,,,,,,,,,,,,,,TNFRSF10B,
205,,,,,,,,,,,,,,,,,,,,,,,,,,,,,,,,,,,,,,,,,,,,,,,,,,,,,,,,,,,,,,,,,,,,,,,,,,,,,,,,,,,,,,,,,,,,,,,,,,,,,,,,,,,,,,,MAP3K1,,PLA2G2A,AKT3,CALML4,,SLC9A1,IL9R,,,,,,,,,TRH,,,,,,,,,,,,PARD6A,,,,PIK3CD,,,,,,,,,,,,,,,,,,,,,,,,,,,,,,,,,,,,,,,,,,,,,,,,,,,,,,COA3,,,,,,,,,,,OR2T10,,,,PFN2,,,,,,,,,,,,,,,,,,,,,,,,,,,,,,,,,,,,,,,,,,,,,PSMB5,ATP5PO,ATXN2L,COX3,,CAV3,COX6B1,,,,,,,,,,ATG14,TCF7,,,,,,,,,,,,,,,B2M,,ATR,ATF4,,ZNF205,,CHEK1,CFB,PRKCA,,,,PTPN6,MIR520B,CYP2B6,PTPRJ,,,,,,,,,,,,,,,,,,,,,,,,,,,,,,,,,,TNFRSF1A,
206,,,,,,,,,,,,,,,,,,,,,,,,,,,,,,,,,,,,,,,,,,,,,,,,,,,,,,,,,,,,,,,,,,,,,,,,,,,,,,,,,,,,,,,,,,,,,,,,,,,,,,,,,,,,,,,MAP3K11,,PLA2G2C,PLCE1,PHKG1,,ORAI1,IL15RA,,,,,,,,,TRHR,,,,,,,,,,,,PARD6G,,,,PIK3CB,,,,,,,,,,,,,,,,,,,,,,,,,,,,,,,,,,,,,,,,,,,,,,,,,,,,,,COA4,,,,,,,,,,,OR2T4,,,,PFN4,,,,,,,,,,,,,,,,,,,,,,,,,,,,,,,,,,,,,,,,,,,,,PSMB1,ATP5PF,ATXN2,COX1,,PIK3CA,COX6B2,,,,,,,,,,PIK3R4,TCF7L1,,,,,,,,,,,,,,,CDKN2A,,VEGFA,CREB5,,ZNF208,,CDC25C,CFD,PRKCB,,,,,MIR520E,NR1I3,ACP1,,,,,,,,,,,,,,,,,,,,,,,,,,,,,,,,,,FASLG,
207,,,,,,,,,,,,,,,,,,,,,,,,,,,,,,,,,,,,,,,,,,,,,,,,,,,,,,,,,,,,,,,,,,,,,,,,,,,,,,,,,,,,,,,,,,,,,,,,,,,,,,,,,,,,,,,MAP3K2,,PLA2G4E,HRAS,PHKG2,,ATP2B1,IL21R,,,,,,,,,MTNR1A,,,,,,,,,,,,PARD6B,,,,PIK3R1,,,,,,,,,,,,,,,,,,,,,,,,,,,,,,,,,,,,,,,,,,,,,,,,,,,,,,COA5,,,,,,,,,,,OR2T11,,,,PXN,,,,,,,,,,,,,,,,,,,,,,,,,,,,,,,,,,,,,,,,,,,,,PSMB4,ATP8,MATR3,COX2,,PIK3CD,COX6C,,,,,,,,,,PIK3C3,TCF7L2,,,,,,,,,,,,,,,MDM2,,CHUK,ATF6B,,ZNF214,,WEE1,C5,PRKCG,,,,,CD44,RXRA,PTPN11,,,,,,,,,,,,,,,,,,,,,,,,,,,,,,,,,,CASP8,
208,,,,,,,,,,,,,,,,,,,,,,,,,,,,,,,,,,,,,,,,,,,,,,,,,,,,,,,,,,,,,,,,,,,,,,,,,,,,,,,,,,,,,,,,,,,,,,,,,,,,,,,,,,,,,,,MAP3K3,,PLA2G4A,KRAS,PHKB,,ATP2B3,CRLF2,,,,,,,,,MTNR1B,,,,,,,,,,,,PRKCZ,,,,PIK3R2,,,,,,,,,,,,,,,,,,,,,,,,,,,,,,,,,,,,,,,,,,,,,,,,,,,,,,COA6,,,,,,,,,,,OR10J5,,,,EZR,,,,,,,,,,,,,,,,,,,,,,,,,,,,,,,,,,,,,,,,,,,,,PSMC2,PINK1,ANG,COX4I2,,PIK3CB,COX7A1,,,,,,,,,,RRAGA,LEF1,,,,,,,,,,,,,,,TP53,,IKBKB,CRTC1,,ZNF223,,WEE2,C6,IL2,,,,,MIR103A1,RXRB,SRC,,,,,,,,,,,,,,,,,,,,,,,,,,,,,,,,,,BID,
209,,,,,,,,,,,,,,,,,,,,,,,,,,,,,,,,,,,,,,,,,,,,,,,,,,,,,,,,,,,,,,,,,,,,,,,,,,,,,,,,,,,,,,,,,,,,,,,,,,,,,,,,,,,,,,,MAP3K13,,JMJD7-PLA2G4B,NRAS,PHKA2,,ATP2B4,IL3RA,,,,,,,,,GPR50,,,,,,,,,,,,PRKCI,,,,PIK3R3,,,,,,,,,,,,,,,,,,,,,,,,,,,,,,,,,,,,,,,,,,,,,,,,,,,,,,COA7,,,,,,,,,,,OR2B11,,,,RDX,,,,,,,,,,,,,,,,,,,,,,,,,,,,,,,,,,,,,,,,,,,,,PSMC1,MCU,NCBP1,COX4I1,,PIK3R1,COX7A2,,,,,,,,,,RRAGB,MYC,,,,,,,,,,,,,,,CDKN1A,,IKBKG,CRTC2,,ZNF224,,CCNB1,C7,IL3,,,,,MIR103B2,RXRG,ABL1,,,,,,,,,,,,,,,,,,,,,,,,,,,,,,,,,,CYCS,
210,,,,,,,,,,,,,,,,,,,,,,,,,,,,,,,,,,,,,,,,,,,,,,,,,,,,,,,,,,,,,,,,,,,,,,,,,,,,,,,,,,,,,,,,,,,,,,,,,,,,,,,,,,,,,,,MAP3K12,,PLA2G4B,RRAS,PHKA1,,ATP2B2,CSF2RB,,,,,,,,,LPAR1,,,,,,,,,,,,CDC42,,,,F2R,,,,,,,,,,,,,,,,,,,,,,,,,,,,,,,,,,,,,,,,,,,,,,,,,,,,,,ATP5F1A,,,,,,,,,,,OR10T2,,,,MSN,,,,,,,,,,,,,,,,,,,,,,,,,,,,,,,,,,,,,,,,,,,,,PSMC4,LRRK2,ALYREF,COX5A,,PIK3R2,COX7A2L,,,,,,,,,,RRAGC,PKN1,,,,,,,,,,,,,,,CDK4,,NFKB1,CRTC3,,ZNF225,,CCNB2,C8A,IL4,,,,,MIR103A2,CYP3A4,ABL2,,,,,,,,,,,,,,,,,,,,,,,,,,,,,,,,,,APAF1,
211,,,,,,,,,,,,,,,,,,,,,,,,,,,,,,,,,,,,,,,,,,,,,,,,,,,,,,,,,,,,,,,,,,,,,,,,,,,,,,,,,,,,,,,,,,,,,,,,,,,,,,,,,,,,,,,MAP3K20,,PLA2G4C,,MYLK,,CACNA1C,IL5RA,,,,,,,,,LPAR2,,,,,,,,,,,,SMAP2,,,,CHRM1,,,,,,,,,,,,,,,,,,,,,,,,,,,,,,,,,,,,,,,,,,,,,,,,,,,,,,ATP5F1B,,,,,,,,,,,OR10X1,,,,TMSB4X,,,,,,,,,,,,,,,,,,,,,,,,,,,,,,,,,,,,,,,,,,,,,PSMC6,HTRA2,SRSF3,COX5B,,PIK3R3,COX7B,,,,,,,,,,RRAGD,FBXO22,,,,,,,,,,,,,,,CDK6,,RELA,CREBBP,,ZNF226,,CCNB3,C8B,IL5,,,,,MIR103B1,CYP1A2,PRKD1,,,,,,,,,,,,,,,,,,,,,,,,,,,,,,,,,,CASP9,
212,,,,,,,,,,,,,,,,,,,,,,,,,,,,,,,,,,,,,,,,,,,,,,,,,,,,,,,,,,,,,,,,,,,,,,,,,,,,,,,,,,,,,,,,,,,,,,,,,,,,,,,,,,,,,,,MAP3K6,,PLA2G4D,,MYLK2,,CACNA1D,CSF2RA,,,,,,,,,LPAR3,,,,,,,,,,,,SMAP1,,,,CHRM2,,,,,,,,,,,,,,,,,,,,,,,,,,,,,,,,,,,,,,,,,,,,,,,,,,,,,,ATP5F1C,,,,,,,,,,,OR10Z1,,,,TMSB4Y,,,,,,,,,,,,,,,,,,,,,,,,,,,,,,,,,,,,,,,,,,,,,PSMC3,TRAP1,SRSF7,COX6A1,,PRKCD,COX7B2,,,,,,,,,,MTOR,SKP1,,,,,,,,,,,,,,,RB1,,MDM2,EP300,,ZNF227,,CDK1,C8G,IL6,,,,,DICER1,PPARA,PRKD3,,,,,,,,,,,,,,,,,,,,,,,,,,,,,,,,,,CASP6,
213,,,,,,,,,,,,,,,,,,,,,,,,,,,,,,,,,,,,,,,,,,,,,,,,,,,,,,,,,,,,,,,,,,,,,,,,,,,,,,,,,,,,,,,,,,,,,,,,,,,,,,,,,,,,,,,MAP3K5,,PLA2G4F,,MYLK3,,CACNA1F,IL13RA1,,,,,,,,,LPAR4,,,,,,,,,,,,GIT1,,,,LPAR1,,,,,,,,,,,,,,,,,,,,,,,,,,,,,,,,,,,,,,,,,,,,,,,,,,,,,,ATP5F1D,,,,,,,,,,,OR6K6,,,,CFL1,,,,,,,,,,,,,,,,,,,,,,,,,,,,,,,,,,,,,,,,,,,,,PSMC5,VDAC1,NXF1,COX6A2,,CYBB,COX7C,,,,,,,,,,RPTOR,TNFRSF1A,,,,,,,,,,,,,,,E2F1,,NFX1,KAT2B,,ZNF112,,,C9,IL7,,,,,FZD3,,PRKD2,,,,,,,,,,,,,,,,,,,,,,,,,,,,,,,,,,CASP3,
214,,,,,,,,,,,,,,,,,,,,,,,,,,,,,,,,,,,,,,,,,,,,,,,,,,,,,,,,,,,,,,,,,,,,,,,,,,,,,,,,,,,,,,,,,,,,,,,,,,,,,,,,,,,,,,,MAP3K7,,PLA2G6,,MYLK4,,CACNA1S,IL13RA2,,,,,,,,,S1PR1,,,,,,,,,,,,GIT2,,,,LPAR2,,,,,,,,,,,,,,,,,,,,,,,,,,,,,,,,,,,,,,,,,,,,,,,,,,,,,,ATP5F1E,,,,,,,,,,,OR6N1,,,,CFL2,,,,,,,,,,,,,,,,,,,,,,,,,,,,,,,,,,,,,,,,,,,,,PSMD2,VDAC2,NXF2,COX6B1,,CYBA,COX8C,,,,,,,,,,AKT1S1,TRAF2,,,,,,,,,,,,,,,E2F2,,HDAC1,KAT2A,,ZNF229,,,SELP,IL12A,,,,,ITGA5,,PTK2,,,,,,,,,,,,,,,,,,,,,,,,,,,,,,,,,,CASP7,
215,,,,,,,,,,,,,,,,,,,,,,,,,,,,,,,,,,,,,,,,,,,,,,,,,,,,,,,,,,,,,,,,,,,,,,,,,,,,,,,,,,,,,,,,,,,,,,,,,,,,,,,,,,,,,,,MAP3K4,,PLAAT3,,CAMK1D,,PDE3A,EPOR,,,,,,,,,S1PR2,,,,,,,,,,,,ASAP1,,,,LPAR3,,,,,,,,,,,,,,,,,,,,,,,,,,,,,,,,,,,,,,,,,,,,,,,,,,,,,,ATP5PO,,,,,,,,,,,OR9A4,,,,SSH1,,,,,,,,,,,,,,,,,,,,,,,,,,,,,,,,,,,,,,,,,,,,,PSMD1,VDAC3,NXF2B,COX6B2,,NCF4,COX8A,,,,,,,,,,ATG16L1,TRADD,,,,,,,,,,,,,,,E2F3,,HDAC2,TCF3,,ZNF230,,,VWF,IL12B,,,,,RDX,,PLD1,,,,,,,,,,,,,,,,,,,,,,,,,,,,,,,,,,TP53,
216,,,,,,,,,,,,,,,,,,,,,,,,,,,,,,,,,,,,,,,,,,,,,,,,,,,,,,,,,,,,,,,,,,,,,,,,,,,,,,,,,,,,,,,,,,,,,,,,,,,,,,,,,,,,,,,TAOK2,,PLAAT2,,CAMK1G,,PDE3B,GHR,,,,,,,,,S1PR3,,,,,,,,,,,,ASAP3,,,,LPAR4,,,,,,,,,,,,,,,,,,,,,,,,,,,,,,,,,,,,,,,,,,,,,,,,,,,,,,ATP6,,,,,,,,,,,OR2Y1,,,,SSH3,,,,,,,,,,,,,,,,,,,,,,,,,,,,,,,,,,,,,,,,,,,,,PSMD3,SLC25A4,NXF3,COX6C,,NCF1,ATP5F1A,,,,,,,,,,ATG5,BIRC2,,,,,,,,,,,,,,,FASLG,,CHD4,POLB,,ZNF426,,,C1QA,IL13,,,,,RHOA,,PLD2,,,,,,,,,,,,,,,,,,,,,,,,,,,,,,,,,,,
217,,,,,,,,,,,,,,,,,,,,,,,,,,,,,,,,,,,,,,,,,,,,,,,,,,,,,,,,,,,,,,,,,,,,,,,,,,,,,,,,,,,,,,,,,,,,,,,,,,,,,,,,,,,,,,,TAOK3,,ELK1,,CAMK1,,PDE4A,PRLR,,,,,,,,,S1PR4,,,,,,,,,,,,ASAP2,,,,LPAR5,,,,,,,,,,,,,,,,,,,,,,,,,,,,,,,,,,,,,,,,,,,,,,,,,,,,,,ATP5PB,,,,,,,,,,,OR9A2,,,,SSH2,,,,,,,,,,,,,,,,,,,,,,,,,,,,,,,,,,,,,,,,,,,,,PSMD9,SLC25A5,NXT1,COX7A1,,NCF2,ATP5F1B,,,,,,,,,,ATG12,BIRC3,,,,,,,,,,,,,,,FAS,,IRF1,LCK,,ZNF343,,,C1QB,IL15,,,,,MIR193B,,MAP3K14,,,,,,,,,,,,,,,,,,,,,,,,,,,,,,,,,,,
218,,,,,,,,,,,,,,,,,,,,,,,,,,,,,,,,,,,,,,,,,,,,,,,,,,,,,,,,,,,,,,,,,,,,,,,,,,,,,,,,,,,,,,,,,,,,,,,,,,,,,,,,,,,,,,,TAOK1,,ETS1,,CAMK2A,,PDE4B,MPL,,,,,,,,,S1PR5,,,,,,,,,,,,ACAP3,,,,LPAR6,,,,,,,,,,,,,,,,,,,,,,,,,,,,,,,,,,,,,,,,,,,,,,,,,,,,,,ATP5MC1,,,,,,,,,,,OR2A14,,,,VCL,,,,,,,,,,,,,,,,,,,,,,,,,,,,,,,,,,,,,,,,,,,,,PSMD12,SLC25A6,NXT2,COX7A2,,RAC1,ATP5F1C,,,,,,,,,,MAP1LC3C,RIPK1,,,,,,,,,,,,,,,FADD,,TBPL2,BAX,,ZNF557,,,C1QC,IL23A,,,,,PLAU,,HIF1A,,,,,,,,,,,,,,,,,,,,,,,,,,,,,,,,,,,
219,,,,,,,,,,,,,,,,,,,,,,,,,,,,,,,,,,,,,,,,,,,,,,,,,,,,,,,,,,,,,,,,,,,,,,,,,,,,,,,,,,,,,,,,,,,,,,,,,,,,,,,,,,,,,,,MAP2K4,,ETS2,,CAMK2D,,PDE4C,CSF3R,,,,,,,,,LTB4R,,,,,,,,,,,,ACAP2,,,,GNB1,,,,,,,,,,,,,,,,,,,,,,,,,,,,,,,,,,,,,,,,,,,,,,,,,,,,,,ATP5MC2,,,,,,,,,,,OR6B1,,,,IQGAP1,,,,,,,,,,,,,,,,,,,,,,,,,,,,,,,,,,,,,,,,,,,,,PSMD11,SLC25A31,GLE1,COX7A2L,,RAC2,ATP5F1D,,,,,,,,,,MAP1LC3B,GAPDH,,,,,,,,,,,,,,,CASP8,,TBPL1,CDKN2C,,ZNF419,,,C1R,EPO,,,,,BAK1,,ARNT,,,,,,,,,,,,,,,,,,,,,,,,,,,,,,,,,,,
220,,,,,,,,,,,,,,,,,,,,,,,,,,,,,,,,,,,,,,,,,,,,,,,,,,,,,,,,,,,,,,,,,,,,,,,,,,,,,,,,,,,,,,,,,,,,,,,,,,,,,,,,,,,,,,,MAP2K7,,BRAP,,CAMK2B,,PDE4D,LEPR,,,,,,,,,LTB4R2,,,,,,,,,,,,ACAP1,,,,GNB2,,,,,,,,,,,,,,,,,,,,,,,,,,,,,,,,,,,,,,,,,,,,,,,,,,,,,,ATP5MC3,,,,,,,,,,,OR2F2,,,,IQGAP2,,,,,,,,,,,,,,,,,,,,,,,,,,,,,,,,,,,,,,,,,,,,,PSMD6,PPIF,TPR,COX7B,,MAPK11,ATP5F1E,,,,,,,,,,MAP1LC3A,TNFSF10,,,,,,,,,,,,,,,BID,,TBP,TERT,,ZNF665,,,C1S,IFNA1,,,,,ZFPM2,,VEGFA,,,,,,,,,,,,,,,,,,,,,,,,,,,,,,,,,,,
221,,,,,,,,,,,,,,,,,,,,,,,,,,,,,,,,,,,,,,,,,,,,,,,,,,,,,,,,,,,,,,,,,,,,,,,,,,,,,,,,,,,,,,,,,,,,,,,,,,,,,,,,,,,,,,,MAP2K3,,KSR1,,CAMK2G,,PDE10A,IL6R,,,,,,,,,MAS1,,,,,,,,,,,,ARAP1,,,,GNB3,,,,,,,,,,,,,,,,,,,,,,,,,,,,,,,,,,,,,,,,,,,,,,,,,,,,,,ATP5PD,,,,,,,,,,,OR13C5,,,,IQGAP3,,,,,,,,,,,,,,,,,,,,,,,,,,,,,,,,,,,,,,,,,,,,,PSMD7,CYCS,NUP50,COX7B2,,MAPK12,ATP6,,,,,,,,,,MAP1LC3B2,TNFRSF10A,,,,,,,,,,,,,,,BAX,,HLA-A,MSX1,,ZNF552,,,C2,IFNA2,,,,,ITGB3,,KEAP1,,,,,,,,,,,,,,,,,,,,,,,,,,,,,,,,,,,
222,,,,,,,,,,,,,,,,,,,,,,,,,,,,,,,,,,,,,,,,,,,,,,,,,,,,,,,,,,,,,,,,,,,,,,,,,,,,,,,,,,,,,,,,,,,,,,,,,,,,,,,,,,,,,,,MAP2K6,,KSR2,,CAMK4,,,IL6ST,,,,,,,,,RLN1,,,,,,,,,,,,ARAP2,,,,GNB4,,,,,,,,,,,,,,,,,,,,,,,,,,,,,,,,,,,,,,,,,,,,,,,,,,,,,,ATP5ME,,,,,,,,,,,OR13C8,,,,GSN,,,,,,,,,,,,,,,,,,,,,,,,,,,,,,,,,,,,,,,,,,,,,PSMD13,APAF1,NUP153,COX7C,,MAPK13,ATP5PB,,,,,,,,,,C3,TNFRSF10B,,,,,,,,,,,,,,,BAK1,,HLA-B,MSX2,,ZNF669,,,C4A,IFNA4,,,,,UBE2I,,NFE2L2,,,,,,,,,,,,,,,,,,,,,,,,,,,,,,,,,,,
223,,,,,,,,,,,,,,,,,,,,,,,,,,,,,,,,,,,,,,,,,,,,,,,,,,,,,,,,,,,,,,,,,,,,,,,,,,,,,,,,,,,,,,,,,,,,,,,,,,,,,,,,,,,,,,,MAPK8IP1,,RAPGEF5,,PPP3CA,,,IL11RA,,,,,,,,,RLN2,,,,,,,,,,,,ARAP3,,,,GNB5,,,,,,,,,,,,,,,,,,,,,,,,,,,,,,,,,,,,,,,,,,,,,,,,,,,,,,ATP5MF,,,,,,,,,,,OR13C3,,,,SCIN,,,,,,,,,,,,,,,,,,,,,,,,,,,,,,,,,,,,,,,,,,,,,PSMD4,CASP9,NUP98,COX8C,,MAPK14,ATP5MC1,,,,,,,,,,SQSTM1,FADD,,,,,,,,,,,,,,,CYCS,,HLA-C,,,ZNF212,,,C4B,IFNA5,,,,,MIR335,,HMOX1,,,,,,,,,,,,,,,,,,,,,,,,,,,,,,,,,,,
224,,,,,,,,,,,,,,,,,,,,,,,,,,,,,,,,,,,,,,,,,,,,,,,,,,,,,,,,,,,,,,,,,,,,,,,,,,,,,,,,,,,,,,,,,,,,,,,,,,,,,,,,,,,,,,,MAPK8IP2,,RAP1A,,PPP3CB,,,IL12RB1,,,,,,,,,RLN3,,,,,,,,,,,,AGAP1,,,,GNG2,,,,,,,,,,,,,,,,,,,,,,,,,,,,,,,,,,,,,,,,,,,,,,,,,,,,,,ATP5PF,,,,,,,,,,,OR13C4,,,,ACTN1,,,,,,,,,,,,,,,,,,,,,,,,,,,,,,,,,,,,,,,,,,,,,PSMD14,CASP3,RAE1,COX8A,,MAPK8,ATP5MC2,,,,,,,,,,CALCOCO2,CASP8,,,,,,,,,,,,,,,CASP9,,HLA-F,,,ZNF671,,,MBL2,IFNA6,,,,,SOX4,,,,,,,,,,,,,,,,,,,,,,,,,,,,,,,,,,,,,
225,,,,,,,,,,,,,,,,,,,,,,,,,,,,,,,,,,,,,,,,,,,,,,,,,,,,,,,,,,,,,,,,,,,,,,,,,,,,,,,,,,,,,,,,,,,,,,,,,,,,,,,,,,,,,,,MAPK8IP3,,RAP1B,,PPP3CC,,,IL12RB2,,,,,,,,,INSL3,,,,,,,,,,,,AGAP3,,,,GNG3,,,,,,,,,,,,,,,,,,,,,,,,,,,,,,,,,,,,,,,,,,,,,,,,,,,,,,ATP8,,,,,,,,,,,OR13F1,,,,ACTN4,,,,,,,,,,,,,,,,,,,,,,,,,,,,,,,,,,,,,,,,,,,,,PSMD8,PARK7,SEC13,ATP5F1A,,MAPK10,ATP5MC3,,,,,,,,,,UBA52,RIPK3,,,,,,,,,,,,,,,CASP3,,HLA-G,,,ZNF613,,,MASP1,IFNA7,,,,,TNC,,,,,,,,,,,,,,,,,,,,,,,,,,,,,,,,,,,,,
226,,,,,,,,,,,,,,,,,,,,,,,,,,,,,,,,,,,,,,,,,,,,,,,,,,,,,,,,,,,,,,,,,,,,,,,,,,,,,,,,,,,,,,,,,,,,,,,,,,,,,,,,,,,,,,,FLNA,,PLCE1,,PPP3R1,,,IL23R,,,,,,,,,INSL5,,,,,,,,,,,,AGAP4,,,,GNG4,,,,,,,,,,,,,,,,,,,,,,,,,,,,,,,,,,,,,,,,,,,,,,,,,,,,,,ATP5MG,,,,,,,,,,,OR1L8,,,,APC,,,,,,,,,,,,,,,,,,,,,,,,,,,,,,,,,,,,,,,,,,,,,ADRM1,BCL2L1,SEH1L,ATP5F1B,,MAPK9,ATP5PD,,,,,,,,,,RPS27A,BAX,,,,,,,,,,,,,,,,,HLA-E,,,ZNF442,,,MASP2,IFNA8,,,,,TNN,,,,,,,,,,,,,,,,,,,,,,,,,,,,,,,,,,,,,
227,,,,,,,,,,,,,,,,,,,,,,,,,,,,,,,,,,,,,,,,,,,,,,,,,,,,,,,,,,,,,,,,,,,,,,,,,,,,,,,,,,,,,,,,,,,,,,,,,,,,,,,,,,,,,,,FLNC,,PRKCA,,PPP3R2,,,IL27RA,,,,,,,,,RXFP1,,,,,,,,,,,,AGAP6,,,,GNG5,,,,,,,,,,,,,,,,,,,,,,,,,,,,,,,,,,,,,,,,,,,,,,,,,,,,,,CPT2,,,,,,,,,,,OR1N2,,,,APC2,,,,,,,,,,,,,,,,,,,,,,,,,,,,,,,,,,,,,,,,,,,,,SEM1,BAX,NUP133,ATP5F1C,,MAPK1,ATP5PO,,,,,,,,,,UBB,BAK1,,,,,,,,,,,,,,,,,BCAP31,,,ZNF556,,,F2,IFNA10,,,,,TNR,,,,,,,,,,,,,,,,,,,,,,,,,,,,,,,,,,,,,
228,,,,,,,,,,,,,,,,,,,,,,,,,,,,,,,,,,,,,,,,,,,,,,,,,,,,,,,,,,,,,,,,,,,,,,,,,,,,,,,,,,,,,,,,,,,,,,,,,,,,,,,,,,,,,,,FLNB,,PRKCB,,NOS1,,,IL31RA,,,,,,,,,RXFP2,,,,,,,,,,,,AGAP9,,,,GNG7,,,,,,,,,,,,,,,,,,,,,,,,,,,,,,,,,,,,,,,,,,,,,,,,,,,,,,SLC25A29,,,,,,,,,,,OR1N1,,,,ARHGEF4,,,,,,,,,,,,,,,,,,,,,,,,,,,,,,,,,,,,,,,,,,,,,CASP12,MFN1,NUP107,ATP5F1D,,MAPK3,ATP5PF,,,,,,,,,,UBC,CYCS,,,,,,,,,,,,,,,,,ATP6V1A,,,ZNF606,,,F13A1,IFNA13,,,,,TNXB,,,,,,,,,,,,,,,,,,,,,,,,,,,,,,,,,,,,,
229,,,,,,,,,,,,,,,,,,,,,,,,,,,,,,,,,,,,,,,,,,,,,,,,,,,,,,,,,,,,,,,,,,,,,,,,,,,,,,,,,,,,,,,,,,,,,,,,,,,,,,,,,,,,,,,CRK,,PRKCG,,NOS2,,,CNTFR,,,,,,,,,RXFP3,,,,,,,,,,,,AGAP5,,,,GNG8,,,,,,,,,,,,,,,,,,,,,,,,,,,,,,,,,,,,,,,,,,,,,,,,,,,,,,SLC25A20,,,,,,,,,,,OR52B4,,,,SPATA13,,,,,,,,,,,,,,,,,,,,,,,,,,,,,,,,,,,,,,,,,,,,,NOS1,MFN2,NUP37,ATP5F1E,,CREB1,ATP8,,,,,,,,,,SEPTIN2,BCL2,,,,,,,,,,,,,,,,,ATP6V1B1,,,ZNF614,,,F13B,IFNA14,,,,,MIR206,,,,,,,,,,,,,,,,,,,,,,,,,,,,,,,,,,,,,
230,,,,,,,,,,,,,,,,,,,,,,,,,,,,,,,,,,,,,,,,,,,,,,,,,,,,,,,,,,,,,,,,,,,,,,,,,,,,,,,,,,,,,,,,,,,,,,,,,,,,,,,,,,,,,,,CRKL,,RIN1,,NOS3,,,LIFR,,,,,,,,,RXFP4,,,,,,,,,,,,AGAP2,,,,GNG10,,,,,,,,,,,,,,,,,,,,,,,,,,,,,,,,,,,,,,,,,,,,,,,,,,,,,,CPT1A,,,,,,,,,,,OR52I2,,,,,,,,,,,,,,,,,,,,,,,,,,,,,,,,,,,,,,,,,,,,,,,,,CAPN1,KIF5A,NUP160,ATP6,,ATF2,BCL2,,,,,,,,,,SEPTIN9,CASP3,,,,,,,,,,,,,,,,,ATP6V1B2,,,ZNF430,,,FGA,IFNA16,,,,,MIR451A,,,,,,,,,,,,,,,,,,,,,,,,,,,,,,,,,,,,,
231,,,,,,,,,,,,,,,,,,,,,,,,,,,,,,,,,,,,,,,,,,,,,,,,,,,,,,,,,,,,,,,,,,,,,,,,,,,,,,,,,,,,,,,,,,,,,,,,,,,,,,,,,,,,,,,ARRB1,,ABL1,,PDE1A,,,OSMR,,,,,,,,,CYSLTR1,,,,,,,,,,,,ARFGAP1,,,,GNG11,,,,,,,,,,,,,,,,,,,,,,,,,,,,,,,,,,,,,,,,,,,,,,,,,,,,,,CPT1B,,,,,,,,,,,OR10A5,,,,,,,,,,,,,,,,,,,,,,,,,,,,,,,,,,,,,,,,,,,,,,,,,CAPN2,KIF5B,NUP85,ATP5PB,,CREB3,VDAC1,,,,,,,,,,SEPTIN12,CASP7,,,,,,,,,,,,,,,,,ATP6V1C2,,,ZNF34,,,FGB,IFNA17,,,,,ABCB1,,,,,,,,,,,,,,,,,,,,,,,,,,,,,,,,,,,,,
232,,,,,,,,,,,,,,,,,,,,,,,,,,,,,,,,,,,,,,,,,,,,,,,,,,,,,,,,,,,,,,,,,,,,,,,,,,,,,,,,,,,,,,,,,,,,,,,,,,,,,,,,,,,,,,,ARRB2,,ABL2,,PDE1B,,,IL10RA,,,,,,,,,CYSLTR2,,,,,,,,,,,,ARFGAP3,,,,GNG12,,,,,,,,,,,,,,,,,,,,,,,,,,,,,,,,,,,,,,,,,,,,,,,,,,,,,,CPT1C,,,,,,,,,,,OR51M1,,,,,,,,,,,,,,,,,,,,,,,,,,,,,,,,,,,,,,,,,,,,,,,,,CDK5R1,KIF5C,NUP43,ATP5MC1,,CREB3L1,TOMM40,,,,,,,,,,SEPTIN3,RHOB,,,,,,,,,,,,,,,,,ATP6V1C1,,,ZNF436,,,FGG,IFNA21,,,,,MIR345,,,,,,,,,,,,,,,,,,,,,,,,,,,,,,,,,,,,,
233,,,,,,,,,,,,,,,,,,,,,,,,,,,,,,,,,,,,,,,,,,,,,,,,,,,,,,,,,,,,,,,,,,,,,,,,,,,,,,,,,,,,,,,,,,,,,,,,,,,,,,,,,,,,,,,MAPK8,,RAB5A,,PDE1C,,,IL10RB,,,,,,,,,CALCA,,,,,,,,,,,,ARFGAP2,,,,GNG13,,,,,,,,,,,,,,,,,,,,,,,,,,,,,,,,,,,,,,,,,,,,,,,,,,,,,,,,,,,,,,,,,OR51Q1,,,,,,,,,,,,,,,,,,,,,,,,,,,,,,,,,,,,,,,,,,,,,,,,,SLC39A2,KLC3,NUP62,ATP5MC2,,CREB3L2,TOMM40L,,,,,,,,,,SEPTIN6,RHOH,,,,,,,,,,,,,,,,,ATP6V1D,,,ZNF611,,,,IFNG,,,,,ABCC1,,,,,,,,,,,,,,,,,,,,,,,,,,,,,,,,,,,,,
234,,,,,,,,,,,,,,,,,,,,,,,,,,,,,,,,,,,,,,,,,,,,,,,,,,,,,,,,,,,,,,,,,,,,,,,,,,,,,,,,,,,,,,,,,,,,,,,,,,,,,,,,,,,,,,,MAPK10,,RAB5B,,PTK2B,,,IL20RA,,,,,,,,,CALCB,,,,,,,,,,,,PSD3,,,,GNGT1,,,,,,,,,,,,,,,,,,,,,,,,,,,,,,,,,,,,,,,,,,,,,,,,,,,,,,,,,,,,,,,,,OR51I1,,,,,,,,,,,,,,,,,,,,,,,,,,,,,,,,,,,,,,,,,,,,,,,,,SLC39A3,KLC1,NUP58,ATP5MC3,,CREB3L3,MCU,,,,,,,,,,SEPTIN11,RRAS,,,,,,,,,,,,,,,,,ATP6V1E2,,,ZNF93,,,,IL2RA,,,,,MIR214,,,,,,,,,,,,,,,,,,,,,,,,,,,,,,,,,,,,,
235,,,,,,,,,,,,,,,,,,,,,,,,,,,,,,,,,,,,,,,,,,,,,,,,,,,,,,,,,,,,,,,,,,,,,,,,,,,,,,,,,,,,,,,,,,,,,,,,,,,,,,,,,,,,,,,MAPK9,,RAB5C,,ITPKB,,,IL20RB,,,,,,,,,ADM,,,,,,,,,,,,PSD4,,,,GNGT2,,,,,,,,,,,,,,,,,,,,,,,,,,,,,,,,,,,,,,,,,,,,,,,,,,,,,,,,,,,,,,,,,OR51I2,,,,,,,,,,,,,,,,,,,,,,,,,,,,,,,,,,,,,,,,,,,,,,,,,SLC39A1,KLC2,NUP54,ATP5PD,,CREB3L4,CALML3,,,,,,,,,,SEPTIN8,AKT1,,,,,,,,,,,,,,,,,ATP6V1E1,,,ZNF282,,,,IL2RB,,,,,BRCA1,,,,,,,,,,,,,,,,,,,,,,,,,,,,,,,,,,,,,
236,,,,,,,,,,,,,,,,,,,,,,,,,,,,,,,,,,,,,,,,,,,,,,,,,,,,,,,,,,,,,,,,,,,,,,,,,,,,,,,,,,,,,,,,,,,,,,,,,,,,,,,,,,,,,,,MAPK11,,ARF6,,ITPKA,,,IL22RA1,,,,,,,,,ADM2,,,,,,,,,,,,PSD,,,,PIK3CG,,,,,,,,,,,,,,,,,,,,,,,,,,,,,,,,,,,,,,,,,,,,,,,,,,,,,,,,,,,,,,,,,OR52D1,,,,,,,,,,,,,,,,,,,,,,,,,,,,,,,,,,,,,,,,,,,,,,,,,SLC39A4,KLC4,NUP93,ATP5PO,,CREB5,CALM2,,,,,,,,,,SEPTIN7,AKT2,,,,,,,,,,,,,,,,,ATP6V1F,,,ZNF528,,,,IL2RG,,,,,MIR106B,,,,,,,,,,,,,,,,,,,,,,,,,,,,,,,,,,,,,
237,,,,,,,,,,,,,,,,,,,,,,,,,,,,,,,,,,,,,,,,,,,,,,,,,,,,,,,,,,,,,,,,,,,,,,,,,,,,,,,,,,,,,,,,,,,,,,,,,,,,,,,,,,,,,,,MAPK12,,,,ITPKC,,,IFNLR1,,,,,,,,,IAPP,,,,,,,,,,,,PSD2,,,,PIK3R5,,,,,,,,,,,,,,,,,,,,,,,,,,,,,,,,,,,,,,,,,,,,,,,,,,,,,,,,,,,,,,,,,OR52H1,,,,,,,,,,,,,,,,,,,,,,,,,,,,,,,,,,,,,,,,,,,,,,,,,SLC39A5,TUBA1B,NUP205,ATP5PF,,ATF6B,CALM3,,,,,,,,,,WIPI2,AKT3,,,,,,,,,,,,,,,,,ATP6V1G1,,,ZNF333,,,,IL3RA,,,,,CDKN1A,,,,,,,,,,,,,,,,,,,,,,,,,,,,,,,,,,,,,
238,,,,,,,,,,,,,,,,,,,,,,,,,,,,,,,,,,,,,,,,,,,,,,,,,,,,,,,,,,,,,,,,,,,,,,,,,,,,,,,,,,,,,,,,,,,,,,,,,,,,,,,,,,,,,,,MAPK13,,,,PRKCA,,,IFNAR1,,,,,,,,,CALCR,,,,,,,,,,,,IQSEC2,,,,PIK3R6,,,,,,,,,,,,,,,,,,,,,,,,,,,,,,,,,,,,,,,,,,,,,,,,,,,,,,,,,,,,,,,,,OR52N4,,,,,,,,,,,,,,,,,,,,,,,,,,,,,,,,,,,,,,,,,,,,,,,,,SLC39A6,TUBA4A,NUP188,ATP8,,EGR1,CALM1,,,,,,,,,,WIPI1,MLKL,,,,,,,,,,,,,,,,,ATP6V1G3,,,ZNF527,,,,IL4R,,,,,MIR210,,,,,,,,,,,,,,,,,,,,,,,,,,,,,,,,,,,,,
239,,,,,,,,,,,,,,,,,,,,,,,,,,,,,,,,,,,,,,,,,,,,,,,,,,,,,,,,,,,,,,,,,,,,,,,,,,,,,,,,,,,,,,,,,,,,,,,,,,,,,,,,,,,,,,,MAPK14,,,,PRKCB,,,IFNAR2,,,,,,,,,CALCRL,,,,,,,,,,,,IQSEC1,,,,PDPK1,,,,,,,,,,,,,,,,,,,,,,,,,,,,,,,,,,,,,,,,,,,,,,,,,,,,,,,,,,,,,,,,,OR52N5,,,,,,,,,,,,,,,,,,,,,,,,,,,,,,,,,,,,,,,,,,,,,,,,,SLC39A7,TUBA3C,NUP155,VDAC1,,CCL5,CALML6,,,,,,,,,,TECPR1,TXN,,,,,,,,,,,,,,,,,ATP6V1G2,,,ZNF559,,,,CSF2RB,,,,,EFNA1,,,,,,,,,,,,,,,,,,,,,,,,,,,,,,,,,,,,,
240,,,,,,,,,,,,,,,,,,,,,,,,,,,,,,,,,,,,,,,,,,,,,,,,,,,,,,,,,,,,,,,,,,,,,,,,,,,,,,,,,,,,,,,,,,,,,,,,,,,,,,,,,,,,,,,MAPKAPK5,,,,PRKCG,,,IFNGR1,,,,,,,,,CRH,,,,,,,,,,,,IQSEC3,,,,STK11,,,,,,,,,,,,,,,,,,,,,,,,,,,,,,,,,,,,,,,,,,,,,,,,,,,,,,,,,,,,,,,,,OR52N2,,,,,,,,,,,,,,,,,,,,,,,,,,,,,,,,,,,,,,,,,,,,,,,,,SLC39A8,TUBA1A,NUP35,VDAC2,,IL1A,CALML5,,,,,,,,,,FNBP1,TXN2,,,,,,,,,,,,,,,,,ATP6V1H,,,ZNF347,,,,IL5RA,,,,,EFNA2,,,,,,,,,,,,,,,,,,,,,,,,,,,,,,,,,,,,,
241,,,,,,,,,,,,,,,,,,,,,,,,,,,,,,,,,,,,,,,,,,,,,,,,,,,,,,,,,,,,,,,,,,,,,,,,,,,,,,,,,,,,,,,,,,,,,,,,,,,,,,,,,,,,,,,MAPKAPK2,,,,,,,IFNGR2,,,,,,,,,UCN,,,,,,,,,,,,CYTH3,,,,PRKAA1,,,,,,,,,,,,,,,,,,,,,,,,,,,,,,,,,,,,,,,,,,,,,,,,,,,,,,,,,,,,,,,,,OR5AK2,,,,,,,,,,,,,,,,,,,,,,,,,,,,,,,,,,,,,,,,,,,,,,,,,SLC39A9,TUBA1C,NUP210,VDAC3,,IL1B,CALML4,,,,,,,,,,FNBP1L,NLRP3,,,,,,,,,,,,,,,,,TCIRG1,,,ZNF577,,,,IL6R,,,,,EFNA3,,,,,,,,,,,,,,,,,,,,,,,,,,,,,,,,,,,,,
242,,,,,,,,,,,,,,,,,,,,,,,,,,,,,,,,,,,,,,,,,,,,,,,,,,,,,,,,,,,,,,,,,,,,,,,,,,,,,,,,,,,,,,,,,,,,,,,,,,,,,,,,,,,,,,,MAPKAPK3,,,,,,,IL1R1,,,,,,,,,UCN3,,,,,,,,,,,,CYTH4,,,,PRKAA2,,,,,,,,,,,,,,,,,,,,,,,,,,,,,,,,,,,,,,,,,,,,,,,,,,,,,,,,,,,,,,,,,OR5B12,,,,,,,,,,,,,,,,,,,,,,,,,,,,,,,,,,,,,,,,,,,,,,,,,SLC39A10,TUBA8,NUP210L,SLC25A4,,IL6,PPP3CA,,,,,,,,,,GLMN,NAIP,,,,,,,,,,,,,,,,,ATP6V0A2,,,ZNF607,,,,IL6ST,,,,,EFNA4,,,,,,,,,,,,,,,,,,,,,,,,,,,,,,,,,,,,,
243,,,,,,,,,,,,,,,,,,,,,,,,,,,,,,,,,,,,,,,,,,,,,,,,,,,,,,,,,,,,,,,,,,,,,,,,,,,,,,,,,,,,,,,,,,,,,,,,,,,,,,,,,,,,,,,RPS6KA5,,,,,,,IL1RAP,,,,,,,,,UCN2,,,,,,,,,,,,CYTH2,,,,DDIT4,,,,,,,,,,,,,,,,,,,,,,,,,,,,,,,,,,,,,,,,,,,,,,,,,,,,,,,,,,,,,,,,,OR5AN1,,,,,,,,,,,,,,,,,,,,,,,,,,,,,,,,,,,,,,,,,,,,,,,,,SLC39A11,TUBA3E,NDC1,SLC25A5,,TNF,PPP3CB,,,,,,,,,,NLRP3,NLRC4,,,,,,,,,,,,,,,,,ATP6V0A4,,,ZNF514,,,,IL7R,,,,,EFNA5,,,,,,,,,,,,,,,,,,,,,,,,,,,,,,,,,,,,,
244,,,,,,,,,,,,,,,,,,,,,,,,,,,,,,,,,,,,,,,,,,,,,,,,,,,,,,,,,,,,,,,,,,,,,,,,,,,,,,,,,,,,,,,,,,,,,,,,,,,,,,,,,,,,,,,RPS6KA4,,,,,,,IL1R2,,,,,,,,,CRHR1,,,,,,,,,,,,CYTH1,,,,TSC1,,,,,,,,,,,,,,,,,,,,,,,,,,,,,,,,,,,,,,,,,,,,,,,,,,,,,,,,,,,,,,,,,OR4D10,,,,,,,,,,,,,,,,,,,,,,,,,,,,,,,,,,,,,,,,,,,,,,,,,SLC39A12,TUBA3D,POM121C,SLC25A6,,GSK3B,PPP3CC,,,,,,,,,,NAIP,PYCARD,,,,,,,,,,,,,,,,,ATP6V0A1,,,ZNF382,,,,IL12RB1,,,,,THBS1,,,,,,,,,,,,,,,,,,,,,,,,,,,,,,,,,,,,,
245,,,,,,,,,,,,,,,,,,,,,,,,,,,,,,,,,,,,,,,,,,,,,,,,,,,,,,,,,,,,,,,,,,,,,,,,,,,,,,,,,,,,,,,,,,,,,,,,,,,,,,,,,,,,,,,CDC25B,,,,,,,IL1RL2,,,,,,,,,CRHR2,,,,,,,,,,,,ARFGEF2,,,,TSC2,,,,,,,,,,,,,,,,,,,,,,,,,,,,,,,,,,,,,,,,,,,,,,,,,,,,,,,,,,,,,,,,,OR4D9,,,,,,,,,,,,,,,,,,,,,,,,,,,,,,,,,,,,,,,,,,,,,,,,,SLC39A13,TUBAL3,POM121,SLC25A31,,CSNK2A1,PPP3R1,,,,,,,,,,NLRC4,CASP1,,,,,,,,,,,,,,,,,ATP6V0D1,,,ZNF587,,,,IL12RB2,,,,,IGF2BP1,,,,,,,,,,,,,,,,,,,,,,,,,,,,,,,,,,,,,
246,,,,,,,,,,,,,,,,,,,,,,,,,,,,,,,,,,,,,,,,,,,,,,,,,,,,,,,,,,,,,,,,,,,,,,,,,,,,,,,,,,,,,,,,,,,,,,,,,,,,,,,,,,,,,,,NFATC1,,,,,,,IL18R1,,,,,,,,,GIP,,,,,,,,,,,,ARFGEF1,,,,RHEB,,,,,,,,,,,,,,,,,,,,,,,,,,,,,,,,,,,,,,,,,,,,,,,,,,,,,,,,,,,,,,,,,OR10V1,,,,,,,,,,,,,,,,,,,,,,,,,,,,,,,,,,,,,,,,,,,,,,,,,SLC39A14,TUBB6,POM121L2,PPIF,,CSNK2A2,PPP3R2,,,,,,,,,,PYCARD,IL18,,,,,,,,,,,,,,,,,ATP6V0D2,,,ZNF566,,,,IL13RA1,,,,,TRIM71,,,,,,,,,,,,,,,,,,,,,,,,,,,,,,,,,,,,,
247,,,,,,,,,,,,,,,,,,,,,,,,,,,,,,,,,,,,,,,,,,,,,,,,,,,,,,,,,,,,,,,,,,,,,,,,,,,,,,,,,,,,,,,,,,,,,,,,,,,,,,,,,,,,,,,NFATC3,,,,,,,IL18RAP,,,,,,,,,GIPR,,,,,,,,,,,,GBF1,,,,MLST8,,,,,,,,,,,,,,,,,,,,,,,,,,,,,,,,,,,,,,,,,,,,,,,,,,,,,,,,,,,,,,,,,OR6X1,,,,,,,,,,,,,,,,,,,,,,,,,,,,,,,,,,,,,,,,,,,,,,,,,SLC11A2,TUBB,NUP214,CYCS,,CSNK2A3,BAD,,,,,,,,,,CASP1,CASP4,,,,,,,,,,,,,,,,,ATP6V0E1,,,ZNF551,,,,IL15RA,,,,,MIR34B,,,,,,,,,,,,,,,,,,,,,,,,,,,,,,,,,,,,,
248,,,,,,,,,,,,,,,,,,,,,,,,,,,,,,,,,,,,,,,,,,,,,,,,,,,,,,,,,,,,,,,,,,,,,,,,,,,,,,,,,,,,,,,,,,,,,,,,,,,,,,,,,,,,,,,JUN,,,,,,,IL1RL1,,,,,,,,,GCG,,,,,,,,,,,,ARF1,,,,MTOR,,,,,,,,,,,,,,,,,,,,,,,,,,,,,,,,,,,,,,,,,,,,,,,,,,,,,,,,,,,,,,,,,OR6M1,,,,,,,,,,,,,,,,,,,,,,,,,,,,,,,,,,,,,,,,,,,,,,,,,CDK5,TUBB1,NUP88,APAF1,,CSNK2B,FASLG,,,,,,,,,,,CASP5,,,,,,,,,,,,,,,,,ATP6V0E2,,,ZNF616,,,,IL23R,,,,,MIR34C,,,,,,,,,,,,,,,,,,,,,,,,,,,,,,,,,,,,,
249,,,,,,,,,,,,,,,,,,,,,,,,,,,,,,,,,,,,,,,,,,,,,,,,,,,,,,,,,,,,,,,,,,,,,,,,,,,,,,,,,,,,,,,,,,,,,,,,,,,,,,,,,,,,,,,JUND,,,,,,,IL17RA,,,,,,,,,GCGR,,,,,,,,,,,,ARF3,,,,RPTOR,,,,,,,,,,,,,,,,,,,,,,,,,,,,,,,,,,,,,,,,,,,,,,,,,,,,,,,,,,,,,,,,,OR10G4,,,,,,,,,,,,,,,,,,,,,,,,,,,,,,,,,,,,,,,,,,,,,,,,,GSK3B,TUBB2A,RANBP2,CASP9,,KIF5A,FAS,,,,,,,,,,,GSDMD,,,,,,,,,,,,,,,,,ATP6V0C,,,ZNF766,,,,EPOR,,,,,MIR9-1,,,,,,,,,,,,,,,,,,,,,,,,,,,,,,,,,,,,,
250,,,,,,,,,,,,,,,,,,,,,,,,,,,,,,,,,,,,,,,,,,,,,,,,,,,,,,,,,,,,,,,,,,,,,,,,,,,,,,,,,,,,,,,,,,,,,,,,,,,,,,,,,,,,,,,ATF2,,,,,,,IL17RC,,,,,,,,,GLP1R,,,,,,,,,,,,ARF4,,,,EIF4EBP1,,,,,,,,,,,,,,,,,,,,,,,,,,,,,,,,,,,,,,,,,,,,,,,,,,,,,,,,,,,,,,,,,OR10G7,,,,,,,,,,,,,,,,,,,,,,,,,,,,,,,,,,,,,,,,,,,,,,,,,CASP7,TUBB3,SETX,PSMA6,,KIF5B,FADD,,,,,,,,,,,,,,,,,,,,,,,,,,,,ATP6V0B,,,ZNF468,,,,IFNAR1,,,,,MIR9-2,,,,,,,,,,,,,,,,,,,,,,,,,,,,,,,,,,,,,
251,,,,,,,,,,,,,,,,,,,,,,,,,,,,,,,,,,,,,,,,,,,,,,,,,,,,,,,,,,,,,,,,,,,,,,,,,,,,,,,,,,,,,,,,,,,,,,,,,,,,,,,,,,,,,,,TP53,,,,,,,IL17RB,,,,,,,,,GLP2R,,,,,,,,,,,,ARF5,,,,EIF4E,,,,,,,,,,,,,,,,,,,,,,,,,,,,,,,,,,,,,,,,,,,,,,,,,,,,,,,,,,,,,,,,,OR8A1,,,,,,,,,,,,,,,,,,,,,,,,,,,,,,,,,,,,,,,,,,,,,,,,,DKK1,TUBB4A,CHCHD10,PSMA2,,KIF5C,CASP8,,,,,,,,,,,,,,,,,,,,,,,,,,,,ATP6AP1,,,ZNF160,,,,IFNAR2,,,,,MIR9-3,,,,,,,,,,,,,,,,,,,,,,,,,,,,,,,,,,,,,
252,,,,,,,,,,,,,,,,,,,,,,,,,,,,,,,,,,,,,,,,,,,,,,,,,,,,,,,,,,,,,,,,,,,,,,,,,,,,,,,,,,,,,,,,,,,,,,,,,,,,,,,,,,,,,,,DDIT3,,,,,,,IL17RE,,,,,,,,,GHRH,,,,,,,,,,,,,,,,EIF4E2,,,,,,,,,,,,,,,,,,,,,,,,,,,,,,,,,,,,,,,,,,,,,,,,,,,,,,,,,,,,,,,,,OR6C1,,,,,,,,,,,,,,,,,,,,,,,,,,,,,,,,,,,,,,,,,,,,,,,,,DKK2,TUBB8,HSPA5,PSMA4,,KLC3,BID,,,,,,,,,,,,,,,,,,,,,,,,,,,,EGF,,,ZNF799,,,,IFNGR1,,,,,NFKB1,,,,,,,,,,,,,,,,,,,,,,,,,,,,,,,,,,,,,
253,,,,,,,,,,,,,,,,,,,,,,,,,,,,,,,,,,,,,,,,,,,,,,,,,,,,,,,,,,,,,,,,,,,,,,,,,,,,,,,,,,,,,,,,,,,,,,,,,,,,,,,,,,,,,,,MAX,,,,,,,CD4,,,,,,,,,GHRHR,,,,,,,,,,,,,,,,EIF4E1B,,,,,,,,,,,,,,,,,,,,,,,,,,,,,,,,,,,,,,,,,,,,,,,,,,,,,,,,,,,,,,,,,OR6C75,,,,,,,,,,,,,,,,,,,,,,,,,,,,,,,,,,,,,,,,,,,,,,,,,DKK4,TUBB2B,VAPB,PSMA7,,KLC1,BAX,,,,,,,,,,,,,,,,,,,,,,,,,,,,EGFR,,,ZNF700,,,,IFNGR2,,,,,MIR199A1,,,,,,,,,,,,,,,,,,,,,,,,,,,,,,,,,,,,,
254,,,,,,,,,,,,,,,,,,,,,,,,,,,,,,,,,,,,,,,,,,,,,,,,,,,,,,,,,,,,,,,,,,,,,,,,,,,,,,,,,,,,,,,,,,,,,,,,,,,,,,,,,,,,,,,MEF2C,,,,,,,CSF1R,,,,,,,,,PTH,,,,,,,,,,,,,,,,RPS6KB1,,,,,,,,,,,,,,,,,,,,,,,,,,,,,,,,,,,,,,,,,,,,,,,,,,,,,,,,,,,,,,,,,OR6C76,,,,,,,,,,,,,,,,,,,,,,,,,,,,,,,,,,,,,,,,,,,,,,,,,WNT1,TUBB4B,ATF6,PSMA8,,KLC2,BAK1,,,,,,,,,,,,,,,,,,,,,,,,,,,,GRB2,,,ZNF439,,,,EML4,,,,,MIR199A2,,,,,,,,,,,,,,,,,,,,,,,,,,,,,,,,,,,,,
255,,,,,,,,,,,,,,,,,,,,,,,,,,,,,,,,,,,,,,,,,,,,,,,,,,,,,,,,,,,,,,,,,,,,,,,,,,,,,,,,,,,,,,,,,,,,,,,,,,,,,,,,,,,,,,,HSPB1,,,,,,,TNFRSF1A,,,,,,,,,PTH2,,,,,,,,,,,,,,,,RPS6KB2,,,,,,,,,,,,,,,,,,,,,,,,,,,,,,,,,,,,,,,,,,,,,,,,,,,,,,,,,,,,,,,,,OR6C70,,,,,,,,,,,,,,,,,,,,,,,,,,,,,,,,,,,,,,,,,,,,,,,,,WNT2,TP53,DDIT3,PSMA5,,KLC4,LRRK2,,,,,,,,,,,,,,,,,,,,,,,,,,,,SOS1,,,ZNF486,,,,ALK,,,,,IKBKB,,,,,,,,,,,,,,,,,,,,,,,,,,,,,,,,,,,,,
256,,,,,,,,,,,,,,,,,,,,,,,,,,,,,,,,,,,,,,,,,,,,,,,,,,,,,,,,,,,,,,,,,,,,,,,,,,,,,,,,,,,,,,,,,,,,,,,,,,,,,,,,,,,,,,,AKT1,,,,,,,TNFRSF1B,,,,,,,,,PTH1R,,,,,,,,,,,,,,,,EIF4B,,,,,,,,,,,,,,,,,,,,,,,,,,,,,,,,,,,,,,,,,,,,,,,,,,,,,,,,,,,,,,,,,OR4N2,,,,,,,,,,,,,,,,,,,,,,,,,,,,,,,,,,,,,,,,,,,,,,,,,WNT2B,DUSP1,ERN1,PSMA1,,TUBA1B,HTRA2,,,,,,,,,,,,,,,,,,,,,,,,,,,,SOS2,,,ZNF479,,,,RASGRP1,,,,,PTGS2,,,,,,,,,,,,,,,,,,,,,,,,,,,,,,,,,,,,,
257,,,,,,,,,,,,,,,,,,,,,,,,,,,,,,,,,,,,,,,,,,,,,,,,,,,,,,,,,,,,,,,,,,,,,,,,,,,,,,,,,,,,,,,,,,,,,,,,,,,,,,,,,,,,,,,AKT2,,,,,,,LTBR,,,,,,,,,PTH2R,,,,,,,,,,,,,,,,RPS6,,,,,,,,,,,,,,,,,,,,,,,,,,,,,,,,,,,,,,,,,,,,,,,,,,,,,,,,,,,,,,,,,OR4K2,,,,,,,,,,,,,,,,,,,,,,,,,,,,,,,,,,,,,,,,,,,,,,,,,WNT3,NFE2L2,XBP1,PSMA3,,TUBA4A,TRAP1,,,,,,,,,,,,,,,,,,,,,,,,,,,,HRAS,,,ZNF682,,,,RASGRP2,,,,,MAPK1,,,,,,,,,,,,,,,,,,,,,,,,,,,,,,,,,,,,,
258,,,,,,,,,,,,,,,,,,,,,,,,,,,,,,,,,,,,,,,,,,,,,,,,,,,,,,,,,,,,,,,,,,,,,,,,,,,,,,,,,,,,,,,,,,,,,,,,,,,,,,,,,,,,,,,AKT3,,,,,,,TNFRSF14,,,,,,,,,ADCYAP1,,,,,,,,,,,,,,,,PRKCA,,,,,,,,,,,,,,,,,,,,,,,,,,,,,,,,,,,,,,,,,,,,,,,,,,,,,,,,,,,,,,,,,OR4K13,,,,,,,,,,,,,,,,,,,,,,,,,,,,,,,,,,,,,,,,,,,,,,,,,WNT3A,TXN,TRAF2,PSMB6,,TUBA3C,VDAC2,,,,,,,,,,,,,,,,,,,,,,,,,,,,KRAS,,,ZNF765,,,,RASGRP3,,,,,MAPK3,,,,,,,,,,,,,,,,,,,,,,,,,,,,,,,,,,,,,
259,,,,,,,,,,,,,,,,,,,,,,,,,,,,,,,,,,,,,,,,,,,,,,,,,,,,,,,,,,,,,,,,,,,,,,,,,,,,,,,,,,,,,,,,,,,,,,,,,,,,,,,,,,,,,,,PPM1A,,,,,,,TNFRSF6B,,,,,,,,,ADCYAP1R1,,,,,,,,,,,,,,,,PKN1,,,,,,,,,,,,,,,,,,,,,,,,,,,,,,,,,,,,,,,,,,,,,,,,,,,,,,,,,,,,,,,,,OR4K17,,,,,,,,,,,,,,,,,,,,,,,,,,,,,,,,,,,,,,,,,,,,,,,,,WNT4,TXN2,MAP3K5,PSMB7,,TUBA1A,VDAC3,,,,,,,,,,,,,,,,,,,,,,,,,,,,NRAS,,,ZNF300,,,,RASGRP4,,,,,PRKCA,,,,,,,,,,,,,,,,,,,,,,,,,,,,,,,,,,,,,
260,,,,,,,,,,,,,,,,,,,,,,,,,,,,,,,,,,,,,,,,,,,,,,,,,,,,,,,,,,,,,,,,,,,,,,,,,,,,,,,,,,,,,,,,,,,,,,,,,,,,,,,,,,,,,,,PTPRR,,,,,,,FAS,,,,,,,,,SCT,,,,,,,,,,,,,,,,PKN2,,,,,,,,,,,,,,,,,,,,,,,,,,,,,,,,,,,,,,,,,,,,,,,,,,,,,,,,,,,,,,,,,OR4N5,,,,,,,,,,,,,,,,,,,,,,,,,,,,,,,,,,,,,,,,,,,,,,,,,WNT5A,DAXX,CASP12,PSMB3,,TUBA1C,SLC25A4,,,,,,,,,,,,,,,,,,,,,,,,,,,,RAF1,,,ZNF461,,,,JAK1,,,,,PRKCB,,,,,,,,,,,,,,,,,,,,,,,,,,,,,,,,,,,,,
261,,,,,,,,,,,,,,,,,,,,,,,,,,,,,,,,,,,,,,,,,,,,,,,,,,,,,,,,,,,,,,,,,,,,,,,,,,,,,,,,,,,,,,,,,,,,,,,,,,,,,,,,,,,,,,,PTPN5,,,,,,,TNFRSF25,,,,,,,,,SCTR,,,,,,,,,,,,,,,,PKN3,,,,,,,,,,,,,,,,,,,,,,,,,,,,,,,,,,,,,,,,,,,,,,,,,,,,,,,,,,,,,,,,,OR11G2,,,,,,,,,,,,,,,,,,,,,,,,,,,,,,,,,,,,,,,,,,,,,,,,,WNT5B,MAP3K5,EIF2AK3,PSMB2,,TUBA8,SLC25A5,,,,,,,,,,,,,,,,,,,,,,,,,,,,MAP2K1,,,ZNF585B,,,,JAK2,,,,,PRKCG,,,,,,,,,,,,,,,,,,,,,,,,,,,,,,,,,,,,,
262,,,,,,,,,,,,,,,,,,,,,,,,,,,,,,,,,,,,,,,,,,,,,,,,,,,,,,,,,,,,,,,,,,,,,,,,,,,,,,,,,,,,,,,,,,,,,,,,,,,,,,,,,,,,,,,PTPN7,,,,,,,TNFRSF10A,,,,,,,,,VIP,,,,,,,,,,,,,,,,SGK1,,,,,,,,,,,,,,,,,,,,,,,,,,,,,,,,,,,,,,,,,,,,,,,,,,,,,,,,,,,,,,,,,OR11H4,,,,,,,,,,,,,,,,,,,,,,,,,,,,,,,,,,,,,,,,,,,,,,,,,WNT6,MAPK8,EIF2S1,PSMB5,,TUBA3E,SLC25A6,,,,,,,,,,,,,,,,,,,,,,,,,,,,MAP2K2,,,ZNF764,,,,JAK3,,,,,GRB2,,,,,,,,,,,,,,,,,,,,,,,,,,,,,,,,,,,,,
263,,,,,,,,,,,,,,,,,,,,,,,,,,,,,,,,,,,,,,,,,,,,,,,,,,,,,,,,,,,,,,,,,,,,,,,,,,,,,,,,,,,,,,,,,,,,,,,,,,,,,,,,,,,,,,,DUSP1,,,,,,,TNFRSF10B,,,,,,,,,VIPR1,,,,,,,,,,,,,,,,SGK2,,,,,,,,,,,,,,,,,,,,,,,,,,,,,,,,,,,,,,,,,,,,,,,,,,,,,,,,,,,,,,,,,OR5AU1,,,,,,,,,,,,,,,,,,,,,,,,,,,,,,,,,,,,,,,,,,,,,,,,,WNT7A,MAPK10,ATF4,PSMB1,,TUBA3D,SLC25A31,,,,,,,,,,,,,,,,,,,,,,,,,,,,MAPK1,,,ZNF235,,,,STAT3,,,,,FGFR3,,,,,,,,,,,,,,,,,,,,,,,,,,,,,,,,,,,,,
264,,,,,,,,,,,,,,,,,,,,,,,,,,,,,,,,,,,,,,,,,,,,,,,,,,,,,,,,,,,,,,,,,,,,,,,,,,,,,,,,,,,,,,,,,,,,,,,,,,,,,,,,,,,,,,,DUSP4,,,,,,,TNFRSF10C,,,,,,,,,VIPR2,,,,,,,,,,,,,,,,SGK3,,,,,,,,,,,,,,,,,,,,,,,,,,,,,,,,,,,,,,,,,,,,,,,,,,,,,,,,,,,,,,,,,OR4M2,,,,,,,,,,,,,,,,,,,,,,,,,,,,,,,,,,,,,,,,,,,,,,,,,WNT7B,MAPK9,ITPR3,PSMB4,,TUBAL3,PPIF,,,,,,,,,,,,,,,,,,,,,,,,,,,,MAPK3,,,ZNF670,,,,STAT1,,,,,RPS6KA5,,,,,,,,,,,,,,,,,,,,,,,,,,,,,,,,,,,,,
265,,,,,,,,,,,,,,,,,,,,,,,,,,,,,,,,,,,,,,,,,,,,,,,,,,,,,,,,,,,,,,,,,,,,,,,,,,,,,,,,,,,,,,,,,,,,,,,,,,,,,,,,,,,,,,,DUSP2,,,,,,,TNFRSF10D,,,,,,,,,GRM1,,,,,,,,,,,,,,,,C8orf44-SGK3,,,,,,,,,,,,,,,,,,,,,,,,,,,,,,,,,,,,,,,,,,,,,,,,,,,,,,,,,,,,,,,,,OR4F6,,,,,,,,,,,,,,,,,,,,,,,,,,,,,,,,,,,,,,,,,,,,,,,,,WNT8A,SOD1,SIGMAR1,PSMC2,,TUBB6,CYCS,,,,,,,,,,,,,,,,,,,,,,,,,,,,PTGS2,,,ZNF101,,,,STAT2,,,,,TP53,,,,,,,,,,,,,,,,,,,,,,,,,,,,,,,,,,,,,
266,,,,,,,,,,,,,,,,,,,,,,,,,,,,,,,,,,,,,,,,,,,,,,,,,,,,,,,,,,,,,,,,,,,,,,,,,,,,,,,,,,,,,,,,,,,,,,,,,,,,,,,,,,,,,,,DUSP7,,,,,,,TNFRSF21,,,,,,,,,GRM2,,,,,,,,,,,,,,,,AKT1,,,,,,,,,,,,,,,,,,,,,,,,,,,,,,,,,,,,,,,,,,,,,,,,,,,,,,,,,,,,,,,,,OR4F15,,,,,,,,,,,,,,,,,,,,,,,,,,,,,,,,,,,,,,,,,,,,,,,,,WNT8B,KEAP1,TNF,PSMC1,,TUBB,APAF1,,,,,,,,,,,,,,,,,,,,,,,,,,,,PTGER4,,,ZNF254,,,,STAT4,,,,,MDM2,,,,,,,,,,,,,,,,,,,,,,,,,,,,,,,,,,,,,
267,,,,,,,,,,,,,,,,,,,,,,,,,,,,,,,,,,,,,,,,,,,,,,,,,,,,,,,,,,,,,,,,,,,,,,,,,,,,,,,,,,,,,,,,,,,,,,,,,,,,,,,,,,,,,,,DUSP8,,,,,,,EDAR,,,,,,,,,GRM3,,,,,,,,,,,,,,,,AKT2,,,,,,,,,,,,,,,,,,,,,,,,,,,,,,,,,,,,,,,,,,,,,,,,,,,,,,,,,,,,,,,,,OR7G2,,,,,,,,,,,,,,,,,,,,,,,,,,,,,,,,,,,,,,,,,,,,,,,,,WNT9A,,TNFRSF1A,PSMC4,,TUBB1,CASP9,,,,,,,,,,,,,,,,,,,,,,,,,,,,GNAS,,,ZNF432,,,,STAT6,,,,,MDM4,,,,,,,,,,,,,,,,,,,,,,,,,,,,,,,,,,,,,
268,,,,,,,,,,,,,,,,,,,,,,,,,,,,,,,,,,,,,,,,,,,,,,,,,,,,,,,,,,,,,,,,,,,,,,,,,,,,,,,,,,,,,,,,,,,,,,,,,,,,,,,,,,,,,,,DUSP5,,,,,,,EDA2R,,,,,,,,,GRM4,,,,,,,,,,,,,,,,AKT3,,,,,,,,,,,,,,,,,,,,,,,,,,,,,,,,,,,,,,,,,,,,,,,,,,,,,,,,,,,,,,,,,OR7G3,,,,,,,,,,,,,,,,,,,,,,,,,,,,,,,,,,,,,,,,,,,,,,,,,WNT9B,,TNFRSF1B,PSMC6,,TUBB2A,CASP3,,,,,,,,,,,,,,,,,,,,,,,,,,,,PRKACA,,,ZNF114,,,,VEGFA,,,,,PDGFRA,,,,,,,,,,,,,,,,,,,,,,,,,,,,,,,,,,,,,
269,,,,,,,,,,,,,,,,,,,,,,,,,,,,,,,,,,,,,,,,,,,,,,,,,,,,,,,,,,,,,,,,,,,,,,,,,,,,,,,,,,,,,,,,,,,,,,,,,,,,,,,,,,,,,,,DUSP16,,,,,,,NGFR,,,,,,,,,GRM5,,,,,,,,,,,,,,,,MAGI1,,,,,,,,,,,,,,,,,,,,,,,,,,,,,,,,,,,,,,,,,,,,,,,,,,,,,,,,,,,,,,,,,OR7A10,,,,,,,,,,,,,,,,,,,,,,,,,,,,,,,,,,,,,,,,,,,,,,,,,WNT10B,,DAXX,PSMC3,,TUBB3,HIP1,,,,,,,,,,,,,,,,,,,,,,,,,,,,PRKACB,,,ZNF440,,,,VEGFB,,,,,PLCG1,,,,,,,,,,,,,,,,,,,,,,,,,,,,,,,,,,,,,
270,,,,,,,,,,,,,,,,,,,,,,,,,,,,,,,,,,,,,,,,,,,,,,,,,,,,,,,,,,,,,,,,,,,,,,,,,,,,,,,,,,,,,,,,,,,,,,,,,,,,,,,,,,,,,,,DUSP6,,,,,,,TNFRSF11B,,,,,,,,,GRM6,,,,,,,,,,,,,,,,MAGI2,,,,,,,,,,,,,,,,,,,,,,,,,,,,,,,,,,,,,,,,,,,,,,,,,,,,,,,,,,,,,,,,,OR10K2,,,,,,,,,,,,,,,,,,,,,,,,,,,,,,,,,,,,,,,,,,,,,,,,,WNT10A,,MAP2K3,PSMC5,,TUBB4A,IFT57,,,,,,,,,,,,,,,,,,,,,,,,,,,,PRKACG,,,ZNF57,,,,PGF,,,,,PLCG2,,,,,,,,,,,,,,,,,,,,,,,,,,,,,,,,,,,,,
271,,,,,,,,,,,,,,,,,,,,,,,,,,,,,,,,,,,,,,,,,,,,,,,,,,,,,,,,,,,,,,,,,,,,,,,,,,,,,,,,,,,,,,,,,,,,,,,,,,,,,,,,,,,,,,,DUSP9,,,,,,,TNFRSF11A,,,,,,,,,GRM7,,,,,,,,,,,,,,,,PTEN,,,,,,,,,,,,,,,,,,,,,,,,,,,,,,,,,,,,,,,,,,,,,,,,,,,,,,,,,,,,,,,,,OR10K1,,,,,,,,,,,,,,,,,,,,,,,,,,,,,,,,,,,,,,,,,,,,,,,,,WNT11,,MAP2K6,PSMD2,,TUBB8,HSD17B10,,,,,,,,,,,,,,,,,,,,,,,,,,,,BAX,,,ZNF684,,,,VEGFC,,,,,MIR101-1,,,,,,,,,,,,,,,,,,,,,,,,,,,,,,,,,,,,,
272,,,,,,,,,,,,,,,,,,,,,,,,,,,,,,,,,,,,,,,,,,,,,,,,,,,,,,,,,,,,,,,,,,,,,,,,,,,,,,,,,,,,,,,,,,,,,,,,,,,,,,,,,,,,,,,DUSP10,,,,,,,TNFRSF12A,,,,,,,,,GRM8,,,,,,,,,,,,,,,,THEM4,,,,,,,,,,,,,,,,,,,,,,,,,,,,,,,,,,,,,,,,,,,,,,,,,,,,,,,,,,,,,,,,,OR6Y1,,,,,,,,,,,,,,,,,,,,,,,,,,,,,,,,,,,,,,,,,,,,,,,,,WNT16,,MAPK11,PSMD1,,TUBB2B,PPID,,,,,,,,,,,,,,,,,,,,,,,,,,,,CREB1,,,ZNF786,,,,VEGFD,,,,,MIR101-2,,,,,,,,,,,,,,,,,,,,,,,,,,,,,,,,,,,,,
273,,,,,,,,,,,,,,,,,,,,,,,,,,,,,,,,,,,,,,,,,,,,,,,,,,,,,,,,,,,,,,,,,,,,,,,,,,,,,,,,,,,,,,,,,,,,,,,,,,,,,,,,,,,,,,,DUSP3,,,,,,,CD27,,,,,,,,,GABBR1,,,,,,,,,,,,,,,,PPP2CA,,,,,,,,,,,,,,,,,,,,,,,,,,,,,,,,,,,,,,,,,,,,,,,,,,,,,,,,,,,,,,,,,OR6K3,,,,,,,,,,,,,,,,,,,,,,,,,,,,,,,,,,,,,,,,,,,,,,,,,FZD1,,MAPK12,PSMD3,,TUBB4B,PARK7,,,,,,,,,,,,,,,,,,,,,,,,,,,,CREB3,,,ZFP92,,,,TGFA,,,,,RAF1,,,,,,,,,,,,,,,,,,,,,,,,,,,,,,,,,,,,,
274,,,,,,,,,,,,,,,,,,,,,,,,,,,,,,,,,,,,,,,,,,,,,,,,,,,,,,,,,,,,,,,,,,,,,,,,,,,,,,,,,,,,,,,,,,,,,,,,,,,,,,,,,,,,,,,PPP5C,,,,,,,TNFRSF8,,,,,,,,,GABBR2,,,,,,,,,,,,,,,,PPP2CB,,,,,,,,,,,,,,,,,,,,,,,,,,,,,,,,,,,,,,,,,,,,,,,,,,,,,,,,,,,,,,,,,OR11L1,,,,,,,,,,,,,,,,,,,,,,,,,,,,,,,,,,,,,,,,,,,,,,,,,FZD7,,MAPK13,PSMD9,,,BCL2L1,,,,,,,,,,,,,,,,,,,,,,,,,,,,CREB3L1,,,ZFP28,,,,EGF,,,,,MIR195,,,,,,,,,,,,,,,,,,,,,,,,,,,,,,,,,,,,,
275,,,,,,,,,,,,,,,,,,,,,,,,,,,,,,,,,,,,,,,,,,,,,,,,,,,,,,,,,,,,,,,,,,,,,,,,,,,,,,,,,,,,,,,,,,,,,,,,,,,,,,,,,,,,,,,PPM1B,,,,,,,CD40,,,,,,,,,GPR156,,,,,,,,,,,,,,,,PPP2R1B,,,,,,,,,,,,,,,,,,,,,,,,,,,,,,,,,,,,,,,,,,,,,,,,,,,,,,,,,,,,,,,,,OR2L8,,,,,,,,,,,,,,,,,,,,,,,,,,,,,,,,,,,,,,,,,,,,,,,,,FZD2,,MAPK14,PSMD12,,,MFN1,,,,,,,,,,,,,,,,,,,,,,,,,,,,CREB3L2,,,ZFP90,,,,EGFR,,,,,MAP2K1,,,,,,,,,,,,,,,,,,,,,,,,,,,,,,,,,,,,,
276,,,,,,,,,,,,,,,,,,,,,,,,,,,,,,,,,,,,,,,,,,,,,,,,,,,,,,,,,,,,,,,,,,,,,,,,,,,,,,,,,,,,,,,,,,,,,,,,,,,,,,,,,,,,,,,HSPA8,,,,,,,TNFRSF9,,,,,,,,,GRIN1,,,,,,,,,,,,,,,,PPP2R1A,,,,,,,,,,,,,,,,,,,,,,,,,,,,,,,,,,,,,,,,,,,,,,,,,,,,,,,,,,,,,,,,,OR2AK2,,,,,,,,,,,,,,,,,,,,,,,,,,,,,,,,,,,,,,,,,,,,,,,,,FZD3,,NOS1,PSMD11,,,MFN2,,,,,,,,,,,,,,,,,,,,,,,,,,,,CREB3L3,,,ZNF597,,,,ERBB2,,,,,MAP2K2,,,,,,,,,,,,,,,,,,,,,,,,,,,,,,,,,,,,,
277,,,,,,,,,,,,,,,,,,,,,,,,,,,,,,,,,,,,,,,,,,,,,,,,,,,,,,,,,,,,,,,,,,,,,,,,,,,,,,,,,,,,,,,,,,,,,,,,,,,,,,,,,,,,,,,HSPA1A,,,,,,,TNFRSF4,,,,,,,,,GRIN2A,,,,,,,,,,,,,,,,PPP2R2A,,,,,,,,,,,,,,,,,,,,,,,,,,,,,,,,,,,,,,,,,,,,,,,,,,,,,,,,,,,,,,,,,OR2L3,,,,,,,,,,,,,,,,,,,,,,,,,,,,,,,,,,,,,,,,,,,,,,,,,FZD4,,CCS,PSMD6,,,OPTN,,,,,,,,,,,,,,,,,,,,,,,,,,,,CREB3L4,,,ZNF785,,,,PDGFA,,,,,SOS1,,,,,,,,,,,,,,,,,,,,,,,,,,,,,,,,,,,,,
278,,,,,,,,,,,,,,,,,,,,,,,,,,,,,,,,,,,,,,,,,,,,,,,,,,,,,,,,,,,,,,,,,,,,,,,,,,,,,,,,,,,,,,,,,,,,,,,,,,,,,,,,,,,,,,,HSPA2,,,,,,,TNFRSF18,,,,,,,,,GRIN2B,,,,,,,,,,,,,,,,PPP2R2B,,,,,,,,,,,,,,,,,,,,,,,,,,,,,,,,,,,,,,,,,,,,,,,,,,,,,,,,,,,,,,,,,OR2M2,,,,,,,,,,,,,,,,,,,,,,,,,,,,,,,,,,,,,,,,,,,,,,,,,FZD5,,GPX6,PSMD7,,,SQSTM1,,,,,,,,,,,,,,,,,,,,,,,,,,,,CREB5,,,ZNF480,,,,PDGFB,,,,,SOS2,,,,,,,,,,,,,,,,,,,,,,,,,,,,,,,,,,,,,
279,,,,,,,,,,,,,,,,,,,,,,,,,,,,,,,,,,,,,,,,,,,,,,,,,,,,,,,,,,,,,,,,,,,,,,,,,,,,,,,,,,,,,,,,,,,,,,,,,,,,,,,,,,,,,,,HSPA1L,,,,,,,TNFRSF17,,,,,,,,,GRIN2C,,,,,,,,,,,,,,,,PPP2R2C,,,,,,,,,,,,,,,,,,,,,,,,,,,,,,,,,,,,,,,,,,,,,,,,,,,,,,,,,,,,,,,,,OR2T33,,,,,,,,,,,,,,,,,,,,,,,,,,,,,,,,,,,,,,,,,,,,,,,,,FZD8,,GPX7,PSMD13,,,MAP1LC3C,,,,,,,,,,,,,,,,,,,,,,,,,,,,UBR4,,,ZNF534,,,,PDGFRA,,,,,SHC1,,,,,,,,,,,,,,,,,,,,,,,,,,,,,,,,,,,,,
280,,,,,,,,,,,,,,,,,,,,,,,,,,,,,,,,,,,,,,,,,,,,,,,,,,,,,,,,,,,,,,,,,,,,,,,,,,,,,,,,,,,,,,,,,,,,,,,,,,,,,,,,,,,,,,,HSPA1B,,,,,,,TNFRSF13B,,,,,,,,,GRIN2D,,,,,,,,,,,,,,,,PPP2R2D,,,,,,,,,,,,,,,,,,,,,,,,,,,,,,,,,,,,,,,,,,,,,,,,,,,,,,,,,,,,,,,,,OR2M7,,,,,,,,,,,,,,,,,,,,,,,,,,,,,,,,,,,,,,,,,,,,,,,,,FZD6,,GPX2,PSMD4,,,MAP1LC3B,,,,,,,,,,,,,,,,,,,,,,,,,,,,TUBG2,,,ZNF418,,,,PDGFRB,,,,,PDGFA,,,,,,,,,,,,,,,,,,,,,,,,,,,,,,,,,,,,,
281,,,,,,,,,,,,,,,,,,,,,,,,,,,,,,,,,,,,,,,,,,,,,,,,,,,,,,,,,,,,,,,,,,,,,,,,,,,,,,,,,,,,,,,,,,,,,,,,,,,,,,,,,,,,,,,HSPA6,,,,,,,TNFRSF13C,,,,,,,,,GRIN3A,,,,,,,,,,,,,,,,PPP2R3B,,,,,,,,,,,,,,,,,,,,,,,,,,,,,,,,,,,,,,,,,,,,,,,,,,,,,,,,,,,,,,,,,OR2G6,,,,,,,,,,,,,,,,,,,,,,,,,,,,,,,,,,,,,,,,,,,,,,,,,FZD10,,GPX3,PSMD14,,,MAP1LC3A,,,,,,,,,,,,,,,,,,,,,,,,,,,,TUBG1,,,ZNF417,,,,IGF1,,,,,MIR129-1,,,,,,,,,,,,,,,,,,,,,,,,,,,,,,,,,,,,,
282,,,,,,,,,,,,,,,,,,,,,,,,,,,,,,,,,,,,,,,,,,,,,,,,,,,,,,,,,,,,,,,,,,,,,,,,,,,,,,,,,,,,,,,,,,,,,,,,,,,,,,,,,,,,,,,MECOM,,,,,,,TNFRSF19,,,,,,,,,GRIN3B,,,,,,,,,,,,,,,,PPP2R3C,,,,,,,,,,,,,,,,,,,,,,,,,,,,,,,,,,,,,,,,,,,,,,,,,,,,,,,,,,,,,,,,,OR2A25,,,,,,,,,,,,,,,,,,,,,,,,,,,,,,,,,,,,,,,,,,,,,,,,,FZD9,,GPX1,PSMD8,,,MAP1LC3B2,,,,,,,,,,,,,,,,,,,,,,,,,,,,PKM,,,ZNF548,,,,IGF2,,,,,MIR129-2,,,,,,,,,,,,,,,,,,,,,,,,,,,,,,,,,,,,,
283,,,,,,,,,,,,,,,,,,,,,,,,,,,,,,,,,,,,,,,,,,,,,,,,,,,,,,,,,,,,,,,,,,,,,,,,,,,,,,,,,,,,,,,,,,,,,,,,,,,,,,,,,,,,,,,MAP2K5,,,,,,,RELT,,,,,,,,,GABRA1,,,,,,,,,,,,,,,,PPP2R3A,,,,,,,,,,,,,,,,,,,,,,,,,,,,,,,,,,,,,,,,,,,,,,,,,,,,,,,,,,,,,,,,,OR13J1,,,,,,,,,,,,,,,,,,,,,,,,,,,,,,,,,,,,,,,,,,,,,,,,,LRP5,,GPX5,ADRM1,,,TBK1,,,,,,,,,,,,,,,,,,,,,,,,,,,,IFNA1,,,ZNF560,,,,IGF1R,,,,,SHC4,,,,,,,,,,,,,,,,,,,,,,,,,,,,,,,,,,,,,
284,,,,,,,,,,,,,,,,,,,,,,,,,,,,,,,,,,,,,,,,,,,,,,,,,,,,,,,,,,,,,,,,,,,,,,,,,,,,,,,,,,,,,,,,,,,,,,,,,,,,,,,,,,,,,,,MAPK7,,,,,,,TGFBR1,,,,,,,,,GABRA2,,,,,,,,,,,,,,,,PPP2R5B,,,,,,,,,,,,,,,,,,,,,,,,,,,,,,,,,,,,,,,,,,,,,,,,,,,,,,,,,,,,,,,,,OR13C2,,,,,,,,,,,,,,,,,,,,,,,,,,,,,,,,,,,,,,,,,,,,,,,,,LRP6,,GPX8,SEM1,,,TANK,,,,,,,,,,,,,,,,,,,,,,,,,,,,IFNA2,,,ZNF563,,,,KITLG,,,,,PDGFB,,,,,,,,,,,,,,,,,,,,,,,,,,,,,,,,,,,,,
285,,,,,,,,,,,,,,,,,,,,,,,,,,,,,,,,,,,,,,,,,,,,,,,,,,,,,,,,,,,,,,,,,,,,,,,,,,,,,,,,,,,,,,,,,,,,,,,,,,,,,,,,,,,,,,,NR4A1,,,,,,,TGFBR2,,,,,,,,,GABRA3,,,,,,,,,,,,,,,,PPP2R5C,,,,,,,,,,,,,,,,,,,,,,,,,,,,,,,,,,,,,,,,,,,,,,,,,,,,,,,,,,,,,,,,,OR1L6,,,,,,,,,,,,,,,,,,,,,,,,,,,,,,,,,,,,,,,,,,,,,,,,,CSNK1E,,CAT,MAP3K10,,,WDR41,,,,,,,,,,,,,,,,,,,,,,,,,,,,IFNA4,,,ZNF420,,,,KIT,,,,,PDGFRB,,,,,,,,,,,,,,,,,,,,,,,,,,,,,,,,,,,,,
286,,,,,,,,,,,,,,,,,,,,,,,,,,,,,,,,,,,,,,,,,,,,,,,,,,,,,,,,,,,,,,,,,,,,,,,,,,,,,,,,,,,,,,,,,,,,,,,,,,,,,,,,,,,,,,,MAP3K14,,,,,,,ACVRL1,,,,,,,,,GABRA4,,,,,,,,,,,,,,,,PPP2R5D,,,,,,,,,,,,,,,,,,,,,,,,,,,,,,,,,,,,,,,,,,,,,,,,,,,,,,,,,,,,,,,,,OR5C1,,,,,,,,,,,,,,,,,,,,,,,,,,,,,,,,,,,,,,,,,,,,,,,,,TPTEP2-CSNK1E,,PRPH,ERN1,,,SMCR8,,,,,,,,,,,,,,,,,,,,,,,,,,,,IFNA5,,,ZNF565,,,,FLT3LG,,,,,CDKN2A,,,,,,,,,,,,,,,,,,,,,,,,,,,,,,,,,,,,,
287,,,,,,,,,,,,,,,,,,,,,,,,,,,,,,,,,,,,,,,,,,,,,,,,,,,,,,,,,,,,,,,,,,,,,,,,,,,,,,,,,,,,,,,,,,,,,,,,,,,,,,,,,,,,,,,CHUK,,,,,,,ACVR2A,,,,,,,,,GABRA5,,,,,,,,,,,,,,,,PPP2R5E,,,,,,,,,,,,,,,,,,,,,,,,,,,,,,,,,,,,,,,,,,,,,,,,,,,,,,,,,,,,,,,,,OR1K1,,,,,,,,,,,,,,,,,,,,,,,,,,,,,,,,,,,,,,,,,,,,,,,,,DVL3,,NEFL,TRAF2,,,C9orf72,,,,,,,,,,,,,,,,,,,,,,,,,,,,IFNA6,,,ZNF582,,,,FLT3,,,,,E2F1,,,,,,,,,,,,,,,,,,,,,,,,,,,,,,,,,,,,,
288,,,,,,,,,,,,,,,,,,,,,,,,,,,,,,,,,,,,,,,,,,,,,,,,,,,,,,,,,,,,,,,,,,,,,,,,,,,,,,,,,,,,,,,,,,,,,,,,,,,,,,,,,,,,,,,IKBKB,,,,,,,BMPR2,,,,,,,,,GABRA6,,,,,,,,,,,,,,,,PPP2R5A,,,,,,,,,,,,,,,,,,,,,,,,,,,,,,,,,,,,,,,,,,,,,,,,,,,,,,,,,,,,,,,,,OR2A5,,,,,,,,,,,,,,,,,,,,,,,,,,,,,,,,,,,,,,,,,,,,,,,,,DVL2,,NEFM,MAP3K5,,,RAB8A,,,,,,,,,,,,,,,,,,,,,,,,,,,,IFNA7,,,ZNF621,,,,HGF,,,,,E2F2,,,,,,,,,,,,,,,,,,,,,,,,,,,,,,,,,,,,,
289,,,,,,,,,,,,,,,,,,,,,,,,,,,,,,,,,,,,,,,,,,,,,,,,,,,,,,,,,,,,,,,,,,,,,,,,,,,,,,,,,,,,,,,,,,,,,,,,,,,,,,,,,,,,,,,IKBKG,,,,,,,ACVR2B,,,,,,,,,GABRB1,,,,,,,,,,,,,,,,HSP90AA1,,,,,,,,,,,,,,,,,,,,,,,,,,,,,,,,,,,,,,,,,,,,,,,,,,,,,,,,,,,,,,,,,OR2A7,,,,,,,,,,,,,,,,,,,,,,,,,,,,,,,,,,,,,,,,,,,,,,,,,DVL1,,NEFH,MAP2K7,,,RAB39B,,,,,,,,,,,,,,,,,,,,,,,,,,,,IFNA8,,,ZNF454,,,,MET,,,,,MIR32,,,,,,,,,,,,,,,,,,,,,,,,,,,,,,,,,,,,,
290,,,,,,,,,,,,,,,,,,,,,,,,,,,,,,,,,,,,,,,,,,,,,,,,,,,,,,,,,,,,,,,,,,,,,,,,,,,,,,,,,,,,,,,,,,,,,,,,,,,,,,,,,,,,,,,NLK,,,,,,,ACVR1B,,,,,,,,,GABRB3,,,,,,,,,,,,,,,,HSP90AB1,,,,,,,,,,,,,,,,,,,,,,,,,,,,,,,,,,,,,,,,,,,,,,,,,,,,,,,,,,,,,,,,,OR51T1,,,,,,,,,,,,,,,,,,,,,,,,,,,,,,,,,,,,,,,,,,,,,,,,,FRAT1,,PFN3,MTOR,,,RAB1A,,,,,,,,,,,,,,,,,,,,,,,,,,,,IFNA10,,,ZNF707,,,,FGF1,,,,,BCL2L11,,,,,,,,,,,,,,,,,,,,,,,,,,,,,,,,,,,,,
291,,,,,,,,,,,,,,,,,,,,,,,,,,,,,,,,,,,,,,,,,,,,,,,,,,,,,,,,,,,,,,,,,,,,,,,,,,,,,,,,,,,,,,,,,,,,,,,,,,,,,,,,,,,,,,,NFKB1,,,,,,,ACVR1C,,,,,,,,,GABRB2,,,,,,,,,,,,,,,,HSP90B1,,,,,,,,,,,,,,,,,,,,,,,,,,,,,,,,,,,,,,,,,,,,,,,,,,,,,,,,,,,,,,,,,OR51A4,,,,,,,,,,,,,,,,,,,,,,,,,,,,,,,,,,,,,,,,,,,,,,,,,FRAT2,,PFN1,ULK1,,,MTOR,,,,,,,,,,,,,,,,,,,,,,,,,,,,IFNA13,,,ZNF354C,,,,FGF2,,,,,MARCKS,,,,,,,,,,,,,,,,,,,,,,,,,,,,,,,,,,,,,
292,,,,,,,,,,,,,,,,,,,,,,,,,,,,,,,,,,,,,,,,,,,,,,,,,,,,,,,,,,,,,,,,,,,,,,,,,,,,,,,,,,,,,,,,,,,,,,,,,,,,,,,,,,,,,,,NFKB2,,,,,,,ACVR1,,,,,,,,,GABRD,,,,,,,,,,,,,,,,CDC37,,,,,,,,,,,,,,,,,,,,,,,,,,,,,,,,,,,,,,,,,,,,,,,,,,,,,,,,,,,,,,,,,OR51A2,,,,,,,,,,,,,,,,,,,,,,,,,,,,,,,,,,,,,,,,,,,,,,,,,CSNK2A1,,PFN2,ULK2,,,ULK1,,,,,,,,,,,,,,,,,,,,,,,,,,,,IFNA14,,,ZNF546,,,,FGF3,,,,,BMPR2,,,,,,,,,,,,,,,,,,,,,,,,,,,,,,,,,,,,,
293,,,,,,,,,,,,,,,,,,,,,,,,,,,,,,,,,,,,,,,,,,,,,,,,,,,,,,,,,,,,,,,,,,,,,,,,,,,,,,,,,,,,,,,,,,,,,,,,,,,,,,,,,,,,,,,RELA,,,,,,,AMHR2,,,,,,,,,GABRE,,,,,,,,,,,,,,,,CRTC2,,,,,,,,,,,,,,,,,,,,,,,,,,,,,,,,,,,,,,,,,,,,,,,,,,,,,,,,,,,,,,,,,OR2T2,,,,,,,,,,,,,,,,,,,,,,,,,,,,,,,,,,,,,,,,,,,,,,,,,CSNK2A2,,PFN4,ATG101,,,ULK2,,,,,,,,,,,,,,,,,,,,,,,,,,,,IFNA16,,,ZFP69,,,,FGF4,,,,,MIR449A,,,,,,,,,,,,,,,,,,,,,,,,,,,,,,,,,,,,,
294,,,,,,,,,,,,,,,,,,,,,,,,,,,,,,,,,,,,,,,,,,,,,,,,,,,,,,,,,,,,,,,,,,,,,,,,,,,,,,,,,,,,,,,,,,,,,,,,,,,,,,,,,,,,,,,RELB,,,,,,,BMPR1A,,,,,,,,,GABRG1,,,,,,,,,,,,,,,,PHLPP1,,,,,,,,,,,,,,,,,,,,,,,,,,,,,,,,,,,,,,,,,,,,,,,,,,,,,,,,,,,,,,,,,OR2T5,,,,,,,,,,,,,,,,,,,,,,,,,,,,,,,,,,,,,,,,,,,,,,,,,CSNK2A3,,ACTG1,ATG13,,,ATG101,,,,,,,,,,,,,,,,,,,,,,,,,,,,IFNA17,,,ZNF680,,,,FGF17,,,,,HDAC1,,,,,,,,,,,,,,,,,,,,,,,,,,,,,,,,,,,,,
295,,,,,,,,,,,,,,,,,,,,,,,,,,,,,,,,,,,,,,,,,,,,,,,,,,,,,,,,,,,,,,,,,,,,,,,,,,,,,,,,,,,,,,,,,,,,,,,,,,,,,,,,,,,,,,,,,,,,,,BMPR1B,,,,,,,,,GABRG2,,,,,,,,,,,,,,,,PHLPP2,,,,,,,,,,,,,,,,,,,,,,,,,,,,,,,,,,,,,,,,,,,,,,,,,,,,,,,,,,,,,,,,,OR14I1,,,,,,,,,,,,,,,,,,,,,,,,,,,,,,,,,,,,,,,,,,,,,,,,,CSNK2B,,ACTB,RB1CC1,,,ATG13,,,,,,,,,,,,,,,,,,,,,,,,,,,,IFNA21,,,ZNF517,,,,FGF6,,,,,HDAC2,,,,,,,,,,,,,,,,,,,,,,,,,,,,,,,,,,,,,
296,,,,,,,,,,,,,,,,,,,,,,,,,,,,,,,,,,,,,,,,,,,,,,,,,,,,,,,,,,,,,,,,,,,,,,,,,,,,,,,,,,,,,,,,,,,,,,,,,,,,,,,,,,,,,,,,,,,,,,,,,,,,,,,GABRG3,,,,,,,,,,,,,,,,TCL1A,,,,,,,,,,,,,,,,,,,,,,,,,,,,,,,,,,,,,,,,,,,,,,,,,,,,,,,,,,,,,,,,,OR5K2,,,,,,,,,,,,,,,,,,,,,,,,,,,,,,,,,,,,,,,,,,,,,,,,,AXIN1,,ANXA7,AMBRA1,,,RB1CC1,,,,,,,,,,,,,,,,,,,,,,,,,,,,IFNAR1,,,ZNF404,,,,FGF7,,,,,EZH2,,,,,,,,,,,,,,,,,,,,,,,,,,,,,,,,,,,,,
297,,,,,,,,,,,,,,,,,,,,,,,,,,,,,,,,,,,,,,,,,,,,,,,,,,,,,,,,,,,,,,,,,,,,,,,,,,,,,,,,,,,,,,,,,,,,,,,,,,,,,,,,,,,,,,,,,,,,,,,,,,,,,,,GABRP,,,,,,,,,,,,,,,,TCL1B,,,,,,,,,,,,,,,,,,,,,,,,,,,,,,,,,,,,,,,,,,,,,,,,,,,,,,,,,,,,,,,,,OR2A42,,,,,,,,,,,,,,,,,,,,,,,,,,,,,,,,,,,,,,,,,,,,,,,,,AXIN2,,ANXA11,BECN1,,,AMBRA1,,,,,,,,,,,,,,,,,,,,,,,,,,,,IFNAR2,,,ZNF284,,,,FGF8,,,,,GLS2,,,,,,,,,,,,,,,,,,,,,,,,,,,,,,,,,,,,,
298,,,,,,,,,,,,,,,,,,,,,,,,,,,,,,,,,,,,,,,,,,,,,,,,,,,,,,,,,,,,,,,,,,,,,,,,,,,,,,,,,,,,,,,,,,,,,,,,,,,,,,,,,,,,,,,,,,,,,,,,,,,,,,,GABRR1,,,,,,,,,,,,,,,,MTCP1,,,,,,,,,,,,,,,,,,,,,,,,,,,,,,,,,,,,,,,,,,,,,,,,,,,,,,,,,,,,,,,,,OR1F1,,,,,,,,,,,,,,,,,,,,,,,,,,,,,,,,,,,,,,,,,,,,,,,,,APC,,KIF5A,BECN2,,,BECN1,,,,,,,,,,,,,,,,,,,,,,,,,,,,JAK1,,,ZNF677,,,,FGF9,,,,,GLS,,,,,,,,,,,,,,,,,,,,,,,,,,,,,,,,,,,,,
299,,,,,,,,,,,,,,,,,,,,,,,,,,,,,,,,,,,,,,,,,,,,,,,,,,,,,,,,,,,,,,,,,,,,,,,,,,,,,,,,,,,,,,,,,,,,,,,,,,,,,,,,,,,,,,,,,,,,,,,,,,,,,,,GABRR2,,,,,,,,,,,,,,,,NOS3,,,,,,,,,,,,,,,,,,,,,,,,,,,,,,,,,,,,,,,,,,,,,,,,,,,,,,,,,,,,,,,,,OR2S2,,,,,,,,,,,,,,,,,,,,,,,,,,,,,,,,,,,,,,,,,,,,,,,,,APC2,,KIF5B,PIK3R4,,,BECN2,,,,,,,,,,,,,,,,,,,,,,,,,,,,TYK2,,,ZNF860,,,,FGF10,,,,,SIRT1,,,,,,,,,,,,,,,,,,,,,,,,,,,,,,,,,,,,,
300,,,,,,,,,,,,,,,,,,,,,,,,,,,,,,,,,,,,,,,,,,,,,,,,,,,,,,,,,,,,,,,,,,,,,,,,,,,,,,,,,,,,,,,,,,,,,,,,,,,,,,,,,,,,,,,,,,,,,,,,,,,,,,,GABRR3,,,,,,,,,,,,,,,,BRCA1,,,,,,,,,,,,,,,,,,,,,,,,,,,,,,,,,,,,,,,,,,,,,,,,,,,,,,,,,,,,,,,,,OR13A1,,,,,,,,,,,,,,,,,,,,,,,,,,,,,,,,,,,,,,,,,,,,,,,,,CTNNB1,,KIF5C,ATG14,,,PIK3R4,,,,,,,,,,,,,,,,,,,,,,,,,,,,STAT1,,,ZFP57,,,,FGF16,,,,,WNT3,,,,,,,,,,,,,,,,,,,,,,,,,,,,,,,,,,,,,
301,,,,,,,,,,,,,,,,,,,,,,,,,,,,,,,,,,,,,,,,,,,,,,,,,,,,,,,,,,,,,,,,,,,,,,,,,,,,,,,,,,,,,,,,,,,,,,,,,,,,,,,,,,,,,,,,,,,,,,,,,,,,,,,GABRQ,,,,,,,,,,,,,,,,GSK3B,,,,,,,,,,,,,,,,,,,,,,,,,,,,,,,,,,,,,,,,,,,,,,,,,,,,,,,,,,,,,,,,,OR2H2,,,,,,,,,,,,,,,,,,,,,,,,,,,,,,,,,,,,,,,,,,,,,,,,,CSNK1A1L,,KLC3,NRBF2,,,ATG14,,,,,,,,,,,,,,,,,,,,,,,,,,,,STAT2,,,ZNF530,,,,FGF5,,,,,WNT3A,,,,,,,,,,,,,,,,,,,,,,,,,,,,,,,,,,,,,
302,,,,,,,,,,,,,,,,,,,,,,,,,,,,,,,,,,,,,,,,,,,,,,,,,,,,,,,,,,,,,,,,,,,,,,,,,,,,,,,,,,,,,,,,,,,,,,,,,,,,,,,,,,,,,,,,,,,,,,,,,,,,,,,SLURP1,,,,,,,,,,,,,,,,GYS2,,,,,,,,,,,,,,,,,,,,,,,,,,,,,,,,,,,,,,,,,,,,,,,,,,,,,,,,,,,,,,,,,OR2C3,,,,,,,,,,,,,,,,,,,,,,,,,,,,,,,,,,,,,,,,,,,,,,,,,CSNK1A1,,KLC1,PIK3C3,,,NRBF2,,,,,,,,,,,,,,,,,,,,,,,,,,,,IRF9,,,ZNF713,,,,FGF18,,,,,MIR330,,,,,,,,,,,,,,,,,,,,,,,,,,,,,,,,,,,,,
303,,,,,,,,,,,,,,,,,,,,,,,,,,,,,,,,,,,,,,,,,,,,,,,,,,,,,,,,,,,,,,,,,,,,,,,,,,,,,,,,,,,,,,,,,,,,,,,,,,,,,,,,,,,,,,,,,,,,,,,,,,,,,,,SLURP2,,,,,,,,,,,,,,,,GYS1,,,,,,,,,,,,,,,,,,,,,,,,,,,,,,,,,,,,,,,,,,,,,,,,,,,,,,,,,,,,,,,,,OR2B2,,,,,,,,,,,,,,,,,,,,,,,,,,,,,,,,,,,,,,,,,,,,,,,,,KIF5A,,KLC2,ATG2A,,,PIK3C3,,,,,,,,,,,,,,,,,,,,,,,,,,,,EIF2AK2,,,ZNF429,,,,FGF20,,,,,MIR331,,,,,,,,,,,,,,,,,,,,,,,,,,,,,,,,,,,,,
304,,,,,,,,,,,,,,,,,,,,,,,,,,,,,,,,,,,,,,,,,,,,,,,,,,,,,,,,,,,,,,,,,,,,,,,,,,,,,,,,,,,,,,,,,,,,,,,,,,,,,,,,,,,,,,,,,,,,,,,,,,,,,,,LYPD6,,,,,,,,,,,,,,,,PCK1,,,,,,,,,,,,,,,,,,,,,,,,,,,,,,,,,,,,,,,,,,,,,,,,,,,,,,,,,,,,,,,,,OR4B1,,,,,,,,,,,,,,,,,,,,,,,,,,,,,,,,,,,,,,,,,,,,,,,,,KIF5B,,KLC4,ATG2B,,,ATG2A,,,,,,,,,,,,,,,,,,,,,,,,,,,,OASL,,,ZNF233,,,,FGF22,,,,,CDCA5,,,,,,,,,,,,,,,,,,,,,,,,,,,,,,,,,,,,,
305,,,,,,,,,,,,,,,,,,,,,,,,,,,,,,,,,,,,,,,,,,,,,,,,,,,,,,,,,,,,,,,,,,,,,,,,,,,,,,,,,,,,,,,,,,,,,,,,,,,,,,,,,,,,,,,,,,,,,,,,,,,,,,,LYPD6B,,,,,,,,,,,,,,,,PCK2,,,,,,,,,,,,,,,,,,,,,,,,,,,,,,,,,,,,,,,,,,,,,,,,,,,,,,,,,,,,,,,,,OR5M11,,,,,,,,,,,,,,,,,,,,,,,,,,,,,,,,,,,,,,,,,,,,,,,,,KIF5C,,TUBA1B,WIPI2,,,ATG2B,,,,,,,,,,,,,,,,,,,,,,,,,,,,MX1,,,ZNF699,,,,FGF19,,,,,KIF23,,,,,,,,,,,,,,,,,,,,,,,,,,,,,,,,,,,,,
306,,,,,,,,,,,,,,,,,,,,,,,,,,,,,,,,,,,,,,,,,,,,,,,,,,,,,,,,,,,,,,,,,,,,,,,,,,,,,,,,,,,,,,,,,,,,,,,,,,,,,,,,,,,,,,,,,,,,,,,,,,,,,,,LYNX1,,,,,,,,,,,,,,,,G6PC1,,,,,,,,,,,,,,,,,,,,,,,,,,,,,,,,,,,,,,,,,,,,,,,,,,,,,,,,,,,,,,,,,OR2T6,,,,,,,,,,,,,,,,,,,,,,,,,,,,,,,,,,,,,,,,,,,,,,,,,KLC3,,TUBA4A,WIPI1,,,WIPI2,,,,,,,,,,,,,,,,,,,,,,,,,,,,MX2,,,ZNF568,,,,FGF21,,,,,MIR520C,,,,,,,,,,,,,,,,,,,,,,,,,,,,,,,,,,,,,
307,,,,,,,,,,,,,,,,,,,,,,,,,,,,,,,,,,,,,,,,,,,,,,,,,,,,,,,,,,,,,,,,,,,,,,,,,,,,,,,,,,,,,,,,,,,,,,,,,,,,,,,,,,,,,,,,,,,,,,,,,,,,,,,PATE4,,,,,,,,,,,,,,,,G6PC2,,,,,,,,,,,,,,,,,,,,,,,,,,,,,,,,,,,,,,,,,,,,,,,,,,,,,,,,,,,,,,,,,OR51E1,,,,,,,,,,,,,,,,,,,,,,,,,,,,,,,,,,,,,,,,,,,,,,,,,KLC1,,TUBA3C,,,,WIPI1,,,,,,,,,,,,,,,,,,,,,,,,,,,,ISG15,,,ZNF773,,,,FGF23,,,,,ROCK1,,,,,,,,,,,,,,,,,,,,,,,,,,,,,,,,,,,,,
308,,,,,,,,,,,,,,,,,,,,,,,,,,,,,,,,,,,,,,,,,,,,,,,,,,,,,,,,,,,,,,,,,,,,,,,,,,,,,,,,,,,,,,,,,,,,,,,,,,,,,,,,,,,,,,,,,,,,,,,,,,,,,,,PATE1,,,,,,,,,,,,,,,,G6PC3,,,,,,,,,,,,,,,,,,,,,,,,,,,,,,,,,,,,,,,,,,,,,,,,,,,,,,,,,,,,,,,,,OR8G1,,,,,,,,,,,,,,,,,,,,,,,,,,,,,,,,,,,,,,,,,,,,,,,,,KLC2,,TUBA1A,,,,ZFYVE1,,,,,,,,,,,,,,,,,,,,,,,,,,,,JAG1,,,ZNF790,,,,FGFR1,,,,,PRKCE,,,,,,,,,,,,,,,,,,,,,,,,,,,,,,,,,,,,,
309,,,,,,,,,,,,,,,,,,,,,,,,,,,,,,,,,,,,,,,,,,,,,,,,,,,,,,,,,,,,,,,,,,,,,,,,,,,,,,,,,,,,,,,,,,,,,,,,,,,,,,,,,,,,,,,,,,,,,,,,,,,,,,,PATE3,,,,,,,,,,,,,,,,MYC,,,,,,,,,,,,,,,,,,,,,,,,,,,,,,,,,,,,,,,,,,,,,,,,,,,,,,,,,,,,,,,,,OR10G3,,,,,,,,,,,,,,,,,,,,,,,,,,,,,,,,,,,,,,,,,,,,,,,,,KLC4,,TUBA1C,,,,ALS2,,,,,,,,,,,,,,,,,,,,,,,,,,,,NOTCH1,,,ZNF470,,,,FGFR2,,,,,SLC45A3,,,,,,,,,,,,,,,,,,,,,,,,,,,,,,,,,,,,,
310,,,,,,,,,,,,,,,,,,,,,,,,,,,,,,,,,,,,,,,,,,,,,,,,,,,,,,,,,,,,,,,,,,,,,,,,,,,,,,,,,,,,,,,,,,,,,,,,,,,,,,,,,,,,,,,,,,,,,,,,,,,,,,,PATE2,,,,,,,,,,,,,,,,CCND1,,,,,,,,,,,,,,,,,,,,,,,,,,,,,,,,,,,,,,,,,,,,,,,,,,,,,,,,,,,,,,,,,OR10G2,,,,,,,,,,,,,,,,,,,,,,,,,,,,,,,,,,,,,,,,,,,,,,,,,TUBA1B,,TUBA8,,,,RAB5A,,,,,,,,,,,,,,,,,,,,,,,,,,,,NOTCH2,,,ZNF324B,,,,FGFR3,,,,,VIM,,,,,,,,,,,,,,,,,,,,,,,,,,,,,,,,,,,,,
311,,,,,,,,,,,,,,,,,,,,,,,,,,,,,,,,,,,,,,,,,,,,,,,,,,,,,,,,,,,,,,,,,,,,,,,,,,,,,,,,,,,,,,,,,,,,,,,,,,,,,,,,,,,,,,,,,,,,,,,,,,,,,,,CHRNA1,,,,,,,,,,,,,,,,CDKN1A,,,,,,,,,,,,,,,,,,,,,,,,,,,,,,,,,,,,,,,,,,,,,,,,,,,,,,,,,,,,,,,,,OR4F3,,,,,,,,,,,,,,,,,,,,,,,,,,,,,,,,,,,,,,,,,,,,,,,,,TUBA4A,,TUBA3E,,,,RAC1,,,,,,,,,,,,,,,,,,,,,,,,,,,,NOTCH3,,,ZNF793,,,,FGFR4,,,,,,,,,,,,,,,,,,,,,,,,,,,,,,,,,,,,,,,,,,
312,,,,,,,,,,,,,,,,,,,,,,,,,,,,,,,,,,,,,,,,,,,,,,,,,,,,,,,,,,,,,,,,,,,,,,,,,,,,,,,,,,,,,,,,,,,,,,,,,,,,,,,,,,,,,,,,,,,,,,,,,,,,,,,CHRNA2,,,,,,,,,,,,,,,,CDKN1B,,,,,,,,,,,,,,,,,,,,,,,,,,,,,,,,,,,,,,,,,,,,,,,,,,,,,,,,,,,,,,,,,OR4E2,,,,,,,,,,,,,,,,,,,,,,,,,,,,,,,,,,,,,,,,,,,,,,,,,TUBA3C,,TUBA3D,,,,CHMP2B,,,,,,,,,,,,,,,,,,,,,,,,,,,,NOTCH4,,,ZNF772,,,,GRB2,,,,,,,,,,,,,,,,,,,,,,,,,,,,,,,,,,,,,,,,,,
313,,,,,,,,,,,,,,,,,,,,,,,,,,,,,,,,,,,,,,,,,,,,,,,,,,,,,,,,,,,,,,,,,,,,,,,,,,,,,,,,,,,,,,,,,,,,,,,,,,,,,,,,,,,,,,,,,,,,,,,,,,,,,,,CHRNA3,,,,,,,,,,,,,,,,CDK2,,,,,,,,,,,,,,,,,,,,,,,,,,,,,,,,,,,,,,,,,,,,,,,,,,,,,,,,,,,,,,,,,OR1L3,,,,,,,,,,,,,,,,,,,,,,,,,,,,,,,,,,,,,,,,,,,,,,,,,TUBA1A,,TUBAL3,,,,FIG4,,,,,,,,,,,,,,,,,,,,,,,,,,,,PSEN1,,,ZNF705A,,,,SOS1,,,,,,,,,,,,,,,,,,,,,,,,,,,,,,,,,,,,,,,,,,
314,,,,,,,,,,,,,,,,,,,,,,,,,,,,,,,,,,,,,,,,,,,,,,,,,,,,,,,,,,,,,,,,,,,,,,,,,,,,,,,,,,,,,,,,,,,,,,,,,,,,,,,,,,,,,,,,,,,,,,,,,,,,,,,CHRNA4,,,,,,,,,,,,,,,,CDK4,,,,,,,,,,,,,,,,,,,,,,,,,,,,,,,,,,,,,,,,,,,,,,,,,,,,,,,,,,,,,,,,,OR1L1,,,,,,,,,,,,,,,,,,,,,,,,,,,,,,,,,,,,,,,,,,,,,,,,,TUBA1C,,TUBB6,,,,SPG11,,,,,,,,,,,,,,,,,,,,,,,,,,,,MFNG,,,ZNF506,,,,SOS2,,,,,,,,,,,,,,,,,,,,,,,,,,,,,,,,,,,,,,,,,,
315,,,,,,,,,,,,,,,,,,,,,,,,,,,,,,,,,,,,,,,,,,,,,,,,,,,,,,,,,,,,,,,,,,,,,,,,,,,,,,,,,,,,,,,,,,,,,,,,,,,,,,,,,,,,,,,,,,,,,,,,,,,,,,,CHRNA5,,,,,,,,,,,,,,,,CDK6,,,,,,,,,,,,,,,,,,,,,,,,,,,,,,,,,,,,,,,,,,,,,,,,,,,,,,,,,,,,,,,,,OR1J2,,,,,,,,,,,,,,,,,,,,,,,,,,,,,,,,,,,,,,,,,,,,,,,,,TUBA8,,TUBB,,,,TNF,,,,,,,,,,,,,,,,,,,,,,,,,,,,LFNG,,,ZNF716,,,,HRAS,,,,,,,,,,,,,,,,,,,,,,,,,,,,,,,,,,,,,,,,,,
316,,,,,,,,,,,,,,,,,,,,,,,,,,,,,,,,,,,,,,,,,,,,,,,,,,,,,,,,,,,,,,,,,,,,,,,,,,,,,,,,,,,,,,,,,,,,,,,,,,,,,,,,,,,,,,,,,,,,,,,,,,,,,,,CHRNA6,,,,,,,,,,,,,,,,CCND2,,,,,,,,,,,,,,,,,,,,,,,,,,,,,,,,,,,,,,,,,,,,,,,,,,,,,,,,,,,,,,,,,OR51B5,,,,,,,,,,,,,,,,,,,,,,,,,,,,,,,,,,,,,,,,,,,,,,,,,TUBA3E,,TUBB1,,,,TNFRSF1A,,,,,,,,,,,,,,,,,,,,,,,,,,,,RFNG,,,ZNF571,,,,KRAS,,,,,,,,,,,,,,,,,,,,,,,,,,,,,,,,,,,,,,,,,,
317,,,,,,,,,,,,,,,,,,,,,,,,,,,,,,,,,,,,,,,,,,,,,,,,,,,,,,,,,,,,,,,,,,,,,,,,,,,,,,,,,,,,,,,,,,,,,,,,,,,,,,,,,,,,,,,,,,,,,,,,,,,,,,,CHRNA7,,,,,,,,,,,,,,,,CCND3,,,,,,,,,,,,,,,,,,,,,,,,,,,,,,,,,,,,,,,,,,,,,,,,,,,,,,,,,,,,,,,,,OR10AG1,,,,,,,,,,,,,,,,,,,,,,,,,,,,,,,,,,,,,,,,,,,,,,,,,TUBA3D,,TUBB2A,,,,TNFRSF1B,,,,,,,,,,,,,,,,,,,,,,,,,,,,MAML3,,,ZNF589,,,,NRAS,,,,,,,,,,,,,,,,,,,,,,,,,,,,,,,,,,,,,,,,,,
318,,,,,,,,,,,,,,,,,,,,,,,,,,,,,,,,,,,,,,,,,,,,,,,,,,,,,,,,,,,,,,,,,,,,,,,,,,,,,,,,,,,,,,,,,,,,,,,,,,,,,,,,,,,,,,,,,,,,,,,,,,,,,,,CHRNA9,,,,,,,,,,,,,,,,CCNE1,,,,,,,,,,,,,,,,,,,,,,,,,,,,,,,,,,,,,,,,,,,,,,,,,,,,,,,,,,,,,,,,,OR5J2,,,,,,,,,,,,,,,,,,,,,,,,,,,,,,,,,,,,,,,,,,,,,,,,,TUBAL3,,TUBB3,,,,DAXX,,,,,,,,,,,,,,,,,,,,,,,,,,,,MAML2,,,ZNF44,,,,ARAF,,,,,,,,,,,,,,,,,,,,,,,,,,,,,,,,,,,,,,,,,,
319,,,,,,,,,,,,,,,,,,,,,,,,,,,,,,,,,,,,,,,,,,,,,,,,,,,,,,,,,,,,,,,,,,,,,,,,,,,,,,,,,,,,,,,,,,,,,,,,,,,,,,,,,,,,,,,,,,,,,,,,,,,,,,,CHRNA10,,,,,,,,,,,,,,,,CCNE2,,,,,,,,,,,,,,,,,,,,,,,,,,,,,,,,,,,,,,,,,,,,,,,,,,,,,,,,,,,,,,,,,OR6B2,,,,,,,,,,,,,,,,,,,,,,,,,,,,,,,,,,,,,,,,,,,,,,,,,TUBB6,,TUBB4A,,,,MAP2K3,,,,,,,,,,,,,,,,,,,,,,,,,,,,MAML1,,,ZNF853,,,,BRAF,,,,,,,,,,,,,,,,,,,,,,,,,,,,,,,,,,,,,,,,,,
320,,,,,,,,,,,,,,,,,,,,,,,,,,,,,,,,,,,,,,,,,,,,,,,,,,,,,,,,,,,,,,,,,,,,,,,,,,,,,,,,,,,,,,,,,,,,,,,,,,,,,,,,,,,,,,,,,,,,,,,,,,,,,,,CHRNB1,,,,,,,,,,,,,,,,FOXO3,,,,,,,,,,,,,,,,,,,,,,,,,,,,,,,,,,,,,,,,,,,,,,,,,,,,,,,,,,,,,,,,,OR5H6,,,,,,,,,,,,,,,,,,,,,,,,,,,,,,,,,,,,,,,,,,,,,,,,,TUBB,,TUBB8,,,,MAP2K6,,,,,,,,,,,,,,,,,,,,,,,,,,,,RBPJL,,,ZSCAN32,,,,RAF1,,,,,,,,,,,,,,,,,,,,,,,,,,,,,,,,,,,,,,,,,,
321,,,,,,,,,,,,,,,,,,,,,,,,,,,,,,,,,,,,,,,,,,,,,,,,,,,,,,,,,,,,,,,,,,,,,,,,,,,,,,,,,,,,,,,,,,,,,,,,,,,,,,,,,,,,,,,,,,,,,,,,,,,,,,,CHRNB2,,,,,,,,,,,,,,,,RBL2,,,,,,,,,,,,,,,,,,,,,,,,,,,,,,,,,,,,,,,,,,,,,,,,,,,,,,,,,,,,,,,,,OR5H2,,,,,,,,,,,,,,,,,,,,,,,,,,,,,,,,,,,,,,,,,,,,,,,,,TUBB1,,TUBB2B,,,,MAPK11,,,,,,,,,,,,,,,,,,,,,,,,,,,,RBPJ,,,ZNF331,,,,MAP2K1,,,,,,,,,,,,,,,,,,,,,,,,,,,,,,,,,,,,,,,,,,
322,,,,,,,,,,,,,,,,,,,,,,,,,,,,,,,,,,,,,,,,,,,,,,,,,,,,,,,,,,,,,,,,,,,,,,,,,,,,,,,,,,,,,,,,,,,,,,,,,,,,,,,,,,,,,,,,,,,,,,,,,,,,,,,CHRNB3,,,,,,,,,,,,,,,,FASLG,,,,,,,,,,,,,,,,,,,,,,,,,,,,,,,,,,,,,,,,,,,,,,,,,,,,,,,,,,,,,,,,,OR4K5,,,,,,,,,,,,,,,,,,,,,,,,,,,,,,,,,,,,,,,,,,,,,,,,,TUBB2A,,TUBB4B,,,,MAPK12,,,,,,,,,,,,,,,,,,,,,,,,,,,,HES1,,,ZNF823,,,,MAP2K2,,,,,,,,,,,,,,,,,,,,,,,,,,,,,,,,,,,,,,,,,,
323,,,,,,,,,,,,,,,,,,,,,,,,,,,,,,,,,,,,,,,,,,,,,,,,,,,,,,,,,,,,,,,,,,,,,,,,,,,,,,,,,,,,,,,,,,,,,,,,,,,,,,,,,,,,,,,,,,,,,,,,,,,,,,,CHRNB4,,,,,,,,,,,,,,,,BCL2L11,,,,,,,,,,,,,,,,,,,,,,,,,,,,,,,,,,,,,,,,,,,,,,,,,,,,,,,,,,,,,,,,,OR51G1,,,,,,,,,,,,,,,,,,,,,,,,,,,,,,,,,,,,,,,,,,,,,,,,,TUBB3,,DCTN1,,,,MAPK13,,,,,,,,,,,,,,,,,,,,,,,,,,,,HES2,,,ZNF416,,,,MAPK1,,,,,,,,,,,,,,,,,,,,,,,,,,,,,,,,,,,,,,,,,,
324,,,,,,,,,,,,,,,,,,,,,,,,,,,,,,,,,,,,,,,,,,,,,,,,,,,,,,,,,,,,,,,,,,,,,,,,,,,,,,,,,,,,,,,,,,,,,,,,,,,,,,,,,,,,,,,,,,,,,,,,,,,,,,,CHRND,,,,,,,,,,,,,,,,YWHAZ,,,,,,,,,,,,,,,,,,,,,,,,,,,,,,,,,,,,,,,,,,,,,,,,,,,,,,,,,,,,,,,,,OR52N1,,,,,,,,,,,,,,,,,,,,,,,,,,,,,,,,,,,,,,,,,,,,,,,,,TUBB4A,,DCTN2,,,,MAPK14,,,,,,,,,,,,,,,,,,,,,,,,,,,,HES6,,,ZNF334,,,,MAPK3,,,,,,,,,,,,,,,,,,,,,,,,,,,,,,,,,,,,,,,,,,
325,,,,,,,,,,,,,,,,,,,,,,,,,,,,,,,,,,,,,,,,,,,,,,,,,,,,,,,,,,,,,,,,,,,,,,,,,,,,,,,,,,,,,,,,,,,,,,,,,,,,,,,,,,,,,,,,,,,,,,,,,,,,,,,CHRNE,,,,,,,,,,,,,,,,YWHAB,,,,,,,,,,,,,,,,,,,,,,,,,,,,,,,,,,,,,,,,,,,,,,,,,,,,,,,,,,,,,,,,,OR4F5,,,,,,,,,,,,,,,,,,,,,,,,,,,,,,,,,,,,,,,,,,,,,,,,,TUBB8,,DCTN3,,,,NOS1,,,,,,,,,,,,,,,,,,,,,,,,,,,,HES7,,,ZNF701,,,,JUN,,,,,,,,,,,,,,,,,,,,,,,,,,,,,,,,,,,,,,,,,,
326,,,,,,,,,,,,,,,,,,,,,,,,,,,,,,,,,,,,,,,,,,,,,,,,,,,,,,,,,,,,,,,,,,,,,,,,,,,,,,,,,,,,,,,,,,,,,,,,,,,,,,,,,,,,,,,,,,,,,,,,,,,,,,,CHRNG,,,,,,,,,,,,,,,,YWHAQ,,,,,,,,,,,,,,,,,,,,,,,,,,,,,,,,,,,,,,,,,,,,,,,,,,,,,,,,,,,,,,,,,OR4K1,,,,,,,,,,,,,,,,,,,,,,,,,,,,,,,,,,,,,,,,,,,,,,,,,TUBB2B,,DCTN4,,,,CCS,,,,,,,,,,,,,,,,,,,,,,,,,,,,HES3,,,ZNF415,,,,FOS,,,,,,,,,,,,,,,,,,,,,,,,,,,,,,,,,,,,,,,,,,
327,,,,,,,,,,,,,,,,,,,,,,,,,,,,,,,,,,,,,,,,,,,,,,,,,,,,,,,,,,,,,,,,,,,,,,,,,,,,,,,,,,,,,,,,,,,,,,,,,,,,,,,,,,,,,,,,,,,,,,,,,,,,,,,P2RX1,,,,,,,,,,,,,,,,YWHAE,,,,,,,,,,,,,,,,,,,,,,,,,,,,,,,,,,,,,,,,,,,,,,,,,,,,,,,,,,,,,,,,,OR5AC2,,,,,,,,,,,,,,,,,,,,,,,,,,,,,,,,,,,,,,,,,,,,,,,,,TUBB4B,,DCTN5,,,,GPX6,,,,,,,,,,,,,,,,,,,,,,,,,,,,HES4,,,ZNF302,,,,ETS1,,,,,,,,,,,,,,,,,,,,,,,,,,,,,,,,,,,,,,,,,,
328,,,,,,,,,,,,,,,,,,,,,,,,,,,,,,,,,,,,,,,,,,,,,,,,,,,,,,,,,,,,,,,,,,,,,,,,,,,,,,,,,,,,,,,,,,,,,,,,,,,,,,,,,,,,,,,,,,,,,,,,,,,,,,,P2RX2,,,,,,,,,,,,,,,,YWHAH,,,,,,,,,,,,,,,,,,,,,,,,,,,,,,,,,,,,,,,,,,,,,,,,,,,,,,,,,,,,,,,,,OR11H1,,,,,,,,,,,,,,,,,,,,,,,,,,,,,,,,,,,,,,,,,,,,,,,,,AGER,,DCTN6,,,,GPX7,,,,,,,,,,,,,,,,,,,,,,,,,,,,HES5,,,ZNF253,,,,MMP1,,,,,,,,,,,,,,,,,,,,,,,,,,,,,,,,,,,,,,,,,,
329,,,,,,,,,,,,,,,,,,,,,,,,,,,,,,,,,,,,,,,,,,,,,,,,,,,,,,,,,,,,,,,,,,,,,,,,,,,,,,,,,,,,,,,,,,,,,,,,,,,,,,,,,,,,,,,,,,,,,,,,,,,,,,,P2RX3,,,,,,,,,,,,,,,,YWHAG,,,,,,,,,,,,,,,,,,,,,,,,,,,,,,,,,,,,,,,,,,,,,,,,,,,,,,,,,,,,,,,,,OR4F17,,,,,,,,,,,,,,,,,,,,,,,,,,,,,,,,,,,,,,,,,,,,,,,,,HRAS,,ACTR1A,,,,GPX2,,,,,,,,,,,,,,,,,,,,,,,,,,,,HEYL,,,ZNF248,,,,MMP2,,,,,,,,,,,,,,,,,,,,,,,,,,,,,,,,,,,,,,,,,,
330,,,,,,,,,,,,,,,,,,,,,,,,,,,,,,,,,,,,,,,,,,,,,,,,,,,,,,,,,,,,,,,,,,,,,,,,,,,,,,,,,,,,,,,,,,,,,,,,,,,,,,,,,,,,,,,,,,,,,,,,,,,,,,,P2RX4,,,,,,,,,,,,,,,,BAD,,,,,,,,,,,,,,,,,,,,,,,,,,,,,,,,,,,,,,,,,,,,,,,,,,,,,,,,,,,,,,,,,OR4K15,,,,,,,,,,,,,,,,,,,,,,,,,,,,,,,,,,,,,,,,,,,,,,,,,KRAS,,ACTR1B,,,,GPX3,,,,,,,,,,,,,,,,,,,,,,,,,,,,HEY1,,,ZNF286A,,,,MMP9,,,,,,,,,,,,,,,,,,,,,,,,,,,,,,,,,,,,,,,,,,
331,,,,,,,,,,,,,,,,,,,,,,,,,,,,,,,,,,,,,,,,,,,,,,,,,,,,,,,,,,,,,,,,,,,,,,,,,,,,,,,,,,,,,,,,,,,,,,,,,,,,,,,,,,,,,,,,,,,,,,,,,,,,,,,P2RX5,,,,,,,,,,,,,,,,BCL2L1,,,,,,,,,,,,,,,,,,,,,,,,,,,,,,,,,,,,,,,,,,,,,,,,,,,,,,,,,,,,,,,,,OR8J3,,,,,,,,,,,,,,,,,,,,,,,,,,,,,,,,,,,,,,,,,,,,,,,,,NRAS,,ACTR10,,,,GPX1,,,,,,,,,,,,,,,,,,,,,,,,,,,,HEY2,,,ZNF304,,,,CXCL8,,,,,,,,,,,,,,,,,,,,,,,,,,,,,,,,,,,,,,,,,,
332,,,,,,,,,,,,,,,,,,,,,,,,,,,,,,,,,,,,,,,,,,,,,,,,,,,,,,,,,,,,,,,,,,,,,,,,,,,,,,,,,,,,,,,,,,,,,,,,,,,,,,,,,,,,,,,,,,,,,,,,,,,,,,,P2RX7,,,,,,,,,,,,,,,,BCL2,,,,,,,,,,,,,,,,,,,,,,,,,,,,,,,,,,,,,,,,,,,,,,,,,,,,,,,,,,,,,,,,,OR51G2,,,,,,,,,,,,,,,,,,,,,,,,,,,,,,,,,,,,,,,,,,,,,,,,,ARAF,,HAP1,,,,GPX5,,,,,,,,,,,,,,,,,,,,,,,,,,,,,,,ZNF490,,,,CDK4,,,,,,,,,,,,,,,,,,,,,,,,,,,,,,,,,,,,,,,,,,
333,,,,,,,,,,,,,,,,,,,,,,,,,,,,,,,,,,,,,,,,,,,,,,,,,,,,,,,,,,,,,,,,,,,,,,,,,,,,,,,,,,,,,,,,,,,,,,,,,,,,,,,,,,,,,,,,,,,,,,,,,,,,,,,P2RX6,,,,,,,,,,,,,,,,CASP9,,,,,,,,,,,,,,,,,,,,,,,,,,,,,,,,,,,,,,,,,,,,,,,,,,,,,,,,,,,,,,,,,OR4P4,,,,,,,,,,,,,,,,,,,,,,,,,,,,,,,,,,,,,,,,,,,,,,,,,BRAF,,DNAH1,,,,GPX8,,,,,,,,,,,,,,,,,,,,,,,,,,,,,,,ZNF624,,,,RPS6KA5,,,,,,,,,,,,,,,,,,,,,,,,,,,,,,,,,,,,,,,,,,
334,,,,,,,,,,,,,,,,,,,,,,,,,,,,,,,,,,,,,,,,,,,,,,,,,,,,,,,,,,,,,,,,,,,,,,,,,,,,,,,,,,,,,,,,,,,,,,,,,,,,,,,,,,,,,,,,,,,,,,,,,,,,,,,GRIA1,,,,,,,,,,,,,,,,CREB1,,,,,,,,,,,,,,,,,,,,,,,,,,,,,,,,,,,,,,,,,,,,,,,,,,,,,,,,,,,,,,,,,OR4C15,,,,,,,,,,,,,,,,,,,,,,,,,,,,,,,,,,,,,,,,,,,,,,,,,RAF1,,DNAH3,,,,CAT,,,,,,,,,,,,,,,,,,,,,,,,,,,,,,,ZNF471,,,,RET,,,,,,,,,,,,,,,,,,,,,,,,,,,,,,,,,,,,,,,,,,
335,,,,,,,,,,,,,,,,,,,,,,,,,,,,,,,,,,,,,,,,,,,,,,,,,,,,,,,,,,,,,,,,,,,,,,,,,,,,,,,,,,,,,,,,,,,,,,,,,,,,,,,,,,,,,,,,,,,,,,,,,,,,,,,GRIA2,,,,,,,,,,,,,,,,ATF2,,,,,,,,,,,,,,,,,,,,,,,,,,,,,,,,,,,,,,,,,,,,,,,,,,,,,,,,,,,,,,,,,OR4A5,,,,,,,,,,,,,,,,,,,,,,,,,,,,,,,,,,,,,,,,,,,,,,,,,MAP2K1,,DNAH2,,,,PRPH,,,,,,,,,,,,,,,,,,,,,,,,,,,,,,,ZNF492,,,,CCDC6,,,,,,,,,,,,,,,,,,,,,,,,,,,,,,,,,,,,,,,,,,
336,,,,,,,,,,,,,,,,,,,,,,,,,,,,,,,,,,,,,,,,,,,,,,,,,,,,,,,,,,,,,,,,,,,,,,,,,,,,,,,,,,,,,,,,,,,,,,,,,,,,,,,,,,,,,,,,,,,,,,,,,,,,,,,GRIA3,,,,,,,,,,,,,,,,ATF4,,,,,,,,,,,,,,,,,,,,,,,,,,,,,,,,,,,,,,,,,,,,,,,,,,,,,,,,,,,,,,,,,OR4A16,,,,,,,,,,,,,,,,,,,,,,,,,,,,,,,,,,,,,,,,,,,,,,,,,MAP2K2,,DNAH7,,,,NEFL,,,,,,,,,,,,,,,,,,,,,,,,,,,,,,,ZFP14,,,,NCOA4,,,,,,,,,,,,,,,,,,,,,,,,,,,,,,,,,,,,,,,,,,
337,,,,,,,,,,,,,,,,,,,,,,,,,,,,,,,,,,,,,,,,,,,,,,,,,,,,,,,,,,,,,,,,,,,,,,,,,,,,,,,,,,,,,,,,,,,,,,,,,,,,,,,,,,,,,,,,,,,,,,,,,,,,,,,GRIA4,,,,,,,,,,,,,,,,CREB3,,,,,,,,,,,,,,,,,,,,,,,,,,,,,,,,,,,,,,,,,,,,,,,,,,,,,,,,,,,,,,,,,OR4A15,,,,,,,,,,,,,,,,,,,,,,,,,,,,,,,,,,,,,,,,,,,,,,,,,NOX1,,DNAH5,,,,NEFM,,,,,,,,,,,,,,,,,,,,,,,,,,,,,,,ZNF317,,,,NTRK1,,,,,,,,,,,,,,,,,,,,,,,,,,,,,,,,,,,,,,,,,,
338,,,,,,,,,,,,,,,,,,,,,,,,,,,,,,,,,,,,,,,,,,,,,,,,,,,,,,,,,,,,,,,,,,,,,,,,,,,,,,,,,,,,,,,,,,,,,,,,,,,,,,,,,,,,,,,,,,,,,,,,,,,,,,,GRIK1,,,,,,,,,,,,,,,,CREB3L1,,,,,,,,,,,,,,,,,,,,,,,,,,,,,,,,,,,,,,,,,,,,,,,,,,,,,,,,,,,,,,,,,OR2AE1,,,,,,,,,,,,,,,,,,,,,,,,,,,,,,,,,,,,,,,,,,,,,,,,,CYBB,,DNAH6,,,,NEFH,,,,,,,,,,,,,,,,,,,,,,,,,,,,,,,RBAK,,,,TPM3,,,,,,,,,,,,,,,,,,,,,,,,,,,,,,,,,,,,,,,,,,
339,,,,,,,,,,,,,,,,,,,,,,,,,,,,,,,,,,,,,,,,,,,,,,,,,,,,,,,,,,,,,,,,,,,,,,,,,,,,,,,,,,,,,,,,,,,,,,,,,,,,,,,,,,,,,,,,,,,,,,,,,,,,,,,GRIK2,,,,,,,,,,,,,,,,CREB3L2,,,,,,,,,,,,,,,,,,,,,,,,,,,,,,,,,,,,,,,,,,,,,,,,,,,,,,,,,,,,,,,,,OR4F16,,,,,,,,,,,,,,,,,,,,,,,,,,,,,,,,,,,,,,,,,,,,,,,,,NOX4,,DNAH9,,,,KIF5A,,,,,,,,,,,,,,,,,,,,,,,,,,,,,,,ZNF77,,,,TPR,,,,,,,,,,,,,,,,,,,,,,,,,,,,,,,,,,,,,,,,,,
340,,,,,,,,,,,,,,,,,,,,,,,,,,,,,,,,,,,,,,,,,,,,,,,,,,,,,,,,,,,,,,,,,,,,,,,,,,,,,,,,,,,,,,,,,,,,,,,,,,,,,,,,,,,,,,,,,,,,,,,,,,,,,,,GRIK3,,,,,,,,,,,,,,,,CREB3L3,,,,,,,,,,,,,,,,,,,,,,,,,,,,,,,,,,,,,,,,,,,,,,,,,,,,,,,,,,,,,,,,,OR6N2,,,,,,,,,,,,,,,,,,,,,,,,,,,,,,,,,,,,,,,,,,,,,,,,,RELA,,DNAH11,,,,KIF5B,,,,,,,,,,,,,,,,,,,,,,,,,,,,,,,ZNF250,,,,TFG,,,,,,,,,,,,,,,,,,,,,,,,,,,,,,,,,,,,,,,,,,
341,,,,,,,,,,,,,,,,,,,,,,,,,,,,,,,,,,,,,,,,,,,,,,,,,,,,,,,,,,,,,,,,,,,,,,,,,,,,,,,,,,,,,,,,,,,,,,,,,,,,,,,,,,,,,,,,,,,,,,,,,,,,,,,GRIK4,,,,,,,,,,,,,,,,CREB3L4,,,,,,,,,,,,,,,,,,,,,,,,,,,,,,,,,,,,,,,,,,,,,,,,,,,,,,,,,,,,,,,,,OR6K2,,,,,,,,,,,,,,,,,,,,,,,,,,,,,,,,,,,,,,,,,,,,,,,,,NFKB1,,DNAH12,,,,KIF5C,,,,,,,,,,,,,,,,,,,,,,,,,,,,,,,ZNF350,,,,RASSF1,,,,,,,,,,,,,,,,,,,,,,,,,,,,,,,,,,,,,,,,,,
342,,,,,,,,,,,,,,,,,,,,,,,,,,,,,,,,,,,,,,,,,,,,,,,,,,,,,,,,,,,,,,,,,,,,,,,,,,,,,,,,,,,,,,,,,,,,,,,,,,,,,,,,,,,,,,,,,,,,,,,,,,,,,,,GRIK5,,,,,,,,,,,,,,,,CREB5,,,,,,,,,,,,,,,,,,,,,,,,,,,,,,,,,,,,,,,,,,,,,,,,,,,,,,,,,,,,,,,,,OR2G3,,,,,,,,,,,,,,,,,,,,,,,,,,,,,,,,,,,,,,,,,,,,,,,,,NOS2,,DNAH14,,,,KLC3,,,,,,,,,,,,,,,,,,,,,,,,,,,,,,,ZNF667,,,,RASSF5,,,,,,,,,,,,,,,,,,,,,,,,,,,,,,,,,,,,,,,,,,
343,,,,,,,,,,,,,,,,,,,,,,,,,,,,,,,,,,,,,,,,,,,,,,,,,,,,,,,,,,,,,,,,,,,,,,,,,,,,,,,,,,,,,,,,,,,,,,,,,,,,,,,,,,,,,,,,,,,,,,,,,,,,,,,GRID1,,,,,,,,,,,,,,,,ATF6B,,,,,,,,,,,,,,,,,,,,,,,,,,,,,,,,,,,,,,,,,,,,,,,,,,,,,,,,,,,,,,,,,OR2G2,,,,,,,,,,,,,,,,,,,,,,,,,,,,,,,,,,,,,,,,,,,,,,,,,PTGS2,,DNAH8,,,,KLC1,,,,,,,,,,,,,,,,,,,,,,,,,,,,,,,ZNF674,,,,STK4,,,,,,,,,,,,,,,,,,,,,,,,,,,,,,,,,,,,,,,,,,
344,,,,,,,,,,,,,,,,,,,,,,,,,,,,,,,,,,,,,,,,,,,,,,,,,,,,,,,,,,,,,,,,,,,,,,,,,,,,,,,,,,,,,,,,,,,,,,,,,,,,,,,,,,,,,,,,,,,,,,,,,,,,,,,GRID2,,,,,,,,,,,,,,,,MCL1,,,,,,,,,,,,,,,,,,,,,,,,,,,,,,,,,,,,,,,,,,,,,,,,,,,,,,,,,,,,,,,,,OR2W3,,,,,,,,,,,,,,,,,,,,,,,,,,,,,,,,,,,,,,,,,,,,,,,,,TNF,,DNAH10,,,,KLC2,,,,,,,,,,,,,,,,,,,,,,,,,,,,,,,ZNF649,,,,DAPK1,,,,,,,,,,,,,,,,,,,,,,,,,,,,,,,,,,,,,,,,,,
345,,,,,,,,,,,,,,,,,,,,,,,,,,,,,,,,,,,,,,,,,,,,,,,,,,,,,,,,,,,,,,,,,,,,,,,,,,,,,,,,,,,,,,,,,,,,,,,,,,,,,,,,,,,,,,,,,,,,,,,,,,,,,,,GLRA1,,,,,,,,,,,,,,,,RXRA,,,,,,,,,,,,,,,,,,,,,,,,,,,,,,,,,,,,,,,,,,,,,,,,,,,,,,,,,,,,,,,,,OR2T8,,,,,,,,,,,,,,,,,,,,,,,,,,,,,,,,,,,,,,,,,,,,,,,,,IL6,,DNAH17,,,,KLC4,,,,,,,,,,,,,,,,,,,,,,,,,,,,,,,ZNF354A,,,,DAPK3,,,,,,,,,,,,,,,,,,,,,,,,,,,,,,,,,,,,,,,,,,
346,,,,,,,,,,,,,,,,,,,,,,,,,,,,,,,,,,,,,,,,,,,,,,,,,,,,,,,,,,,,,,,,,,,,,,,,,,,,,,,,,,,,,,,,,,,,,,,,,,,,,,,,,,,,,,,,,,,,,,,,,,,,,,,GLRA2,,,,,,,,,,,,,,,,NR4A1,,,,,,,,,,,,,,,,,,,,,,,,,,,,,,,,,,,,,,,,,,,,,,,,,,,,,,,,,,,,,,,,,OR8U8,,,,,,,,,,,,,,,,,,,,,,,,,,,,,,,,,,,,,,,,,,,,,,,,,IL1A,,DNALI1,,,,TUBA1B,,,,,,,,,,,,,,,,,,,,,,,,,,,,,,,ZNF736,,,,DAPK2,,,,,,,,,,,,,,,,,,,,,,,,,,,,,,,,,,,,,,,,,,
347,,,,,,,,,,,,,,,,,,,,,,,,,,,,,,,,,,,,,,,,,,,,,,,,,,,,,,,,,,,,,,,,,,,,,,,,,,,,,,,,,,,,,,,,,,,,,,,,,,,,,,,,,,,,,,,,,,,,,,,,,,,,,,,GLRA3,,,,,,,,,,,,,,,,IKBKG,,,,,,,,,,,,,,,,,,,,,,,,,,,,,,,,,,,,,,,,,,,,,,,,,,,,,,,,,,,,,,,,,OR2B3,,,,,,,,,,,,,,,,,,,,,,,,,,,,,,,,,,,,,,,,,,,,,,,,,IL1B,,DNAI1,,,,TUBA4A,,,,,,,,,,,,,,,,,,,,,,,,,,,,,,,ZNF705D,,,,PLCG1,,,,,,,,,,,,,,,,,,,,,,,,,,,,,,,,,,,,,,,,,,
348,,,,,,,,,,,,,,,,,,,,,,,,,,,,,,,,,,,,,,,,,,,,,,,,,,,,,,,,,,,,,,,,,,,,,,,,,,,,,,,,,,,,,,,,,,,,,,,,,,,,,,,,,,,,,,,,,,,,,,,,,,,,,,,GLRB,,,,,,,,,,,,,,,,CHUK,,,,,,,,,,,,,,,,,,,,,,,,,,,,,,,,,,,,,,,,,,,,,,,,,,,,,,,,,,,,,,,,,OR6C65,,,,,,,,,,,,,,,,,,,,,,,,,,,,,,,,,,,,,,,,,,,,,,,,,CSF1,,DNAI2,,,,TUBA3C,,,,,,,,,,,,,,,,,,,,,,,,,,,,,,,ZNF878,,,,PLCG2,,,,,,,,,,,,,,,,,,,,,,,,,,,,,,,,,,,,,,,,,,
349,,,,,,,,,,,,,,,,,,,,,,,,,,,,,,,,,,,,,,,,,,,,,,,,,,,,,,,,,,,,,,,,,,,,,,,,,,,,,,,,,,,,,,,,,,,,,,,,,,,,,,,,,,,,,,,,,,,,,,,,,,,,,,,TRPV1,,,,,,,,,,,,,,,,IKBKB,,,,,,,,,,,,,,,,,,,,,,,,,,,,,,,,,,,,,,,,,,,,,,,,,,,,,,,,,,,,,,,,,OR6C68,,,,,,,,,,,,,,,,,,,,,,,,,,,,,,,,,,,,,,,,,,,,,,,,,SNCA,,DNAL1,,,,TUBA1A,,,,,,,,,,,,,,,,,,,,,,,,,,,,,,,ZFP37,,,,ELK1,,,,,,,,,,,,,,,,,,,,,,,,,,,,,,,,,,,,,,,,,,
350,,,,,,,,,,,,,,,,,,,,,,,,,,,,,,,,,,,,,,,,,,,,,,,,,,,,,,,,,,,,,,,,,,,,,,,,,,,,,,,,,,,,,,,,,,,,,,,,,,,,,,,,,,,,,,,,,,,,,,,,,,,,,,,TSPO,,,,,,,,,,,,,,,,RELA,,,,,,,,,,,,,,,,,,,,,,,,,,,,,,,,,,,,,,,,,,,,,,,,,,,,,,,,,,,,,,,,,OR7E24,,,,,,,,,,,,,,,,,,,,,,,,,,,,,,,,,,,,,,,,,,,,,,,,,EIF2AK2,,DNAL4,,,,TUBA1C,,,,,,,,,,,,,,,,,,,,,,,,,,,,,,,ZNF3,,,,CALML3,,,,,,,,,,,,,,,,,,,,,,,,,,,,,,,,,,,,,,,,,,
351,,,,,,,,,,,,,,,,,,,,,,,,,,,,,,,,,,,,,,,,,,,,,,,,,,,,,,,,,,,,,,,,,,,,,,,,,,,,,,,,,,,,,,,,,,,,,,,,,,,,,,,,,,,,,,,,,,,,,,,,,,,,,,,NR3C1,,,,,,,,,,,,,,,,NFKB1,,,,,,,,,,,,,,,,,,,,,,,,,,,,,,,,,,,,,,,,,,,,,,,,,,,,,,,,,,,,,,,,,OR4C45,,,,,,,,,,,,,,,,,,,,,,,,,,,,,,,,,,,,,,,,,,,,,,,,,CHUK,,SLC1A2,,,,TUBA8,,,,,,,,,,,,,,,,,,,,,,,,,,,,,,,ZNF7,,,,CALM2,,,,,,,,,,,,,,,,,,,,,,,,,,,,,,,,,,,,,,,,,,
352,,,,,,,,,,,,,,,,,,,,,,,,,,,,,,,,,,,,,,,,,,,,,,,,,,,,,,,,,,,,,,,,,,,,,,,,,,,,,,,,,,,,,,,,,,,,,,,,,,,,,,,,,,,,,,,,,,,,,,,,,,,,,,,GH1,,,,,,,,,,,,,,,,MYB,,,,,,,,,,,,,,,,,,,,,,,,,,,,,,,,,,,,,,,,,,,,,,,,,,,,,,,,,,,,,,,,,OR4A47,,,,,,,,,,,,,,,,,,,,,,,,,,,,,,,,,,,,,,,,,,,,,,,,,IKBKB,,NOS2,,,,TUBA3E,,,,,,,,,,,,,,,,,,,,,,,,,,,,,,,ZNF8,,,,CALM3,,,,,,,,,,,,,,,,,,,,,,,,,,,,,,,,,,,,,,,,,,
353,,,,,,,,,,,,,,,,,,,,,,,,,,,,,,,,,,,,,,,,,,,,,,,,,,,,,,,,,,,,,,,,,,,,,,,,,,,,,,,,,,,,,,,,,,,,,,,,,,,,,,,,,,,,,,,,,,,,,,,,,,,,,,,GH2,,,,,,,,,,,,,,,,MDM2,,,,,,,,,,,,,,,,,,,,,,,,,,,,,,,,,,,,,,,,,,,,,,,,,,,,,,,,,,,,,,,,,OR2T27,,,,,,,,,,,,,,,,,,,,,,,,,,,,,,,,,,,,,,,,,,,,,,,,,IKBKG,,GRIA1,,,,TUBA3D,,,,,,,,,,,,,,,,,,,,,,,,,,,,,,,ZNF10,,,,CALM1,,,,,,,,,,,,,,,,,,,,,,,,,,,,,,,,,,,,,,,,,,
354,,,,,,,,,,,,,,,,,,,,,,,,,,,,,,,,,,,,,,,,,,,,,,,,,,,,,,,,,,,,,,,,,,,,,,,,,,,,,,,,,,,,,,,,,,,,,,,,,,,,,,,,,,,,,,,,,,,,,,,,,,,,,,,CSH1,,,,,,,,,,,,,,,,TP53,,,,,,,,,,,,,,,,,,,,,,,,,,,,,,,,,,,,,,,,,,,,,,,,,,,,,,,,,,,,,,,,,OR4F21,,,,,,,,,,,,,,,,,,,,,,,,,,,,,,,,,,,,,,,,,,,,,,,,,INS,,GRIA2,,,,TUBAL3,,,,,,,,,,,,,,,,,,,,,,,,,,,,,,,ZNF484,,,,CALML6,,,,,,,,,,,,,,,,,,,,,,,,,,,,,,,,,,,,,,,,,,
355,,,,,,,,,,,,,,,,,,,,,,,,,,,,,,,,,,,,,,,,,,,,,,,,,,,,,,,,,,,,,,,,,,,,,,,,,,,,,,,,,,,,,,,,,,,,,,,,,,,,,,,,,,,,,,,,,,,,,,,,,,,,,,,CSH2,,,,,,,,,,,,,,,,,,,,,,,,,,,,,,,,,,,,,,,,,,,,,,,,,,,,,,,,,,,,,,,,,,,,,,,,,,,,,,,,,OR5W2,,,,,,,,,,,,,,,,,,,,,,,,,,,,,,,,,,,,,,,,,,,,,,,,,INSR,,GRIN1,,,,TUBB6,,,,,,,,,,,,,,,,,,,,,,,,,,,,,,,ZFP1,,,,CALML5,,,,,,,,,,,,,,,,,,,,,,,,,,,,,,,,,,,,,,,,,,
356,,,,,,,,,,,,,,,,,,,,,,,,,,,,,,,,,,,,,,,,,,,,,,,,,,,,,,,,,,,,,,,,,,,,,,,,,,,,,,,,,,,,,,,,,,,,,,,,,,,,,,,,,,,,,,,,,,,,,,,,,,,,,,,GHR,,,,,,,,,,,,,,,,,,,,,,,,,,,,,,,,,,,,,,,,,,,,,,,,,,,,,,,,,,,,,,,,,,,,,,,,,,,,,,,,,OR6P1,,,,,,,,,,,,,,,,,,,,,,,,,,,,,,,,,,,,,,,,,,,,,,,,,IRS1,,GRIN2A,,,,TUBB,,,,,,,,,,,,,,,,,,,,,,,,,,,,,,,ZNF567,,,,CALML4,,,,,,,,,,,,,,,,,,,,,,,,,,,,,,,,,,,,,,,,,,
357,,,,,,,,,,,,,,,,,,,,,,,,,,,,,,,,,,,,,,,,,,,,,,,,,,,,,,,,,,,,,,,,,,,,,,,,,,,,,,,,,,,,,,,,,,,,,,,,,,,,,,,,,,,,,,,,,,,,,,,,,,,,,,,THRA,,,,,,,,,,,,,,,,,,,,,,,,,,,,,,,,,,,,,,,,,,,,,,,,,,,,,,,,,,,,,,,,,,,,,,,,,,,,,,,,,OR8U9,,,,,,,,,,,,,,,,,,,,,,,,,,,,,,,,,,,,,,,,,,,,,,,,,IRS2,,GRIN2B,,,,TUBB1,,,,,,,,,,,,,,,,,,,,,,,,,,,,,,,ZNF792,,,,CAMK2A,,,,,,,,,,,,,,,,,,,,,,,,,,,,,,,,,,,,,,,,,,
358,,,,,,,,,,,,,,,,,,,,,,,,,,,,,,,,,,,,,,,,,,,,,,,,,,,,,,,,,,,,,,,,,,,,,,,,,,,,,,,,,,,,,,,,,,,,,,,,,,,,,,,,,,,,,,,,,,,,,,,,,,,,,,,THRB,,,,,,,,,,,,,,,,,,,,,,,,,,,,,,,,,,,,,,,,,,,,,,,,,,,,,,,,,,,,,,,,,,,,,,,,,,,,,,,,,OR9G9,,,,,,,,,,,,,,,,,,,,,,,,,,,,,,,,,,,,,,,,,,,,,,,,,IRS4,,GRIN2C,,,,TUBB2A,,,,,,,,,,,,,,,,,,,,,,,,,,,,,,,ZNF829,,,,CAMK2D,,,,,,,,,,,,,,,,,,,,,,,,,,,,,,,,,,,,,,,,,,
359,,,,,,,,,,,,,,,,,,,,,,,,,,,,,,,,,,,,,,,,,,,,,,,,,,,,,,,,,,,,,,,,,,,,,,,,,,,,,,,,,,,,,,,,,,,,,,,,,,,,,,,,,,,,,,,,,,,,,,,,,,,,,,,LEP,,,,,,,,,,,,,,,,,,,,,,,,,,,,,,,,,,,,,,,,,,,,,,,,,,,,,,,,,,,,,,,,,,,,,,,,,,,,,,,,,OR5H1,,,,,,,,,,,,,,,,,,,,,,,,,,,,,,,,,,,,,,,,,,,,,,,,,PIK3R1,,GRIN2D,,,,TUBB3,,,,,,,,,,,,,,,,,,,,,,,,,,,,,,,ZNF90,,,,CAMK2B,,,,,,,,,,,,,,,,,,,,,,,,,,,,,,,,,,,,,,,,,,
360,,,,,,,,,,,,,,,,,,,,,,,,,,,,,,,,,,,,,,,,,,,,,,,,,,,,,,,,,,,,,,,,,,,,,,,,,,,,,,,,,,,,,,,,,,,,,,,,,,,,,,,,,,,,,,,,,,,,,,,,,,,,,,,LEPR,,,,,,,,,,,,,,,,,,,,,,,,,,,,,,,,,,,,,,,,,,,,,,,,,,,,,,,,,,,,,,,,,,,,,,,,,,,,,,,,,OR8B3,,,,,,,,,,,,,,,,,,,,,,,,,,,,,,,,,,,,,,,,,,,,,,,,,PIK3R2,,NRG1,,,,TUBB4A,,,,,,,,,,,,,,,,,,,,,,,,,,,,,,,ZNF81,,,,CAMK2G,,,,,,,,,,,,,,,,,,,,,,,,,,,,,,,,,,,,,,,,,,
361,,,,,,,,,,,,,,,,,,,,,,,,,,,,,,,,,,,,,,,,,,,,,,,,,,,,,,,,,,,,,,,,,,,,,,,,,,,,,,,,,,,,,,,,,,,,,,,,,,,,,,,,,,,,,,,,,,,,,,,,,,,,,,,PRL,,,,,,,,,,,,,,,,,,,,,,,,,,,,,,,,,,,,,,,,,,,,,,,,,,,,,,,,,,,,,,,,,,,,,,,,,,,,,,,,,OR8B2,,,,,,,,,,,,,,,,,,,,,,,,,,,,,,,,,,,,,,,,,,,,,,,,,PIK3R3,,NRG2,,,,TUBB8,,,,,,,,,,,,,,,,,,,,,,,,,,,,,,,ZNF30,,,,RALGDS,,,,,,,,,,,,,,,,,,,,,,,,,,,,,,,,,,,,,,,,,,
362,,,,,,,,,,,,,,,,,,,,,,,,,,,,,,,,,,,,,,,,,,,,,,,,,,,,,,,,,,,,,,,,,,,,,,,,,,,,,,,,,,,,,,,,,,,,,,,,,,,,,,,,,,,,,,,,,,,,,,,,,,,,,,,PRLR,,,,,,,,,,,,,,,,,,,,,,,,,,,,,,,,,,,,,,,,,,,,,,,,,,,,,,,,,,,,,,,,,,,,,,,,,,,,,,,,,OR5B2,,,,,,,,,,,,,,,,,,,,,,,,,,,,,,,,,,,,,,,,,,,,,,,,,PIK3CA,,NRG3,,,,TUBB2B,,,,,,,,,,,,,,,,,,,,,,,,,,,,,,,ZNF251,,,,RALA,,,,,,,,,,,,,,,,,,,,,,,,,,,,,,,,,,,,,,,,,,
363,,,,,,,,,,,,,,,,,,,,,,,,,,,,,,,,,,,,,,,,,,,,,,,,,,,,,,,,,,,,,,,,,,,,,,,,,,,,,,,,,,,,,,,,,,,,,,,,,,,,,,,,,,,,,,,,,,,,,,,,,,,,,,,,,,,,,,,,,,,,,,,,,,,,,,,,,,,,,,,,,,,,,,,,,,,,,,,,,,,,,,,,,,,,,,,,,,,,,,,,,,,,,,,,OR11H12,,,,,,,,,,,,,,,,,,,,,,,,,,,,,,,,,,,,,,,,,,,,,,,,,PIK3CD,,NRG4,,,,TUBB4B,,,,,,,,,,,,,,,,,,,,,,,,,,,,,,,ZNF688,,,,RALB,,,,,,,,,,,,,,,,,,,,,,,,,,,,,,,,,,,,,,,,,,
364,,,,,,,,,,,,,,,,,,,,,,,,,,,,,,,,,,,,,,,,,,,,,,,,,,,,,,,,,,,,,,,,,,,,,,,,,,,,,,,,,,,,,,,,,,,,,,,,,,,,,,,,,,,,,,,,,,,,,,,,,,,,,,,,,,,,,,,,,,,,,,,,,,,,,,,,,,,,,,,,,,,,,,,,,,,,,,,,,,,,,,,,,,,,,,,,,,,,,,,,,,,,,,,,OR5K3,,,,,,,,,,,,,,,,,,,,,,,,,,,,,,,,,,,,,,,,,,,,,,,,,PIK3CB,,ERBB4,,,,GSK3B,,,,,,,,,,,,,,,,,,,,,,,,,,,,,,,ZNF2,,,,RALBP1,,,,,,,,,,,,,,,,,,,,,,,,,,,,,,,,,,,,,,,,,,
365,,,,,,,,,,,,,,,,,,,,,,,,,,,,,,,,,,,,,,,,,,,,,,,,,,,,,,,,,,,,,,,,,,,,,,,,,,,,,,,,,,,,,,,,,,,,,,,,,,,,,,,,,,,,,,,,,,,,,,,,,,,,,,,,,,,,,,,,,,,,,,,,,,,,,,,,,,,,,,,,,,,,,,,,,,,,,,,,,,,,,,,,,,,,,,,,,,,,,,,,,,,,,,,,OR5K4,,,,,,,,,,,,,,,,,,,,,,,,,,,,,,,,,,,,,,,,,,,,,,,,,AKT1,,,,,,CSNK2A1,,,,,,,,,,,,,,,,,,,,,,,,,,,,,,,ZNF23,,,,CDC42,,,,,,,,,,,,,,,,,,,,,,,,,,,,,,,,,,,,,,,,,,
366,,,,,,,,,,,,,,,,,,,,,,,,,,,,,,,,,,,,,,,,,,,,,,,,,,,,,,,,,,,,,,,,,,,,,,,,,,,,,,,,,,,,,,,,,,,,,,,,,,,,,,,,,,,,,,,,,,,,,,,,,,,,,,,,,,,,,,,,,,,,,,,,,,,,,,,,,,,,,,,,,,,,,,,,,,,,,,,,,,,,,,,,,,,,,,,,,,,,,,,,,,,,,,,,OR10W1,,,,,,,,,,,,,,,,,,,,,,,,,,,,,,,,,,,,,,,,,,,,,,,,,AKT2,,,,,,CSNK2A2,,,,,,,,,,,,,,,,,,,,,,,,,,,,,,,ZNF561,,,,RAC1,,,,,,,,,,,,,,,,,,,,,,,,,,,,,,,,,,,,,,,,,,
367,,,,,,,,,,,,,,,,,,,,,,,,,,,,,,,,,,,,,,,,,,,,,,,,,,,,,,,,,,,,,,,,,,,,,,,,,,,,,,,,,,,,,,,,,,,,,,,,,,,,,,,,,,,,,,,,,,,,,,,,,,,,,,,,,,,,,,,,,,,,,,,,,,,,,,,,,,,,,,,,,,,,,,,,,,,,,,,,,,,,,,,,,,,,,,,,,,,,,,,,,,,,,,,,OR4F29,,,,,,,,,,,,,,,,,,,,,,,,,,,,,,,,,,,,,,,,,,,,,,,,,AKT3,,,,,,CSNK2A3,,,,,,,,,,,,,,,,,,,,,,,,,,,,,,,ZNF730,,,,RAC2,,,,,,,,,,,,,,,,,,,,,,,,,,,,,,,,,,,,,,,,,,
368,,,,,,,,,,,,,,,,,,,,,,,,,,,,,,,,,,,,,,,,,,,,,,,,,,,,,,,,,,,,,,,,,,,,,,,,,,,,,,,,,,,,,,,,,,,,,,,,,,,,,,,,,,,,,,,,,,,,,,,,,,,,,,,,,,,,,,,,,,,,,,,,,,,,,,,,,,,,,,,,,,,,,,,,,,,,,,,,,,,,,,,,,,,,,,,,,,,,,,,,,,,,,,,,OR2AP1,,,,,,,,,,,,,,,,,,,,,,,,,,,,,,,,,,,,,,,,,,,,,,,,,MTOR,,,,,,CSNK2B,,,,,,,,,,,,,,,,,,,,,,,,,,,,,,,ZNF599,,,,RAC3,,,,,,,,,,,,,,,,,,,,,,,,,,,,,,,,,,,,,,,,,,
369,,,,,,,,,,,,,,,,,,,,,,,,,,,,,,,,,,,,,,,,,,,,,,,,,,,,,,,,,,,,,,,,,,,,,,,,,,,,,,,,,,,,,,,,,,,,,,,,,,,,,,,,,,,,,,,,,,,,,,,,,,,,,,,,,,,,,,,,,,,,,,,,,,,,,,,,,,,,,,,,,,,,,,,,,,,,,,,,,,,,,,,,,,,,,,,,,,,,,,,,,,,,,,,,OR2V1,,,,,,,,,,,,,,,,,,,,,,,,,,,,,,,,,,,,,,,,,,,,,,,,,ULK1,,,,,,BDNF,,,,,,,,,,,,,,,,,,,,,,,,,,,,,,,ZNF783,,,,PLD1,,,,,,,,,,,,,,,,,,,,,,,,,,,,,,,,,,,,,,,,,,
370,,,,,,,,,,,,,,,,,,,,,,,,,,,,,,,,,,,,,,,,,,,,,,,,,,,,,,,,,,,,,,,,,,,,,,,,,,,,,,,,,,,,,,,,,,,,,,,,,,,,,,,,,,,,,,,,,,,,,,,,,,,,,,,,,,,,,,,,,,,,,,,,,,,,,,,,,,,,,,,,,,,,,,,,,,,,,,,,,,,,,,,,,,,,,,,,,,,,,,,,,,,,,,,,OR2L5,,,,,,,,,,,,,,,,,,,,,,,,,,,,,,,,,,,,,,,,,,,,,,,,,ULK2,,,,,,DCTN1,,,,,,,,,,,,,,,,,,,,,,,,,,,,,,,ZNF398,,,,PLD2,,,,,,,,,,,,,,,,,,,,,,,,,,,,,,,,,,,,,,,,,,
371,,,,,,,,,,,,,,,,,,,,,,,,,,,,,,,,,,,,,,,,,,,,,,,,,,,,,,,,,,,,,,,,,,,,,,,,,,,,,,,,,,,,,,,,,,,,,,,,,,,,,,,,,,,,,,,,,,,,,,,,,,,,,,,,,,,,,,,,,,,,,,,,,,,,,,,,,,,,,,,,,,,,,,,,,,,,,,,,,,,,,,,,,,,,,,,,,,,,,,,,,,,,,,,,olfactory receptor 4N4-like [KO:K04257],,,,,,,,,,,,,,,,,,,,,,,,,,,,,,,,,,,,,,,,,,,,,,,,,ATG101,,,,,,DCTN2,,,,,,,,,,,,,,,,,,,,,,,,,,,,,,,ZNF283,,,,MAPK8,,,,,,,,,,,,,,,,,,,,,,,,,,,,,,,,,,,,,,,,,,
372,,,,,,,,,,,,,,,,,,,,,,,,,,,,,,,,,,,,,,,,,,,,,,,,,,,,,,,,,,,,,,,,,,,,,,,,,,,,,,,,,,,,,,,,,,,,,,,,,,,,,,,,,,,,,,,,,,,,,,,,,,,,,,,,,,,,,,,,,,,,,,,,,,,,,,,,,,,,,,,,,,,,,,,,,,,,,,,,,,,,,,,,,,,,,,,,,,,,,,,,,,,,,,,,OR5H14,,,,,,,,,,,,,,,,,,,,,,,,,,,,,,,,,,,,,,,,,,,,,,,,,ATG13,,,,,,DCTN3,,,,,,,,,,,,,,,,,,,,,,,,,,,,,,,ZNF879,,,,MAPK10,,,,,,,,,,,,,,,,,,,,,,,,,,,,,,,,,,,,,,,,,,
373,,,,,,,,,,,,,,,,,,,,,,,,,,,,,,,,,,,,,,,,,,,,,,,,,,,,,,,,,,,,,,,,,,,,,,,,,,,,,,,,,,,,,,,,,,,,,,,,,,,,,,,,,,,,,,,,,,,,,,,,,,,,,,,,,,,,,,,,,,,,,,,,,,,,,,,,,,,,,,,,,,,,,,,,,,,,,,,,,,,,,,,,,,,,,,,,,,,,,,,,,,,,,,,,OR4N4C,,,,,,,,,,,,,,,,,,,,,,,,,,,,,,,,,,,,,,,,,,,,,,,,,RB1CC1,,,,,,DCTN4,,,,,,,,,,,,,,,,,,,,,,,,,,,,,,,ZNF662,,,,MAPK9,,,,,,,,,,,,,,,,,,,,,,,,,,,,,,,,,,,,,,,,,,
374,,,,,,,,,,,,,,,,,,,,,,,,,,,,,,,,,,,,,,,,,,,,,,,,,,,,,,,,,,,,,,,,,,,,,,,,,,,,,,,,,,,,,,,,,,,,,,,,,,,,,,,,,,,,,,,,,,,,,,,,,,,,,,,,,,,,,,,,,,,,,,,,,,,,,,,,,,,,,,,,,,,,,,,,,,,,,,,,,,,,,,,,,,,,,,,,,,,,,,,,,,,,,,,,OR4E1,,,,,,,,,,,,,,,,,,,,,,,,,,,,,,,,,,,,,,,,,,,,,,,,,AMBRA1,,,,,,DCTN5,,,,,,,,,,,,,,,,,,,,,,,,,,,,,,,ZNF562,,,,PAX8,,,,,,,,,,,,,,,,,,,,,,,,,,,,,,,,,,,,,,,,,,
375,,,,,,,,,,,,,,,,,,,,,,,,,,,,,,,,,,,,,,,,,,,,,,,,,,,,,,,,,,,,,,,,,,,,,,,,,,,,,,,,,,,,,,,,,,,,,,,,,,,,,,,,,,,,,,,,,,,,,,,,,,,,,,,,,,,,,,,,,,,,,,,,,,,,,,,,,,,,,,,,,,,,,,,,,,,,,,,,,,,,,,,,,,,,,,,,,,,,,,,,,,,,,,,,OR5H15,,,,,,,,,,,,,,,,,,,,,,,,,,,,,,,,,,,,,,,,,,,,,,,,,BECN1,,,,,,DCTN6,,,,,,,,,,,,,,,,,,,,,,,,,,,,,,,ZNF630,,,,PPARG,,,,,,,,,,,,,,,,,,,,,,,,,,,,,,,,,,,,,,,,,,
376,,,,,,,,,,,,,,,,,,,,,,,,,,,,,,,,,,,,,,,,,,,,,,,,,,,,,,,,,,,,,,,,,,,,,,,,,,,,,,,,,,,,,,,,,,,,,,,,,,,,,,,,,,,,,,,,,,,,,,,,,,,,,,,,,,,,,,,,,,,,,,,,,,,,,,,,,,,,,,,,,,,,,,,,,,,,,,,,,,,,,,,,,,,,,,,,,,,,,,,,,,,,,,,,OR10G6,,,,,,,,,,,,,,,,,,,,,,,,,,,,,,,,,,,,,,,,,,,,,,,,,BECN2,,,,,,ACTR1A,,,,,,,,,,,,,,,,,,,,,,,,,,,,,,,ZNF200,,,,RXRA,,,,,,,,,,,,,,,,,,,,,,,,,,,,,,,,,,,,,,,,,,
377,,,,,,,,,,,,,,,,,,,,,,,,,,,,,,,,,,,,,,,,,,,,,,,,,,,,,,,,,,,,,,,,,,,,,,,,,,,,,,,,,,,,,,,,,,,,,,,,,,,,,,,,,,,,,,,,,,,,,,,,,,,,,,,,,,,,,,,,,,,,,,,,,,,,,,,,,,,,,,,,,,,,,,,,,,,,,,,,,,,,,,,,,,,,,,,,,,,,,,,,,,,,,,,,OR12D1,,,,,,,,,,,,,,,,,,,,,,,,,,,,,,,,,,,,,,,,,,,,,,,,,PIK3R4,,,,,,ACTR1B,,,,,,,,,,,,,,,,,,,,,,,,,,,,,,,ZNF778,,,,RXRB,,,,,,,,,,,,,,,,,,,,,,,,,,,,,,,,,,,,,,,,,,
378,,,,,,,,,,,,,,,,,,,,,,,,,,,,,,,,,,,,,,,,,,,,,,,,,,,,,,,,,,,,,,,,,,,,,,,,,,,,,,,,,,,,,,,,,,,,,,,,,,,,,,,,,,,,,,,,,,,,,,,,,,,,,,,,,,,,,,,,,,,,,,,,,,,,,,,,,,,,,,,,,,,,,,,,,,,,,,,,,,,,,,,,,,,,,,,,,,,,,,,,,,,,,,,,OR4K3,,,,,,,,,,,,,,,,,,,,,,,,,,,,,,,,,,,,,,,,,,,,,,,,,ATG14,,,,,,ACTR10,,,,,,,,,,,,,,,,,,,,,,,,,,,,,,,ZNF623,,,,RXRG,,,,,,,,,,,,,,,,,,,,,,,,,,,,,,,,,,,,,,,,,,
379,,,,,,,,,,,,,,,,,,,,,,,,,,,,,,,,,,,,,,,,,,,,,,,,,,,,,,,,,,,,,,,,,,,,,,,,,,,,,,,,,,,,,,,,,,,,,,,,,,,,,,,,,,,,,,,,,,,,,,,,,,,,,,,,,,,,,,,,,,,,,,,,,,,,,,,,,,,,,,,,,,,,,,,,,,,,,,,,,,,,,,,,,,,,,,,,,,,,,,,,,,,,,,,,OR4Q2,,,,,,,,,,,,,,,,,,,,,,,,,,,,,,,,,,,,,,,,,,,,,,,,,NRBF2,,,,,,HAP1,,,,,,,,,,,,,,,,,,,,,,,,,,,,,,,ZNF727,,,,RARB,,,,,,,,,,,,,,,,,,,,,,,,,,,,,,,,,,,,,,,,,,
380,,,,,,,,,,,,,,,,,,,,,,,,,,,,,,,,,,,,,,,,,,,,,,,,,,,,,,,,,,,,,,,,,,,,,,,,,,,,,,,,,,,,,,,,,,,,,,,,,,,,,,,,,,,,,,,,,,,,,,,,,,,,,,,,,,,,,,,,,,,,,,,,,,,,,,,,,,,,,,,,,,,,,,,,,,,,,,,,,,,,,,,,,,,,,,,,,,,,,,,,,,,,,,,,OR10J4,,,,,,,,,,,,,,,,,,,,,,,,,,,,,,,,,,,,,,,,,,,,,,,,,PIK3C3,,,,,,DNAH1,,,,,,,,,,,,,,,,,,,,,,,,,,,,,,,ZNF679,,,,ESR1,,,,,,,,,,,,,,,,,,,,,,,,,,,,,,,,,,,,,,,,,,
381,,,,,,,,,,,,,,,,,,,,,,,,,,,,,,,,,,,,,,,,,,,,,,,,,,,,,,,,,,,,,,,,,,,,,,,,,,,,,,,,,,,,,,,,,,,,,,,,,,,,,,,,,,,,,,,,,,,,,,,,,,,,,,,,,,,,,,,,,,,,,,,,,,,,,,,,,,,,,,,,,,,,,,,,,,,,,,,,,,,,,,,,,,,,,,,,,,,,,,,,,,,,,,,,OR10AC1,,,,,,,,,,,,,,,,,,,,,,,,,,,,,,,,,,,,,,,,,,,,,,,,,ATG2A,,,,,,DNAH3,,,,,,,,,,,,,,,,,,,,,,,,,,,,,,,ZNF768,,,,ESR2,,,,,,,,,,,,,,,,,,,,,,,,,,,,,,,,,,,,,,,,,,
382,,,,,,,,,,,,,,,,,,,,,,,,,,,,,,,,,,,,,,,,,,,,,,,,,,,,,,,,,,,,,,,,,,,,,,,,,,,,,,,,,,,,,,,,,,,,,,,,,,,,,,,,,,,,,,,,,,,,,,,,,,,,,,,,,,,,,,,,,,,,,,,,,,,,,,,,,,,,,,,,,,,,,,,,,,,,,,,,,,,,,,,,,,,,,,,,,,,,,,,,,,,,,,,,OR2T35,,,,,,,,,,,,,,,,,,,,,,,,,,,,,,,,,,,,,,,,,,,,,,,,,ATG2B,,,,,,DNAH2,,,,,,,,,,,,,,,,,,,,,,,,,,,,,,,ZFP69B,,,,NCOA1,,,,,,,,,,,,,,,,,,,,,,,,,,,,,,,,,,,,,,,,,,
383,,,,,,,,,,,,,,,,,,,,,,,,,,,,,,,,,,,,,,,,,,,,,,,,,,,,,,,,,,,,,,,,,,,,,,,,,,,,,,,,,,,,,,,,,,,,,,,,,,,,,,,,,,,,,,,,,,,,,,,,,,,,,,,,,,,,,,,,,,,,,,,,,,,,,,,,,,,,,,,,,,,,,,,,,,,,,,,,,,,,,,,,,,,,,,,,,,,,,,,,,,,,,,,,OR2J1,,,,,,,,,,,,,,,,,,,,,,,,,,,,,,,,,,,,,,,,,,,,,,,,,WIPI2,,,,,,DNAH7,,,,,,,,,,,,,,,,,,,,,,,,,,,,,,,ZNF181,,,,NCOA3,,,,,,,,,,,,,,,,,,,,,,,,,,,,,,,,,,,,,,,,,,
384,,,,,,,,,,,,,,,,,,,,,,,,,,,,,,,,,,,,,,,,,,,,,,,,,,,,,,,,,,,,,,,,,,,,,,,,,,,,,,,,,,,,,,,,,,,,,,,,,,,,,,,,,,,,,,,,,,,,,,,,,,,,,,,,,,,,,,,,,,,,,,,,,,,,,,,,,,,,,,,,,,,,,,,,,,,,,,,,,,,,,,,,,,,,,,,,,,,,,,,,,,,,,,,,OR1D4,,,,,,,,,,,,,,,,,,,,,,,,,,,,,,,,,,,,,,,,,,,,,,,,,WIPI1,,,,,,DNAH5,,,,,,,,,,,,,,,,,,,,,,,,,,,,,,,ZNF729,,,,SP1,,,,,,,,,,,,,,,,,,,,,,,,,,,,,,,,,,,,,,,,,,
385,,,,,,,,,,,,,,,,,,,,,,,,,,,,,,,,,,,,,,,,,,,,,,,,,,,,,,,,,,,,,,,,,,,,,,,,,,,,,,,,,,,,,,,,,,,,,,,,,,,,,,,,,,,,,,,,,,,,,,,,,,,,,,,,,,,,,,,,,,,,,,,,,,,,,,,,,,,,,,,,,,,,,,,,,,,,,,,,,,,,,,,,,,,,,,,,,,,,,,,,,,,,,,,,OR52E1,,,,,,,,,,,,,,,,,,,,,,,,,,,,,,,,,,,,,,,,,,,,,,,,,,,,,,,DNAH6,,,,,,,,,,,,,,,,,,,,,,,,,,,,,,,ZNF850,,,,PPARD,,,,,,,,,,,,,,,,,,,,,,,,,,,,,,,,,,,,,,,,,,
386,,,,,,,,,,,,,,,,,,,,,,,,,,,,,,,,,,,,,,,,,,,,,,,,,,,,,,,,,,,,,,,,,,,,,,,,,,,,,,,,,,,,,,,,,,,,,,,,,,,,,,,,,,,,,,,,,,,,,,,,,,,,,,,,,,,,,,,,,,,,,,,,,,,,,,,,,,,,,,,,,,,,,,,,,,,,,,,,,,,,,,,,,,,,,,,,,,,,,,,,,,,,,,,,OR4C5,,,,,,,,,,,,,,,,,,,,,,,,,,,,,,,,,,,,,,,,,,,,,,,,,,,,,,,DNAH9,,,,,,,,,,,,,,,,,,,,,,,,,,,,,,,ZNF605,,,,JUP,,,,,,,,,,,,,,,,,,,,,,,,,,,,,,,,,,,,,,,,,,
387,,,,,,,,,,,,,,,,,,,,,,,,,,,,,,,,,,,,,,,,,,,,,,,,,,,,,,,,,,,,,,,,,,,,,,,,,,,,,,,,,,,,,,,,,,,,,,,,,,,,,,,,,,,,,,,,,,,,,,,,,,,,,,,,,,,,,,,,,,,,,,,,,,,,,,,,,,,,,,,,,,,,,,,,,,,,,,,,,,,,,,,,,,,,,,,,,,,,,,,,,,,,,,,,OR5AL1,,,,,,,,,,,,,,,,,,,,,,,,,,,,,,,,,,,,,,,,,,,,,,,,,,,,,,,DNAH11,,,,,,,,,,,,,,,,,,,,,,,,,,,,,,,ZNF559-ZNF177,,,,ZBTB16,,,,,,,,,,,,,,,,,,,,,,,,,,,,,,,,,,,,,,,,,,
388,,,,,,,,,,,,,,,,,,,,,,,,,,,,,,,,,,,,,,,,,,,,,,,,,,,,,,,,,,,,,,,,,,,,,,,,,,,,,,,,,,,,,,,,,,,,,,,,,,,,,,,,,,,,,,,,,,,,,,,,,,,,,,,,,,,,,,,,,,,,,,,,,,,,,,,,,,,,,,,,,,,,,,,,,,,,,,,,,,,,,,,,,,,,,,,,,,,,,,,,,,,,,,,,olfactory receptor 2A7 [KO:K04257],,,,,,,,,,,,,,,,,,,,,,,,,,,,,,,,,,,,,,,,,,,,,,,,,,,,,,,DNAH12,,,,,,,,,,,,,,,,,,,,,,,,,,,,,,,ZNF891,,,,RARA,,,,,,,,,,,,,,,,,,,,,,,,,,,,,,,,,,,,,,,,,,
389,,,,,,,,,,,,,,,,,,,,,,,,,,,,,,,,,,,,,,,,,,,,,,,,,,,,,,,,,,,,,,,,,,,,,,,,,,,,,,,,,,,,,,,,,,,,,,,,,,,,,,,,,,,,,,,,,,,,,,,,,,,,,,,,,,,,,,,,,,,,,,,,,,,,,,,,,,,,,,,,,,,,,,,,,,,,,,,,,,,,,,,,,,,,,,,,,,,,,,,,,,,,,,,,OR6J1,,,,,,,,,,,,,,,,,,,,,,,,,,,,,,,,,,,,,,,,,,,,,,,,,,,,,,,DNAH14,,,,,,,,,,,,,,,,,,,,,,,,,,,,,,,ZNF714,,,,CCNA2,,,,,,,,,,,,,,,,,,,,,,,,,,,,,,,,,,,,,,,,,,
390,,,,,,,,,,,,,,,,,,,,,,,,,,,,,,,,,,,,,,,,,,,,,,,,,,,,,,,,,,,,,,,,,,,,,,,,,,,,,,,,,,,,,,,,,,,,,,,,,,,,,,,,,,,,,,,,,,,,,,,,,,,,,,,,,,,,,,,,,,,,,,,,,,,,,,,,,,,,,,,,,,,,,,,,,,,,,,,,,,,,,,,,,,,,,,,,,,,,,,,,,,,,,,,,OR2AJ1,,,,,,,,,,,,,,,,,,,,,,,,,,,,,,,,,,,,,,,,,,,,,,,,,,,,,,,DNAH8,,,,,,,,,,,,,,,,,,,,,,,,,,,,,,,ZNF676,,,,CCNA1,,,,,,,,,,,,,,,,,,,,,,,,,,,,,,,,,,,,,,,,,,
391,,,,,,,,,,,,,,,,,,,,,,,,,,,,,,,,,,,,,,,,,,,,,,,,,,,,,,,,,,,,,,,,,,,,,,,,,,,,,,,,,,,,,,,,,,,,,,,,,,,,,,,,,,,,,,,,,,,,,,,,,,,,,,,,,,,,,,,,,,,,,,,,,,,,,,,,,,,,,,,,,,,,,,,,,,,,,,,,,,,,,,,,,,,,,,,,,,,,,,,,,,,,,,,,olfactory receptor 2A1/2A42 [KO:K04257],,,,,,,,,,,,,,,,,,,,,,,,,,,,,,,,,,,,,,,,,,,,,,,,,,,,,,,DNAH10,,,,,,,,,,,,,,,,,,,,,,,,,,,,,,,ZNF721,,,,PML,,,,,,,,,,,,,,,,,,,,,,,,,,,,,,,,,,,,,,,,,,
392,,,,,,,,,,,,,,,,,,,,,,,,,,,,,,,,,,,,,,,,,,,,,,,,,,,,,,,,,,,,,,,,,,,,,,,,,,,,,,,,,,,,,,,,,,,,,,,,,,,,,,,,,,,,,,,,,,,,,,,,,,,,,,,,,,,,,,,,,,,,,,,,,,,,,,,,,,,,,,,,,,,,,,,,,,,,,,,,,,,,,,,,,,,,,,,,,,,,,,,,,,,,,,,,OR10D3,,,,,,,,,,,,,,,,,,,,,,,,,,,,,,,,,,,,,,,,,,,,,,,,,,,,,,,DNAH17,,,,,,,,,,,,,,,,,,,,,,,,,,,,,,,ZNF585A,,,,RUNX1,,,,,,,,,,,,,,,,,,,,,,,,,,,,,,,,,,,,,,,,,,
393,,,,,,,,,,,,,,,,,,,,,,,,,,,,,,,,,,,,,,,,,,,,,,,,,,,,,,,,,,,,,,,,,,,,,,,,,,,,,,,,,,,,,,,,,,,,,,,,,,,,,,,,,,,,,,,,,,,,,,,,,,,,,,,,,,,,,,,,,,,,,,,,,,,,,,,,,,,,,,,,,,,,,,,,,,,,,,,,,,,,,,,,,,,,,,,,,,,,,,,,,,,,,,,,OR14K1,,,,,,,,,,,,,,,,,,,,,,,,,,,,,,,,,,,,,,,,,,,,,,,,,,,,,,,DNALI1,,,,,,,,,,,,,,,,,,,,,,,,,,,,,,,ZNF619,,,,RUNX1T1,,,,,,,,,,,,,,,,,,,,,,,,,,,,,,,,,,,,,,,,,,
394,,,,,,,,,,,,,,,,,,,,,,,,,,,,,,,,,,,,,,,,,,,,,,,,,,,,,,,,,,,,,,,,,,,,,,,,,,,,,,,,,,,,,,,,,,,,,,,,,,,,,,,,,,,,,,,,,,,,,,,,,,,,,,,,,,,,,,,,,,,,,,,,,,,,,,,,,,,,,,,,,,,,,,,,,,,,,,,,,,,,,,,,,,,,,,,,,,,,,,,,,,,,,,,,OR14A2,,,,,,,,,,,,,,,,,,,,,,,,,,,,,,,,,,,,,,,,,,,,,,,,,,,,,,,DNAI1,,,,,,,,,,,,,,,,,,,,,,,,,,,,,,,ZNF761,,,,SPI1,,,,,,,,,,,,,,,,,,,,,,,,,,,,,,,,,,,,,,,,,,
395,,,,,,,,,,,,,,,,,,,,,,,,,,,,,,,,,,,,,,,,,,,,,,,,,,,,,,,,,,,,,,,,,,,,,,,,,,,,,,,,,,,,,,,,,,,,,,,,,,,,,,,,,,,,,,,,,,,,,,,,,,,,,,,,,,,,,,,,,,,,,,,,,,,,,,,,,,,,,,,,,,,,,,,,,,,,,,,,,,,,,,,,,,,,,,,,,,,,,,,,,,,,,,,,OR52E5,,,,,,,,,,,,,,,,,,,,,,,,,,,,,,,,,,,,,,,,,,,,,,,,,,,,,,,DNAI2,,,,,,,,,,,,,,,,,,,,,,,,,,,,,,,ZNF107,,,,CEBPA,,,,,,,,,,,,,,,,,,,,,,,,,,,,,,,,,,,,,,,,,,
396,,,,,,,,,,,,,,,,,,,,,,,,,,,,,,,,,,,,,,,,,,,,,,,,,,,,,,,,,,,,,,,,,,,,,,,,,,,,,,,,,,,,,,,,,,,,,,,,,,,,,,,,,,,,,,,,,,,,,,,,,,,,,,,,,,,,,,,,,,,,,,,,,,,,,,,,,,,,,,,,,,,,,,,,,,,,,,,,,,,,,,,,,,,,,,,,,,,,,,,,,,,,,,,,OR11H7,,,,,,,,,,,,,,,,,,,,,,,,,,,,,,,,,,,,,,,,,,,,,,,,,,,,,,,DNAL1,,,,,,,,,,,,,,,,,,,,,,,,,,,,,,,ZNF83,,,,CSF2RA,,,,,,,,,,,,,,,,,,,,,,,,,,,,,,,,,,,,,,,,,,
397,,,,,,,,,,,,,,,,,,,,,,,,,,,,,,,,,,,,,,,,,,,,,,,,,,,,,,,,,,,,,,,,,,,,,,,,,,,,,,,,,,,,,,,,,,,,,,,,,,,,,,,,,,,,,,,,,,,,,,,,,,,,,,,,,,,,,,,,,,,,,,,,,,,,,,,,,,,,,,,,,,,,,,,,,,,,,,,,,,,,,,,,,,,,,,,,,,,,,,,,,,,,,,,,OR11H2,,,,,,,,,,,,,,,,,,,,,,,,,,,,,,,,,,,,,,,,,,,,,,,,,,,,,,,DNAL4,,,,,,,,,,,,,,,,,,,,,,,,,,,,,,,ZNF529,,,,CSF3R,,,,,,,,,,,,,,,,,,,,,,,,,,,,,,,,,,,,,,,,,,
398,,,,,,,,,,,,,,,,,,,,,,,,,,,,,,,,,,,,,,,,,,,,,,,,,,,,,,,,,,,,,,,,,,,,,,,,,,,,,,,,,,,,,,,,,,,,,,,,,,,,,,,,,,,,,,,,,,,,,,,,,,,,,,,,,,,,,,,,,,,,,,,,,,,,,,,,,,,,,,,,,,,,,,,,,,,,,,,,,,,,,,,,,,,,,,,,,,,,,,,,,,,,,,,,OR2T7,,,,,,,,,,,,,,,,,,,,,,,,,,,,,,,,,,,,,,,,,,,,,,,,,,,,,,,CAMK2A,,,,,,,,,,,,,,,,,,,,,,,,,,,,,,,ZNF814,,,,CSF1R,,,,,,,,,,,,,,,,,,,,,,,,,,,,,,,,,,,,,,,,,,
399,,,,,,,,,,,,,,,,,,,,,,,,,,,,,,,,,,,,,,,,,,,,,,,,,,,,,,,,,,,,,,,,,,,,,,,,,,,,,,,,,,,,,,,,,,,,,,,,,,,,,,,,,,,,,,,,,,,,,,,,,,,,,,,,,,,,,,,,,,,,,,,,,,,,,,,,,,,,,,,,,,,,,,,,,,,,,,,,,,,,,,,,,,,,,,,,,,,,,,,,,,,,,,,,GNAL,,,,,,,,,,,,,,,,,,,,,,,,,,,,,,,,,,,,,,,,,,,,,,,,,,,,,,,CAMK2D,,,,,,,,,,,,,,,,,,,,,,,,,,,,,,,ZNF735,,,,CDKN2A,,,,,,,,,,,,,,,,,,,,,,,,,,,,,,,,,,,,,,,,,,
400,,,,,,,,,,,,,,,,,,,,,,,,,,,,,,,,,,,,,,,,,,,,,,,,,,,,,,,,,,,,,,,,,,,,,,,,,,,,,,,,,,,,,,,,,,,,,,,,,,,,,,,,,,,,,,,,,,,,,,,,,,,,,,,,,,,,,,,,,,,,,,,,,,,,,,,,,,,,,,,,,,,,,,,,,,,,,,,,,,,,,,,,,,,,,,,,,,,,,,,,,,,,,,,,GNB1,,,,,,,,,,,,,,,,,,,,,,,,,,,,,,,,,,,,,,,,,,,,,,,,,,,,,,,CAMK2B,,,,,,,,,,,,,,,,,,,,,,,,,,,,,,,ZNF845,,,,E2F1,,,,,,,,,,,,,,,,,,,,,,,,,,,,,,,,,,,,,,,,,,
401,,,,,,,,,,,,,,,,,,,,,,,,,,,,,,,,,,,,,,,,,,,,,,,,,,,,,,,,,,,,,,,,,,,,,,,,,,,,,,,,,,,,,,,,,,,,,,,,,,,,,,,,,,,,,,,,,,,,,,,,,,,,,,,,,,,,,,,,,,,,,,,,,,,,,,,,,,,,,,,,,,,,,,,,,,,,,,,,,,,,,,,,,,,,,,,,,,,,,,,,,,,,,,,,GNG7,,,,,,,,,,,,,,,,,,,,,,,,,,,,,,,,,,,,,,,,,,,,,,,,,,,,,,,CAMK2G,,,,,,,,,,,,,,,,,,,,,,,,,,,,,,,ZNF749,,,,E2F2,,,,,,,,,,,,,,,,,,,,,,,,,,,,,,,,,,,,,,,,,,
402,,,,,,,,,,,,,,,,,,,,,,,,,,,,,,,,,,,,,,,,,,,,,,,,,,,,,,,,,,,,,,,,,,,,,,,,,,,,,,,,,,,,,,,,,,,,,,,,,,,,,,,,,,,,,,,,,,,,,,,,,,,,,,,,,,,,,,,,,,,,,,,,,,,,,,,,,,,,,,,,,,,,,,,,,,,,,,,,,,,,,,,,,,,,,,,,,,,,,,,,,,,,,,,,GNG13,,,,,,,,,,,,,,,,,,,,,,,,,,,,,,,,,,,,,,,,,,,,,,,,,,,,,,,CAPN1,,,,,,,,,,,,,,,,,,,,,,,,,,,,,,,ZNF841,,,,E2F3,,,,,,,,,,,,,,,,,,,,,,,,,,,,,,,,,,,,,,,,,,
403,,,,,,,,,,,,,,,,,,,,,,,,,,,,,,,,,,,,,,,,,,,,,,,,,,,,,,,,,,,,,,,,,,,,,,,,,,,,,,,,,,,,,,,,,,,,,,,,,,,,,,,,,,,,,,,,,,,,,,,,,,,,,,,,,,,,,,,,,,,,,,,,,,,,,,,,,,,,,,,,,,,,,,,,,,,,,,,,,,,,,,,,,,,,,,,,,,,,,,,,,,,,,,,,ADCY3,,,,,,,,,,,,,,,,,,,,,,,,,,,,,,,,,,,,,,,,,,,,,,,,,,,,,,,CAPN2,,,,,,,,,,,,,,,,,,,,,,,,,,,,,,,ZNF316,,,,MAX,,,,,,,,,,,,,,,,,,,,,,,,,,,,,,,,,,,,,,,,,,
404,,,,,,,,,,,,,,,,,,,,,,,,,,,,,,,,,,,,,,,,,,,,,,,,,,,,,,,,,,,,,,,,,,,,,,,,,,,,,,,,,,,,,,,,,,,,,,,,,,,,,,,,,,,,,,,,,,,,,,,,,,,,,,,,,,,,,,,,,,,,,,,,,,,,,,,,,,,,,,,,,,,,,,,,,,,,,,,,,,,,,,,,,,,,,,,,,,,,,,,,,,,,,,,,CNGA2,,,,,,,,,,,,,,,,,,,,,,,,,,,,,,,,,,,,,,,,,,,,,,,,,,,,,,,CDK5R1,,,,,,,,,,,,,,,,,,,,,,,,,,,,,,,ZNF717,,,,ZBTB17,,,,,,,,,,,,,,,,,,,,,,,,,,,,,,,,,,,,,,,,,,
405,,,,,,,,,,,,,,,,,,,,,,,,,,,,,,,,,,,,,,,,,,,,,,,,,,,,,,,,,,,,,,,,,,,,,,,,,,,,,,,,,,,,,,,,,,,,,,,,,,,,,,,,,,,,,,,,,,,,,,,,,,,,,,,,,,,,,,,,,,,,,,,,,,,,,,,,,,,,,,,,,,,,,,,,,,,,,,,,,,,,,,,,,,,,,,,,,,,,,,,,,,,,,,,,CNGA4,,,,,,,,,,,,,,,,,,,,,,,,,,,,,,,,,,,,,,,,,,,,,,,,,,,,,,,CDK5,,,,,,,,,,,,,,,,,,,,,,,,,,,,,,,ZNF780A,,,,CDKN2B,,,,,,,,,,,,,,,,,,,,,,,,,,,,,,,,,,,,,,,,,,
406,,,,,,,,,,,,,,,,,,,,,,,,,,,,,,,,,,,,,,,,,,,,,,,,,,,,,,,,,,,,,,,,,,,,,,,,,,,,,,,,,,,,,,,,,,,,,,,,,,,,,,,,,,,,,,,,,,,,,,,,,,,,,,,,,,,,,,,,,,,,,,,,,,,,,,,,,,,,,,,,,,,,,,,,,,,,,,,,,,,,,,,,,,,,,,,,,,,,,,,,,,,,,,,,CNGB1,,,,,,,,,,,,,,,,,,,,,,,,,,,,,,,,,,,,,,,,,,,,,,,,,,,,,,,CASP7,,,,,,,,,,,,,,,,,,,,,,,,,,,,,,,ZNF74,,,,CDK6,,,,,,,,,,,,,,,,,,,,,,,,,,,,,,,,,,,,,,,,,,
407,,,,,,,,,,,,,,,,,,,,,,,,,,,,,,,,,,,,,,,,,,,,,,,,,,,,,,,,,,,,,,,,,,,,,,,,,,,,,,,,,,,,,,,,,,,,,,,,,,,,,,,,,,,,,,,,,,,,,,,,,,,,,,,,,,,,,,,,,,,,,,,,,,,,,,,,,,,,,,,,,,,,,,,,,,,,,,,,,,,,,,,,,,,,,,,,,,,,,,,,,,,,,,,,ANO2,,,,,,,,,,,,,,,,,,,,,,,,,,,,,,,,,,,,,,,,,,,,,,,,,,,,,,,DKK1,,,,,,,,,,,,,,,,,,,,,,,,,,,,,,,ZNF726,,,,CCND2,,,,,,,,,,,,,,,,,,,,,,,,,,,,,,,,,,,,,,,,,,
408,,,,,,,,,,,,,,,,,,,,,,,,,,,,,,,,,,,,,,,,,,,,,,,,,,,,,,,,,,,,,,,,,,,,,,,,,,,,,,,,,,,,,,,,,,,,,,,,,,,,,,,,,,,,,,,,,,,,,,,,,,,,,,,,,,,,,,,,,,,,,,,,,,,,,,,,,,,,,,,,,,,,,,,,,,,,,,,,,,,,,,,,,,,,,,,,,,,,,,,,,,,,,,,,GUCY2D,,,,,,,,,,,,,,,,,,,,,,,,,,,,,,,,,,,,,,,,,,,,,,,,,,,,,,,DKK2,,,,,,,,,,,,,,,,,,,,,,,,,,,,,,,ZNF600,,,,CCND3,,,,,,,,,,,,,,,,,,,,,,,,,,,,,,,,,,,,,,,,,,
409,,,,,,,,,,,,,,,,,,,,,,,,,,,,,,,,,,,,,,,,,,,,,,,,,,,,,,,,,,,,,,,,,,,,,,,,,,,,,,,,,,,,,,,,,,,,,,,,,,,,,,,,,,,,,,,,,,,,,,,,,,,,,,,,,,,,,,,,,,,,,,,,,,,,,,,,,,,,,,,,,,,,,,,,,,,,,,,,,,,,,,,,,,,,,,,,,,,,,,,,,,,,,,,,CNGA3,,,,,,,,,,,,,,,,,,,,,,,,,,,,,,,,,,,,,,,,,,,,,,,,,,,,,,,DKK4,,,,,,,,,,,,,,,,,,,,,,,,,,,,,,,ZNF737,,,,CKS1B,,,,,,,,,,,,,,,,,,,,,,,,,,,,,,,,,,,,,,,,,,
410,,,,,,,,,,,,,,,,,,,,,,,,,,,,,,,,,,,,,,,,,,,,,,,,,,,,,,,,,,,,,,,,,,,,,,,,,,,,,,,,,,,,,,,,,,,,,,,,,,,,,,,,,,,,,,,,,,,,,,,,,,,,,,,,,,,,,,,,,,,,,,,,,,,,,,,,,,,,,,,,,,,,,,,,,,,,,,,,,,,,,,,,,,,,,,,,,,,,,,,,,,,,,,,,NCALD,,,,,,,,,,,,,,,,,,,,,,,,,,,,,,,,,,,,,,,,,,,,,,,,,,,,,,,WNT1,,,,,,,,,,,,,,,,,,,,,,,,,,,,,,,ZNF808,,,,CKS2,,,,,,,,,,,,,,,,,,,,,,,,,,,,,,,,,,,,,,,,,,
411,,,,,,,,,,,,,,,,,,,,,,,,,,,,,,,,,,,,,,,,,,,,,,,,,,,,,,,,,,,,,,,,,,,,,,,,,,,,,,,,,,,,,,,,,,,,,,,,,,,,,,,,,,,,,,,,,,,,,,,,,,,,,,,,,,,,,,,,,,,,,,,,,,,,,,,,,,,,,,,,,,,,,,,,,,,,,,,,,,,,,,,,,,,,,,,,,,,,,,,,,,,,,,,,PRKG1,,,,,,,,,,,,,,,,,,,,,,,,,,,,,,,,,,,,,,,,,,,,,,,,,,,,,,,WNT2,,,,,,,,,,,,,,,,,,,,,,,,,,,,,,,ZNF888,,,,SKP1,,,,,,,,,,,,,,,,,,,,,,,,,,,,,,,,,,,,,,,,,,
412,,,,,,,,,,,,,,,,,,,,,,,,,,,,,,,,,,,,,,,,,,,,,,,,,,,,,,,,,,,,,,,,,,,,,,,,,,,,,,,,,,,,,,,,,,,,,,,,,,,,,,,,,,,,,,,,,,,,,,,,,,,,,,,,,,,,,,,,,,,,,,,,,,,,,,,,,,,,,,,,,,,,,,,,,,,,,,,,,,,,,,,,,,,,,,,,,,,,,,,,,,,,,,,,PRKG2,,,,,,,,,,,,,,,,,,,,,,,,,,,,,,,,,,,,,,,,,,,,,,,,,,,,,,,WNT2B,,,,,,,,,,,,,,,,,,,,,,,,,,,,,,,ZNF805,,,,CUL1,,,,,,,,,,,,,,,,,,,,,,,,,,,,,,,,,,,,,,,,,,
413,,,,,,,,,,,,,,,,,,,,,,,,,,,,,,,,,,,,,,,,,,,,,,,,,,,,,,,,,,,,,,,,,,,,,,,,,,,,,,,,,,,,,,,,,,,,,,,,,,,,,,,,,,,,,,,,,,,,,,,,,,,,,,,,,,,,,,,,,,,,,,,,,,,,,,,,,,,,,,,,,,,,,,,,,,,,,,,,,,,,,,,,,,,,,,,,,,,,,,,,,,,,,,,,SLC8A1,,,,,,,,,,,,,,,,,,,,,,,,,,,,,,,,,,,,,,,,,,,,,,,,,,,,,,,WNT3,,,,,,,,,,,,,,,,,,,,,,,,,,,,,,,ZNF441,,,,RBX1,,,,,,,,,,,,,,,,,,,,,,,,,,,,,,,,,,,,,,,,,,
414,,,,,,,,,,,,,,,,,,,,,,,,,,,,,,,,,,,,,,,,,,,,,,,,,,,,,,,,,,,,,,,,,,,,,,,,,,,,,,,,,,,,,,,,,,,,,,,,,,,,,,,,,,,,,,,,,,,,,,,,,,,,,,,,,,,,,,,,,,,,,,,,,,,,,,,,,,,,,,,,,,,,,,,,,,,,,,,,,,,,,,,,,,,,,,,,,,,,,,,,,,,,,,,,SLC8A2,,,,,,,,,,,,,,,,,,,,,,,,,,,,,,,,,,,,,,,,,,,,,,,,,,,,,,,WNT3A,,,,,,,,,,,,,,,,,,,,,,,,,,,,,,,ZNF573,,,,SKP2,,,,,,,,,,,,,,,,,,,,,,,,,,,,,,,,,,,,,,,,,,
415,,,,,,,,,,,,,,,,,,,,,,,,,,,,,,,,,,,,,,,,,,,,,,,,,,,,,,,,,,,,,,,,,,,,,,,,,,,,,,,,,,,,,,,,,,,,,,,,,,,,,,,,,,,,,,,,,,,,,,,,,,,,,,,,,,,,,,,,,,,,,,,,,,,,,,,,,,,,,,,,,,,,,,,,,,,,,,,,,,,,,,,,,,,,,,,,,,,,,,,,,,,,,,,,SLC8A3,,,,,,,,,,,,,,,,,,,,,,,,,,,,,,,,,,,,,,,,,,,,,,,,,,,,,,,WNT4,,,,,,,,,,,,,,,,,,,,,,,,,,,,,,,ZNF578,,,,CDK2,,,,,,,,,,,,,,,,,,,,,,,,,,,,,,,,,,,,,,,,,,
416,,,,,,,,,,,,,,,,,,,,,,,,,,,,,,,,,,,,,,,,,,,,,,,,,,,,,,,,,,,,,,,,,,,,,,,,,,,,,,,,,,,,,,,,,,,,,,,,,,,,,,,,,,,,,,,,,,,,,,,,,,,,,,,,,,,,,,,,,,,,,,,,,,,,,,,,,,,,,,,,,,,,,,,,,,,,,,,,,,,,,,,,,,,,,,,,,,,,,,,,,,,,,,,,SLC24A4,,,,,,,,,,,,,,,,,,,,,,,,,,,,,,,,,,,,,,,,,,,,,,,,,,,,,,,WNT5A,,,,,,,,,,,,,,,,,,,,,,,,,,,,,,,ZNF264,,,,CCNE1,,,,,,,,,,,,,,,,,,,,,,,,,,,,,,,,,,,,,,,,,,
417,,,,,,,,,,,,,,,,,,,,,,,,,,,,,,,,,,,,,,,,,,,,,,,,,,,,,,,,,,,,,,,,,,,,,,,,,,,,,,,,,,,,,,,,,,,,,,,,,,,,,,,,,,,,,,,,,,,,,,,,,,,,,,,,,,,,,,,,,,,,,,,,,,,,,,,,,,,,,,,,,,,,,,,,,,,,,,,,,,,,,,,,,,,,,,,,,,,,,,,,,,,,,,,,GRK2,,,,,,,,,,,,,,,,,,,,,,,,,,,,,,,,,,,,,,,,,,,,,,,,,,,,,,,WNT5B,,,,,,,,,,,,,,,,,,,,,,,,,,,,,,,ZNF525,,,,CCNE2,,,,,,,,,,,,,,,,,,,,,,,,,,,,,,,,,,,,,,,,,,
418,,,,,,,,,,,,,,,,,,,,,,,,,,,,,,,,,,,,,,,,,,,,,,,,,,,,,,,,,,,,,,,,,,,,,,,,,,,,,,,,,,,,,,,,,,,,,,,,,,,,,,,,,,,,,,,,,,,,,,,,,,,,,,,,,,,,,,,,,,,,,,,,,,,,,,,,,,,,,,,,,,,,,,,,,,,,,,,,,,,,,,,,,,,,,,,,,,,,,,,,,,,,,,,,GRK3,,,,,,,,,,,,,,,,,,,,,,,,,,,,,,,,,,,,,,,,,,,,,,,,,,,,,,,WNT6,,,,,,,,,,,,,,,,,,,,,,,,,,,,,,,ZNF765-ZNF761,,,,RB1,,,,,,,,,,,,,,,,,,,,,,,,,,,,,,,,,,,,,,,,,,
419,,,,,,,,,,,,,,,,,,,,,,,,,,,,,,,,,,,,,,,,,,,,,,,,,,,,,,,,,,,,,,,,,,,,,,,,,,,,,,,,,,,,,,,,,,,,,,,,,,,,,,,,,,,,,,,,,,,,,,,,,,,,,,,,,,,,,,,,,,,,,,,,,,,,,,,,,,,,,,,,,,,,,,,,,,,,,,,,,,,,,,,,,,,,,,,,,,,,,,,,,,,,,,,,ARRB1,,,,,,,,,,,,,,,,,,,,,,,,,,,,,,,,,,,,,,,,,,,,,,,,,,,,,,,WNT7A,,,,,,,,,,,,,,,,,,,,,,,,,,,,,,,ZNF28,,,,GADD45A,,,,,,,,,,,,,,,,,,,,,,,,,,,,,,,,,,,,,,,,,,
420,,,,,,,,,,,,,,,,,,,,,,,,,,,,,,,,,,,,,,,,,,,,,,,,,,,,,,,,,,,,,,,,,,,,,,,,,,,,,,,,,,,,,,,,,,,,,,,,,,,,,,,,,,,,,,,,,,,,,,,,,,,,,,,,,,,,,,,,,,,,,,,,,,,,,,,,,,,,,,,,,,,,,,,,,,,,,,,,,,,,,,,,,,,,,,,,,,,,,,,,,,,,,,,,ARRB2,,,,,,,,,,,,,,,,,,,,,,,,,,,,,,,,,,,,,,,,,,,,,,,,,,,,,,,WNT7B,,,,,,,,,,,,,,,,,,,,,,,,,,,,,,,ZNF724,,,,GADD45B,,,,,,,,,,,,,,,,,,,,,,,,,,,,,,,,,,,,,,,,,,
421,,,,,,,,,,,,,,,,,,,,,,,,,,,,,,,,,,,,,,,,,,,,,,,,,,,,,,,,,,,,,,,,,,,,,,,,,,,,,,,,,,,,,,,,,,,,,,,,,,,,,,,,,,,,,,,,,,,,,,,,,,,,,,,,,,,,,,,,,,,,,,,,,,,,,,,,,,,,,,,,,,,,,,,,,,,,,,,,,,,,,,,,,,,,,,,,,,,,,,,,,,,,,,,,RGS2,,,,,,,,,,,,,,,,,,,,,,,,,,,,,,,,,,,,,,,,,,,,,,,,,,,,,,,WNT8A,,,,,,,,,,,,,,,,,,,,,,,,,,,,,,,ZNF66,,,,GADD45G,,,,,,,,,,,,,,,,,,,,,,,,,,,,,,,,,,,,,,,,,,
422,,,,,,,,,,,,,,,,,,,,,,,,,,,,,,,,,,,,,,,,,,,,,,,,,,,,,,,,,,,,,,,,,,,,,,,,,,,,,,,,,,,,,,,,,,,,,,,,,,,,,,,,,,,,,,,,,,,,,,,,,,,,,,,,,,,,,,,,,,,,,,,,,,,,,,,,,,,,,,,,,,,,,,,,,,,,,,,,,,,,,,,,,,,,,,,,,,,,,,,,,,,,,,,,PRKACA,,,,,,,,,,,,,,,,,,,,,,,,,,,,,,,,,,,,,,,,,,,,,,,,,,,,,,,WNT8B,,,,,,,,,,,,,,,,,,,,,,,,,,,,,,,ZNF728,,,,BAX,,,,,,,,,,,,,,,,,,,,,,,,,,,,,,,,,,,,,,,,,,
423,,,,,,,,,,,,,,,,,,,,,,,,,,,,,,,,,,,,,,,,,,,,,,,,,,,,,,,,,,,,,,,,,,,,,,,,,,,,,,,,,,,,,,,,,,,,,,,,,,,,,,,,,,,,,,,,,,,,,,,,,,,,,,,,,,,,,,,,,,,,,,,,,,,,,,,,,,,,,,,,,,,,,,,,,,,,,,,,,,,,,,,,,,,,,,,,,,,,,,,,,,,,,,,,PRKACB,,,,,,,,,,,,,,,,,,,,,,,,,,,,,,,,,,,,,,,,,,,,,,,,,,,,,,,WNT9A,,,,,,,,,,,,,,,,,,,,,,,,,,,,,,,ZNF681,,,,BAK1,,,,,,,,,,,,,,,,,,,,,,,,,,,,,,,,,,,,,,,,,,
424,,,,,,,,,,,,,,,,,,,,,,,,,,,,,,,,,,,,,,,,,,,,,,,,,,,,,,,,,,,,,,,,,,,,,,,,,,,,,,,,,,,,,,,,,,,,,,,,,,,,,,,,,,,,,,,,,,,,,,,,,,,,,,,,,,,,,,,,,,,,,,,,,,,,,,,,,,,,,,,,,,,,,,,,,,,,,,,,,,,,,,,,,,,,,,,,,,,,,,,,,,,,,,,,PRKACG,,,,,,,,,,,,,,,,,,,,,,,,,,,,,,,,,,,,,,,,,,,,,,,,,,,,,,,WNT9B,,,,,,,,,,,,,,,,,,,,,,,,,,,,,,,Zinc finger protein LOC122539214 [KO:K09228],,,,DDB2,,,,,,,,,,,,,,,,,,,,,,,,,,,,,,,,,,,,,,,,,,
425,,,,,,,,,,,,,,,,,,,,,,,,,,,,,,,,,,,,,,,,,,,,,,,,,,,,,,,,,,,,,,,,,,,,,,,,,,,,,,,,,,,,,,,,,,,,,,,,,,,,,,,,,,,,,,,,,,,,,,,,,,,,,,,,,,,,,,,,,,,,,,,,,,,,,,,,,,,,,,,,,,,,,,,,,,,,,,,,,,,,,,,,,,,,,,,,,,,,,,,,,,,,,,,,CAMK2A,,,,,,,,,,,,,,,,,,,,,,,,,,,,,,,,,,,,,,,,,,,,,,,,,,,,,,,WNT10B,,,,,,,,,,,,,,,,,,,,,,,,,,,,,,,ZNF92,,,,POLK,,,,,,,,,,,,,,,,,,,,,,,,,,,,,,,,,,,,,,,,,,
426,,,,,,,,,,,,,,,,,,,,,,,,,,,,,,,,,,,,,,,,,,,,,,,,,,,,,,,,,,,,,,,,,,,,,,,,,,,,,,,,,,,,,,,,,,,,,,,,,,,,,,,,,,,,,,,,,,,,,,,,,,,,,,,,,,,,,,,,,,,,,,,,,,,,,,,,,,,,,,,,,,,,,,,,,,,,,,,,,,,,,,,,,,,,,,,,,,,,,,,,,,,,,,,,CAMK2D,,,,,,,,,,,,,,,,,,,,,,,,,,,,,,,,,,,,,,,,,,,,,,,,,,,,,,,WNT10A,,,,,,,,,,,,,,,,,,,,,,,,,,,,,,,ZNF732,,,,TERT,,,,,,,,,,,,,,,,,,,,,,,,,,,,,,,,,,,,,,,,,,
427,,,,,,,,,,,,,,,,,,,,,,,,,,,,,,,,,,,,,,,,,,,,,,,,,,,,,,,,,,,,,,,,,,,,,,,,,,,,,,,,,,,,,,,,,,,,,,,,,,,,,,,,,,,,,,,,,,,,,,,,,,,,,,,,,,,,,,,,,,,,,,,,,,,,,,,,,,,,,,,,,,,,,,,,,,,,,,,,,,,,,,,,,,,,,,,,,,,,,,,,,,,,,,,,CAMK2B,,,,,,,,,,,,,,,,,,,,,,,,,,,,,,,,,,,,,,,,,,,,,,,,,,,,,,,WNT11,,,,,,,,,,,,,,,,,,,,,,,,,,,,,,,ZNF880,,,,TERC,,,,,,,,,,,,,,,,,,,,,,,,,,,,,,,,,,,,,,,,,,
428,,,,,,,,,,,,,,,,,,,,,,,,,,,,,,,,,,,,,,,,,,,,,,,,,,,,,,,,,,,,,,,,,,,,,,,,,,,,,,,,,,,,,,,,,,,,,,,,,,,,,,,,,,,,,,,,,,,,,,,,,,,,,,,,,,,,,,,,,,,,,,,,,,,,,,,,,,,,,,,,,,,,,,,,,,,,,,,,,,,,,,,,,,,,,,,,,,,,,,,,,,,,,,,,CAMK2G,,,,,,,,,,,,,,,,,,,,,,,,,,,,,,,,,,,,,,,,,,,,,,,,,,,,,,,WNT16,,,,,,,,,,,,,,,,,,,,,,,,,,,,,,,ZNF738,,,,MITF,,,,,,,,,,,,,,,,,,,,,,,,,,,,,,,,,,,,,,,,,,
429,,,,,,,,,,,,,,,,,,,,,,,,,,,,,,,,,,,,,,,,,,,,,,,,,,,,,,,,,,,,,,,,,,,,,,,,,,,,,,,,,,,,,,,,,,,,,,,,,,,,,,,,,,,,,,,,,,,,,,,,,,,,,,,,,,,,,,,,,,,,,,,,,,,,,,,,,,,,,,,,,,,,,,,,,,,,,,,,,,,,,,,,,,,,,,,,,,,,,,,,,,,,,,,,CALML3,,,,,,,,,,,,,,,,,,,,,,,,,,,,,,,,,,,,,,,,,,,,,,,,,,,,,,,FZD1,,,,,,,,,,,,,,,,,,,,,,,,,,,,,,,ZNF626,,,,TGFB1,,,,,,,,,,,,,,,,,,,,,,,,,,,,,,,,,,,,,,,,,,
430,,,,,,,,,,,,,,,,,,,,,,,,,,,,,,,,,,,,,,,,,,,,,,,,,,,,,,,,,,,,,,,,,,,,,,,,,,,,,,,,,,,,,,,,,,,,,,,,,,,,,,,,,,,,,,,,,,,,,,,,,,,,,,,,,,,,,,,,,,,,,,,,,,,,,,,,,,,,,,,,,,,,,,,,,,,,,,,,,,,,,,,,,,,,,,,,,,,,,,,,,,,,,,,,CALM2,,,,,,,,,,,,,,,,,,,,,,,,,,,,,,,,,,,,,,,,,,,,,,,,,,,,,,,FZD7,,,,,,,,,,,,,,,,,,,,,,,,,,,,,,,ZNF485,,,,TGFB2,,,,,,,,,,,,,,,,,,,,,,,,,,,,,,,,,,,,,,,,,,
431,,,,,,,,,,,,,,,,,,,,,,,,,,,,,,,,,,,,,,,,,,,,,,,,,,,,,,,,,,,,,,,,,,,,,,,,,,,,,,,,,,,,,,,,,,,,,,,,,,,,,,,,,,,,,,,,,,,,,,,,,,,,,,,,,,,,,,,,,,,,,,,,,,,,,,,,,,,,,,,,,,,,,,,,,,,,,,,,,,,,,,,,,,,,,,,,,,,,,,,,,,,,,,,,CALM3,,,,,,,,,,,,,,,,,,,,,,,,,,,,,,,,,,,,,,,,,,,,,,,,,,,,,,,FZD2,,,,,,,,,,,,,,,,,,,,,,,,,,,,,,,ZNF776,,,,TGFB3,,,,,,,,,,,,,,,,,,,,,,,,,,,,,,,,,,,,,,,,,,
432,,,,,,,,,,,,,,,,,,,,,,,,,,,,,,,,,,,,,,,,,,,,,,,,,,,,,,,,,,,,,,,,,,,,,,,,,,,,,,,,,,,,,,,,,,,,,,,,,,,,,,,,,,,,,,,,,,,,,,,,,,,,,,,,,,,,,,,,,,,,,,,,,,,,,,,,,,,,,,,,,,,,,,,,,,,,,,,,,,,,,,,,,,,,,,,,,,,,,,,,,,,,,,,,CALM1,,,,,,,,,,,,,,,,,,,,,,,,,,,,,,,,,,,,,,,,,,,,,,,,,,,,,,,FZD3,,,,,,,,,,,,,,,,,,,,,,,,,,,,,,,ZNF586,,,,TGFBR1,,,,,,,,,,,,,,,,,,,,,,,,,,,,,,,,,,,,,,,,,,
433,,,,,,,,,,,,,,,,,,,,,,,,,,,,,,,,,,,,,,,,,,,,,,,,,,,,,,,,,,,,,,,,,,,,,,,,,,,,,,,,,,,,,,,,,,,,,,,,,,,,,,,,,,,,,,,,,,,,,,,,,,,,,,,,,,,,,,,,,,,,,,,,,,,,,,,,,,,,,,,,,,,,,,,,,,,,,,,,,,,,,,,,,,,,,,,,,,,,,,,,,,,,,,,,CALML6,,,,,,,,,,,,,,,,,,,,,,,,,,,,,,,,,,,,,,,,,,,,,,,,,,,,,,,FZD4,,,,,,,,,,,,,,,,,,,,,,,,,,,,,,,BST2,,,,TGFBR2,,,,,,,,,,,,,,,,,,,,,,,,,,,,,,,,,,,,,,,,,,
434,,,,,,,,,,,,,,,,,,,,,,,,,,,,,,,,,,,,,,,,,,,,,,,,,,,,,,,,,,,,,,,,,,,,,,,,,,,,,,,,,,,,,,,,,,,,,,,,,,,,,,,,,,,,,,,,,,,,,,,,,,,,,,,,,,,,,,,,,,,,,,,,,,,,,,,,,,,,,,,,,,,,,,,,,,,,,,,,,,,,,,,,,,,,,,,,,,,,,,,,,,,,,,,,CALML5,,,,,,,,,,,,,,,,,,,,,,,,,,,,,,,,,,,,,,,,,,,,,,,,,,,,,,,FZD5,,,,,,,,,,,,,,,,,,,,,,,,,,,,,,,IFNG,,,,SMAD2,,,,,,,,,,,,,,,,,,,,,,,,,,,,,,,,,,,,,,,,,,
435,,,,,,,,,,,,,,,,,,,,,,,,,,,,,,,,,,,,,,,,,,,,,,,,,,,,,,,,,,,,,,,,,,,,,,,,,,,,,,,,,,,,,,,,,,,,,,,,,,,,,,,,,,,,,,,,,,,,,,,,,,,,,,,,,,,,,,,,,,,,,,,,,,,,,,,,,,,,,,,,,,,,,,,,,,,,,,,,,,,,,,,,,,,,,,,,,,,,,,,,,,,,,,,,CALML4,,,,,,,,,,,,,,,,,,,,,,,,,,,,,,,,,,,,,,,,,,,,,,,,,,,,,,,FZD8,,,,,,,,,,,,,,,,,,,,,,,,,,,,,,,IFNGR1,,,,SMAD3,,,,,,,,,,,,,,,,,,,,,,,,,,,,,,,,,,,,,,,,,,
436,,,,,,,,,,,,,,,,,,,,,,,,,,,,,,,,,,,,,,,,,,,,,,,,,,,,,,,,,,,,,,,,,,,,,,,,,,,,,,,,,,,,,,,,,,,,,,,,,,,,,,,,,,,,,,,,,,,,,,,,,,,,,,,,,,,,,,,,,,,,,,,,,,,,,,,,,,,,,,,,,,,,,,,,,,,,,,,,,,,,,,,,,,,,,,,,,,,,,,,,,,,,,,,,PDE1A,,,,,,,,,,,,,,,,,,,,,,,,,,,,,,,,,,,,,,,,,,,,,,,,,,,,,,,FZD6,,,,,,,,,,,,,,,,,,,,,,,,,,,,,,,IFNGR2,,,,SMAD4,,,,,,,,,,,,,,,,,,,,,,,,,,,,,,,,,,,,,,,,,,
437,,,,,,,,,,,,,,,,,,,,,,,,,,,,,,,,,,,,,,,,,,,,,,,,,,,,,,,,,,,,,,,,,,,,,,,,,,,,,,,,,,,,,,,,,,,,,,,,,,,,,,,,,,,,,,,,,,,,,,,,,,,,,,,,,,,,,,,,,,,,,,,,,,,,,,,,,,,,,,,,,,,,,,,,,,,,,,,,,,,,,,,,,,,,,,,,,,,,,,,,,,,,,,,,PDE1B,,,,,,,,,,,,,,,,,,,,,,,,,,,,,,,,,,,,,,,,,,,,,,,,,,,,,,,FZD10,,,,,,,,,,,,,,,,,,,,,,,,,,,,,,,JAK2,,,,MECOM,,,,,,,,,,,,,,,,,,,,,,,,,,,,,,,,,,,,,,,,,,
438,,,,,,,,,,,,,,,,,,,,,,,,,,,,,,,,,,,,,,,,,,,,,,,,,,,,,,,,,,,,,,,,,,,,,,,,,,,,,,,,,,,,,,,,,,,,,,,,,,,,,,,,,,,,,,,,,,,,,,,,,,,,,,,,,,,,,,,,,,,,,,,,,,,,,,,,,,,,,,,,,,,,,,,,,,,,,,,,,,,,,,,,,,,,,,,,,,,,,,,,,,,,,,,,PDE1C,,,,,,,,,,,,,,,,,,,,,,,,,,,,,,,,,,,,,,,,,,,,,,,,,,,,,,,FZD9,,,,,,,,,,,,,,,,,,,,,,,,,,,,,,,DAXX,,,,CTBP1,,,,,,,,,,,,,,,,,,,,,,,,,,,,,,,,,,,,,,,,,,
439,,,,,,,,,,,,,,,,,,,,,,,,,,,,,,,,,,,,,,,,,,,,,,,,,,,,,,,,,,,,,,,,,,,,,,,,,,,,,,,,,,,,,,,,,,,,,,,,,,,,,,,,,,,,,,,,,,,,,,,,,,,,,,,,,,,,,,,,,,,,,,,,,,,,,,,,,,,,,,,,,,,,,,,,,,,,,,,,,,,,,,,,,,,,,,,,,,,,,,,,,,,,,,,,PDE2A,,,,,,,,,,,,,,,,,,,,,,,,,,,,,,,,,,,,,,,,,,,,,,,,,,,,,,,LRP5,,,,,,,,,,,,,,,,,,,,,,,,,,,,,,,SP100,,,,CTBP2,,,,,,,,,,,,,,,,,,,,,,,,,,,,,,,,,,,,,,,,,,
440,,,,,,,,,,,,,,,,,,,,,,,,,,,,,,,,,,,,,,,,,,,,,,,,,,,,,,,,,,,,,,,,,,,,,,,,,,,,,,,,,,,,,,,,,,,,,,,,,,,,,,,,,,,,,,,,,,,,,,,,,,,,,,,,,,,,,,,,,,,,,,,,,,,,,,,,,,,,,,,,,,,,,,,,,,,,,,,,,,,,,,,,,,,,,,,,,,,,,,,,,,,,,,,,,,,,,,,,,,,,,,,,,,,,,,,,,,,,,,,,,,,,,,,,,,,,,,,,,,,,,,,LRP6,,,,,,,,,,,,,,,,,,,,,,,,,,,,,,,PML,,,,HDAC1,,,,,,,,,,,,,,,,,,,,,,,,,,,,,,,,,,,,,,,,,,
441,,,,,,,,,,,,,,,,,,,,,,,,,,,,,,,,,,,,,,,,,,,,,,,,,,,,,,,,,,,,,,,,,,,,,,,,,,,,,,,,,,,,,,,,,,,,,,,,,,,,,,,,,,,,,,,,,,,,,,,,,,,,,,,,,,,,,,,,,,,,,,,,,,,,,,,,,,,,,,,,,,,,,,,,,,,,,,,,,,,,,,,,,,,,,,,,,,,,,,,,,,,,,,,,,,,,,,,,,,,,,,,,,,,,,,,,,,,,,,,,,,,,,,,,,,,,,,,,,,,,,,,CSNK1E,,,,,,,,,,,,,,,,,,,,,,,,,,,,,,,TAP1,,,,HDAC2,,,,,,,,,,,,,,,,,,,,,,,,,,,,,,,,,,,,,,,,,,
442,,,,,,,,,,,,,,,,,,,,,,,,,,,,,,,,,,,,,,,,,,,,,,,,,,,,,,,,,,,,,,,,,,,,,,,,,,,,,,,,,,,,,,,,,,,,,,,,,,,,,,,,,,,,,,,,,,,,,,,,,,,,,,,,,,,,,,,,,,,,,,,,,,,,,,,,,,,,,,,,,,,,,,,,,,,,,,,,,,,,,,,,,,,,,,,,,,,,,,,,,,,,,,,,,,,,,,,,,,,,,,,,,,,,,,,,,,,,,,,,,,,,,,,,,,,,,,,,,,,,,,,TPTEP2-CSNK1E,,,,,,,,,,,,,,,,,,,,,,,,,,,,,,,TAP2,,,,MLH1,,,,,,,,,,,,,,,,,,,,,,,,,,,,,,,,,,,,,,,,,,
443,,,,,,,,,,,,,,,,,,,,,,,,,,,,,,,,,,,,,,,,,,,,,,,,,,,,,,,,,,,,,,,,,,,,,,,,,,,,,,,,,,,,,,,,,,,,,,,,,,,,,,,,,,,,,,,,,,,,,,,,,,,,,,,,,,,,,,,,,,,,,,,,,,,,,,,,,,,,,,,,,,,,,,,,,,,,,,,,,,,,,,,,,,,,,,,,,,,,,,,,,,,,,,,,,,,,,,,,,,,,,,,,,,,,,,,,,,,,,,,,,,,,,,,,,,,,,,,,,,,,,,,DVL3,,,,,,,,,,,,,,,,,,,,,,,,,,,,,,,TAPBP,,,,MSH2,,,,,,,,,,,,,,,,,,,,,,,,,,,,,,,,,,,,,,,,,,
444,,,,,,,,,,,,,,,,,,,,,,,,,,,,,,,,,,,,,,,,,,,,,,,,,,,,,,,,,,,,,,,,,,,,,,,,,,,,,,,,,,,,,,,,,,,,,,,,,,,,,,,,,,,,,,,,,,,,,,,,,,,,,,,,,,,,,,,,,,,,,,,,,,,,,,,,,,,,,,,,,,,,,,,,,,,,,,,,,,,,,,,,,,,,,,,,,,,,,,,,,,,,,,,,,,,,,,,,,,,,,,,,,,,,,,,,,,,,,,,,,,,,,,,,,,,,,,,,,,,,,,,DVL2,,,,,,,,,,,,,,,,,,,,,,,,,,,,,,,PDIA3,,,,MSH3,,,,,,,,,,,,,,,,,,,,,,,,,,,,,,,,,,,,,,,,,,
445,,,,,,,,,,,,,,,,,,,,,,,,,,,,,,,,,,,,,,,,,,,,,,,,,,,,,,,,,,,,,,,,,,,,,,,,,,,,,,,,,,,,,,,,,,,,,,,,,,,,,,,,,,,,,,,,,,,,,,,,,,,,,,,,,,,,,,,,,,,,,,,,,,,,,,,,,,,,,,,,,,,,,,,,,,,,,,,,,,,,,,,,,,,,,,,,,,,,,,,,,,,,,,,,,,,,,,,,,,,,,,,,,,,,,,,,,,,,,,,,,,,,,,,,,,,,,,,,,,,,,,,DVL1,,,,,,,,,,,,,,,,,,,,,,,,,,,,,,,CALR,,,,MSH6,,,,,,,,,,,,,,,,,,,,,,,,,,,,,,,,,,,,,,,,,,
446,,,,,,,,,,,,,,,,,,,,,,,,,,,,,,,,,,,,,,,,,,,,,,,,,,,,,,,,,,,,,,,,,,,,,,,,,,,,,,,,,,,,,,,,,,,,,,,,,,,,,,,,,,,,,,,,,,,,,,,,,,,,,,,,,,,,,,,,,,,,,,,,,,,,,,,,,,,,,,,,,,,,,,,,,,,,,,,,,,,,,,,,,,,,,,,,,,,,,,,,,,,,,,,,,,,,,,,,,,,,,,,,,,,,,,,,,,,,,,,,,,,,,,,,,,,,,,,,,,,,,,,FRAT1,,,,,,,,,,,,,,,,,,,,,,,,,,,,,,,HLA-A,,,,BRCA2,,,,,,,,,,,,,,,,,,,,,,,,,,,,,,,,,,,,,,,,,,
447,,,,,,,,,,,,,,,,,,,,,,,,,,,,,,,,,,,,,,,,,,,,,,,,,,,,,,,,,,,,,,,,,,,,,,,,,,,,,,,,,,,,,,,,,,,,,,,,,,,,,,,,,,,,,,,,,,,,,,,,,,,,,,,,,,,,,,,,,,,,,,,,,,,,,,,,,,,,,,,,,,,,,,,,,,,,,,,,,,,,,,,,,,,,,,,,,,,,,,,,,,,,,,,,,,,,,,,,,,,,,,,,,,,,,,,,,,,,,,,,,,,,,,,,,,,,,,,,,,,,,,,FRAT2,,,,,,,,,,,,,,,,,,,,,,,,,,,,,,,HLA-B,,,,RAD51,,,,,,,,,,,,,,,,,,,,,,,,,,,,,,,,,,,,,,,,,,
448,,,,,,,,,,,,,,,,,,,,,,,,,,,,,,,,,,,,,,,,,,,,,,,,,,,,,,,,,,,,,,,,,,,,,,,,,,,,,,,,,,,,,,,,,,,,,,,,,,,,,,,,,,,,,,,,,,,,,,,,,,,,,,,,,,,,,,,,,,,,,,,,,,,,,,,,,,,,,,,,,,,,,,,,,,,,,,,,,,,,,,,,,,,,,,,,,,,,,,,,,,,,,,,,,,,,,,,,,,,,,,,,,,,,,,,,,,,,,,,,,,,,,,,,,,,,,,,,,,,,,,,AXIN1,,,,,,,,,,,,,,,,,,,,,,,,,,,,,,,HLA-C,,,,FASLG,,,,,,,,,,,,,,,,,,,,,,,,,,,,,,,,,,,,,,,,,,
449,,,,,,,,,,,,,,,,,,,,,,,,,,,,,,,,,,,,,,,,,,,,,,,,,,,,,,,,,,,,,,,,,,,,,,,,,,,,,,,,,,,,,,,,,,,,,,,,,,,,,,,,,,,,,,,,,,,,,,,,,,,,,,,,,,,,,,,,,,,,,,,,,,,,,,,,,,,,,,,,,,,,,,,,,,,,,,,,,,,,,,,,,,,,,,,,,,,,,,,,,,,,,,,,,,,,,,,,,,,,,,,,,,,,,,,,,,,,,,,,,,,,,,,,,,,,,,,,,,,,,,,AXIN2,,,,,,,,,,,,,,,,,,,,,,,,,,,,,,,HLA-F,,,,FAS,,,,,,,,,,,,,,,,,,,,,,,,,,,,,,,,,,,,,,,,,,
450,,,,,,,,,,,,,,,,,,,,,,,,,,,,,,,,,,,,,,,,,,,,,,,,,,,,,,,,,,,,,,,,,,,,,,,,,,,,,,,,,,,,,,,,,,,,,,,,,,,,,,,,,,,,,,,,,,,,,,,,,,,,,,,,,,,,,,,,,,,,,,,,,,,,,,,,,,,,,,,,,,,,,,,,,,,,,,,,,,,,,,,,,,,,,,,,,,,,,,,,,,,,,,,,,,,,,,,,,,,,,,,,,,,,,,,,,,,,,,,,,,,,,,,,,,,,,,,,,,,,,,,APC,,,,,,,,,,,,,,,,,,,,,,,,,,,,,,,HLA-G,,,,FADD,,,,,,,,,,,,,,,,,,,,,,,,,,,,,,,,,,,,,,,,,,
451,,,,,,,,,,,,,,,,,,,,,,,,,,,,,,,,,,,,,,,,,,,,,,,,,,,,,,,,,,,,,,,,,,,,,,,,,,,,,,,,,,,,,,,,,,,,,,,,,,,,,,,,,,,,,,,,,,,,,,,,,,,,,,,,,,,,,,,,,,,,,,,,,,,,,,,,,,,,,,,,,,,,,,,,,,,,,,,,,,,,,,,,,,,,,,,,,,,,,,,,,,,,,,,,,,,,,,,,,,,,,,,,,,,,,,,,,,,,,,,,,,,,,,,,,,,,,,,,,,,,,,,APC2,,,,,,,,,,,,,,,,,,,,,,,,,,,,,,,HLA-E,,,,CASP8,,,,,,,,,,,,,,,,,,,,,,,,,,,,,,,,,,,,,,,,,,
452,,,,,,,,,,,,,,,,,,,,,,,,,,,,,,,,,,,,,,,,,,,,,,,,,,,,,,,,,,,,,,,,,,,,,,,,,,,,,,,,,,,,,,,,,,,,,,,,,,,,,,,,,,,,,,,,,,,,,,,,,,,,,,,,,,,,,,,,,,,,,,,,,,,,,,,,,,,,,,,,,,,,,,,,,,,,,,,,,,,,,,,,,,,,,,,,,,,,,,,,,,,,,,,,,,,,,,,,,,,,,,,,,,,,,,,,,,,,,,,,,,,,,,,,,,,,,,,,,,,,,,,CTNNB1,,,,,,,,,,,,,,,,,,,,,,,,,,,,,,,B2M,,,,BID,,,,,,,,,,,,,,,,,,,,,,,,,,,,,,,,,,,,,,,,,,
453,,,,,,,,,,,,,,,,,,,,,,,,,,,,,,,,,,,,,,,,,,,,,,,,,,,,,,,,,,,,,,,,,,,,,,,,,,,,,,,,,,,,,,,,,,,,,,,,,,,,,,,,,,,,,,,,,,,,,,,,,,,,,,,,,,,,,,,,,,,,,,,,,,,,,,,,,,,,,,,,,,,,,,,,,,,,,,,,,,,,,,,,,,,,,,,,,,,,,,,,,,,,,,,,,,,,,,,,,,,,,,,,,,,,,,,,,,,,,,,,,,,,,,,,,,,,,,,,,,,,,,,CSNK1A1L,,,,,,,,,,,,,,,,,,,,,,,,,,,,,,,HLA-DMA,,,,PMAIP1,,,,,,,,,,,,,,,,,,,,,,,,,,,,,,,,,,,,,,,,,,
454,,,,,,,,,,,,,,,,,,,,,,,,,,,,,,,,,,,,,,,,,,,,,,,,,,,,,,,,,,,,,,,,,,,,,,,,,,,,,,,,,,,,,,,,,,,,,,,,,,,,,,,,,,,,,,,,,,,,,,,,,,,,,,,,,,,,,,,,,,,,,,,,,,,,,,,,,,,,,,,,,,,,,,,,,,,,,,,,,,,,,,,,,,,,,,,,,,,,,,,,,,,,,,,,,,,,,,,,,,,,,,,,,,,,,,,,,,,,,,,,,,,,,,,,,,,,,,,,,,,,,,,CSNK1A1,,,,,,,,,,,,,,,,,,,,,,,,,,,,,,,HLA-DMB,,,,BBC3,,,,,,,,,,,,,,,,,,,,,,,,,,,,,,,,,,,,,,,,,,
455,,,,,,,,,,,,,,,,,,,,,,,,,,,,,,,,,,,,,,,,,,,,,,,,,,,,,,,,,,,,,,,,,,,,,,,,,,,,,,,,,,,,,,,,,,,,,,,,,,,,,,,,,,,,,,,,,,,,,,,,,,,,,,,,,,,,,,,,,,,,,,,,,,,,,,,,,,,,,,,,,,,,,,,,,,,,,,,,,,,,,,,,,,,,,,,,,,,,,,,,,,,,,,,,,,,,,,,,,,,,,,,,,,,,,,,,,,,,,,,,,,,,,,,,,,,,,,,,,,,,,,,AGER,,,,,,,,,,,,,,,,,,,,,,,,,,,,,,,HLA-DOA,,,,BCL2L11,,,,,,,,,,,,,,,,,,,,,,,,,,,,,,,,,,,,,,,,,,
456,,,,,,,,,,,,,,,,,,,,,,,,,,,,,,,,,,,,,,,,,,,,,,,,,,,,,,,,,,,,,,,,,,,,,,,,,,,,,,,,,,,,,,,,,,,,,,,,,,,,,,,,,,,,,,,,,,,,,,,,,,,,,,,,,,,,,,,,,,,,,,,,,,,,,,,,,,,,,,,,,,,,,,,,,,,,,,,,,,,,,,,,,,,,,,,,,,,,,,,,,,,,,,,,,,,,,,,,,,,,,,,,,,,,,,,,,,,,,,,,,,,,,,,,,,,,,,,,,,,,,,,HRAS,,,,,,,,,,,,,,,,,,,,,,,,,,,,,,,HLA-DOB,,,,CYCS,,,,,,,,,,,,,,,,,,,,,,,,,,,,,,,,,,,,,,,,,,
457,,,,,,,,,,,,,,,,,,,,,,,,,,,,,,,,,,,,,,,,,,,,,,,,,,,,,,,,,,,,,,,,,,,,,,,,,,,,,,,,,,,,,,,,,,,,,,,,,,,,,,,,,,,,,,,,,,,,,,,,,,,,,,,,,,,,,,,,,,,,,,,,,,,,,,,,,,,,,,,,,,,,,,,,,,,,,,,,,,,,,,,,,,,,,,,,,,,,,,,,,,,,,,,,,,,,,,,,,,,,,,,,,,,,,,,,,,,,,,,,,,,,,,,,,,,,,,,,,,,,,,,KRAS,,,,,,,,,,,,,,,,,,,,,,,,,,,,,,,HLA-DPA1,,,,APAF1,,,,,,,,,,,,,,,,,,,,,,,,,,,,,,,,,,,,,,,,,,
458,,,,,,,,,,,,,,,,,,,,,,,,,,,,,,,,,,,,,,,,,,,,,,,,,,,,,,,,,,,,,,,,,,,,,,,,,,,,,,,,,,,,,,,,,,,,,,,,,,,,,,,,,,,,,,,,,,,,,,,,,,,,,,,,,,,,,,,,,,,,,,,,,,,,,,,,,,,,,,,,,,,,,,,,,,,,,,,,,,,,,,,,,,,,,,,,,,,,,,,,,,,,,,,,,,,,,,,,,,,,,,,,,,,,,,,,,,,,,,,,,,,,,,,,,,,,,,,,,,,,,,,NRAS,,,,,,,,,,,,,,,,,,,,,,,,,,,,,,,HLA-DPB1,,,,CASP7,,,,,,,,,,,,,,,,,,,,,,,,,,,,,,,,,,,,,,,,,,
459,,,,,,,,,,,,,,,,,,,,,,,,,,,,,,,,,,,,,,,,,,,,,,,,,,,,,,,,,,,,,,,,,,,,,,,,,,,,,,,,,,,,,,,,,,,,,,,,,,,,,,,,,,,,,,,,,,,,,,,,,,,,,,,,,,,,,,,,,,,,,,,,,,,,,,,,,,,,,,,,,,,,,,,,,,,,,,,,,,,,,,,,,,,,,,,,,,,,,,,,,,,,,,,,,,,,,,,,,,,,,,,,,,,,,,,,,,,,,,,,,,,,,,,,,,,,,,,,,,,,,,,ARAF,,,,,,,,,,,,,,,,,,,,,,,,,,,,,,,HLA-DQA1,,,,KEAP1,,,,,,,,,,,,,,,,,,,,,,,,,,,,,,,,,,,,,,,,,,
460,,,,,,,,,,,,,,,,,,,,,,,,,,,,,,,,,,,,,,,,,,,,,,,,,,,,,,,,,,,,,,,,,,,,,,,,,,,,,,,,,,,,,,,,,,,,,,,,,,,,,,,,,,,,,,,,,,,,,,,,,,,,,,,,,,,,,,,,,,,,,,,,,,,,,,,,,,,,,,,,,,,,,,,,,,,,,,,,,,,,,,,,,,,,,,,,,,,,,,,,,,,,,,,,,,,,,,,,,,,,,,,,,,,,,,,,,,,,,,,,,,,,,,,,,,,,,,,,,,,,,,,BRAF,,,,,,,,,,,,,,,,,,,,,,,,,,,,,,,HLA-DQA2,,,,NFE2L2,,,,,,,,,,,,,,,,,,,,,,,,,,,,,,,,,,,,,,,,,,
461,,,,,,,,,,,,,,,,,,,,,,,,,,,,,,,,,,,,,,,,,,,,,,,,,,,,,,,,,,,,,,,,,,,,,,,,,,,,,,,,,,,,,,,,,,,,,,,,,,,,,,,,,,,,,,,,,,,,,,,,,,,,,,,,,,,,,,,,,,,,,,,,,,,,,,,,,,,,,,,,,,,,,,,,,,,,,,,,,,,,,,,,,,,,,,,,,,,,,,,,,,,,,,,,,,,,,,,,,,,,,,,,,,,,,,,,,,,,,,,,,,,,,,,,,,,,,,,,,,,,,,,RAF1,,,,,,,,,,,,,,,,,,,,,,,,,,,,,,,HLA-DQB1,,,,HMOX1,,,,,,,,,,,,,,,,,,,,,,,,,,,,,,,,,,,,,,,,,,
462,,,,,,,,,,,,,,,,,,,,,,,,,,,,,,,,,,,,,,,,,,,,,,,,,,,,,,,,,,,,,,,,,,,,,,,,,,,,,,,,,,,,,,,,,,,,,,,,,,,,,,,,,,,,,,,,,,,,,,,,,,,,,,,,,,,,,,,,,,,,,,,,,,,,,,,,,,,,,,,,,,,,,,,,,,,,,,,,,,,,,,,,,,,,,,,,,,,,,,,,,,,,,,,,,,,,,,,,,,,,,,,,,,,,,,,,,,,,,,,,,,,,,,,,,,,,,,,,,,,,,,,MAP2K1,,,,,,,,,,,,,,,,,,,,,,,,,,,,,,,HLA-DRA,,,,NQO1,,,,,,,,,,,,,,,,,,,,,,,,,,,,,,,,,,,,,,,,,,
463,,,,,,,,,,,,,,,,,,,,,,,,,,,,,,,,,,,,,,,,,,,,,,,,,,,,,,,,,,,,,,,,,,,,,,,,,,,,,,,,,,,,,,,,,,,,,,,,,,,,,,,,,,,,,,,,,,,,,,,,,,,,,,,,,,,,,,,,,,,,,,,,,,,,,,,,,,,,,,,,,,,,,,,,,,,,,,,,,,,,,,,,,,,,,,,,,,,,,,,,,,,,,,,,,,,,,,,,,,,,,,,,,,,,,,,,,,,,,,,,,,,,,,,,,,,,,,,,,,,,,,,MAP2K2,,,,,,,,,,,,,,,,,,,,,,,,,,,,,,,HLA-DRB1,,,,GSTA5,,,,,,,,,,,,,,,,,,,,,,,,,,,,,,,,,,,,,,,,,,
464,,,,,,,,,,,,,,,,,,,,,,,,,,,,,,,,,,,,,,,,,,,,,,,,,,,,,,,,,,,,,,,,,,,,,,,,,,,,,,,,,,,,,,,,,,,,,,,,,,,,,,,,,,,,,,,,,,,,,,,,,,,,,,,,,,,,,,,,,,,,,,,,,,,,,,,,,,,,,,,,,,,,,,,,,,,,,,,,,,,,,,,,,,,,,,,,,,,,,,,,,,,,,,,,,,,,,,,,,,,,,,,,,,,,,,,,,,,,,,,,,,,,,,,,,,,,,,,,,,,,,,,MAPK1,,,,,,,,,,,,,,,,,,,,,,,,,,,,,,,HLA-DRB3,,,,GSTA2,,,,,,,,,,,,,,,,,,,,,,,,,,,,,,,,,,,,,,,,,,
465,,,,,,,,,,,,,,,,,,,,,,,,,,,,,,,,,,,,,,,,,,,,,,,,,,,,,,,,,,,,,,,,,,,,,,,,,,,,,,,,,,,,,,,,,,,,,,,,,,,,,,,,,,,,,,,,,,,,,,,,,,,,,,,,,,,,,,,,,,,,,,,,,,,,,,,,,,,,,,,,,,,,,,,,,,,,,,,,,,,,,,,,,,,,,,,,,,,,,,,,,,,,,,,,,,,,,,,,,,,,,,,,,,,,,,,,,,,,,,,,,,,,,,,,,,,,,,,,,,,,,,,MAPK3,,,,,,,,,,,,,,,,,,,,,,,,,,,,,,,HLA-DRB4,,,,GSTA4,,,,,,,,,,,,,,,,,,,,,,,,,,,,,,,,,,,,,,,,,,
466,,,,,,,,,,,,,,,,,,,,,,,,,,,,,,,,,,,,,,,,,,,,,,,,,,,,,,,,,,,,,,,,,,,,,,,,,,,,,,,,,,,,,,,,,,,,,,,,,,,,,,,,,,,,,,,,,,,,,,,,,,,,,,,,,,,,,,,,,,,,,,,,,,,,,,,,,,,,,,,,,,,,,,,,,,,,,,,,,,,,,,,,,,,,,,,,,,,,,,,,,,,,,,,,,,,,,,,,,,,,,,,,,,,,,,,,,,,,,,,,,,,,,,,,,,,,,,,,,,,,,,,NOX1,,,,,,,,,,,,,,,,,,,,,,,,,,,,,,,HLA-DRB5,,,,GSTO2,,,,,,,,,,,,,,,,,,,,,,,,,,,,,,,,,,,,,,,,,,
467,,,,,,,,,,,,,,,,,,,,,,,,,,,,,,,,,,,,,,,,,,,,,,,,,,,,,,,,,,,,,,,,,,,,,,,,,,,,,,,,,,,,,,,,,,,,,,,,,,,,,,,,,,,,,,,,,,,,,,,,,,,,,,,,,,,,,,,,,,,,,,,,,,,,,,,,,,,,,,,,,,,,,,,,,,,,,,,,,,,,,,,,,,,,,,,,,,,,,,,,,,,,,,,,,,,,,,,,,,,,,,,,,,,,,,,,,,,,,,,,,,,,,,,,,,,,,,,,,,,,,,,CYBB,,,,,,,,,,,,,,,,,,,,,,,,,,,,,,,CD74,,,,GSTM4,,,,,,,,,,,,,,,,,,,,,,,,,,,,,,,,,,,,,,,,,,
468,,,,,,,,,,,,,,,,,,,,,,,,,,,,,,,,,,,,,,,,,,,,,,,,,,,,,,,,,,,,,,,,,,,,,,,,,,,,,,,,,,,,,,,,,,,,,,,,,,,,,,,,,,,,,,,,,,,,,,,,,,,,,,,,,,,,,,,,,,,,,,,,,,,,,,,,,,,,,,,,,,,,,,,,,,,,,,,,,,,,,,,,,,,,,,,,,,,,,,,,,,,,,,,,,,,,,,,,,,,,,,,,,,,,,,,,,,,,,,,,,,,,,,,,,,,,,,,,,,,,,,,NOX4,,,,,,,,,,,,,,,,,,,,,,,,,,,,,,,PIK3CA,,,,GSTT2,,,,,,,,,,,,,,,,,,,,,,,,,,,,,,,,,,,,,,,,,,
469,,,,,,,,,,,,,,,,,,,,,,,,,,,,,,,,,,,,,,,,,,,,,,,,,,,,,,,,,,,,,,,,,,,,,,,,,,,,,,,,,,,,,,,,,,,,,,,,,,,,,,,,,,,,,,,,,,,,,,,,,,,,,,,,,,,,,,,,,,,,,,,,,,,,,,,,,,,,,,,,,,,,,,,,,,,,,,,,,,,,,,,,,,,,,,,,,,,,,,,,,,,,,,,,,,,,,,,,,,,,,,,,,,,,,,,,,,,,,,,,,,,,,,,,,,,,,,,,,,,,,,,RELA,,,,,,,,,,,,,,,,,,,,,,,,,,,,,,,PIK3CD,,,,GSTT1,,,,,,,,,,,,,,,,,,,,,,,,,,,,,,,,,,,,,,,,,,
470,,,,,,,,,,,,,,,,,,,,,,,,,,,,,,,,,,,,,,,,,,,,,,,,,,,,,,,,,,,,,,,,,,,,,,,,,,,,,,,,,,,,,,,,,,,,,,,,,,,,,,,,,,,,,,,,,,,,,,,,,,,,,,,,,,,,,,,,,,,,,,,,,,,,,,,,,,,,,,,,,,,,,,,,,,,,,,,,,,,,,,,,,,,,,,,,,,,,,,,,,,,,,,,,,,,,,,,,,,,,,,,,,,,,,,,,,,,,,,,,,,,,,,,,,,,,,,,,,,,,,,,NFKB1,,,,,,,,,,,,,,,,,,,,,,,,,,,,,,,PIK3CB,,,,GSTM3,,,,,,,,,,,,,,,,,,,,,,,,,,,,,,,,,,,,,,,,,,
471,,,,,,,,,,,,,,,,,,,,,,,,,,,,,,,,,,,,,,,,,,,,,,,,,,,,,,,,,,,,,,,,,,,,,,,,,,,,,,,,,,,,,,,,,,,,,,,,,,,,,,,,,,,,,,,,,,,,,,,,,,,,,,,,,,,,,,,,,,,,,,,,,,,,,,,,,,,,,,,,,,,,,,,,,,,,,,,,,,,,,,,,,,,,,,,,,,,,,,,,,,,,,,,,,,,,,,,,,,,,,,,,,,,,,,,,,,,,,,,,,,,,,,,,,,,,,,,,,,,,,,,NOS2,,,,,,,,,,,,,,,,,,,,,,,,,,,,,,,PIK3R1,,,,MGST1,,,,,,,,,,,,,,,,,,,,,,,,,,,,,,,,,,,,,,,,,,
472,,,,,,,,,,,,,,,,,,,,,,,,,,,,,,,,,,,,,,,,,,,,,,,,,,,,,,,,,,,,,,,,,,,,,,,,,,,,,,,,,,,,,,,,,,,,,,,,,,,,,,,,,,,,,,,,,,,,,,,,,,,,,,,,,,,,,,,,,,,,,,,,,,,,,,,,,,,,,,,,,,,,,,,,,,,,,,,,,,,,,,,,,,,,,,,,,,,,,,,,,,,,,,,,,,,,,,,,,,,,,,,,,,,,,,,,,,,,,,,,,,,,,,,,,,,,,,,,,,,,,,,PTGS2,,,,,,,,,,,,,,,,,,,,,,,,,,,,,,,PIK3R2,,,,MGST3,,,,,,,,,,,,,,,,,,,,,,,,,,,,,,,,,,,,,,,,,,
473,,,,,,,,,,,,,,,,,,,,,,,,,,,,,,,,,,,,,,,,,,,,,,,,,,,,,,,,,,,,,,,,,,,,,,,,,,,,,,,,,,,,,,,,,,,,,,,,,,,,,,,,,,,,,,,,,,,,,,,,,,,,,,,,,,,,,,,,,,,,,,,,,,,,,,,,,,,,,,,,,,,,,,,,,,,,,,,,,,,,,,,,,,,,,,,,,,,,,,,,,,,,,,,,,,,,,,,,,,,,,,,,,,,,,,,,,,,,,,,,,,,,,,,,,,,,,,,,,,,,,,,IL6,,,,,,,,,,,,,,,,,,,,,,,,,,,,,,,PIK3R3,,,,GSTM1,,,,,,,,,,,,,,,,,,,,,,,,,,,,,,,,,,,,,,,,,,
474,,,,,,,,,,,,,,,,,,,,,,,,,,,,,,,,,,,,,,,,,,,,,,,,,,,,,,,,,,,,,,,,,,,,,,,,,,,,,,,,,,,,,,,,,,,,,,,,,,,,,,,,,,,,,,,,,,,,,,,,,,,,,,,,,,,,,,,,,,,,,,,,,,,,,,,,,,,,,,,,,,,,,,,,,,,,,,,,,,,,,,,,,,,,,,,,,,,,,,,,,,,,,,,,,,,,,,,,,,,,,,,,,,,,,,,,,,,,,,,,,,,,,,,,,,,,,,,,,,,,,,,IL1A,,,,,,,,,,,,,,,,,,,,,,,,,,,,,,,AKT1,,,,GSTM5,,,,,,,,,,,,,,,,,,,,,,,,,,,,,,,,,,,,,,,,,,
475,,,,,,,,,,,,,,,,,,,,,,,,,,,,,,,,,,,,,,,,,,,,,,,,,,,,,,,,,,,,,,,,,,,,,,,,,,,,,,,,,,,,,,,,,,,,,,,,,,,,,,,,,,,,,,,,,,,,,,,,,,,,,,,,,,,,,,,,,,,,,,,,,,,,,,,,,,,,,,,,,,,,,,,,,,,,,,,,,,,,,,,,,,,,,,,,,,,,,,,,,,,,,,,,,,,,,,,,,,,,,,,,,,,,,,,,,,,,,,,,,,,,,,,,,,,,,,,,,,,,,,,IL1B,,,,,,,,,,,,,,,,,,,,,,,,,,,,,,,AKT2,,,,MGST2,,,,,,,,,,,,,,,,,,,,,,,,,,,,,,,,,,,,,,,,,,
476,,,,,,,,,,,,,,,,,,,,,,,,,,,,,,,,,,,,,,,,,,,,,,,,,,,,,,,,,,,,,,,,,,,,,,,,,,,,,,,,,,,,,,,,,,,,,,,,,,,,,,,,,,,,,,,,,,,,,,,,,,,,,,,,,,,,,,,,,,,,,,,,,,,,,,,,,,,,,,,,,,,,,,,,,,,,,,,,,,,,,,,,,,,,,,,,,,,,,,,,,,,,,,,,,,,,,,,,,,,,,,,,,,,,,,,,,,,,,,,,,,,,,,,,,,,,,,,,,,,,,,,CSF1,,,,,,,,,,,,,,,,,,,,,,,,,,,,,,,AKT3,,,,GSTA1,,,,,,,,,,,,,,,,,,,,,,,,,,,,,,,,,,,,,,,,,,
477,,,,,,,,,,,,,,,,,,,,,,,,,,,,,,,,,,,,,,,,,,,,,,,,,,,,,,,,,,,,,,,,,,,,,,,,,,,,,,,,,,,,,,,,,,,,,,,,,,,,,,,,,,,,,,,,,,,,,,,,,,,,,,,,,,,,,,,,,,,,,,,,,,,,,,,,,,,,,,,,,,,,,,,,,,,,,,,,,,,,,,,,,,,,,,,,,,,,,,,,,,,,,,,,,,,,,,,,,,,,,,,,,,,,,,,,,,,,,,,,,,,,,,,,,,,,,,,,,,,,,,,,,,,,,,,,,,,,,,,,,,,,,,,,,,,,,,TSC1,,,,GSTM2,,,,,,,,,,,,,,,,,,,,,,,,,,,,,,,,,,,,,,,,,,
478,,,,,,,,,,,,,,,,,,,,,,,,,,,,,,,,,,,,,,,,,,,,,,,,,,,,,,,,,,,,,,,,,,,,,,,,,,,,,,,,,,,,,,,,,,,,,,,,,,,,,,,,,,,,,,,,,,,,,,,,,,,,,,,,,,,,,,,,,,,,,,,,,,,,,,,,,,,,,,,,,,,,,,,,,,,,,,,,,,,,,,,,,,,,,,,,,,,,,,,,,,,,,,,,,,,,,,,,,,,,,,,,,,,,,,,,,,,,,,,,,,,,,,,,,,,,,,,,,,,,,,,,,,,,,,,,,,,,,,,,,,,,,,,,,,,,,,TSC2,,,,GSTA3,,,,,,,,,,,,,,,,,,,,,,,,,,,,,,,,,,,,,,,,,,
479,,,,,,,,,,,,,,,,,,,,,,,,,,,,,,,,,,,,,,,,,,,,,,,,,,,,,,,,,,,,,,,,,,,,,,,,,,,,,,,,,,,,,,,,,,,,,,,,,,,,,,,,,,,,,,,,,,,,,,,,,,,,,,,,,,,,,,,,,,,,,,,,,,,,,,,,,,,,,,,,,,,,,,,,,,,,,,,,,,,,,,,,,,,,,,,,,,,,,,,,,,,,,,,,,,,,,,,,,,,,,,,,,,,,,,,,,,,,,,,,,,,,,,,,,,,,,,,,,,,,,,,,,,,,,,,,,,,,,,,,,,,,,,,,,,,,,,RHEB,,,,GSTO1,,,,,,,,,,,,,,,,,,,,,,,,,,,,,,,,,,,,,,,,,,
480,,,,,,,,,,,,,,,,,,,,,,,,,,,,,,,,,,,,,,,,,,,,,,,,,,,,,,,,,,,,,,,,,,,,,,,,,,,,,,,,,,,,,,,,,,,,,,,,,,,,,,,,,,,,,,,,,,,,,,,,,,,,,,,,,,,,,,,,,,,,,,,,,,,,,,,,,,,,,,,,,,,,,,,,,,,,,,,,,,,,,,,,,,,,,,,,,,,,,,,,,,,,,,,,,,,,,,,,,,,,,,,,,,,,,,,,,,,,,,,,,,,,,,,,,,,,,,,,,,,,,,,,,,,,,,,,,,,,,,,,,,,,,,,,,,,,,,MTOR,,,,GSTT2B,,,,,,,,,,,,,,,,,,,,,,,,,,,,,,,,,,,,,,,,,,
481,,,,,,,,,,,,,,,,,,,,,,,,,,,,,,,,,,,,,,,,,,,,,,,,,,,,,,,,,,,,,,,,,,,,,,,,,,,,,,,,,,,,,,,,,,,,,,,,,,,,,,,,,,,,,,,,,,,,,,,,,,,,,,,,,,,,,,,,,,,,,,,,,,,,,,,,,,,,,,,,,,,,,,,,,,,,,,,,,,,,,,,,,,,,,,,,,,,,,,,,,,,,,,,,,,,,,,,,,,,,,,,,,,,,,,,,,,,,,,,,,,,,,,,,,,,,,,,,,,,,,,,,,,,,,,,,,,,,,,,,,,,,,,,,,,,,,,EIF4EBP1,,,,GSTP1,,,,,,,,,,,,,,,,,,,,,,,,,,,,,,,,,,,,,,,,,,
482,,,,,,,,,,,,,,,,,,,,,,,,,,,,,,,,,,,,,,,,,,,,,,,,,,,,,,,,,,,,,,,,,,,,,,,,,,,,,,,,,,,,,,,,,,,,,,,,,,,,,,,,,,,,,,,,,,,,,,,,,,,,,,,,,,,,,,,,,,,,,,,,,,,,,,,,,,,,,,,,,,,,,,,,,,,,,,,,,,,,,,,,,,,,,,,,,,,,,,,,,,,,,,,,,,,,,,,,,,,,,,,,,,,,,,,,,,,,,,,,,,,,,,,,,,,,,,,,,,,,,,,,,,,,,,,,,,,,,,,,,,,,,,,,,,,,,,SRPK1,,,,TXNRD1,,,,,,,,,,,,,,,,,,,,,,,,,,,,,,,,,,,,,,,,,,
483,,,,,,,,,,,,,,,,,,,,,,,,,,,,,,,,,,,,,,,,,,,,,,,,,,,,,,,,,,,,,,,,,,,,,,,,,,,,,,,,,,,,,,,,,,,,,,,,,,,,,,,,,,,,,,,,,,,,,,,,,,,,,,,,,,,,,,,,,,,,,,,,,,,,,,,,,,,,,,,,,,,,,,,,,,,,,,,,,,,,,,,,,,,,,,,,,,,,,,,,,,,,,,,,,,,,,,,,,,,,,,,,,,,,,,,,,,,,,,,,,,,,,,,,,,,,,,,,,,,,,,,,,,,,,,,,,,,,,,,,,,,,,,,,,,,,,,SRSF1,,,,TXNRD3,,,,,,,,,,,,,,,,,,,,,,,,,,,,,,,,,,,,,,,,,,
484,,,,,,,,,,,,,,,,,,,,,,,,,,,,,,,,,,,,,,,,,,,,,,,,,,,,,,,,,,,,,,,,,,,,,,,,,,,,,,,,,,,,,,,,,,,,,,,,,,,,,,,,,,,,,,,,,,,,,,,,,,,,,,,,,,,,,,,,,,,,,,,,,,,,,,,,,,,,,,,,,,,,,,,,,,,,,,,,,,,,,,,,,,,,,,,,,,,,,,,,,,,,,,,,,,,,,,,,,,,,,,,,,,,,,,,,,,,,,,,,,,,,,,,,,,,,,,,,,,,,,,,,,,,,,,,,,,,,,,,,,,,,,,,,,,,,,,SRSF2,,,,TXNRD2,,,,,,,,,,,,,,,,,,,,,,,,,,,,,,,,,,,,,,,,,,
485,,,,,,,,,,,,,,,,,,,,,,,,,,,,,,,,,,,,,,,,,,,,,,,,,,,,,,,,,,,,,,,,,,,,,,,,,,,,,,,,,,,,,,,,,,,,,,,,,,,,,,,,,,,,,,,,,,,,,,,,,,,,,,,,,,,,,,,,,,,,,,,,,,,,,,,,,,,,,,,,,,,,,,,,,,,,,,,,,,,,,,,,,,,,,,,,,,,,,,,,,,,,,,,,,,,,,,,,,,,,,,,,,,,,,,,,,,,,,,,,,,,,,,,,,,,,,,,,,,,,,,,,,,,,,,,,,,,,,,,,,,,,,,,,,,,,,,SRSF8,,,,VHL,,,,,,,,,,,,,,,,,,,,,,,,,,,,,,,,,,,,,,,,,,
486,,,,,,,,,,,,,,,,,,,,,,,,,,,,,,,,,,,,,,,,,,,,,,,,,,,,,,,,,,,,,,,,,,,,,,,,,,,,,,,,,,,,,,,,,,,,,,,,,,,,,,,,,,,,,,,,,,,,,,,,,,,,,,,,,,,,,,,,,,,,,,,,,,,,,,,,,,,,,,,,,,,,,,,,,,,,,,,,,,,,,,,,,,,,,,,,,,,,,,,,,,,,,,,,,,,,,,,,,,,,,,,,,,,,,,,,,,,,,,,,,,,,,,,,,,,,,,,,,,,,,,,,,,,,,,,,,,,,,,,,,,,,,,,,,,,,,,SRSF3,,,,ELOC,,,,,,,,,,,,,,,,,,,,,,,,,,,,,,,,,,,,,,,,,,
487,,,,,,,,,,,,,,,,,,,,,,,,,,,,,,,,,,,,,,,,,,,,,,,,,,,,,,,,,,,,,,,,,,,,,,,,,,,,,,,,,,,,,,,,,,,,,,,,,,,,,,,,,,,,,,,,,,,,,,,,,,,,,,,,,,,,,,,,,,,,,,,,,,,,,,,,,,,,,,,,,,,,,,,,,,,,,,,,,,,,,,,,,,,,,,,,,,,,,,,,,,,,,,,,,,,,,,,,,,,,,,,,,,,,,,,,,,,,,,,,,,,,,,,,,,,,,,,,,,,,,,,,,,,,,,,,,,,,,,,,,,,,,,,,,,,,,,SRSF4,,,,ELOB,,,,,,,,,,,,,,,,,,,,,,,,,,,,,,,,,,,,,,,,,,
488,,,,,,,,,,,,,,,,,,,,,,,,,,,,,,,,,,,,,,,,,,,,,,,,,,,,,,,,,,,,,,,,,,,,,,,,,,,,,,,,,,,,,,,,,,,,,,,,,,,,,,,,,,,,,,,,,,,,,,,,,,,,,,,,,,,,,,,,,,,,,,,,,,,,,,,,,,,,,,,,,,,,,,,,,,,,,,,,,,,,,,,,,,,,,,,,,,,,,,,,,,,,,,,,,,,,,,,,,,,,,,,,,,,,,,,,,,,,,,,,,,,,,,,,,,,,,,,,,,,,,,,,,,,,,,,,,,,,,,,,,,,,,,,,,,,,,,SRSF5,,,,CUL2,,,,,,,,,,,,,,,,,,,,,,,,,,,,,,,,,,,,,,,,,,
489,,,,,,,,,,,,,,,,,,,,,,,,,,,,,,,,,,,,,,,,,,,,,,,,,,,,,,,,,,,,,,,,,,,,,,,,,,,,,,,,,,,,,,,,,,,,,,,,,,,,,,,,,,,,,,,,,,,,,,,,,,,,,,,,,,,,,,,,,,,,,,,,,,,,,,,,,,,,,,,,,,,,,,,,,,,,,,,,,,,,,,,,,,,,,,,,,,,,,,,,,,,,,,,,,,,,,,,,,,,,,,,,,,,,,,,,,,,,,,,,,,,,,,,,,,,,,,,,,,,,,,,,,,,,,,,,,,,,,,,,,,,,,,,,,,,,,,SRSF6,,,,EGLN1,,,,,,,,,,,,,,,,,,,,,,,,,,,,,,,,,,,,,,,,,,
490,,,,,,,,,,,,,,,,,,,,,,,,,,,,,,,,,,,,,,,,,,,,,,,,,,,,,,,,,,,,,,,,,,,,,,,,,,,,,,,,,,,,,,,,,,,,,,,,,,,,,,,,,,,,,,,,,,,,,,,,,,,,,,,,,,,,,,,,,,,,,,,,,,,,,,,,,,,,,,,,,,,,,,,,,,,,,,,,,,,,,,,,,,,,,,,,,,,,,,,,,,,,,,,,,,,,,,,,,,,,,,,,,,,,,,,,,,,,,,,,,,,,,,,,,,,,,,,,,,,,,,,,,,,,,,,,,,,,,,,,,,,,,,,,,,,,,,SRSF7,,,,EGLN3,,,,,,,,,,,,,,,,,,,,,,,,,,,,,,,,,,,,,,,,,,
491,,,,,,,,,,,,,,,,,,,,,,,,,,,,,,,,,,,,,,,,,,,,,,,,,,,,,,,,,,,,,,,,,,,,,,,,,,,,,,,,,,,,,,,,,,,,,,,,,,,,,,,,,,,,,,,,,,,,,,,,,,,,,,,,,,,,,,,,,,,,,,,,,,,,,,,,,,,,,,,,,,,,,,,,,,,,,,,,,,,,,,,,,,,,,,,,,,,,,,,,,,,,,,,,,,,,,,,,,,,,,,,,,,,,,,,,,,,,,,,,,,,,,,,,,,,,,,,,,,,,,,,,,,,,,,,,,,,,,,,,,,,,,,,,,,,,,,SRSF9,,,,EGLN2,,,,,,,,,,,,,,,,,,,,,,,,,,,,,,,,,,,,,,,,,,
492,,,,,,,,,,,,,,,,,,,,,,,,,,,,,,,,,,,,,,,,,,,,,,,,,,,,,,,,,,,,,,,,,,,,,,,,,,,,,,,,,,,,,,,,,,,,,,,,,,,,,,,,,,,,,,,,,,,,,,,,,,,,,,,,,,,,,,,,,,,,,,,,,,,,,,,,,,,,,,,,,,,,,,,,,,,,,,,,,,,,,,,,,,,,,,,,,,,,,,,,,,,,,,,,,,,,,,,,,,,,,,,,,,,,,,,,,,,,,,,,,,,,,,,,,,,,,,,,,,,,,,,,,,,,,,,,,,,,,,,,,,,,,,,,,,,,,,NXF1,,,,FH,,,,,,,,,,,,,,,,,,,,,,,,,,,,,,,,,,,,,,,,,,
493,,,,,,,,,,,,,,,,,,,,,,,,,,,,,,,,,,,,,,,,,,,,,,,,,,,,,,,,,,,,,,,,,,,,,,,,,,,,,,,,,,,,,,,,,,,,,,,,,,,,,,,,,,,,,,,,,,,,,,,,,,,,,,,,,,,,,,,,,,,,,,,,,,,,,,,,,,,,,,,,,,,,,,,,,,,,,,,,,,,,,,,,,,,,,,,,,,,,,,,,,,,,,,,,,,,,,,,,,,,,,,,,,,,,,,,,,,,,,,,,,,,,,,,,,,,,,,,,,,,,,,,,,,,,,,,,,,,,,,,,,,,,,,,,,,,,,,NXF2,,,,HIF1A,,,,,,,,,,,,,,,,,,,,,,,,,,,,,,,,,,,,,,,,,,
494,,,,,,,,,,,,,,,,,,,,,,,,,,,,,,,,,,,,,,,,,,,,,,,,,,,,,,,,,,,,,,,,,,,,,,,,,,,,,,,,,,,,,,,,,,,,,,,,,,,,,,,,,,,,,,,,,,,,,,,,,,,,,,,,,,,,,,,,,,,,,,,,,,,,,,,,,,,,,,,,,,,,,,,,,,,,,,,,,,,,,,,,,,,,,,,,,,,,,,,,,,,,,,,,,,,,,,,,,,,,,,,,,,,,,,,,,,,,,,,,,,,,,,,,,,,,,,,,,,,,,,,,,,,,,,,,,,,,,,,,,,,,,,,,,,,,,,NXF2B,,,,EPAS1,,,,,,,,,,,,,,,,,,,,,,,,,,,,,,,,,,,,,,,,,,
495,,,,,,,,,,,,,,,,,,,,,,,,,,,,,,,,,,,,,,,,,,,,,,,,,,,,,,,,,,,,,,,,,,,,,,,,,,,,,,,,,,,,,,,,,,,,,,,,,,,,,,,,,,,,,,,,,,,,,,,,,,,,,,,,,,,,,,,,,,,,,,,,,,,,,,,,,,,,,,,,,,,,,,,,,,,,,,,,,,,,,,,,,,,,,,,,,,,,,,,,,,,,,,,,,,,,,,,,,,,,,,,,,,,,,,,,,,,,,,,,,,,,,,,,,,,,,,,,,,,,,,,,,,,,,,,,,,,,,,,,,,,,,,,,,,,,,,NXF3,,,,ARNT,,,,,,,,,,,,,,,,,,,,,,,,,,,,,,,,,,,,,,,,,,
496,,,,,,,,,,,,,,,,,,,,,,,,,,,,,,,,,,,,,,,,,,,,,,,,,,,,,,,,,,,,,,,,,,,,,,,,,,,,,,,,,,,,,,,,,,,,,,,,,,,,,,,,,,,,,,,,,,,,,,,,,,,,,,,,,,,,,,,,,,,,,,,,,,,,,,,,,,,,,,,,,,,,,,,,,,,,,,,,,,,,,,,,,,,,,,,,,,,,,,,,,,,,,,,,,,,,,,,,,,,,,,,,,,,,,,,,,,,,,,,,,,,,,,,,,,,,,,,,,,,,,,,,,,,,,,,,,,,,,,,,,,,,,,,,,,,,,,ALYREF,,,,ARNT2,,,,,,,,,,,,,,,,,,,,,,,,,,,,,,,,,,,,,,,,,,
497,,,,,,,,,,,,,,,,,,,,,,,,,,,,,,,,,,,,,,,,,,,,,,,,,,,,,,,,,,,,,,,,,,,,,,,,,,,,,,,,,,,,,,,,,,,,,,,,,,,,,,,,,,,,,,,,,,,,,,,,,,,,,,,,,,,,,,,,,,,,,,,,,,,,,,,,,,,,,,,,,,,,,,,,,,,,,,,,,,,,,,,,,,,,,,,,,,,,,,,,,,,,,,,,,,,,,,,,,,,,,,,,,,,,,,,,,,,,,,,,,,,,,,,,,,,,,,,,,,,,,,,,,,,,,,,,,,,,,,,,,,,,,,,,,,,,,,FASLG,,,,CREBBP,,,,,,,,,,,,,,,,,,,,,,,,,,,,,,,,,,,,,,,,,,
498,,,,,,,,,,,,,,,,,,,,,,,,,,,,,,,,,,,,,,,,,,,,,,,,,,,,,,,,,,,,,,,,,,,,,,,,,,,,,,,,,,,,,,,,,,,,,,,,,,,,,,,,,,,,,,,,,,,,,,,,,,,,,,,,,,,,,,,,,,,,,,,,,,,,,,,,,,,,,,,,,,,,,,,,,,,,,,,,,,,,,,,,,,,,,,,,,,,,,,,,,,,,,,,,,,,,,,,,,,,,,,,,,,,,,,,,,,,,,,,,,,,,,,,,,,,,,,,,,,,,,,,,,,,,,,,,,,,,,,,,,,,,,,,,,,,,,,FAS,,,,EP300,,,,,,,,,,,,,,,,,,,,,,,,,,,,,,,,,,,,,,,,,,
499,,,,,,,,,,,,,,,,,,,,,,,,,,,,,,,,,,,,,,,,,,,,,,,,,,,,,,,,,,,,,,,,,,,,,,,,,,,,,,,,,,,,,,,,,,,,,,,,,,,,,,,,,,,,,,,,,,,,,,,,,,,,,,,,,,,,,,,,,,,,,,,,,,,,,,,,,,,,,,,,,,,,,,,,,,,,,,,,,,,,,,,,,,,,,,,,,,,,,,,,,,,,,,,,,,,,,,,,,,,,,,,,,,,,,,,,,,,,,,,,,,,,,,,,,,,,,,,,,,,,,,,,,,,,,,,,,,,,,,,,,,,,,,,,,,,,,,TNFRSF1A,,,,SLC2A1,,,,,,,,,,,,,,,,,,,,,,,,,,,,,,,,,,,,,,,,,,
500,,,,,,,,,,,,,,,,,,,,,,,,,,,,,,,,,,,,,,,,,,,,,,,,,,,,,,,,,,,,,,,,,,,,,,,,,,,,,,,,,,,,,,,,,,,,,,,,,,,,,,,,,,,,,,,,,,,,,,,,,,,,,,,,,,,,,,,,,,,,,,,,,,,,,,,,,,,,,,,,,,,,,,,,,,,,,,,,,,,,,,,,,,,,,,,,,,,,,,,,,,,,,,,,,,,,,,,,,,,,,,,,,,,,,,,,,,,,,,,,,,,,,,,,,,,,,,,,,,,,,,,,,,,,,,,,,,,,,,,,,,,,,,,,,,,,,,TRADD,,,,JAG1,,,,,,,,,,,,,,,,,,,,,,,,,,,,,,,,,,,,,,,,,,
501,,,,,,,,,,,,,,,,,,,,,,,,,,,,,,,,,,,,,,,,,,,,,,,,,,,,,,,,,,,,,,,,,,,,,,,,,,,,,,,,,,,,,,,,,,,,,,,,,,,,,,,,,,,,,,,,,,,,,,,,,,,,,,,,,,,,,,,,,,,,,,,,,,,,,,,,,,,,,,,,,,,,,,,,,,,,,,,,,,,,,,,,,,,,,,,,,,,,,,,,,,,,,,,,,,,,,,,,,,,,,,,,,,,,,,,,,,,,,,,,,,,,,,,,,,,,,,,,,,,,,,,,,,,,,,,,,,,,,,,,,,,,,,,,,,,,,,FADD,,,,JAG2,,,,,,,,,,,,,,,,,,,,,,,,,,,,,,,,,,,,,,,,,,
502,,,,,,,,,,,,,,,,,,,,,,,,,,,,,,,,,,,,,,,,,,,,,,,,,,,,,,,,,,,,,,,,,,,,,,,,,,,,,,,,,,,,,,,,,,,,,,,,,,,,,,,,,,,,,,,,,,,,,,,,,,,,,,,,,,,,,,,,,,,,,,,,,,,,,,,,,,,,,,,,,,,,,,,,,,,,,,,,,,,,,,,,,,,,,,,,,,,,,,,,,,,,,,,,,,,,,,,,,,,,,,,,,,,,,,,,,,,,,,,,,,,,,,,,,,,,,,,,,,,,,,,,,,,,,,,,,,,,,,,,,,,,,,,,,,,,,,CASP8,,,,DLL3,,,,,,,,,,,,,,,,,,,,,,,,,,,,,,,,,,,,,,,,,,
503,,,,,,,,,,,,,,,,,,,,,,,,,,,,,,,,,,,,,,,,,,,,,,,,,,,,,,,,,,,,,,,,,,,,,,,,,,,,,,,,,,,,,,,,,,,,,,,,,,,,,,,,,,,,,,,,,,,,,,,,,,,,,,,,,,,,,,,,,,,,,,,,,,,,,,,,,,,,,,,,,,,,,,,,,,,,,,,,,,,,,,,,,,,,,,,,,,,,,,,,,,,,,,,,,,,,,,,,,,,,,,,,,,,,,,,,,,,,,,,,,,,,,,,,,,,,,,,,,,,,,,,,,,,,,,,,,,,,,,,,,,,,,,,,,,,,,,BID,,,,DLL1,,,,,,,,,,,,,,,,,,,,,,,,,,,,,,,,,,,,,,,,,,
504,,,,,,,,,,,,,,,,,,,,,,,,,,,,,,,,,,,,,,,,,,,,,,,,,,,,,,,,,,,,,,,,,,,,,,,,,,,,,,,,,,,,,,,,,,,,,,,,,,,,,,,,,,,,,,,,,,,,,,,,,,,,,,,,,,,,,,,,,,,,,,,,,,,,,,,,,,,,,,,,,,,,,,,,,,,,,,,,,,,,,,,,,,,,,,,,,,,,,,,,,,,,,,,,,,,,,,,,,,,,,,,,,,,,,,,,,,,,,,,,,,,,,,,,,,,,,,,,,,,,,,,,,,,,,,,,,,,,,,,,,,,,,,,,,,,,,,BAX,,,,DLL4,,,,,,,,,,,,,,,,,,,,,,,,,,,,,,,,,,,,,,,,,,
505,,,,,,,,,,,,,,,,,,,,,,,,,,,,,,,,,,,,,,,,,,,,,,,,,,,,,,,,,,,,,,,,,,,,,,,,,,,,,,,,,,,,,,,,,,,,,,,,,,,,,,,,,,,,,,,,,,,,,,,,,,,,,,,,,,,,,,,,,,,,,,,,,,,,,,,,,,,,,,,,,,,,,,,,,,,,,,,,,,,,,,,,,,,,,,,,,,,,,,,,,,,,,,,,,,,,,,,,,,,,,,,,,,,,,,,,,,,,,,,,,,,,,,,,,,,,,,,,,,,,,,,,,,,,,,,,,,,,,,,,,,,,,,,,,,,,,,BAK1,,,,NOTCH1,,,,,,,,,,,,,,,,,,,,,,,,,,,,,,,,,,,,,,,,,,
506,,,,,,,,,,,,,,,,,,,,,,,,,,,,,,,,,,,,,,,,,,,,,,,,,,,,,,,,,,,,,,,,,,,,,,,,,,,,,,,,,,,,,,,,,,,,,,,,,,,,,,,,,,,,,,,,,,,,,,,,,,,,,,,,,,,,,,,,,,,,,,,,,,,,,,,,,,,,,,,,,,,,,,,,,,,,,,,,,,,,,,,,,,,,,,,,,,,,,,,,,,,,,,,,,,,,,,,,,,,,,,,,,,,,,,,,,,,,,,,,,,,,,,,,,,,,,,,,,,,,,,,,,,,,,,,,,,,,,,,,,,,,,,,,,,,,,,BAD,,,,NOTCH2,,,,,,,,,,,,,,,,,,,,,,,,,,,,,,,,,,,,,,,,,,
507,,,,,,,,,,,,,,,,,,,,,,,,,,,,,,,,,,,,,,,,,,,,,,,,,,,,,,,,,,,,,,,,,,,,,,,,,,,,,,,,,,,,,,,,,,,,,,,,,,,,,,,,,,,,,,,,,,,,,,,,,,,,,,,,,,,,,,,,,,,,,,,,,,,,,,,,,,,,,,,,,,,,,,,,,,,,,,,,,,,,,,,,,,,,,,,,,,,,,,,,,,,,,,,,,,,,,,,,,,,,,,,,,,,,,,,,,,,,,,,,,,,,,,,,,,,,,,,,,,,,,,,,,,,,,,,,,,,,,,,,,,,,,,,,,,,,,,BCL2,,,,NOTCH3,,,,,,,,,,,,,,,,,,,,,,,,,,,,,,,,,,,,,,,,,,
508,,,,,,,,,,,,,,,,,,,,,,,,,,,,,,,,,,,,,,,,,,,,,,,,,,,,,,,,,,,,,,,,,,,,,,,,,,,,,,,,,,,,,,,,,,,,,,,,,,,,,,,,,,,,,,,,,,,,,,,,,,,,,,,,,,,,,,,,,,,,,,,,,,,,,,,,,,,,,,,,,,,,,,,,,,,,,,,,,,,,,,,,,,,,,,,,,,,,,,,,,,,,,,,,,,,,,,,,,,,,,,,,,,,,,,,,,,,,,,,,,,,,,,,,,,,,,,,,,,,,,,,,,,,,,,,,,,,,,,,,,,,,,,,,,,,,,,BCL2L1,,,,NOTCH4,,,,,,,,,,,,,,,,,,,,,,,,,,,,,,,,,,,,,,,,,,
509,,,,,,,,,,,,,,,,,,,,,,,,,,,,,,,,,,,,,,,,,,,,,,,,,,,,,,,,,,,,,,,,,,,,,,,,,,,,,,,,,,,,,,,,,,,,,,,,,,,,,,,,,,,,,,,,,,,,,,,,,,,,,,,,,,,,,,,,,,,,,,,,,,,,,,,,,,,,,,,,,,,,,,,,,,,,,,,,,,,,,,,,,,,,,,,,,,,,,,,,,,,,,,,,,,,,,,,,,,,,,,,,,,,,,,,,,,,,,,,,,,,,,,,,,,,,,,,,,,,,,,,,,,,,,,,,,,,,,,,,,,,,,,,,,,,,,,CYCS,,,,HES1,,,,,,,,,,,,,,,,,,,,,,,,,,,,,,,,,,,,,,,,,,
510,,,,,,,,,,,,,,,,,,,,,,,,,,,,,,,,,,,,,,,,,,,,,,,,,,,,,,,,,,,,,,,,,,,,,,,,,,,,,,,,,,,,,,,,,,,,,,,,,,,,,,,,,,,,,,,,,,,,,,,,,,,,,,,,,,,,,,,,,,,,,,,,,,,,,,,,,,,,,,,,,,,,,,,,,,,,,,,,,,,,,,,,,,,,,,,,,,,,,,,,,,,,,,,,,,,,,,,,,,,,,,,,,,,,,,,,,,,,,,,,,,,,,,,,,,,,,,,,,,,,,,,,,,,,,,,,,,,,,,,,,,,,,,,,,,,,,,APAF1,,,,HES5,,,,,,,,,,,,,,,,,,,,,,,,,,,,,,,,,,,,,,,,,,
511,,,,,,,,,,,,,,,,,,,,,,,,,,,,,,,,,,,,,,,,,,,,,,,,,,,,,,,,,,,,,,,,,,,,,,,,,,,,,,,,,,,,,,,,,,,,,,,,,,,,,,,,,,,,,,,,,,,,,,,,,,,,,,,,,,,,,,,,,,,,,,,,,,,,,,,,,,,,,,,,,,,,,,,,,,,,,,,,,,,,,,,,,,,,,,,,,,,,,,,,,,,,,,,,,,,,,,,,,,,,,,,,,,,,,,,,,,,,,,,,,,,,,,,,,,,,,,,,,,,,,,,,,,,,,,,,,,,,,,,,,,,,,,,,,,,,,,CASP9,,,,HEYL,,,,,,,,,,,,,,,,,,,,,,,,,,,,,,,,,,,,,,,,,,
512,,,,,,,,,,,,,,,,,,,,,,,,,,,,,,,,,,,,,,,,,,,,,,,,,,,,,,,,,,,,,,,,,,,,,,,,,,,,,,,,,,,,,,,,,,,,,,,,,,,,,,,,,,,,,,,,,,,,,,,,,,,,,,,,,,,,,,,,,,,,,,,,,,,,,,,,,,,,,,,,,,,,,,,,,,,,,,,,,,,,,,,,,,,,,,,,,,,,,,,,,,,,,,,,,,,,,,,,,,,,,,,,,,,,,,,,,,,,,,,,,,,,,,,,,,,,,,,,,,,,,,,,,,,,,,,,,,,,,,,,,,,,,,,,,,,,,,CASP3,,,,HEY1,,,,,,,,,,,,,,,,,,,,,,,,,,,,,,,,,,,,,,,,,,
513,,,,,,,,,,,,,,,,,,,,,,,,,,,,,,,,,,,,,,,,,,,,,,,,,,,,,,,,,,,,,,,,,,,,,,,,,,,,,,,,,,,,,,,,,,,,,,,,,,,,,,,,,,,,,,,,,,,,,,,,,,,,,,,,,,,,,,,,,,,,,,,,,,,,,,,,,,,,,,,,,,,,,,,,,,,,,,,,,,,,,,,,,,,,,,,,,,,,,,,,,,,,,,,,,,,,,,,,,,,,,,,,,,,,,,,,,,,,,,,,,,,,,,,,,,,,,,,,,,,,,,,,,,,,,,,,,,,,,,,,,,,,,,,,,,,,,,,,,,HEY2,,,,,,,,,,,,,,,,,,,,,,,,,,,,,,,,,,,,,,,,,,
514,,,,,,,,,,,,,,,,,,,,,,,,,,,,,,,,,,,,,,,,,,,,,,,,,,,,,,,,,,,,,,,,,,,,,,,,,,,,,,,,,,,,,,,,,,,,,,,,,,,,,,,,,,,,,,,,,,,,,,,,,,,,,,,,,,,,,,,,,,,,,,,,,,,,,,,,,,,,,,,,,,,,,,,,,,,,,,,,,,,,,,,,,,,,,,,,,,,,,,,,,,,,,,,,,,,,,,,,,,,,,,,,,,,,,,,,,,,,,,,,,,,,,,,,,,,,,,,,,,,,,,,,,,,,,,,,,,,,,,,,,,,,,,,,,,,,,,,,,,FLT4,,,,,,,,,,,,,,,,,,,,,,,,,,,,,,,,,,,,,,,,,,
515,,,,,,,,,,,,,,,,,,,,,,,,,,,,,,,,,,,,,,,,,,,,,,,,,,,,,,,,,,,,,,,,,,,,,,,,,,,,,,,,,,,,,,,,,,,,,,,,,,,,,,,,,,,,,,,,,,,,,,,,,,,,,,,,,,,,,,,,,,,,,,,,,,,,,,,,,,,,,,,,,,,,,,,,,,,,,,,,,,,,,,,,,,,,,,,,,,,,,,,,,,,,,,,,,,,,,,,,,,,,,,,,,,,,,,,,,,,,,,,,,,,,,,,,,,,,,,,,,,,,,,,,,,,,,,,,,,,,,,,,,,,,,,,,,,,,,,,,,,SHH,,,,,,,,,,,,,,,,,,,,,,,,,,,,,,,,,,,,,,,,,,
516,,,,,,,,,,,,,,,,,,,,,,,,,,,,,,,,,,,,,,,,,,,,,,,,,,,,,,,,,,,,,,,,,,,,,,,,,,,,,,,,,,,,,,,,,,,,,,,,,,,,,,,,,,,,,,,,,,,,,,,,,,,,,,,,,,,,,,,,,,,,,,,,,,,,,,,,,,,,,,,,,,,,,,,,,,,,,,,,,,,,,,,,,,,,,,,,,,,,,,,,,,,,,,,,,,,,,,,,,,,,,,,,,,,,,,,,,,,,,,,,,,,,,,,,,,,,,,,,,,,,,,,,,,,,,,,,,,,,,,,,,,,,,,,,,,,,,,,,,,PTCH1,,,,,,,,,,,,,,,,,,,,,,,,,,,,,,,,,,,,,,,,,,
517,,,,,,,,,,,,,,,,,,,,,,,,,,,,,,,,,,,,,,,,,,,,,,,,,,,,,,,,,,,,,,,,,,,,,,,,,,,,,,,,,,,,,,,,,,,,,,,,,,,,,,,,,,,,,,,,,,,,,,,,,,,,,,,,,,,,,,,,,,,,,,,,,,,,,,,,,,,,,,,,,,,,,,,,,,,,,,,,,,,,,,,,,,,,,,,,,,,,,,,,,,,,,,,,,,,,,,,,,,,,,,,,,,,,,,,,,,,,,,,,,,,,,,,,,,,,,,,,,,,,,,,,,,,,,,,,,,,,,,,,,,,,,,,,,,,,,,,,,,SMO,,,,,,,,,,,,,,,,,,,,,,,,,,,,,,,,,,,,,,,,,,
518,,,,,,,,,,,,,,,,,,,,,,,,,,,,,,,,,,,,,,,,,,,,,,,,,,,,,,,,,,,,,,,,,,,,,,,,,,,,,,,,,,,,,,,,,,,,,,,,,,,,,,,,,,,,,,,,,,,,,,,,,,,,,,,,,,,,,,,,,,,,,,,,,,,,,,,,,,,,,,,,,,,,,,,,,,,,,,,,,,,,,,,,,,,,,,,,,,,,,,,,,,,,,,,,,,,,,,,,,,,,,,,,,,,,,,,,,,,,,,,,,,,,,,,,,,,,,,,,,,,,,,,,,,,,,,,,,,,,,,,,,,,,,,,,,,,,,,,,,,KIF7,,,,,,,,,,,,,,,,,,,,,,,,,,,,,,,,,,,,,,,,,,
519,,,,,,,,,,,,,,,,,,,,,,,,,,,,,,,,,,,,,,,,,,,,,,,,,,,,,,,,,,,,,,,,,,,,,,,,,,,,,,,,,,,,,,,,,,,,,,,,,,,,,,,,,,,,,,,,,,,,,,,,,,,,,,,,,,,,,,,,,,,,,,,,,,,,,,,,,,,,,,,,,,,,,,,,,,,,,,,,,,,,,,,,,,,,,,,,,,,,,,,,,,,,,,,,,,,,,,,,,,,,,,,,,,,,,,,,,,,,,,,,,,,,,,,,,,,,,,,,,,,,,,,,,,,,,,,,,,,,,,,,,,,,,,,,,,,,,,,,,,SUFU,,,,,,,,,,,,,,,,,,,,,,,,,,,,,,,,,,,,,,,,,,
520,,,,,,,,,,,,,,,,,,,,,,,,,,,,,,,,,,,,,,,,,,,,,,,,,,,,,,,,,,,,,,,,,,,,,,,,,,,,,,,,,,,,,,,,,,,,,,,,,,,,,,,,,,,,,,,,,,,,,,,,,,,,,,,,,,,,,,,,,,,,,,,,,,,,,,,,,,,,,,,,,,,,,,,,,,,,,,,,,,,,,,,,,,,,,,,,,,,,,,,,,,,,,,,,,,,,,,,,,,,,,,,,,,,,,,,,,,,,,,,,,,,,,,,,,,,,,,,,,,,,,,,,,,,,,,,,,,,,,,,,,,,,,,,,,,,,,,,,,,GLI1,,,,,,,,,,,,,,,,,,,,,,,,,,,,,,,,,,,,,,,,,,
521,,,,,,,,,,,,,,,,,,,,,,,,,,,,,,,,,,,,,,,,,,,,,,,,,,,,,,,,,,,,,,,,,,,,,,,,,,,,,,,,,,,,,,,,,,,,,,,,,,,,,,,,,,,,,,,,,,,,,,,,,,,,,,,,,,,,,,,,,,,,,,,,,,,,,,,,,,,,,,,,,,,,,,,,,,,,,,,,,,,,,,,,,,,,,,,,,,,,,,,,,,,,,,,,,,,,,,,,,,,,,,,,,,,,,,,,,,,,,,,,,,,,,,,,,,,,,,,,,,,,,,,,,,,,,,,,,,,,,,,,,,,,,,,,,,,,,,,,,,GLI2,,,,,,,,,,,,,,,,,,,,,,,,,,,,,,,,,,,,,,,,,,
522,,,,,,,,,,,,,,,,,,,,,,,,,,,,,,,,,,,,,,,,,,,,,,,,,,,,,,,,,,,,,,,,,,,,,,,,,,,,,,,,,,,,,,,,,,,,,,,,,,,,,,,,,,,,,,,,,,,,,,,,,,,,,,,,,,,,,,,,,,,,,,,,,,,,,,,,,,,,,,,,,,,,,,,,,,,,,,,,,,,,,,,,,,,,,,,,,,,,,,,,,,,,,,,,,,,,,,,,,,,,,,,,,,,,,,,,,,,,,,,,,,,,,,,,,,,,,,,,,,,,,,,,,,,,,,,,,,,,,,,,,,,,,,,,,,,,,,,,,,GLI3,,,,,,,,,,,,,,,,,,,,,,,,,,,,,,,,,,,,,,,,,,
523,,,,,,,,,,,,,,,,,,,,,,,,,,,,,,,,,,,,,,,,,,,,,,,,,,,,,,,,,,,,,,,,,,,,,,,,,,,,,,,,,,,,,,,,,,,,,,,,,,,,,,,,,,,,,,,,,,,,,,,,,,,,,,,,,,,,,,,,,,,,,,,,,,,,,,,,,,,,,,,,,,,,,,,,,,,,,,,,,,,,,,,,,,,,,,,,,,,,,,,,,,,,,,,,,,,,,,,,,,,,,,,,,,,,,,,,,,,,,,,,,,,,,,,,,,,,,,,,,,,,,,,,,,,,,,,,,,,,,,,,,,,,,,,,,,,,,,,,,,BMP2,,,,,,,,,,,,,,,,,,,,,,,,,,,,,,,,,,,,,,,,,,
524,,,,,,,,,,,,,,,,,,,,,,,,,,,,,,,,,,,,,,,,,,,,,,,,,,,,,,,,,,,,,,,,,,,,,,,,,,,,,,,,,,,,,,,,,,,,,,,,,,,,,,,,,,,,,,,,,,,,,,,,,,,,,,,,,,,,,,,,,,,,,,,,,,,,,,,,,,,,,,,,,,,,,,,,,,,,,,,,,,,,,,,,,,,,,,,,,,,,,,,,,,,,,,,,,,,,,,,,,,,,,,,,,,,,,,,,,,,,,,,,,,,,,,,,,,,,,,,,,,,,,,,,,,,,,,,,,,,,,,,,,,,,,,,,,,,,,,,,,,BMP4,,,,,,,,,,,,,,,,,,,,,,,,,,,,,,,,,,,,,,,,,,
525,,,,,,,,,,,,,,,,,,,,,,,,,,,,,,,,,,,,,,,,,,,,,,,,,,,,,,,,,,,,,,,,,,,,,,,,,,,,,,,,,,,,,,,,,,,,,,,,,,,,,,,,,,,,,,,,,,,,,,,,,,,,,,,,,,,,,,,,,,,,,,,,,,,,,,,,,,,,,,,,,,,,,,,,,,,,,,,,,,,,,,,,,,,,,,,,,,,,,,,,,,,,,,,,,,,,,,,,,,,,,,,,,,,,,,,,,,,,,,,,,,,,,,,,,,,,,,,,,,,,,,,,,,,,,,,,,,,,,,,,,,,,,,,,,,,,,,,,,,HHIP,,,,,,,,,,,,,,,,,,,,,,,,,,,,,,,,,,,,,,,,,,
526,,,,,,,,,,,,,,,,,,,,,,,,,,,,,,,,,,,,,,,,,,,,,,,,,,,,,,,,,,,,,,,,,,,,,,,,,,,,,,,,,,,,,,,,,,,,,,,,,,,,,,,,,,,,,,,,,,,,,,,,,,,,,,,,,,,,,,,,,,,,,,,,,,,,,,,,,,,,,,,,,,,,,,,,,,,,,,,,,,,,,,,,,,,,,,,,,,,,,,,,,,,,,,,,,,,,,,,,,,,,,,,,,,,,,,,,,,,,,,,,,,,,,,,,,,,,,,,,,,,,,,,,,,,,,,,,,,,,,,,,,,,,,,,,,,,,,,,,,,PTCH2,,,,,,,,,,,,,,,,,,,,,,,,,,,,,,,,,,,,,,,,,,
527,,,,,,,,,,,,,,,,,,,,,,,,,,,,,,,,,,,,,,,,,,,,,,,,,,,,,,,,,,,,,,,,,,,,,,,,,,,,,,,,,,,,,,,,,,,,,,,,,,,,,,,,,,,,,,,,,,,,,,,,,,,,,,,,,,,,,,,,,,,,,,,,,,,,,,,,,,,,,,,,,,,,,,,,,,,,,,,,,,,,,,,,,,,,,,,,,,,,,,,,,,,,,,,,,,,,,,,,,,,,,,,,,,,,,,,,,,,,,,,,,,,,,,,,,,,,,,,,,,,,,,,,,,,,,,,,,,,,,,,,,,,,,,,,,,,,,,,,,,AR,,,,,,,,,,,,,,,,,,,,,,,,,,,,,,,,,,,,,,,,,,
528,,,,,,,,,,,,,,,,,,,,,,,,,,,,,,,,,,,,,,,,,,,,,,,,,,,,,,,,,,,,,,,,,,,,,,,,,,,,,,,,,,,,,,,,,,,,,,,,,,,,,,,,,,,,,,,,,,,,,,,,,,,,,,,,,,,,,,,,,,,,,,,,,,,,,,,,,,,,,,,,,,,,,,,,,,,,,,,,,,,,,,,,,,,,,,,,,,,,,,,,,,,,,,,,,,,,,,,,,,,,,,,,,,,,,,,,,,,,,,,,,,,,,,,,,,,,,,,,,,,,,,,,,,,,,,,,,,,,,,,,,,,,,,,,,,,,,,,,,,HSP90AA1,,,,,,,,,,,,,,,,,,,,,,,,,,,,,,,,,,,,,,,,,,
529,,,,,,,,,,,,,,,,,,,,,,,,,,,,,,,,,,,,,,,,,,,,,,,,,,,,,,,,,,,,,,,,,,,,,,,,,,,,,,,,,,,,,,,,,,,,,,,,,,,,,,,,,,,,,,,,,,,,,,,,,,,,,,,,,,,,,,,,,,,,,,,,,,,,,,,,,,,,,,,,,,,,,,,,,,,,,,,,,,,,,,,,,,,,,,,,,,,,,,,,,,,,,,,,,,,,,,,,,,,,,,,,,,,,,,,,,,,,,,,,,,,,,,,,,,,,,,,,,,,,,,,,,,,,,,,,,,,,,,,,,,,,,,,,,,,,,,,,,,HSP90AB1,,,,,,,,,,,,,,,,,,,,,,,,,,,,,,,,,,,,,,,,,,
530,,,,,,,,,,,,,,,,,,,,,,,,,,,,,,,,,,,,,,,,,,,,,,,,,,,,,,,,,,,,,,,,,,,,,,,,,,,,,,,,,,,,,,,,,,,,,,,,,,,,,,,,,,,,,,,,,,,,,,,,,,,,,,,,,,,,,,,,,,,,,,,,,,,,,,,,,,,,,,,,,,,,,,,,,,,,,,,,,,,,,,,,,,,,,,,,,,,,,,,,,,,,,,,,,,,,,,,,,,,,,,,,,,,,,,,,,,,,,,,,,,,,,,,,,,,,,,,,,,,,,,,,,,,,,,,,,,,,,,,,,,,,,,,,,,,,,,,,,,HSP90B1,,,,,,,,,,,,,,,,,,,,,,,,,,,,,,,,,,,,,,,,,,
531,,,,,,,,,,,,,,,,,,,,,,,,,,,,,,,,,,,,,,,,,,,,,,,,,,,,,,,,,,,,,,,,,,,,,,,,,,,,,,,,,,,,,,,,,,,,,,,,,,,,,,,,,,,,,,,,,,,,,,,,,,,,,,,,,,,,,,,,,,,,,,,,,,,,,,,,,,,,,,,,,,,,,,,,,,,,,,,,,,,,,,,,,,,,,,,,,,,,,,,,,,,,,,,,,,,,,,,,,,,,,,,,,,,,,,,,,,,,,,,,,,,,,,,,,,,,,,,,,,,,,,,,,,,,,,,,,,,,,,,,,,,,,,,,,,,,,,,,,,KLK3,,,,,,,,,,,,,,,,,,,,,,,,,,,,,,,,,,,,,,,,,,
