,Glycolysis / Gluconeogenesis - Homo sapiens (human),Citrate cycle (TCA cycle) - Homo sapiens (human),Pentose phosphate pathway - Homo sapiens (human),Pentose and glucuronate interconversions - Homo sapiens (human),Fructose and mannose metabolism - Homo sapiens (human),Galactose metabolism - Homo sapiens (human),Ascorbate and aldarate metabolism - Homo sapiens (human),Fatty acid biosynthesis - Homo sapiens (human),Fatty acid elongation - Homo sapiens (human),Fatty acid degradation - Homo sapiens (human),Steroid biosynthesis - Homo sapiens (human),Primary bile acid biosynthesis - Homo sapiens (human),Ubiquinone and other terpenoid-quinone biosynthesis - Homo sapiens (human),Steroid hormone biosynthesis - Homo sapiens (human),Oxidative phosphorylation - Homo sapiens (human),Arginine biosynthesis - Homo sapiens (human),Purine metabolism - Homo sapiens (human),Caffeine metabolism - Homo sapiens (human),Pyrimidine metabolism - Homo sapiens (human),"Alanine, aspartate and glutamate metabolism - Homo sapiens (human)","Glycine, serine and threonine metabolism - Homo sapiens (human)",Cysteine and methionine metabolism - Homo sapiens (human),"Valine, leucine and isoleucine degradation - Homo sapiens (human)","Valine, leucine and isoleucine biosynthesis - Homo sapiens (human)",Lysine degradation - Homo sapiens (human),Arginine and proline metabolism - Homo sapiens (human),Histidine metabolism - Homo sapiens (human),Tyrosine metabolism - Homo sapiens (human),Phenylalanine metabolism - Homo sapiens (human),Tryptophan metabolism - Homo sapiens (human),"Phenylalanine, tyrosine and tryptophan biosynthesis - Homo sapiens (human)",beta-Alanine metabolism - Homo sapiens (human),Taurine and hypotaurine metabolism - Homo sapiens (human),Phosphonate and phosphinate metabolism - Homo sapiens (human),Selenocompound metabolism - Homo sapiens (human),D-Amino acid metabolism - Homo sapiens (human),Glutathione metabolism - Homo sapiens (human),Starch and sucrose metabolism - Homo sapiens (human),N-Glycan biosynthesis - Homo sapiens (human),Other glycan degradation - Homo sapiens (human),Mucin type O-glycan biosynthesis - Homo sapiens (human),Various types of N-glycan biosynthesis - Homo sapiens (human),Other types of O-glycan biosynthesis - Homo sapiens (human),Mannose type O-glycan biosynthesis - Homo sapiens (human),Amino sugar and nucleotide sugar metabolism - Homo sapiens (human),"Neomycin, kanamycin and gentamicin biosynthesis - Homo sapiens (human)",Glycosaminoglycan degradation - Homo sapiens (human),Glycosaminoglycan biosynthesis - chondroitin sulfate / dermatan sulfate - Homo sapiens (human),Glycosaminoglycan biosynthesis - keratan sulfate - Homo sapiens (human),Glycosaminoglycan biosynthesis - heparan sulfate / heparin - Homo sapiens (human),Glycerolipid metabolism - Homo sapiens (human),Inositol phosphate metabolism - Homo sapiens (human),Glycosylphosphatidylinositol (GPI)-anchor biosynthesis - Homo sapiens (human),Glycerophospholipid metabolism - Homo sapiens (human),Ether lipid metabolism - Homo sapiens (human),Arachidonic acid metabolism - Homo sapiens (human),Linoleic acid metabolism - Homo sapiens (human),alpha-Linolenic acid metabolism - Homo sapiens (human),Sphingolipid metabolism - Homo sapiens (human),Glycosphingolipid biosynthesis - lacto and neolacto series - Homo sapiens (human),Glycosphingolipid biosynthesis - globo and isoglobo series - Homo sapiens (human),Glycosphingolipid biosynthesis - ganglio series - Homo sapiens (human),Pyruvate metabolism - Homo sapiens (human),Glyoxylate and dicarboxylate metabolism - Homo sapiens (human),Propanoate metabolism - Homo sapiens (human),Butanoate metabolism - Homo sapiens (human),One carbon pool by folate - Homo sapiens (human),Thiamine metabolism - Homo sapiens (human),Riboflavin metabolism - Homo sapiens (human),Vitamin B6 metabolism - Homo sapiens (human),Nicotinate and nicotinamide metabolism - Homo sapiens (human),Pantothenate and CoA biosynthesis - Homo sapiens (human),Biotin metabolism - Homo sapiens (human),Lipoic acid metabolism - Homo sapiens (human),Folate biosynthesis - Homo sapiens (human),Retinol metabolism - Homo sapiens (human),Porphyrin metabolism - Homo sapiens (human),Terpenoid backbone biosynthesis - Homo sapiens (human),Nitrogen metabolism - Homo sapiens (human),Sulfur metabolism - Homo sapiens (human),Aminoacyl-tRNA biosynthesis - Homo sapiens (human),Metabolism of xenobiotics by cytochrome P450 - Homo sapiens (human),Drug metabolism - cytochrome P450 - Homo sapiens (human),Drug metabolism - other enzymes - Homo sapiens (human),Biosynthesis of unsaturated fatty acids - Homo sapiens (human),ABC transporters - Homo sapiens (human),Ribosome biogenesis in eukaryotes - Homo sapiens (human),Ribosome - Homo sapiens (human),Nucleocytoplasmic transport - Homo sapiens (human),mRNA surveillance pathway - Homo sapiens (human),RNA degradation - Homo sapiens (human),RNA polymerase - Homo sapiens (human),Basal transcription factors - Homo sapiens (human),DNA replication - Homo sapiens (human),Spliceosome - Homo sapiens (human),Proteasome - Homo sapiens (human),Protein export - Homo sapiens (human),Viral life cycle - HIV-1 - Homo sapiens (human),Virion - Human immunodeficiency virus - Homo sapiens (human),Virion - Flavivirus - Homo sapiens (human),Virion - Lyssavirus - Homo sapiens (human),Virion - Herpesvirus - Homo sapiens (human),Virion - Adenovirus - Homo sapiens (human),PPAR signaling pathway - Homo sapiens (human),Base excision repair - Homo sapiens (human),Nucleotide excision repair - Homo sapiens (human),Mismatch repair - Homo sapiens (human),Homologous recombination - Homo sapiens (human),Non-homologous end-joining - Homo sapiens (human),Fanconi anemia pathway - Homo sapiens (human),MAPK signaling pathway - Homo sapiens (human),ErbB signaling pathway - Homo sapiens (human),Ras signaling pathway - Homo sapiens (human),Rap1 signaling pathway - Homo sapiens (human),Calcium signaling pathway - Homo sapiens (human),cGMP-PKG signaling pathway - Homo sapiens (human),cAMP signaling pathway - Homo sapiens (human),Cytokine-cytokine receptor interaction - Homo sapiens (human),Viral protein interaction with cytokine and cytokine receptor - Homo sapiens (human),Chemokine signaling pathway - Homo sapiens (human),NF-kappa B signaling pathway - Homo sapiens (human),HIF-1 signaling pathway - Homo sapiens (human),FoxO signaling pathway - Homo sapiens (human),Phosphatidylinositol signaling system - Homo sapiens (human),Sphingolipid signaling pathway - Homo sapiens (human),Phospholipase D signaling pathway - Homo sapiens (human),Neuroactive ligand-receptor interaction - Homo sapiens (human),Cell cycle - Homo sapiens (human),Oocyte meiosis - Homo sapiens (human),p53 signaling pathway - Homo sapiens (human),Ubiquitin mediated proteolysis - Homo sapiens (human),Sulfur relay system - Homo sapiens (human),SNARE interactions in vesicular transport - Homo sapiens (human),Autophagy - other - Homo sapiens (human),Mitophagy - animal - Homo sapiens (human),Autophagy - animal - Homo sapiens (human),Protein processing in endoplasmic reticulum - Homo sapiens (human),Lysosome - Homo sapiens (human),Endocytosis - Homo sapiens (human),Phagosome - Homo sapiens (human),Peroxisome - Homo sapiens (human),mTOR signaling pathway - Homo sapiens (human),PI3K-Akt signaling pathway - Homo sapiens (human),AMPK signaling pathway - Homo sapiens (human),Apoptosis - Homo sapiens (human),Longevity regulating pathway - Homo sapiens (human),Longevity regulating pathway - multiple species - Homo sapiens (human),Apoptosis - multiple species - Homo sapiens (human),Ferroptosis - Homo sapiens (human),Necroptosis - Homo sapiens (human),Cellular senescence - Homo sapiens (human),Cardiac muscle contraction - Homo sapiens (human),Adrenergic signaling in cardiomyocytes - Homo sapiens (human),Vascular smooth muscle contraction - Homo sapiens (human),Wnt signaling pathway - Homo sapiens (human),Notch signaling pathway - Homo sapiens (human),Hedgehog signaling pathway - Homo sapiens (human),TGF-beta signaling pathway - Homo sapiens (human),Axon guidance - Homo sapiens (human),VEGF signaling pathway - Homo sapiens (human),Apelin signaling pathway - Homo sapiens (human),Osteoclast differentiation - Homo sapiens (human),Hippo signaling pathway - Homo sapiens (human),Hippo signaling pathway - multiple species - Homo sapiens (human),Focal adhesion - Homo sapiens (human),ECM-receptor interaction - Homo sapiens (human),Cell adhesion molecules - Homo sapiens (human),Adherens junction - Homo sapiens (human),Tight junction - Homo sapiens (human),Gap junction - Homo sapiens (human),Signaling pathways regulating pluripotency of stem cells - Homo sapiens (human),Complement and coagulation cascades - Homo sapiens (human),Platelet activation - Homo sapiens (human),Antigen processing and presentation - Homo sapiens (human),Neutrophil extracellular trap formation - Homo sapiens (human),Renin-angiotensin system - Homo sapiens (human),Toll-like receptor signaling pathway - Homo sapiens (human),NOD-like receptor signaling pathway - Homo sapiens (human),RIG-I-like receptor signaling pathway - Homo sapiens (human),Cytosolic DNA-sensing pathway - Homo sapiens (human),C-type lectin receptor signaling pathway - Homo sapiens (human),JAK-STAT signaling pathway - Homo sapiens (human),Hematopoietic cell lineage - Homo sapiens (human),Natural killer cell mediated cytotoxicity - Homo sapiens (human),IL-17 signaling pathway - Homo sapiens (human),Th1 and Th2 cell differentiation - Homo sapiens (human),Th17 cell differentiation - Homo sapiens (human),T cell receptor signaling pathway - Homo sapiens (human),B cell receptor signaling pathway - Homo sapiens (human),Fc epsilon RI signaling pathway - Homo sapiens (human),Fc gamma R-mediated phagocytosis - Homo sapiens (human),TNF signaling pathway - Homo sapiens (human),Leukocyte transendothelial migration - Homo sapiens (human),Intestinal immune network for IgA production - Homo sapiens (human),Circadian rhythm - Homo sapiens (human),Circadian entrainment - Homo sapiens (human),Thermogenesis - Homo sapiens (human),Long-term potentiation - Homo sapiens (human),Synaptic vesicle cycle - Homo sapiens (human),Neurotrophin signaling pathway - Homo sapiens (human),Retrograde endocannabinoid signaling - Homo sapiens (human),Glutamatergic synapse - Homo sapiens (human),Cholinergic synapse - Homo sapiens (human),Serotonergic synapse - Homo sapiens (human),GABAergic synapse - Homo sapiens (human),Dopaminergic synapse - Homo sapiens (human),Long-term depression - Homo sapiens (human),Olfactory transduction - Homo sapiens (human),Taste transduction - Homo sapiens (human),Phototransduction - Homo sapiens (human),Inflammatory mediator regulation of TRP channels - Homo sapiens (human),Regulation of actin cytoskeleton - Homo sapiens (human),Insulin signaling pathway - Homo sapiens (human),Insulin secretion - Homo sapiens (human),GnRH signaling pathway - Homo sapiens (human),Ovarian steroidogenesis - Homo sapiens (human),Progesterone-mediated oocyte maturation - Homo sapiens (human),Estrogen signaling pathway - Homo sapiens (human),Melanogenesis - Homo sapiens (human),Prolactin signaling pathway - Homo sapiens (human),Thyroid hormone synthesis - Homo sapiens (human),Thyroid hormone signaling pathway - Homo sapiens (human),Adipocytokine signaling pathway - Homo sapiens (human),Oxytocin signaling pathway - Homo sapiens (human),Glucagon signaling pathway - Homo sapiens (human),Regulation of lipolysis in adipocytes - Homo sapiens (human),Renin secretion - Homo sapiens (human),Aldosterone synthesis and secretion - Homo sapiens (human),Relaxin signaling pathway - Homo sapiens (human),Cortisol synthesis and secretion - Homo sapiens (human),"Parathyroid hormone synthesis, secretion and action - Homo sapiens (human)",GnRH secretion - Homo sapiens (human),Type II diabetes mellitus - Homo sapiens (human),Insulin resistance - Homo sapiens (human),Non-alcoholic fatty liver disease - Homo sapiens (human),AGE-RAGE signaling pathway in diabetic complications - Homo sapiens (human),Cushing syndrome - Homo sapiens (human),"Growth hormone synthesis, secretion and action - Homo sapiens (human)",Alcoholic liver disease - Homo sapiens (human),Type I diabetes mellitus - Homo sapiens (human),Maturity onset diabetes of the young - Homo sapiens (human),Aldosterone-regulated sodium reabsorption - Homo sapiens (human),Endocrine and other factor-regulated calcium reabsorption - Homo sapiens (human),Vasopressin-regulated water reabsorption - Homo sapiens (human),Proximal tubule bicarbonate reclamation - Homo sapiens (human),Collecting duct acid secretion - Homo sapiens (human),Salivary secretion - Homo sapiens (human),Gastric acid secretion - Homo sapiens (human),Pancreatic secretion - Homo sapiens (human),Carbohydrate digestion and absorption - Homo sapiens (human),Protein digestion and absorption - Homo sapiens (human),Fat digestion and absorption - Homo sapiens (human),Bile secretion - Homo sapiens (human),Vitamin digestion and absorption - Homo sapiens (human),Mineral absorption - Homo sapiens (human),Cholesterol metabolism - Homo sapiens (human),Alzheimer disease - Homo sapiens (human),Parkinson disease - Homo sapiens (human),Amyotrophic lateral sclerosis - Homo sapiens (human),Huntington disease - Homo sapiens (human),Spinocerebellar ataxia - Homo sapiens (human),Prion disease - Homo sapiens (human),Pathways of neurodegeneration - multiple diseases - Homo sapiens (human),Cocaine addiction - Homo sapiens (human),Amphetamine addiction - Homo sapiens (human),Morphine addiction - Homo sapiens (human),Nicotine addiction - Homo sapiens (human),Alcoholism - Homo sapiens (human),Bacterial invasion of epithelial cells - Homo sapiens (human),Vibrio cholerae infection - Homo sapiens (human),Epithelial cell signaling in Helicobacter pylori infection - Homo sapiens (human),Pathogenic Escherichia coli infection - Homo sapiens (human),Shigellosis - Homo sapiens (human),Salmonella infection - Homo sapiens (human),Pertussis - Homo sapiens (human),Legionellosis - Homo sapiens (human),Yersinia infection - Homo sapiens (human),Leishmaniasis - Homo sapiens (human),Chagas disease - Homo sapiens (human),African trypanosomiasis - Homo sapiens (human),Malaria - Homo sapiens (human),Toxoplasmosis - Homo sapiens (human),Amoebiasis - Homo sapiens (human),Staphylococcus aureus infection - Homo sapiens (human),Tuberculosis - Homo sapiens (human),Hepatitis C - Homo sapiens (human),Hepatitis B - Homo sapiens (human),Measles - Homo sapiens (human),Human cytomegalovirus infection - Homo sapiens (human),Influenza A - Homo sapiens (human),Human papillomavirus infection - Homo sapiens (human),Human T-cell leukemia virus 1 infection - Homo sapiens (human),Kaposi sarcoma-associated herpesvirus infection - Homo sapiens (human),Herpes simplex virus 1 infection - Homo sapiens (human),Epstein-Barr virus infection - Homo sapiens (human),Human immunodeficiency virus 1 infection - Homo sapiens (human),Coronavirus disease - COVID-19 - Homo sapiens (human),Pathways in cancer - Homo sapiens (human),Transcriptional misregulation in cancer - Homo sapiens (human),Viral carcinogenesis - Homo sapiens (human),Chemical carcinogenesis - DNA adducts - Homo sapiens (human),Proteoglycans in cancer - Homo sapiens (human),MicroRNAs in cancer - Homo sapiens (human),Chemical carcinogenesis - receptor activation - Homo sapiens (human),Chemical carcinogenesis - reactive oxygen species - Homo sapiens (human),Colorectal cancer - Homo sapiens (human),Renal cell carcinoma - Homo sapiens (human),Pancreatic cancer - Homo sapiens (human),Endometrial cancer - Homo sapiens (human),Glioma - Homo sapiens (human),Prostate cancer - Homo sapiens (human),Thyroid cancer - Homo sapiens (human),Basal cell carcinoma - Homo sapiens (human),Melanoma - Homo sapiens (human),Bladder cancer - Homo sapiens (human),Chronic myeloid leukemia - Homo sapiens (human),Acute myeloid leukemia - Homo sapiens (human),Small cell lung cancer - Homo sapiens (human),Non-small cell lung cancer - Homo sapiens (human),Breast cancer - Homo sapiens (human),Hepatocellular carcinoma - Homo sapiens (human),Gastric cancer - Homo sapiens (human),Central carbon metabolism in cancer - Homo sapiens (human),Choline metabolism in cancer - Homo sapiens (human),PD-L1 expression and PD-1 checkpoint pathway in cancer - Homo sapiens (human),Asthma - Homo sapiens (human),Autoimmune thyroid disease - Homo sapiens (human),Inflammatory bowel disease - Homo sapiens (human),Systemic lupus erythematosus - Homo sapiens (human),Rheumatoid arthritis - Homo sapiens (human),Allograft rejection - Homo sapiens (human),Graft-versus-host disease - Homo sapiens (human),Primary immunodeficiency - Homo sapiens (human),Hypertrophic cardiomyopathy - Homo sapiens (human),Arrhythmogenic right ventricular cardiomyopathy - Homo sapiens (human),Dilated cardiomyopathy - Homo sapiens (human),Diabetic cardiomyopathy - Homo sapiens (human),Viral myocarditis - Homo sapiens (human),Lipid and atherosclerosis - Homo sapiens (human),Fluid shear stress and atherosclerosis - Homo sapiens (human)
Glycolysis / Gluconeogenesis - Homo sapiens (human),1,0.077777778,0.127906977,0.00990099,0.149425287,0.166666667,0.065934066,0,0,0.12244898,0,0,0,0,0,0,0.010362694,0,0,0,0.06,0.044642857,0.055045872,0,0.048387097,0.044642857,0.098765432,0.107526882,0.0375,0.058252427,0,0.088888889,0,0,0,0,0,0.119565217,0,0,0,0,0,0,0.074074074,0.074626866,0,0,0,0,0.048780488,0.014492754,0,0,0,0,0,0,0,0,0,0,0.341176471,0.031914894,0.087912088,0,0,0,0,0,0,0.035294118,0,0,0,0.0546875,0,0,0,0,0,0.074626866,0.078125,0,0,0,0,0,0,0,0.050359712,0,0,0,0,0,0,0,0,0,0,0,0,0.014285714,0,0,0,0,0,0,0,0,0,0,0,0,0,0,0,0,0,0.165562914,0.025906736,0,0,0,0,0,0,0,0,0,0,0,0,0,0,0,0,0,0,0,0.012019231,0.056179775,0,0,0,0,0,0,0,0,0,0,0,0,0,0,0,0,0,0,0,0,0,0,0,0,0,0,0,0,0,0,0,0,0,0,0,0,0,0,0,0,0,0,0,0,0,0,0,0,0,0,0,0,0,0,0,0,0,0,0,0,0,0,0,0,0,0,0,0,0.068062827,0.006578947,0,0,0,0,0,0.007352941,0,0.016216216,0.038167939,0,0.152317881,0,0,0,0,0,0,0,0.066037736,0.029411765,0.004524887,0,0,0,0.060913706,0,0.021978022,0,0,0,0.022727273,0,0,0,0,0.065420561,0,0,0,0,0,0,0.002222222,0,0,0,0,0,0,0,0,0,0,0,0,0,0,0.003802281,0.012903226,0.003174603,0,0,0,0,0,0,0,0,0,0,0,0,0,0,0,0,0.002518892,0,0,0,0,0,0,0,0,0.003703704,0,0,0,0,0.003460208,0,0,0,0,0,0,0,0,0,0,0,0,0,0,0,0,0,0.170940171,0,0,0,0,0,0,0,0,0,0,0,0,0,0.015037594,0,0,0
Citrate cycle (TCA cycle) - Homo sapiens (human),0.077777778,1,0,0,0,0,0,0,0,0,0,0,0,0,0.025,0,0,0,0,0,0.014705882,0.025641026,0.012987013,0,0.021978022,0,0,0,0,0.028571429,0,0,0,0,0,0,0.023529412,0,0,0,0,0,0,0,0,0,0,0,0,0,0,0,0,0,0,0,0,0,0,0,0,0,0.166666667,0.111111111,0.068965517,0,0,0,0,0,0,0,0,0,0,0,0,0,0,0,0,0,0,0,0,0,0,0,0,0,0,0,0,0,0,0,0,0,0,0,0,0,0,0.019417476,0,0,0,0,0,0,0,0,0,0,0,0,0,0,0,0,0,0.022058824,0.012578616,0,0,0,0,0,0,0,0,0,0,0,0,0,0,0,0,0,0.018181818,0,0.005235602,0.013422819,0,0,0,0,0,0,0,0,0,0,0,0,0,0,0,0,0,0,0,0,0,0,0,0,0,0,0,0,0,0,0,0,0,0,0,0,0,0,0,0,0,0,0,0,0,0,0,0,0,0,0,0,0.015503876,0,0,0,0,0,0,0,0,0,0,0,0,0,0,0,0.012121212,0,0,0,0,0,0,0,0,0,0.020618557,0,0.037878788,0,0,0,0,0,0,0,0,0.014705882,0.022099448,0,0.005434783,0,0,0,0,0,0,0,0.06,0,0,0,0,0,0,0,0,0,0,0,0.009756098,0.01369863,0.01025641,0.012048193,0,0.013377926,0.007968127,0,0,0,0,0,0,0,0,0,0,0,0,0,0,0,0,0,0,0,0,0,0,0,0,0,0,0,0,0,0,0,0,0,0,0.001785714,0,0,0,0,0,0,0.016064257,0,0.010204082,0,0,0,0,0,0,0,0,0,0,0,0,0,0,0,0.052631579,0,0,0,0,0,0,0,0,0,0,0,0,0,0.030973451,0,0,0
Pentose phosphate pathway - Homo sapiens (human),0.127906977,0,1,0.031746032,0.145454545,0.089285714,0.016949153,0,0,0,0,0,0,0,0,0,0.032679739,0,0,0,0.014705882,0,0,0,0,0,0,0,0,0,0,0,0,0,0,0,0.023529412,0.047619048,0,0,0,0,0,0,0.039473684,0,0,0,0,0,0.010989011,0,0,0,0,0,0,0,0,0,0,0,0,0.016949153,0,0,0,0,0,0,0,0,0,0,0,0,0,0,0,0,0,0,0,0,0,0,0,0,0,0,0.028301887,0,0,0,0,0,0,0,0,0,0,0,0,0,0,0,0,0,0,0,0,0,0,0,0,0,0,0,0,0,0,0.045112782,0,0,0,0,0,0,0,0,0,0,0,0,0,0,0,0,0,0,0,0,0,0.034246575,0,0,0,0,0,0,0,0,0,0,0,0,0,0,0,0,0,0,0,0,0,0,0,0,0,0,0,0,0,0,0,0,0,0,0,0,0,0,0,0,0,0,0,0,0,0,0,0,0,0,0,0,0,0,0,0,0,0,0,0,0,0,0,0,0,0,0,0,0.012121212,0,0,0,0,0,0,0,0,0.02027027,0,0,0.037878788,0,0,0,0,0,0,0,0,0,0,0,0,0,0,0,0,0,0,0,0,0,0,0,0,0,0,0,0,0,0,0,0,0,0,0,0,0,0,0,0,0,0,0,0,0,0,0,0,0,0,0,0,0,0,0,0,0,0,0,0,0,0,0,0,0,0,0,0,0,0,0,0,0,0,0,0,0,0,0,0,0,0,0,0,0,0,0,0,0,0,0,0,0,0,0,0,0,0.041666667,0,0,0,0,0,0,0,0,0,0,0,0,0,0.004310345,0,0,0
Pentose and glucuronate interconversions - Homo sapiens (human),0.00990099,0,0.031746032,1,0.046153846,0.047619048,0.547619048,0,0,0,0,0,0,0.243589744,0,0,0,0,0,0,0,0,0,0,0,0,0,0,0,0,0,0,0,0,0,0,0,0.014285714,0,0,0,0,0,0.01754386,0.024390244,0,0.018867925,0,0,0,0.031914894,0,0,0,0,0,0,0,0,0,0,0,0.012345679,0,0,0,0,0,0,0,0,0,0,0,0.033898305,0.226190476,0.344827586,0,0,0,0,0.217391304,0.218390805,0.210526316,0,0,0,0,0,0,0,0,0,0,0,0,0,0,0,0,0,0,0,0,0,0,0,0,0,0,0,0,0,0,0,0,0,0,0,0,0,0,0,0,0,0,0,0,0,0,0,0,0,0,0,0,0,0.006024096,0,0,0,0,0,0,0,0.008130081,0,0,0,0,0,0,0,0,0,0,0,0,0,0,0,0,0,0,0,0,0,0,0,0,0,0,0,0,0,0,0,0,0,0,0,0,0,0,0,0,0,0,0,0,0,0,0,0,0,0,0,0,0,0,0,0,0,0,0,0,0,0,0,0,0,0,0,0,0,0,0,0,0,0,0,0,0,0,0,0,0,0,0,0,0.007142857,0,0,0,0,0,0,0,0,0,0,0,0.011494253,0,0,0,0,0,0,0,0,0,0.180952381,0,0,0,0,0,0,0,0,0,0,0,0,0,0,0,0,0,0,0,0,0,0,0,0,0,0,0,0,0,0,0,0,0,0,0,0,0,0,0,0,0,0,0,0,0,0,0,0.223529412,0,0,0.083333333,0.003891051,0,0,0,0,0,0,0,0,0,0,0,0,0,0,0,0,0,0,0,0,0,0,0,0,0,0,0,0,0,0,0,0,0,0,0
Fructose and mannose metabolism - Homo sapiens (human),0.149425287,0,0.145454545,0.046153846,1,0.163636364,0,0,0,0,0,0,0,0,0,0,0,0,0,0,0,0,0,0,0,0,0,0,0,0,0,0,0,0,0,0,0,0.061538462,0,0,0,0,0,0,0.188405797,0.117647059,0,0,0,0,0.032608696,0.00952381,0,0,0,0,0,0,0,0,0,0,0,0,0,0,0,0,0,0,0,0,0,0,0.035087719,0,0,0,0,0,0,0,0,0,0,0,0,0,0,0,0.027522936,0,0,0,0,0,0,0,0,0,0,0,0,0,0,0,0,0,0,0,0,0,0,0,0,0,0,0,0,0,0,0.083969466,0,0,0,0,0,0,0,0,0,0,0,0,0,0,0,0,0,0,0,0,0,0.062068966,0,0,0,0,0,0,0,0,0,0,0,0,0,0,0,0,0,0,0,0,0,0,0,0,0,0,0,0,0,0,0,0,0,0,0.009803922,0,0,0,0,0,0,0,0,0,0,0,0,0,0,0,0,0,0,0,0,0,0,0,0,0,0,0,0,0,0,0,0,0,0.036585366,0,0,0,0,0,0,0,0,0.026666667,0,0,0.044776119,0,0,0,0,0,0,0,0.053333333,0,0,0,0,0,0,0,0,0,0,0,0,0,0,0,0,0.052631579,0,0,0,0,0,0,0,0,0,0,0,0,0,0,0,0,0,0,0,0,0,0,0.014492754,0,0,0,0,0,0,0,0,0,0,0,0,0,0,0,0,0,0,0,0,0,0,0,0,0,0,0,0,0,0,0,0,0,0,0,0,0,0,0,0,0,0,0,0,0,0,0,0,0,0.084210526,0,0,0,0,0,0,0,0,0,0,0,0,0,0,0,0,0
Galactose metabolism - Homo sapiens (human),0.166666667,0,0.089285714,0.047619048,0.163636364,1,0,0,0,0,0,0,0,0,0,0,0.012738854,0,0,0,0,0,0,0,0,0,0,0,0,0,0,0,0,0,0,0,0,0.31372549,0.025316456,0.020833333,0,0.029411765,0.026315789,0.038461538,0.15942029,0.161290323,0.020408163,0,0.046511628,0,0.033333333,0,0,0,0,0,0,0,0.024390244,0.035714286,0.022222222,0.022222222,0,0,0,0,0,0,0,0,0,0,0,0,0.036363636,0,0,0,0,0,0,0,0,0,0,0,0,0,0,0,0.028037383,0,0,0,0,0,0,0,0,0,0,0,0,0,0,0,0,0,0,0,0,0,0,0,0,0,0,0,0,0,0,0.052631579,0.018867925,0,0,0,0,0,0,0,0,0,0,0,0,0,0,0.01875,0,0,0,0,0.007853403,0.04109589,0,0,0,0,0,0,0,0,0,0,0,0,0,0,0,0,0,0,0,0,0,0,0,0,0,0,0,0,0,0,0,0,0,0,0,0,0,0,0,0,0,0,0,0,0,0,0,0,0,0,0,0,0,0,0,0,0,0,0,0,0,0,0,0,0,0,0,0,0.05,0.00862069,0,0,0,0,0,0.02020202,0,0.020134228,0.030927835,0,0.053435115,0,0,0,0,0,0,0,0.069444444,0.022058824,0,0,0,0,0,0,0.017857143,0,0,0,0,0,0,0,0,0.164179104,0,0,0,0,0,0,0,0,0,0,0,0,0,0,0,0,0,0,0,0,0,0,0.01459854,0,0,0,0,0,0,0,0,0,0,0,0,0,0,0,0,0,0,0,0,0,0,0,0,0,0,0,0,0,0,0,0,0,0,0,0,0,0,0,0,0,0,0,0,0,0,0,0,0,0.086021505,0,0,0,0,0,0,0,0,0,0,0,0,0,0,0,0,0
Ascorbate and aldarate metabolism - Homo sapiens (human),0.065934066,0,0.016949153,0.547619048,0,0,1,0,0,0.073529412,0,0,0,0.260273973,0,0,0,0,0,0,0.014705882,0,0.068493151,0,0.056818182,0.066666667,0.106382979,0,0,0.074626866,0,0.089285714,0,0,0,0,0,0,0,0,0,0,0,0,0.012820513,0,0.020833333,0,0,0,0.069767442,0.009803922,0,0,0,0,0,0,0,0,0,0,0.084507042,0,0,0,0,0,0,0,0,0.0625,0,0,0,0.240506329,0.377358491,0,0,0,0,0.215909091,0.231707317,0.222222222,0,0,0,0,0,0,0,0,0,0,0,0,0,0,0,0,0,0,0,0,0,0,0,0,0,0,0,0,0,0,0,0,0,0,0,0,0,0,0,0,0,0,0,0,0,0,0,0,0,0,0,0,0,0.00621118,0,0,0,0,0,0,0,0.008474576,0,0,0,0,0,0,0,0,0,0,0,0,0,0,0,0,0,0,0,0,0,0,0,0,0,0,0,0,0,0,0,0,0,0,0,0,0,0,0,0,0,0,0,0,0,0,0,0,0,0,0,0,0,0,0,0,0,0,0,0,0,0,0,0,0,0,0,0,0,0,0,0,0,0,0,0,0,0,0,0,0,0,0,0,0.007407407,0,0,0,0,0,0,0,0.02994012,0,0,0,0.012195122,0,0,0,0,0,0,0,0,0,0.19,0,0,0,0,0,0,0,0,0,0,0,0,0,0,0,0,0,0,0,0,0,0,0,0,0,0,0,0,0,0,0,0,0,0,0,0,0,0,0,0,0,0,0,0,0,0,0,0.2375,0,0,0.085201794,0.003968254,0,0,0,0,0,0,0,0,0,0,0,0,0,0,0,0,0,0,0,0,0,0,0,0,0,0,0,0,0,0,0,0,0,0,0
Fatty acid biosynthesis - Homo sapiens (human),0,0,0,0,0,0,0,1,0.022727273,0.12962963,0,0,0,0.012658228,0,0,0,0,0,0,0,0,0.015384615,0,0,0,0,0,0,0,0,0,0,0,0,0,0,0,0,0,0,0,0,0,0,0,0,0,0,0,0,0,0,0,0,0,0,0,0,0,0,0,0.031746032,0,0.041666667,0,0,0,0,0,0,0,0.05,0,0,0,0,0,0,0,0,0,0,0,0,0,0,0,0,0,0,0,0,0,0,0,0,0,0,0,0,0,0,0.081395349,0,0,0,0,0,0,0,0,0,0,0,0,0,0,0,0,0,0,0,0,0,0,0,0,0,0,0,0,0,0,0,0,0,0,0,0,0.052631579,0,0,0.022058824,0,0,0,0,0.092592593,0,0,0,0,0,0,0,0,0,0,0,0,0,0,0,0,0,0,0,0,0,0,0,0,0,0,0,0,0,0,0,0,0,0,0,0,0,0,0,0,0,0,0,0,0,0,0,0.020408163,0,0,0,0,0,0,0,0,0,0,0,0,0,0,0,0.019736842,0,0,0,0,0,0,0,0,0,0.101265823,0,0.016260163,0,0,0,0,0,0,0,0,0.008,0,0,0,0,0.01910828,0,0,0,0,0,0,0,0,0,0,0,0,0,0,0,0,0,0,0,0,0,0,0,0,0,0,0,0,0,0,0,0,0,0,0,0,0,0,0,0,0,0,0,0,0,0,0,0,0,0,0,0,0,0,0,0,0,0,0,0,0,0,0,0,0,0,0,0,0,0,0,0,0,0,0,0,0,0,0,0,0,0,0,0,0,0,0,0,0,0,0,0,0,0,0,0,0,0,0,0,0
Fatty acid elongation - Homo sapiens (human),0,0,0,0,0,0,0,0.022727273,1,0.076923077,0,0,0,0.011363636,0,0,0,0,0,0,0,0,0.071428571,0,0.034482759,0,0,0,0,0.045454545,0,0.035714286,0,0,0,0,0,0,0,0,0,0,0,0,0,0,0,0,0,0,0,0,0,0,0,0,0,0,0,0,0,0,0,0,0.035087719,0.058823529,0,0,0,0,0,0,0,0,0,0,0,0,0,0,0,0,0,0,0.459459459,0,0,0,0,0,0,0,0,0,0,0,0,0,0,0,0,0,0,0,0,0,0,0,0,0,0,0,0,0,0,0,0,0,0,0,0,0,0,0,0,0,0,0,0,0,0,0,0,0,0,0,0,0.012738854,0,0,0,0,0.002631579,0,0,0,0,0,0,0,0,0,0,0,0,0,0,0,0,0,0,0,0,0,0,0,0,0,0,0,0,0,0,0,0,0,0,0,0,0,0,0,0,0,0,0,0,0,0,0,0,0,0,0,0,0,0,0,0,0,0,0,0,0,0,0,0,0,0,0,0,0,0,0,0,0.04,0,0,0,0,0,0,0,0,0,0,0,0,0,0,0,0,0,0,0,0,0,0,0,0,0,0,0,0,0,0,0,0,0,0,0,0,0,0,0,0,0,0,0,0,0,0,0,0,0,0,0,0,0,0,0,0,0,0,0,0,0,0,0,0,0,0,0,0,0,0,0,0,0,0,0,0,0,0,0,0,0,0,0,0,0,0,0,0,0,0,0,0,0,0,0,0,0,0,0,0,0,0,0,0,0,0,0,0,0,0,0,0,0,0,0,0,0,0,0,0,0,0,0,0
Fatty acid degradation - Homo sapiens (human),0.12244898,0,0,0,0,0,0.073529412,0.12962963,0.076923077,1,0,0,0,0,0,0,0,0,0,0,0.012345679,0,0.22972973,0,0.127659574,0.056818182,0.083333333,0.097222222,0,0.164383562,0,0.174603175,0,0,0,0,0,0,0,0,0,0,0,0,0,0,0,0,0,0,0.05,0,0,0,0,0.009708738,0,0.045454545,0,0,0,0,0.184210526,0.028169014,0.086956522,0.111111111,0,0,0,0,0,0.049180328,0,0,0,0.067307692,0,0.03125,0,0,0,0.061946903,0.065420561,0,0.044776119,0,0,0,0,0,0,0,0,0,0,0,0,0,0,0,0,0,0,0.168316832,0,0,0,0,0,0,0,0,0,0,0,0,0.007633588,0,0,0,0,0,0,0,0,0,0,0,0,0,0,0,0,0,0,0,0,0,0,0,0.086956522,0,0,0.01863354,0,0,0,0,0.063291139,0,0,0,0,0,0,0,0,0,0,0,0,0,0,0,0,0,0,0,0,0,0,0,0,0,0,0,0,0,0,0,0,0,0,0,0,0,0,0,0,0,0,0,0,0,0,0,0.033834586,0,0,0,0,0,0,0,0,0,0,0,0,0,0,0,0,0,0,0,0,0,0,0,0,0,0.098039216,0,0.020408163,0,0,0,0,0,0,0,0,0.013422819,0,0,0,0,0.114457831,0,0,0,0,0,0,0,0,0,0,0,0,0.023809524,0,0,0,0,0,0,0,0,0,0,0,0,0,0,0,0,0,0,0,0,0,0,0,0,0,0,0,0,0,0,0,0,0,0,0,0,0,0,0,0,0,0,0,0,0,0,0,0,0,0,0,0,0,0,0,0,0,0,0,0,0,0,0,0,0,0,0,0,0,0,0,0,0,0,0,0,0,0,0,0,0,0,0,0,0.008196721,0,0,0
Steroid biosynthesis - Homo sapiens (human),0,0,0,0,0,0,0,0,0,0,1,0,0,0.012345679,0,0,0,0,0,0,0,0,0,0,0,0,0,0,0,0,0,0,0,0,0,0,0,0,0,0,0,0,0,0,0,0,0,0,0,0,0.012345679,0,0,0,0,0,0,0,0,0,0,0,0,0,0,0,0,0,0,0,0,0,0,0,0,0,0,0,0,0,0,0,0,0,0,0,0,0,0,0,0,0,0,0,0,0,0,0,0,0,0,0,0,0,0,0,0,0,0,0,0,0,0,0,0,0,0,0,0,0,0,0,0,0,0,0,0,0,0,0,0,0,0,0,0,0,0,0.006622517,0,0,0,0,0,0,0,0,0,0,0,0,0,0,0,0,0,0,0,0,0,0,0,0,0,0,0,0,0,0,0,0,0,0,0,0,0,0,0,0,0,0,0,0,0,0,0,0,0,0,0,0,0,0,0,0,0,0,0,0,0,0,0,0,0,0,0,0,0,0,0,0,0,0,0,0,0,0.014285714,0,0,0,0,0,0,0,0,0,0,0,0,0,0,0.016129032,0,0,0,0,0,0,0,0,0,0,0,0,0,0,0,0,0,0.008264463,0,0,0.016129032,0,0,0,0.044117647,0,0,0,0,0,0,0,0,0,0,0,0,0,0,0,0,0,0,0,0,0,0,0,0,0,0,0,0,0.005025126,0,0,0,0,0,0,0,0,0,0,0,0,0,0,0,0,0,0.003039514,0,0,0,0,0,0,0,0,0,0,0,0,0,0,0,0,0,0,0,0,0,0,0,0,0,0,0,0,0,0,0,0,0,0,0,0,0
Primary bile acid biosynthesis - Homo sapiens (human),0,0,0,0,0,0,0,0,0,0,0,1,0,0.053333333,0,0,0,0,0,0,0,0,0,0,0,0,0,0,0,0,0,0,0.03125,0,0,0,0,0,0,0,0,0,0,0,0,0,0,0,0,0,0,0,0,0,0,0,0,0,0,0,0,0,0,0,0,0,0,0,0,0,0,0,0,0,0,0,0,0,0,0,0,0,0,0,0.073170732,0,0,0,0,0,0,0,0,0,0,0,0,0,0,0,0,0,0,0.069767442,0,0,0,0,0,0,0,0,0,0,0,0,0,0,0,0,0,0,0,0,0,0,0,0,0,0,0,0,0,0,0,0,0,0,0,0,0.064516129,0,0,0,0,0,0,0,0,0,0,0,0,0,0,0,0,0,0,0,0,0,0,0,0,0,0,0,0,0,0,0,0,0,0,0,0,0,0,0,0,0,0,0,0,0,0,0,0,0,0,0,0,0,0,0,0,0,0,0,0,0,0,0,0,0,0,0,0,0,0,0,0,0,0,0,0,0,0,0,0,0,0,0,0,0,0,0,0,0,0,0,0,0.008064516,0,0,0,0,0,0,0,0,0,0,0,0,0,0,0,0,0,0,0.029126214,0,0,0.03030303,0,0,0,0,0,0,0,0,0,0,0,0,0,0,0,0,0,0,0,0,0,0,0,0,0,0,0,0,0,0,0,0,0,0,0,0,0,0,0,0,0,0,0,0,0,0,0,0,0.0041841,0,0,0,0,0,0,0,0,0,0,0,0,0,0,0,0,0,0,0,0,0,0,0,0,0,0,0,0,0,0,0,0,0,0,0
Ubiquinone and other terpenoid-quinone biosynthesis - Homo sapiens (human),0,0,0,0,0,0,0,0,0,0,0,0,1,0,0,0,0,0,0,0,0,0.016666667,0,0,0,0,0,0.044444444,0.08,0,0.0625,0,0,0,0,0,0,0,0,0,0,0,0,0,0,0,0,0,0,0,0,0,0,0,0,0,0,0,0,0,0,0,0,0,0,0,0,0,0,0,0,0,0,0,0,0,0,0,0,0,0,0,0,0,0,0,0,0,0,0,0,0,0,0,0,0,0,0,0,0,0,0,0,0,0,0,0,0,0,0,0,0,0,0,0,0,0,0,0,0,0,0,0,0,0,0,0,0,0,0,0,0,0,0,0,0,0,0,0,0,0,0,0,0,0,0,0,0,0,0,0,0,0,0,0,0,0,0,0,0,0,0,0,0,0,0,0,0,0,0,0,0,0,0,0,0,0,0,0,0,0,0,0,0,0,0,0,0,0,0,0,0,0,0,0,0,0,0,0,0,0,0,0,0,0,0,0,0,0,0,0,0,0,0,0,0,0,0,0,0,0,0,0,0,0,0,0,0,0,0,0,0,0,0,0,0,0,0,0,0,0,0,0,0,0,0,0,0,0,0,0,0,0,0,0,0,0,0,0,0,0,0,0,0,0,0,0,0,0,0,0,0,0,0,0,0,0,0,0,0,0,0,0,0,0,0,0,0,0,0,0,0,0,0,0,0,0,0.001848429,0,0,0,0,0,0,0.004291845,0,0,0,0,0,0,0,0,0,0,0,0,0,0,0,0.005617978,0,0,0,0,0,0,0,0,0,0,0,0,0,0,0,0,0,0,0.006711409
Steroid hormone biosynthesis - Homo sapiens (human),0,0,0,0.243589744,0,0,0.260273973,0.012658228,0.011363636,0,0.012345679,0.053333333,0,1,0,0,0,0.014925373,0,0,0,0,0,0,0,0,0,0.020833333,0,0.02970297,0,0,0,0,0,0,0,0,0.009009009,0,0,0,0,0,0,0,0,0,0,0,0,0,0,0,0,0.016528926,0.033707865,0,0,0,0,0,0,0,0,0,0,0,0,0,0,0,0,0,0.011494253,0.25,0.220930233,0,0,0,0,0.252252252,0.209090909,0.173553719,0.011363636,0,0,0,0,0,0,0,0,0,0,0,0,0,0,0,0,0,0,0.007352941,0,0,0,0,0,0,0,0,0,0,0,0,0,0,0,0,0,0,0,0,0,0,0,0,0,0,0,0,0,0,0,0,0,0,0,0,0,0,0,0,0,0,0,0,0,0,0,0,0,0,0,0,0,0,0,0,0,0,0,0,0,0,0,0,0,0,0,0,0,0,0,0,0,0,0,0,0,0,0,0,0,0,0,0,0,0,0,0,0,0,0,0,0,0,0,0,0,0,0,0,0,0.010416667,0,0,0,0,0,0,0,0,0,0.107843137,0,0,0,0.007633588,0,0,0,0,0,0,0,0.032258065,0,0.049586777,0,0,0,0,0.00462963,0,0.028436019,0,0.004926108,0,0,0.010204082,0,0,0,0,0,0,0,0,0,0,0.161538462,0,0,0.008928571,0,0,0,0,0,0,0,0,0,0,0,0,0,0,0,0,0,0,0,0,0,0,0,0,0,0,0,0,0,0,0,0,0,0,0,0,0,0,0,0,0,0,0,0,0.297029703,0,0.002695418,0.091633466,0.028880866,0,0,0,0,0,0.006329114,0,0,0,0,0,0,0,0,0,0,0,0,0,0,0,0,0,0,0,0,0,0,0,0,0,0,0,0.003623188,0
Oxidative phosphorylation - Homo sapiens (human),0,0.025,0,0,0,0,0,0,0,0,0,0,0,0,1,0,0,0,0,0,0,0,0,0,0,0,0,0,0,0,0,0,0,0,0,0,0,0,0,0,0,0,0,0,0,0,0,0,0,0,0,0,0,0,0,0,0,0,0,0,0,0,0,0,0,0,0,0,0,0,0,0,0,0,0,0,0.011428571,0,0,0,0,0,0,0,0,0,0,0,0,0,0,0,0,0,0,0,0,0,0,0,0,0,0,0,0,0,0,0,0,0,0,0,0,0,0,0,0,0,0,0,0,0,0,0,0,0,0,0,0,0.004854369,0,0,0,0,0,0,0,0.0390625,0,0.091603053,0,0.046931408,0,0,0.003717472,0,0,0.006060606,0,0,0,0.163157895,0,0,0,0,0,0,0,0,0,0,0,0,0,0,0,0,0,0,0,0,0,0,0,0,0,0,0,0,0,0,0,0,0,0,0,0,0,0,0,0,0,0,0,0,0.391634981,0,0.121693122,0,0.2,0,0,0,0,0,0,0,0,0,0,0,0,0,0,0,0,0,0,0,0,0,0,0,0,0,0,0,0,0,0,0,0,0,0.356807512,0,0,0,0,0,0,0,0,0,0,0.166666667,0,0.009615385,0,0,0,0,0,0,0,0,0.2304038,0.320132013,0.241895262,0.282798834,0.003623188,0.312903226,0.189083821,0,0,0,0,0,0,0.15,0.133333333,0.003030303,0.002631579,0.002617801,0,0.005263158,0,0,0,0,0,0.004081633,0,0,0.03630363,0.003448276,0.006802721,0.003676471,0.002793296,0.003289474,0.054421769,0,0.003058104,0.001550388,0.002985075,0.002898551,0,0.001506024,0,0.005952381,0,0,0,0,0.367816092,0.00456621,0,0,0,0,0,0,0,0,0,0,0,0.004444444,0,0,0,0,0,0,0,0,0,0,0,0.118226601,0,0,0,0,0,0,0.398340249,0.005181347,0.002873563,0
Arginine biosynthesis - Homo sapiens (human),0,0,0,0,0,0,0,0,0,0,0,0,0,0,0,1,0,0,0,0.282608696,0,0.043478261,0,0,0,0.125,0,0.054545455,0.085714286,0,0.12,0,0,0,0,0.076923077,0,0,0,0,0,0,0,0,0,0,0,0,0,0,0,0,0,0,0,0,0,0,0,0,0,0,0,0.019607843,0,0,0,0,0,0,0,0,0,0,0,0,0,0,0.114285714,0,0,0,0,0,0,0,0,0,0,0,0,0,0,0,0,0,0,0,0,0,0,0,0,0,0,0,0,0,0,0,0,0,0,0,0.011583012,0.005319149,0,0,0,0,0,0.015503876,0,0,0.007142857,0,0,0,0,0,0,0,0,0,0,0,0,0,0,0.005780347,0.009708738,0,0.002666667,0,0,0,0,0,0,0.016853933,0,0,0,0,0,0,0,0,0,0.0125,0.018987342,0,0,0,0,0,0,0,0,0,0,0,0.006896552,0,0,0,0,0,0,0,0,0,0,0,0,0,0,0,0,0,0,0,0,0,0,0.008474576,0,0,0,0,0,0.022556391,0,0,0.027777778,0,0.012345679,0,0,0,0,0,0,0,0,0,0,0.00625,0,0,0,0,0,0.005714286,0,0,0,0,0.02027027,0,0,0,0,0.007751938,0,0.008264463,0,0,0,0,0,0,0,0,0.097560976,0,0.008849558,0,0,0,0,0.015625,0,0,0,0,0.004950495,0,0.005208333,0,0,0,0.004032258,0,0,0,0,0,0,0,0,0,0,0,0.010309278,0,0,0.010204082,0.008130081,0,0,0.007518797,0.024793388,0,0.004975124,0,0,0,0,0,0,0,0,0,0,0,0,0.001811594,0,0,0,0,0.006060606,0,0,0,0,0,0,0,0,0,0,0,0,0,0,0.008849558,0,0,0,0,0.022222222,0,0,0,0,0,0,0,0,0,0,0,0,0,0.004464286,0,0.004237288,0.012578616
Purine metabolism - Homo sapiens (human),0.010362694,0,0.032679739,0,0,0.012738854,0,0,0,0,0,0,0,0,0,0,1,0.007518797,0.2,0.02484472,0,0.005649718,0,0,0,0,0,0,0,0,0,0,0,0,0.013986014,0,0.016483516,0.025,0,0,0,0,0,0,0.011428571,0,0,0,0,0,0,0,0,0.004424779,0,0,0,0,0,0,0,0,0,0,0,0,0.01369863,0.051470588,0.014925373,0,0.071895425,0.013605442,0,0,0,0,0,0,0,0.014705882,0,0,0,0.083333333,0,0,0.004255319,0,0,0,0.004854369,0,0,0,0,0,0,0,0,0,0,0,0,0,0,0,0,0,0,0,0,0,0,0.027355623,0.027932961,0.064981949,0.054380665,0,0,0.028938907,0,0,0,0,0,0.033707865,0,0,0.036,0.010050251,0,0,0,0,0,0,0,0.003861004,0,0,0.004784689,0,0,0,0,0.043269231,0.049723757,0,0,0,0,0,0.033457249,0.056451613,0,0,0,0,0,0,0.04296875,0,0,0,0,0,0,0,0,0.058823529,0,0,0.05,0,0,0,0,0,0,0,0,0,0,0,0,0,0,0,0,0,0,0,0,0,0,0.061320755,0.031518625,0.010362694,0,0,0.033707865,0.038626609,0.038793103,0.004149378,0.043269231,0.003861004,0.016216216,0.010695187,0.033816425,0.033112583,0.041474654,0,0.003787879,0.043902439,0.04245283,0.052941176,0.045454545,0.034883721,0.040909091,0,0.046391753,0,0,0.052238806,0.008583691,0.062857143,0.059139785,0.051162791,0.036290323,0.06043956,0.058823529,0,0,0,0,0,0.044280443,0.042016807,0,0,0,0,0.011173184,0.017751479,0,0,0.057692308,0.046153846,0.040723982,0,0,0,0.043269231,0,0,0,0,0.002544529,0,0,0,0,0,0.005681818,0.005102041,0.128865979,0,0.003184713,0,0.011363636,0,0,0,0,0,0,0,0,0.004366812,0,0,0,0.004366812,0,0,0,0,0,0.026162791,0,0,0.026392962,0,0,0.009174312,0,0,0.013846154,0,0,0,0,0,0.027190332,0,0,0,0,0,0,0,0,0,0,0,0,0,0.00456621,0.005025126,0,0,0,0,0,0,0,0,0,0,0,0,0,0.006060606,0,0,0.041860465,0,0,0,0
Caffeine metabolism - Homo sapiens (human),0,0,0,0,0,0,0,0,0,0,0,0,0,0.014925373,0,0,0.007518797,1,0,0,0,0,0,0,0,0,0,0,0,0.021276596,0,0,0,0,0,0,0,0,0,0,0,0,0,0,0,0,0,0,0,0,0,0,0,0,0,0,0.028571429,0,0,0,0,0,0,0,0,0,0,0,0,0,0,0,0,0,0,0.042253521,0,0,0,0,0,0.0375,0.040540541,0.061728395,0,0,0,0,0,0,0,0,0,0,0,0,0,0,0,0,0,0,0,0,0,0,0,0,0,0,0,0,0,0,0,0,0,0,0,0,0,0,0,0,0,0,0,0,0,0,0,0,0,0,0,0,0,0,0,0,0.011494253,0,0,0,0,0,0,0,0,0,0,0,0,0,0,0,0,0,0,0,0,0,0,0,0,0,0,0,0,0,0,0,0,0,0,0,0,0,0,0,0,0,0,0,0,0,0,0,0,0,0,0,0,0,0,0,0,0,0,0,0,0,0,0,0,0,0,0,0,0,0,0,0,0,0,0,0,0,0,0,0,0,0,0,0,0,0,0,0,0,0,0,0,0,0,0,0,0,0,0,0,0,0,0,0,0,0,0,0,0,0,0,0,0,0,0,0,0,0,0,0,0,0,0,0,0,0,0,0,0,0,0,0,0,0,0,0,0,0,0,0,0,0,0,0,0,0,0,0,0,0,0,0,0,0,0,0,0,0,0,0.071428571,0,0,0.004608295,0.004385965,0,0,0,0,0,0,0,0,0,0,0,0,0,0,0,0,0,0,0,0,0,0,0,0,0,0,0,0,0,0,0,0,0,0.00913242,0
Pyrimidine metabolism - Homo sapiens (human),0,0,0,0,0,0,0,0,0,0,0,0,0,0,0,0,0.2,0,1,0.010638298,0,0,0,0,0,0,0,0,0,0,0,0.034883721,0,0,0,0,0.026785714,0.02173913,0,0,0,0,0,0,0,0,0,0,0,0,0,0,0,0,0,0,0,0,0,0,0,0,0,0,0,0,0.012987013,0,0.03125,0,0.119047619,0.067567568,0,0,0,0,0,0,0,0,0,0,0,0.221238938,0,0,0,0,0,0,0,0,0,0,0,0,0,0,0,0,0,0,0,0,0,0,0,0,0,0,0,0,0,0,0,0,0,0,0,0,0,0,0,0,0,0,0,0,0,0.015503876,0,0,0,0,0,0,0,0.005291005,0,0,0,0,0,0,0,0,0,0,0,0,0,0,0,0,0,0,0,0,0,0,0,0,0,0,0,0,0,0,0,0,0,0,0,0,0,0,0,0,0,0,0,0,0,0,0,0,0,0,0,0,0,0,0,0,0,0,0,0,0,0,0,0,0,0,0,0,0,0,0,0,0,0,0,0,0,0,0,0,0,0,0,0,0,0,0,0,0,0,0,0,0,0,0,0,0,0,0,0,0,0,0,0,0,0,0,0,0,0,0,0,0,0,0,0,0,0,0,0,0,0,0,0,0,0,0,0,0,0,0,0,0,0,0,0,0,0,0,0,0,0,0,0,0,0,0,0,0,0,0,0,0,0,0,0,0.011673152,0,0,0,0,0,0,0,0,0,0,0,0,0,0,0,0,0,0,0,0.010204082,0,0,0,0,0,0,0,0,0,0,0,0,0,0,0,0,0,0,0,0,0,0,0,0,0
"Alanine, aspartate and glutamate metabolism - Homo sapiens (human)",0,0,0,0,0,0,0,0,0,0,0,0,0,0,0,0.282608696,0.02484472,0,0.010638298,1,0.027027027,0.06097561,0.036585366,0,0,0.048192771,0.017241379,0.057971014,0.081632653,0.012820513,0.102564103,0.046153846,0.039215686,0,0,0.075,0,0,0,0,0,0,0,0,0.023809524,0,0,0,0,0,0,0,0,0,0,0,0,0,0,0,0,0,0,0.030769231,0.014705882,0.066666667,0,0,0,0,0,0,0,0,0,0,0,0,0.08,0,0,0,0,0,0,0,0,0,0,0,0,0,0,0,0,0,0,0,0,0,0,0,0,0,0,0,0,0,0,0,0,0,0,0,0,0,0,0,0,0,0,0,0,0,0,0,0,0,0,0,0,0,0,0,0,0,0,0,0,0,0.017094017,0,0,0,0,0,0,0,0,0.015544041,0,0,0,0,0,0,0,0,0,0,0,0,0,0,0,0,0,0,0,0,0,0,0,0,0,0,0,0,0,0,0,0,0,0,0,0,0,0,0,0,0,0,0,0,0,0,0,0,0,0,0,0.02027027,0,0,0.05,0,0,0,0,0,0,0,0,0,0,0,0,0,0,0,0,0,0,0,0,0,0,0,0,0,0,0,0,0.013986014,0,0,0,0,0,0.025641026,0,0,0,0,0.071428571,0,0,0,0,0,0,0.012658228,0,0.016666667,0,0,0,0,0,0,0,0,0,0,0,0,0,0,0,0,0,0,0,0,0,0,0,0,0,0,0,0,0,0,0,0,0,0,0,0,0,0,0,0,0,0,0,0,0,0,0,0,0.005797101,0,0,0,0,0,0,0,0,0,0,0,0,0,0,0,0,0,0,0,0.019047619,0,0,0,0,0,0,0,0,0,0,0,0,0,0.008403361,0,0,0.005714286
"Glycine, serine and threonine metabolism - Homo sapiens (human)",0.06,0.014705882,0.014705882,0,0,0,0.014705882,0,0,0.012345679,0,0,0,0,0,0,0,0,0,0.027027027,1,0.098765432,0.035714286,0.048780488,0.03030303,0.072289157,0.051724138,0.056338028,0.078431373,0.051948052,0,0.044776119,0,0,0.018181818,0.046511628,0,0,0,0,0,0,0,0,0,0,0,0,0,0,0.02020202,0,0,0,0,0,0,0,0,0,0,0,0.036144578,0.15,0.014285714,0,0.053571429,0,0,0.022727273,0,0,0,0,0,0,0.025,0,0,0,0,0,0.018518519,0,0,0,0,0,0,0,0,0,0,0,0,0,0,0,0,0,0,0,0,0,0,0,0,0,0,0,0,0,0,0,0,0,0,0,0,0,0,0,0,0,0,0,0,0,0,0,0,0,0,0,0,0,0,0,0,0,0.025423729,0,0,0,0,0,0,0,0,0,0,0,0,0,0,0,0,0,0,0,0,0,0,0,0,0,0,0,0,0,0,0,0,0,0,0,0,0,0,0,0,0,0,0,0,0,0,0,0,0,0,0,0,0,0,0,0,0,0,0,0,0,0,0.013245033,0,0.01183432,0,0,0,0,0,0,0,0,0,0,0,0,0,0,0,0,0,0,0.020979021,0,0,0,0,0,0,0,0,0,0,0,0,0,0.005555556,0,0,0,0,0,0,0,0,0,0,0,0,0,0,0,0,0,0,0.00660066,0,0,0,0,0,0.023255814,0.018867925,0,0,0.008928571,0,0,0,0,0,0,0,0,0,0,0,0,0,0,0,0,0,0,0,0,0,0,0,0,0,0,0,0,0,0,0,0,0,0,0,0,0,0,0,0,0,0,0,0,0,0,0,0,0,0,0,0,0,0,0.028301887,0,0,0,0,0,0,0,0,0,0,0,0,0,0,0,0,0
Cysteine and methionine metabolism - Homo sapiens (human),0.044642857,0.025641026,0,0,0,0,0,0,0,0,0,0,0.016666667,0,0,0.043478261,0.005649718,0,0,0.06097561,0.098765432,1,0.042553191,0.08,0,0.063829787,0,0.061728395,0.081967213,0.033707865,0.098039216,0,0.015384615,0,0.063492063,0,0.049019608,0,0,0,0,0,0,0,0,0,0,0,0,0,0,0,0,0,0,0,0,0,0,0,0,0,0.077777778,0.025641026,0.064935065,0,0.014492754,0,0,0.018181818,0,0.028985507,0,0,0,0,0,0,0,0.034482759,0,0,0,0,0,0,0,0,0,0,0,0,0,0,0,0,0,0,0,0,0,0,0,0,0,0,0,0,0,0,0,0,0,0,0,0,0,0,0,0,0,0.032467532,0,0,0,0,0,0,0,0,0,0.035714286,0,0,0,0,0,0,0,0,0,0,0,0,0,0,0,0,0.034090909,0,0,0,0,0,0,0,0,0,0,0,0,0,0,0,0,0,0,0,0,0,0,0,0,0,0,0,0,0,0,0,0,0,0,0,0,0,0,0,0,0,0,0,0,0,0,0,0,0,0,0,0,0,0,0,0,0,0,0,0,0,0,0,0,0,0,0,0,0,0,0,0,0,0,0,0.032894737,0,0,0,0,0,0,0,0,0,0,0,0,0,0,0,0,0,0,0,0.013888889,0,0,0,0,0,0,0.010869565,0,0,0,0,0,0,0,0,0,0,0,0,0,0,0,0,0,0,0,0,0,0,0,0,0,0,0,0,0,0,0,0,0,0,0,0,0,0,0,0,0,0,0,0,0,0,0,0,0,0,0.008403361,0,0,0,0,0,0,0,0,0,0,0,0,0,0,0,0,0,0,0,0.043478261,0,0,0,0,0,0,0,0,0,0,0,0,0,0,0,0,0
"Valine, leucine and isoleucine degradation - Homo sapiens (human)",0.055045872,0.012987013,0,0,0,0,0.068493151,0.015384615,0.071428571,0.22972973,0,0,0,0,0,0,0,0,0,0.036585366,0.035714286,0.042553191,1,0.04,0.121212121,0.053763441,0.076923077,0.024390244,0.015873016,0.184210526,0.018867925,0.179104478,0,0,0,0,0,0,0,0,0,0,0,0,0,0,0,0,0,0,0.047619048,0.008333333,0,0,0,0,0,0.01369863,0,0,0,0,0.091954023,0.098591549,0.230769231,0.25,0,0,0,0.018867925,0.012048193,0.078125,0,0,0,0.008695652,0,0.059701493,0,0,0,0,0.008474576,0,0.013513514,0,0,0,0,0,0,0,0,0,0,0,0,0,0,0,0,0,0,0.042372881,0,0,0,0,0,0,0,0,0,0,0,0,0,0,0,0,0,0,0,0,0,0,0,0,0,0,0,0,0,0,0,0,0,0,0,0,0.031746032,0,0,0,0,0,0,0,0,0,0,0,0,0,0,0,0,0,0,0,0,0,0,0,0,0,0,0,0,0,0,0,0,0,0,0,0,0,0,0,0,0.004694836,0,0,0,0,0,0,0,0,0,0,0,0,0,0,0,0,0,0,0,0,0,0,0.007352941,0,0,0,0,0,0,0,0,0,0,0,0,0,0,0,0,0,0,0,0,0,0,0,0,0,0,0,0,0,0,0,0,0,0.032608696,0,0,0,0,0,0,0,0,0,0,0,0,0.02247191,0,0,0,0,0.002320186,0,0,0,0,0,0.001912046,0,0,0,0,0,0,0,0,0,0,0,0,0,0,0,0,0,0,0,0,0,0,0,0,0,0,0,0,0,0,0,0,0,0,0,0,0,0,0,0,0,0,0,0,0,0,0,0,0,0,0,0,0,0,0,0,0,0,0,0,0,0,0,0,0,0,0,0,0,0,0,0,0,0,0,0,0
"Valine, leucine and isoleucine biosynthesis - Homo sapiens (human)",0,0,0,0,0,0,0,0,0,0,0,0,0,0,0,0,0,0,0,0,0.048780488,0.08,0.04,1,0,0,0,0,0,0,0,0,0,0,0,0,0,0,0,0,0,0,0,0,0,0,0,0,0,0,0,0,0,0,0,0,0,0,0,0,0,0,0,0,0,0,0,0,0,0,0,0.086956522,0,0,0,0,0,0,0,0,0,0,0,0,0,0,0,0,0,0,0,0,0,0,0,0,0,0,0,0,0,0,0,0,0,0,0,0,0,0,0,0,0,0,0,0,0,0,0,0,0,0,0,0,0,0,0,0,0,0,0,0,0,0,0,0,0,0,0,0,0,0,0,0,0,0,0,0,0,0,0,0,0,0,0,0,0,0,0,0,0,0,0,0,0,0,0,0,0,0,0,0,0,0,0,0,0,0,0,0,0,0,0,0,0,0,0,0,0,0,0,0,0,0,0,0,0,0,0,0,0,0,0,0,0,0,0,0,0,0,0,0,0,0,0,0,0,0,0,0,0,0,0,0,0,0,0,0,0,0,0,0,0,0,0,0,0,0,0,0,0,0,0,0,0,0,0,0,0,0,0,0,0,0,0,0,0,0,0,0,0,0,0,0,0,0,0,0,0,0,0,0,0,0,0,0,0,0,0,0,0,0,0,0,0,0,0,0,0,0,0,0,0,0,0,0,0,0,0,0,0,0,0,0,0,0,0,0,0,0,0,0,0,0,0,0,0,0,0,0,0,0,0,0,0,0,0,0,0,0,0,0,0,0,0,0,0,0,0,0
Lysine degradation - Homo sapiens (human),0.048387097,0.021978022,0,0,0,0,0.056818182,0,0.034482759,0.127659574,0,0,0,0,0,0,0,0,0,0,0.03030303,0,0.121212121,0,1,0.046296296,0.0625,0,0,0.179775281,0,0.093023256,0,0,0,0,0,0,0,0,0,0,0.028037383,0,0,0,0,0,0,0,0.041666667,0,0,0,0,0,0,0,0,0,0,0,0.078431373,0.033333333,0.043956044,0.071428571,0,0,0,0,0,0.037037037,0,0,0,0,0,0.023809524,0,0,0,0,0,0,0,0,0,0,0,0,0,0,0,0,0,0,0,0,0,0,0,0,0,0.00729927,0,0,0,0,0,0,0.002808989,0,0,0,0,0,0,0,0,0,0,0,0.005181347,0,0,0,0,0,0,0,0,0,0,0,0,0,0,0,0,0,0.013986014,0,0,0,0,0.013333333,0,0,0,0,0,0,0,0,0,0,0,0,0,0,0,0,0,0,0,0,0,0,0,0,0.004878049,0,0,0,0,0,0,0,0,0,0,0,0,0,0,0,0,0,0,0,0,0,0,0,0,0,0.003401361,0,0,0,0,0,0,0,0,0,0,0,0,0,0,0,0,0,0,0,0,0,0,0,0,0,0,0,0,0,0,0,0,0,0,0,0,0,0,0,0.009259259,0,0.025,0,0,0,0,0,0,0,0,0,0,0,0,0.019230769,0,0,0,0,0,0,0,0,0,0,0,0,0,0,0,0,0,0,0,0,0,0,0,0,0,0,0,0,0,0,0,0,0,0,0,0,0,0,0,0,0,0,0,0,0,0.001686341,0.011857708,0,0,0,0.002688172,0,0,0,0,0,0,0,0,0,0,0,0,0.007246377,0,0,0,0,0,0,0,0,0,0,0,0,0,0,0,0,0,0,0,0,0,0,0,0
Arginine and proline metabolism - Homo sapiens (human),0.044642857,0,0,0,0,0,0.066666667,0,0,0.056818182,0,0,0,0,0,0.125,0,0,0,0.048192771,0.072289157,0.063829787,0.053763441,0,0.046296296,1,0.180327869,0.061728395,0.081967213,0.095238095,0.056603774,0.125,0,0,0,0.018181818,0.038834951,0,0,0,0,0,0,0,0,0,0,0,0,0,0.046728972,0,0,0,0,0,0,0,0,0,0,0,0.054347826,0.012658228,0,0,0,0,0,0,0,0.044117647,0,0,0,0,0,0,0,0,0,0,0.016806723,0,0,0,0,0,0,0,0,0,0,0,0,0,0,0,0,0,0,0,0,0,0,0,0,0,0,0,0,0,0,0,0.010452962,0.00462963,0,0,0,0,0,0.012738854,0,0,0.005952381,0,0,0,0,0,0,0,0,0,0,0,0,0,0,0.004975124,0.015384615,0,0.00248139,0,0,0,0,0,0.02247191,0,0,0,0,0,0,0,0,0,0,0.009259259,0.016129032,0,0,0,0,0,0,0,0,0,0,0,0.005780347,0,0,0,0,0,0,0,0,0,0,0,0,0,0,0,0,0,0,0,0,0,0,0.006849315,0,0,0,0,0,0,0,0.012345679,0,0.011111111,0.009174312,0,0,0,0,0,0,0,0,0,0,0.005319149,0,0,0,0,0,0.004926108,0,0,0,0,0.017045455,0,0,0,0,0.006369427,0,0.006711409,0,0,0.026737968,0,0,0,0,0,0,0,0.007092199,0,0,0,0,0.010869565,0,0,0,0,0.00462963,0.006369427,0.004854369,0,0,0,0.003816794,0.020618557,0.017094017,0,0,0.008510638,0,0,0,0,0,0,0.008,0,0,0.007936508,0.006622517,0,0,0.00621118,0.020134228,0,0.004366812,0,0,0,0,0,0,0,0,0,0,0,0,0.001724138,0,0,0,0,0,0,0,0,0,0,0,0,0,0,0,0,0,0,0,0.007092199,0,0,0,0,0,0,0,0,0,0,0,0,0,0,0,0,0,0,0.003968254,0,0.003787879,0.005319149
Histidine metabolism - Homo sapiens (human),0.098765432,0,0,0,0,0,0.106382979,0,0,0.083333333,0,0,0,0,0,0,0,0,0,0.017241379,0.051724138,0,0.076923077,0,0.0625,0.180327869,1,0.094339623,0.151515152,0.142857143,0,0.261904762,0,0,0,0,0,0,0,0,0,0,0,0,0,0,0,0,0,0,0.063291139,0,0,0,0,0,0,0,0,0,0,0,0.078125,0,0,0,0.024390244,0,0,0,0,0.075,0,0,0,0,0,0,0,0,0,0.03125,0.056818182,0,0,0,0,0,0,0,0,0,0,0,0,0,0,0,0,0,0,0,0,0,0,0,0,0,0,0,0,0,0,0,0,0,0,0,0,0,0,0,0,0,0,0,0,0,0,0,0,0,0,0,0,0,0,0,0,0,0,0,0,0,0,0,0,0,0,0,0,0,0,0,0,0,0,0,0,0,0,0,0,0,0,0,0,0,0,0,0,0,0,0,0,0,0,0,0,0,0,0,0,0,0,0,0,0,0,0,0,0,0,0,0,0,0,0,0,0,0,0,0,0.014925373,0,0.013157895,0,0,0,0,0,0,0,0,0,0,0,0,0,0,0,0,0,0,0,0,0,0,0,0,0,0,0,0,0,0,0,0,0.031446541,0,0,0,0,0,0,0,0,0,0,0,0,0,0,0,0,0,0,0.006993007,0,0,0,0,0,0.028985507,0.02247191,0,0,0.009661836,0,0,0,0,0,0,0,0,0,0,0,0,0,0,0,0,0,0,0,0,0,0,0,0,0,0,0,0,0,0,0,0,0,0,0,0,0,0,0,0,0,0,0,0,0,0,0,0,0,0,0,0,0,0,0,0,0,0,0,0,0,0,0,0,0,0,0,0,0,0,0,0
Tyrosine metabolism - Homo sapiens (human),0.107526882,0,0,0,0,0,0,0,0,0.097222222,0,0,0.044444444,0.020833333,0,0.054545455,0,0,0,0.057971014,0.056338028,0.061728395,0.024390244,0,0,0.061728395,0.094339623,1,0.405405405,0.068493151,0.135135135,0.080645161,0,0,0,0,0,0,0,0,0,0,0,0,0,0,0,0,0,0,0,0,0,0,0,0,0,0,0,0,0,0,0.092105263,0,0,0,0,0,0,0.024390244,0.014084507,0,0,0,0.016393443,0.083333333,0,0,0,0,0,0.097087379,0.138297872,0,0,0,0,0,0,0,0,0,0,0,0,0,0,0,0,0,0,0,0,0,0,0,0,0,0,0,0,0,0,0,0,0,0,0,0,0,0,0,0,0,0,0,0,0,0,0,0,0,0,0,0,0,0,0,0,0,0,0,0,0,0,0,0,0,0,0,0,0,0,0,0,0,0,0,0,0,0,0,0,0,0,0,0,0,0,0,0,0,0,0,0,0,0,0,0,0,0,0.004975124,0,0,0,0,0,0,0,0,0,0,0,0,0,0,0,0,0,0,0,0,0,0.020408163,0,0.037037037,0,0,0,0,0,0,0,0,0,0,0,0,0.02238806,0.00952381,0.009090909,0,0,0,0,0,0,0,0,0,0,0,0,0,0,0,0,0,0.040935673,0,0,0,0,0,0,0,0,0,0,0,0,0.012820513,0,0,0,0,0,0.010033445,0,0,0,0,0,0.049382716,0.03960396,0,0,0.01826484,0,0,0,0,0,0,0,0,0,0,0,0,0,0,0,0,0,0,0,0,0,0,0,0,0,0,0,0,0,0,0,0,0,0,0,0,0,0,0,0,0,0,0,0,0,0,0,0,0,0,0,0,0,0,0,0,0,0,0.011363636,0,0,0,0,0,0,0,0,0,0,0,0,0
Phenylalanine metabolism - Homo sapiens (human),0.0375,0,0,0,0,0,0,0,0,0,0,0,0.08,0,0,0.085714286,0,0,0,0.081632653,0.078431373,0.081967213,0.015873016,0,0,0.081967213,0.151515152,0.405405405,1,0.074074074,0.375,0.119047619,0,0,0,0,0,0,0,0,0,0,0,0,0,0,0,0,0,0,0,0,0,0,0,0,0,0,0,0,0,0,0,0,0,0,0,0,0,0,0,0,0,0,0.024390244,0,0,0,0,0,0,0.033333333,0.06097561,0,0,0,0,0,0,0,0,0,0,0,0,0,0,0,0,0,0,0,0,0,0,0,0,0,0,0,0,0,0,0,0,0,0,0,0,0,0,0,0,0,0,0,0,0,0,0,0,0,0,0,0,0,0,0,0,0,0,0,0,0,0,0,0,0,0,0,0,0,0,0,0,0,0,0,0,0,0,0,0,0,0,0,0,0,0,0,0,0,0,0,0,0,0,0,0,0,0,0,0,0,0,0,0,0,0,0,0,0,0,0,0,0,0,0,0,0,0,0,0,0.023622047,0,0.020689655,0,0,0,0,0,0,0,0,0,0,0,0,0,0,0,0,0,0,0,0,0,0,0,0,0,0,0,0,0,0,0,0,0,0,0,0,0,0,0,0,0,0,0,0,0,0.017241379,0,0,0,0,0,0.007142857,0,0,0,0,0,0.048387097,0.036585366,0,0,0.015,0,0,0,0,0,0,0,0,0,0,0,0,0,0,0,0,0,0,0,0,0,0,0,0,0,0,0,0,0,0,0,0,0,0,0,0,0,0,0,0,0,0,0,0,0,0,0,0,0,0,0,0,0,0,0,0,0,0,0,0,0,0,0,0,0,0,0,0,0,0,0,0
Tryptophan metabolism - Homo sapiens (human),0.058252427,0.028571429,0,0,0,0,0.074626866,0,0.045454545,0.164383562,0,0,0,0.02970297,0,0,0,0.021276596,0,0.012820513,0.051948052,0.033707865,0.184210526,0,0.179775281,0.095238095,0.142857143,0.068493151,0.074074074,1,0.021276596,0.123076923,0,0,0.053571429,0,0,0,0,0,0,0,0,0,0,0,0,0,0,0,0.050505051,0,0,0,0,0,0.014084507,0,0,0,0,0,0.098765432,0.074626866,0.057142857,0.095238095,0,0,0,0.021276596,0.012987013,0.05,0,0,0.03030303,0.028037383,0,0.031746032,0,0,0,0.025862069,0.036697248,0,0,0,0,0,0,0,0,0,0,0,0,0,0,0,0,0,0,0,0,0.00862069,0,0,0,0,0,0,0,0,0,0,0,0,0,0,0,0,0,0,0.005813953,0,0,0,0,0,0,0,0,0,0,0,0,0,0,0,0,0,0.016393443,0,0,0,0,0.007692308,0.009708738,0,0,0,0,0,0,0,0,0,0,0,0,0,0,0,0,0,0,0,0,0,0,0,0,0,0,0,0,0,0,0,0,0,0,0.004830918,0,0,0,0,0,0,0,0,0,0,0,0,0,0,0,0,0,0,0,0,0,0.033112583,0,0.01754386,0,0,0,0,0,0,0,0,0,0.021978022,0,0,0,0,0,0,0,0,0,0,0,0,0,0,0,0,0,0,0,0,0,0,0.027932961,0,0,0,0,0,0,0,0,0,0,0,0,0.024096386,0,0,0,0,0,0.006535948,0.002469136,0,0,0,0.001934236,0.034090909,0.027777778,0,0,0.013274336,0,0,0,0,0,0,0,0,0,0,0,0.025974026,0,0,0,0,0,0,0,0,0,0,0,0,0,0,0,0,0,0,0,0,0.027777778,0,0.002849003,0.011952191,0.01532567,0,0,0,0,0,0,0,0,0,0,0,0,0,0,0,0,0,0,0,0,0,0,0,0,0,0,0,0,0,0,0,0,0,0.00390625,0
"Phenylalanine, tyrosine and tryptophan biosynthesis - Homo sapiens (human)",0,0,0,0,0,0,0,0,0,0,0,0,0.0625,0,0,0.12,0,0,0,0.102564103,0,0.098039216,0.018867925,0,0,0.056603774,0,0.135135135,0.375,0.021276596,1,0,0,0,0,0,0,0,0,0,0,0,0,0,0,0,0,0,0,0,0,0,0,0,0,0,0,0,0,0,0,0,0,0,0,0,0,0,0,0,0,0,0,0,0.032258065,0,0,0,0,0,0,0,0,0,0,0,0,0,0,0,0,0,0,0,0,0,0,0,0,0,0,0,0,0,0,0,0,0,0,0,0,0,0,0,0,0,0,0,0,0,0,0,0,0,0,0,0,0,0,0,0,0,0,0,0,0,0,0,0,0,0,0,0,0,0,0,0,0,0,0,0,0,0,0,0,0,0,0,0,0,0,0,0,0,0,0,0,0,0,0,0,0,0,0,0,0,0,0,0,0,0,0,0,0,0,0,0,0,0,0,0,0,0,0,0,0,0,0,0,0,0,0,0,0,0,0,0,0,0,0,0,0,0,0,0,0,0,0,0,0,0,0,0,0,0,0,0,0,0,0,0,0,0,0,0,0,0,0,0,0,0,0,0,0,0,0,0,0,0,0,0,0.020833333,0,0,0,0,0,0,0,0,0,0,0,0,0,0,0,0,0,0,0,0,0,0,0,0,0,0,0,0,0,0,0,0,0,0,0,0,0,0,0,0,0,0,0,0,0,0,0,0,0,0,0,0,0,0,0,0,0,0,0,0,0,0,0,0,0,0,0,0,0,0,0,0,0,0,0,0,0,0,0,0,0,0,0,0,0,0,0,0
beta-Alanine metabolism - Homo sapiens (human),0.088888889,0,0,0,0,0,0.089285714,0,0.035714286,0.174603175,0,0,0,0,0,0,0,0,0.034883721,0.046153846,0.044776119,0,0.179104478,0,0.093023256,0.125,0.261904762,0.080645161,0.119047619,0.123076923,0,1,0.093023256,0,0,0,0,0,0,0,0,0,0,0,0,0,0,0,0,0,0.056818182,0.009708738,0,0,0,0,0,0.036363636,0,0,0,0,0.068493151,0,0.188679245,0.137254902,0,0,0,0,0,0.181818182,0,0,0,0,0,0,0,0,0,0.028571429,0.03030303,0.027777778,0.035714286,0,0,0,0,0,0,0,0,0,0,0,0,0,0,0,0,0,0,0.029126214,0,0,0,0,0,0,0,0,0,0,0,0,0.008,0,0,0,0,0,0,0,0,0,0,0,0,0,0,0,0,0,0,0,0,0,0,0,0.036697248,0,0,0.006622517,0,0,0,0,0,0,0,0,0,0,0,0,0,0,0,0,0,0,0,0,0,0,0,0,0,0,0,0,0,0,0,0,0,0,0,0,0,0,0,0,0,0,0,0,0,0,0,0,0,0,0,0,0,0,0,0,0,0,0,0,0.025641026,0,0,0,0,0,0,0,0,0,0,0,0,0,0,0,0,0,0,0,0,0,0,0,0,0,0,0,0,0,0,0,0,0,0.048484848,0.027777778,0,0,0,0,0,0,0,0,0,0,0,0,0,0,0,0,0,0,0,0,0,0,0,0,0,0,0,0,0,0,0,0,0,0,0,0,0,0,0,0,0,0,0,0,0,0,0,0,0,0,0,0,0,0,0,0,0,0,0,0,0,0,0,0,0,0,0,0,0,0,0,0,0,0,0,0,0,0,0,0,0,0,0,0,0,0,0,0,0,0,0,0,0,0,0,0,0,0,0,0
Taurine and hypotaurine metabolism - Homo sapiens (human),0,0,0,0,0,0,0,0,0,0,0,0.03125,0,0,0,0,0,0,0,0.039215686,0,0.015384615,0,0,0,0,0,0,0,0,0,0.093023256,1,0,0,0,0.057971014,0,0,0,0,0,0,0,0,0,0,0,0,0,0,0,0,0,0,0.026666667,0,0,0,0,0,0,0,0,0,0.048780488,0,0,0,0,0,0.057142857,0,0,0,0,0,0,0,0,0,0,0.06097561,0,0.023809524,0,0,0,0,0,0,0,0,0,0,0,0,0,0,0,0,0,0,0,0,0,0,0,0,0,0,0,0,0,0,0,0,0,0,0,0,0,0,0,0,0,0,0,0,0,0,0,0,0,0,0,0,0,0,0,0.010309278,0,0,0,0,0,0,0,0,0,0,0,0,0,0,0,0,0,0,0,0,0,0,0,0,0,0,0,0,0,0,0,0,0,0,0,0,0,0,0,0,0,0,0,0,0,0,0,0,0,0,0,0,0,0,0,0,0,0,0,0,0,0,0,0.019417476,0,0,0,0,0,0,0,0,0,0,0,0,0,0,0,0,0,0,0,0,0,0,0,0,0,0,0,0,0,0,0,0,0,0,0.035087719,0,0,0,0,0,0,0,0,0,0,0,0,0.009615385,0,0,0,0,0,0,0,0,0,0,0,0,0,0,0,0,0,0,0,0,0,0,0,0,0,0,0,0,0,0,0,0,0,0,0,0,0,0,0,0,0,0,0,0,0,0,0,0,0,0,0,0,0,0,0,0,0,0,0,0,0,0,0,0,0,0,0,0,0,0,0,0,0,0,0,0,0,0,0,0,0,0,0,0,0,0,0
Phosphonate and phosphinate metabolism - Homo sapiens (human),0,0,0,0,0,0,0,0,0,0,0,0,0,0,0,0,0,0,0,0,0,0,0,0,0,0,0,0,0,0,0,0,0,1,0,0,0,0,0,0,0,0,0,0,0,0,0,0,0,0,0,0,0,0.060606061,0.056603774,0,0,0,0,0,0,0,0,0,0,0,0,0,0,0,0,0,0,0,0,0,0,0,0,0,0,0,0,0,0,0,0,0,0,0,0,0,0,0,0,0,0,0,0,0,0,0,0,0,0,0,0,0,0,0,0,0,0,0,0,0,0,0,0,0,0,0,0,0,0,0,0,0,0,0,0,0,0,0,0,0,0,0,0,0,0,0,0,0,0,0,0,0,0,0,0,0,0,0,0,0,0,0,0,0,0,0,0,0,0,0,0,0,0,0,0,0,0,0,0,0,0,0,0,0,0,0,0,0,0,0,0,0,0,0,0,0,0,0,0,0,0,0,0,0,0,0,0,0,0,0,0,0,0,0,0,0,0,0,0,0,0,0,0,0,0,0,0,0,0,0,0,0,0,0,0,0,0,0,0,0,0,0,0,0,0,0,0,0,0,0,0,0,0,0,0,0,0,0,0,0,0,0,0,0,0,0,0,0,0,0,0,0,0,0,0,0,0,0,0,0,0,0,0,0,0,0,0,0,0,0,0,0,0,0,0,0,0,0,0,0,0,0,0,0,0,0,0,0,0,0,0,0,0,0,0,0,0,0,0,0,0,0,0,0,0,0,0,0.02970297,0,0,0,0,0,0,0,0,0,0,0,0,0,0,0,0
Selenocompound metabolism - Homo sapiens (human),0,0,0,0,0,0,0,0,0,0,0,0,0,0,0,0,0.013986014,0,0,0,0.018181818,0.063492063,0,0,0,0,0,0,0,0.053571429,0,0,0,0,1,0,0,0,0,0,0,0,0,0,0,0,0,0,0,0,0,0,0,0,0,0,0,0,0,0,0,0,0,0,0,0,0.027777778,0,0,0,0,0,0,0,0,0,0,0,0,0.08,0.050632911,0,0,0,0,0,0,0,0,0,0,0,0,0,0,0,0,0,0,0,0,0,0,0,0,0,0,0,0,0,0,0,0,0,0,0,0,0,0,0,0,0,0,0,0,0,0,0,0,0,0,0,0,0,0,0,0,0,0,0,0,0,0,0,0,0,0,0,0,0,0,0,0,0,0,0,0,0,0,0,0,0,0,0,0,0,0,0,0,0,0,0,0,0,0,0,0,0,0,0,0,0,0,0,0,0,0,0,0,0,0,0,0,0,0,0,0,0,0,0,0,0,0,0,0,0,0,0,0,0,0,0,0,0,0,0,0,0,0,0,0,0,0,0,0,0,0,0,0,0,0,0,0,0,0,0,0,0,0,0,0,0,0,0,0,0,0,0,0,0,0,0,0,0,0,0,0,0,0,0,0,0,0,0,0,0,0,0,0,0,0,0,0,0,0,0,0,0,0,0,0,0,0,0,0,0,0,0,0,0,0,0,0,0,0,0,0,0.005504587,0,0,0,0,0,0,0,0,0,0,0,0,0,0,0,0,0,0,0,0,0,0,0.016483516,0,0,0,0,0,0,0,0,0,0,0,0,0,0,0,0,0,0,0
D-Amino acid metabolism - Homo sapiens (human),0,0,0,0,0,0,0,0,0,0,0,0,0,0,0,0.076923077,0,0,0,0.075,0.046511628,0,0,0,0,0.018181818,0,0,0,0,0,0,0,0,0,1,0,0,0,0,0,0,0,0,0,0,0,0,0,0,0,0,0,0,0,0,0,0,0,0,0,0,0,0,0,0,0,0,0,0,0,0,0,0,0,0,0,0,0,0,0,0,0,0,0,0,0,0,0,0,0,0,0,0,0,0,0,0,0,0,0,0,0,0,0,0,0,0,0,0,0,0,0,0,0,0,0,0,0,0,0,0,0,0,0,0,0,0,0,0,0,0,0,0,0,0,0,0,0,0,0.023255814,0,0,0,0,0,0,0,0,0,0,0,0,0,0,0,0,0,0,0,0,0,0,0,0,0,0,0,0,0,0,0,0,0,0,0,0,0,0,0,0,0,0,0,0,0,0,0,0,0,0,0,0,0,0,0,0,0,0,0,0,0.016949153,0,0,0.021505376,0,0,0,0,0,0,0,0,0,0,0,0,0,0,0,0,0,0,0,0,0,0,0,0,0,0,0,0,0,0,0,0,0,0,0,0,0,0,0,0.074074074,0,0,0,0,0,0,0,0,0,0,0,0,0,0,0,0,0,0,0,0,0,0,0,0,0,0,0,0,0,0,0,0,0,0,0,0,0,0,0,0,0,0,0,0,0,0,0,0,0,0,0,0,0,0,0,0,0,0.006369427,0,0,0,0,0,0,0,0,0,0,0,0,0,0,0,0,0,0,0,0.027027027,0,0,0,0,0,0,0,0,0,0,0,0,0,0,0,0,0
Glutathione metabolism - Homo sapiens (human),0,0.023529412,0.023529412,0,0,0,0,0,0,0,0,0,0,0,0,0,0.016483516,0,0.026785714,0,0,0.049019608,0,0,0,0.038834951,0,0,0,0,0,0,0.057971014,0,0,0,1,0,0,0,0,0,0,0,0,0,0,0,0,0,0,0,0,0,0,0.035087719,0,0,0,0,0,0,0,0,0,0,0,0,0,0,0,0,0,0,0,0,0,0,0,0,0,0.185840708,0.196261682,0.191304348,0,0,0,0,0,0,0,0,0,0,0,0,0,0,0,0,0,0,0,0,0,0,0,0,0,0,0,0,0,0,0,0,0,0,0,0,0,0,0,0,0,0,0,0,0,0.015625,0,0,0,0,0,0,0,0,0,0,0.022058824,0,0,0,0,0,0,0,0.042553191,0,0,0,0,0,0,0,0,0,0,0,0,0,0,0,0,0,0,0,0,0,0,0,0,0,0,0.012658228,0,0,0,0,0,0,0.006451613,0,0,0,0,0,0,0,0,0,0,0,0,0,0,0,0,0,0,0,0,0,0,0,0,0,0,0,0,0,0,0,0,0,0,0,0,0,0.064516129,0,0,0,0,0,0,0,0,0,0,0,0,0,0,0,0,0,0,0,0,0,0,0,0,0,0,0,0,0,0,0,0,0,0,0,0,0,0.016908213,0.019662921,0,0,0.013307985,0,0,0,0,0,0,0,0,0,0,0,0,0,0,0,0,0,0,0,0,0,0,0,0,0,0,0,0,0,0,0,0,0,0,0.033391916,0,0,0.2,0,0,0.071713147,0.06870229,0,0,0,0,0,0.006535948,0,0,0,0,0,0,0,0,0,0.09223301,0,0.024193548,0,0,0,0,0,0,0,0,0,0,0,0,0,0.007751938,0,0,0.107344633
Starch and sucrose metabolism - Homo sapiens (human),0.119565217,0,0.047619048,0.014285714,0.061538462,0.31372549,0,0,0,0,0,0,0,0,0,0,0.025,0,0.02173913,0,0,0,0,0,0,0,0,0,0,0,0,0,0,0,0,0,0,1,0,0,0,0,0,0,0.118421053,0.138888889,0,0,0,0,0,0,0,0,0,0,0,0,0,0,0,0,0,0,0,0,0,0,0.047619048,0,0.028571429,0.036363636,0,0,0,0,0,0,0,0,0,0,0,0,0,0,0,0,0,0,0,0,0,0,0,0,0,0,0,0,0,0,0,0,0,0,0,0,0,0,0,0,0,0,0,0,0,0,0,0,0,0.028368794,0.018292683,0,0,0,0,0,0,0,0,0,0,0,0,0,0,0.005988024,0,0,0,0,0.012987013,0.032894737,0,0,0,0,0,0.015625,0,0,0,0,0,0,0,0,0,0,0,0,0,0,0,0,0,0,0,0,0,0,0,0,0,0,0,0,0,0,0,0,0,0,0,0,0,0,0,0,0,0,0,0,0,0,0,0,0,0,0,0,0,0,0,0,0,0,0,0,0,0,0.08125,0.008264463,0,0,0,0,0,0.00952381,0,0,0.029411765,0,0.067164179,0,0,0,0,0,0,0,0.064935065,0.058823529,0,0,0,0,0,0,0.016393443,0,0,0,0,0,0.040650407,0,0.037593985,0.220588235,0,0,0,0,0,0,0,0,0,0,0,0,0,0,0,0,0,0,0,0,0,0,0.014336918,0,0,0,0,0,0,0,0,0,0,0,0,0,0,0,0,0,0,0,0,0,0,0,0,0,0,0,0,0,0,0,0,0,0,0,0,0,0,0,0,0,0,0,0,0,0,0,0,0,0.04950495,0,0,0,0,0,0,0,0,0,0,0,0,0,0.008438819,0,0,0
N-Glycan biosynthesis - Homo sapiens (human),0,0,0,0,0,0.025316456,0,0,0,0,0,0,0,0.009009009,0,0,0,0,0,0,0,0,0,0,0,0,0,0,0,0,0,0,0,0,0,0,0,0,1,0,0,0.534482759,0.054347826,0.057971014,0,0,0,0,0.066666667,0,0,0,0.013333333,0,0,0,0,0,0,0.040540541,0,0,0,0,0,0,0,0,0,0,0,0,0,0,0,0,0,0,0,0,0,0,0,0,0,0,0,0,0,0,0,0,0,0,0,0,0,0,0,0,0,0,0,0,0,0,0,0,0,0,0,0,0,0,0,0,0,0,0,0,0,0,0,0,0,0,0,0,0,0,0,0,0,0,0,0,0.062801932,0,0,0,0,0,0,0,0,0,0,0,0,0,0,0,0,0,0,0,0,0,0,0,0,0,0,0,0,0,0,0,0,0,0,0,0,0,0,0,0,0,0,0,0,0,0,0,0,0,0,0,0,0,0,0,0,0,0,0,0,0,0,0,0,0,0,0,0,0,0,0,0,0,0,0,0,0,0,0,0,0,0,0,0,0,0,0,0,0,0,0,0,0,0,0,0,0,0,0,0,0,0,0,0,0,0,0,0,0,0,0,0,0,0,0,0,0,0,0,0,0,0,0,0,0,0,0,0,0,0,0,0,0,0,0,0,0,0,0,0,0,0,0,0,0,0,0,0,0,0,0,0,0,0,0,0,0,0,0,0,0,0.004132231,0,0,0,0,0,0,0,0,0,0,0,0,0,0,0,0,0,0,0,0,0,0,0,0,0,0,0,0,0,0,0,0,0,0,0,0,0,0,0,0,0
Other glycan degradation - Homo sapiens (human),0,0,0,0,0,0.020833333,0,0,0,0,0,0,0,0,0,0,0,0,0,0,0,0,0,0,0,0,0,0,0,0,0,0,0,0,0,0,0,0,0,1,0,0.055555556,0,0,0.030769231,0,0.088235294,0,0,0,0,0,0,0,0,0,0,0,0.14516129,0,0.064516129,0.1,0,0,0,0,0,0,0,0,0,0,0,0,0,0,0,0,0,0,0,0,0,0,0,0,0,0,0,0,0,0,0,0,0,0,0,0,0,0,0,0,0,0,0,0,0,0,0,0,0,0,0,0,0,0,0,0,0,0,0,0,0,0,0,0,0,0,0,0,0,0,0,0,0,0,0,0.071428571,0,0,0,0,0,0,0,0,0,0,0,0,0,0,0,0,0,0,0,0,0,0,0,0,0,0,0,0,0,0,0,0,0,0,0,0,0,0,0,0,0,0,0,0,0,0,0,0,0,0,0,0,0,0,0,0,0,0,0,0,0,0,0,0,0,0,0,0,0,0,0,0,0,0,0,0,0,0,0,0,0,0,0,0,0,0,0,0,0,0,0,0,0,0,0,0,0,0,0,0,0,0,0,0,0,0,0,0,0,0,0,0,0,0,0,0,0,0,0,0,0,0,0,0,0,0,0,0,0,0,0,0,0,0,0,0,0,0,0,0,0,0,0,0,0,0,0,0,0,0,0,0,0,0,0,0,0,0,0,0,0,0,0,0,0,0,0,0,0,0,0,0,0,0,0,0,0,0,0,0,0,0,0,0,0,0,0,0,0,0,0,0,0,0,0,0,0,0,0,0,0,0
Mucin type O-glycan biosynthesis - Homo sapiens (human),0,0,0,0,0,0,0,0,0,0,0,0,0,0,0,0,0,0,0,0,0,0,0,0,0,0,0,0,0,0,0,0,0,0,0,0,0,0,0,0,1,0,0.406779661,0,0,0,0,0,0.041666667,0,0,0,0,0,0,0,0,0,0.011363636,0.016129032,0.040816327,0.085106383,0,0,0,0,0,0,0,0,0,0,0,0,0,0,0,0,0,0,0,0,0,0,0,0,0,0,0,0,0,0,0,0,0,0,0,0,0,0,0,0,0,0,0,0,0,0,0,0,0,0,0,0,0,0,0,0,0,0,0,0,0,0,0,0,0,0,0,0,0,0,0,0,0,0,0,0,0,0,0,0,0,0,0,0,0,0,0,0,0,0,0,0,0,0,0,0,0,0,0,0,0,0,0,0,0,0,0,0,0,0,0,0,0,0,0,0,0,0,0,0,0,0,0,0,0,0,0,0,0,0,0,0,0,0,0,0,0,0,0,0,0,0,0,0,0,0,0,0,0,0,0,0,0,0,0,0,0,0,0,0,0,0,0,0,0,0,0,0,0,0,0,0,0,0,0,0,0,0,0,0,0,0,0,0,0,0,0,0,0,0,0,0,0,0,0,0,0,0,0,0,0,0,0,0,0,0,0,0,0,0,0,0,0,0,0,0,0,0,0,0,0,0,0,0,0,0,0,0,0,0,0,0,0,0,0,0,0,0,0,0,0,0,0,0,0,0,0,0,0,0,0,0,0,0,0,0,0,0,0,0,0,0,0,0,0,0,0,0,0,0,0,0,0,0,0,0,0,0
Various types of N-glycan biosynthesis - Homo sapiens (human),0,0,0,0,0,0.029411765,0,0,0,0,0,0,0,0,0,0,0,0,0,0,0,0,0,0,0,0,0,0,0,0,0,0,0,0,0,0,0,0,0.534482759,0.055555556,0,1,0.048780488,0.068965517,0.023255814,0,0.035714286,0,0.104166667,0,0,0,0,0,0,0,0,0,0.022222222,0.064516129,0.038461538,0.038461538,0,0,0,0,0,0,0,0,0,0,0,0,0,0,0,0,0,0,0,0,0,0,0,0,0,0,0,0,0,0,0,0,0,0,0,0,0,0,0,0,0,0,0,0,0,0,0,0,0,0,0,0,0,0,0,0,0,0,0,0,0,0,0,0,0,0,0,0,0,0,0,0,0,0,0.055555556,0.01183432,0,0,0,0,0,0,0,0,0,0,0,0,0,0,0,0,0,0,0,0,0,0,0,0,0,0,0,0,0,0,0,0,0,0,0,0,0,0,0,0,0,0,0,0,0,0,0,0,0,0,0,0,0,0,0,0,0,0,0,0,0,0,0,0,0,0,0,0,0,0,0,0,0,0,0,0,0,0,0,0,0,0,0,0,0,0,0,0,0,0,0,0,0,0,0,0,0,0,0,0,0,0,0,0,0,0,0,0,0,0,0,0,0,0,0,0,0,0,0,0,0,0,0,0,0,0,0,0,0,0,0,0,0,0,0,0,0,0,0,0,0,0,0,0,0,0,0,0,0,0,0,0,0,0,0,0,0,0,0,0,0.004329004,0,0,0,0,0,0,0,0,0,0,0,0,0,0,0,0,0,0,0,0,0,0,0,0,0,0,0,0,0,0,0,0,0,0,0,0,0,0,0,0,0
Other types of O-glycan biosynthesis - Homo sapiens (human),0,0,0,0,0,0.026315789,0,0,0,0,0,0,0,0,0,0,0,0,0,0,0,0,0,0,0.028037383,0,0,0,0,0,0,0,0,0,0,0,0,0,0.054347826,0,0.406779661,0.048780488,1,0.09375,0,0,0,0,0.070175439,0,0,0,0,0,0,0,0,0,0,0.057142857,0,0,0,0,0,0,0,0,0,0,0,0,0,0,0,0,0,0,0,0,0,0,0,0,0,0,0,0,0,0,0,0,0,0,0,0,0,0,0,0,0,0,0,0,0,0,0,0,0,0,0,0,0,0,0,0,0,0,0,0,0,0,0,0,0,0,0,0,0,0,0,0,0,0,0,0,0,0,0,0,0,0,0,0,0,0,0,0,0,0,0,0,0,0,0,0.029126214,0,0,0,0,0,0,0,0,0,0,0,0,0,0,0,0,0,0,0,0,0,0,0,0,0,0,0,0,0,0,0,0,0,0,0,0,0,0,0,0,0,0,0,0,0,0,0,0,0,0,0,0,0,0,0,0,0,0,0,0,0,0,0,0,0,0,0,0,0,0,0,0,0,0,0,0,0,0.006493506,0,0,0,0,0,0,0,0,0,0,0,0,0,0,0,0,0,0,0,0,0,0,0,0,0,0,0,0,0,0,0,0,0,0,0,0,0,0,0,0,0,0,0,0,0,0,0,0,0,0,0,0,0,0,0,0,0.008,0,0,0,0,0,0,0,0,0,0,0,0,0,0,0,0,0,0,0,0,0,0,0,0,0,0,0,0,0,0,0,0,0,0,0,0,0,0,0,0,0,0,0,0,0,0,0,0,0
Mannose type O-glycan biosynthesis - Homo sapiens (human),0,0,0,0.01754386,0,0.038461538,0,0,0,0,0,0,0,0,0,0,0,0,0,0,0,0,0,0,0,0,0,0,0,0,0,0,0,0,0,0,0,0,0.057971014,0,0,0.068965517,0.09375,1,0,0,0,0,0.121212121,0,0,0,0,0,0,0,0,0,0,0.136363636,0.027027027,0,0,0,0,0,0,0,0,0,0,0,0,0,0,0,0,0,0,0,0,0,0,0,0,0,0,0,0,0,0,0,0,0,0,0,0,0,0,0,0,0,0,0,0,0,0,0,0,0,0,0,0,0,0,0,0,0,0,0,0,0,0,0,0,0,0,0,0,0,0,0,0,0,0,0,0,0,0,0,0,0,0,0,0,0,0,0,0,0,0,0,0,0,0,0,0,0,0,0,0,0,0,0,0,0,0,0,0,0,0,0,0,0,0,0,0,0,0,0,0,0,0,0,0,0,0,0,0,0,0,0,0,0,0,0,0,0,0,0,0,0,0,0,0,0,0,0,0,0,0,0,0,0,0,0,0,0,0,0,0,0,0,0,0,0,0,0,0,0,0,0,0,0,0,0,0,0,0,0,0,0,0,0,0,0,0,0,0,0,0,0,0,0,0,0,0,0,0,0,0,0,0,0,0,0,0,0,0,0,0,0,0,0,0,0,0,0,0,0,0,0,0,0,0,0,0,0,0,0,0,0,0,0,0,0,0,0,0,0,0,0,0,0,0,0,0,0,0,0,0,0,0,0,0,0,0,0,0,0,0,0,0,0,0,0,0,0,0,0,0,0,0,0,0,0,0,0,0,0
Amino sugar and nucleotide sugar metabolism - Homo sapiens (human),0.074074074,0,0.039473684,0.024390244,0.188405797,0.15942029,0.012820513,0,0,0,0,0,0,0,0,0,0.011428571,0,0,0.023809524,0,0,0,0,0,0,0,0,0,0,0,0,0,0,0,0,0,0.118421053,0,0.030769231,0,0.023255814,0,0,1,0.102040816,0.03030303,0,0,0,0,0,0,0,0,0,0,0,0.02,0,0.032258065,0.032258065,0,0,0,0,0,0,0,0,0,0,0,0,0,0,0,0,0,0,0,0,0,0,0,0,0,0,0,0,0,0,0,0,0,0,0,0,0,0,0,0,0,0,0,0,0,0,0,0,0,0,0,0,0,0,0,0,0,0,0,0.025974026,0,0,0,0,0,0,0,0,0,0,0,0,0,0,0,0.011173184,0,0,0,0,0,0,0,0,0,0,0,0,0,0,0,0,0,0,0,0,0,0,0,0,0,0,0,0,0,0,0,0,0,0,0,0,0,0,0,0,0,0,0,0,0,0,0,0,0,0,0,0,0,0,0,0,0,0,0,0,0,0,0,0,0,0,0,0,0,0,0,0,0,0,0.027624309,0.007462687,0,0,0,0,0,0.017094017,0,0,0,0,0.006451613,0,0,0,0,0,0,0,0.055555556,0.012903226,0,0,0,0,0,0,0.013513514,0,0,0,0,0,0,0,0,0.043478261,0,0,0,0,0,0,0,0,0,0,0,0,0,0,0,0,0,0,0,0,0,0,0.01369863,0,0,0,0,0,0,0,0,0,0,0,0,0,0,0,0,0,0,0,0,0,0,0,0,0,0,0,0,0,0,0,0,0,0,0,0,0,0,0,0,0,0,0,0,0,0,0,0,0,0.043859649,0,0,0,0,0,0,0,0,0,0,0,0,0,0.008,0,0,0
"Neomycin, kanamycin and gentamicin biosynthesis - Homo sapiens (human)",0.074626866,0,0,0,0.117647059,0.161290323,0,0,0,0,0,0,0,0,0,0,0,0,0,0,0,0,0,0,0,0,0,0,0,0,0,0,0,0,0,0,0,0.138888889,0,0,0,0,0,0,0.102040816,1,0,0,0,0,0,0,0,0,0,0,0,0,0,0,0,0,0,0,0,0,0,0,0,0,0,0,0,0,0,0,0,0,0,0,0,0,0,0,0,0,0,0,0,0,0,0,0,0,0,0,0,0,0,0,0,0,0,0,0,0,0,0,0,0,0,0,0,0,0,0,0,0,0,0,0,0.036363636,0,0,0,0,0,0,0,0,0,0,0,0,0,0,0,0,0,0,0,0,0,0,0,0,0,0,0,0,0,0,0,0,0,0,0,0,0,0,0,0,0,0,0,0,0,0,0,0,0,0,0,0,0,0,0,0,0,0,0,0,0,0,0,0,0,0,0,0,0,0,0,0,0,0,0,0,0,0,0,0,0,0,0,0,0,0,0,0,0,0,0.03649635,0.011111111,0,0,0,0,0,0.013513514,0,0,0,0,0.009009009,0,0,0,0,0,0,0,0.108695652,0,0,0,0,0,0,0,0.033333333,0,0,0,0,0,0,0,0,0.083333333,0,0,0,0,0,0,0,0,0,0,0,0,0,0,0,0,0,0,0,0,0,0,0.016129032,0,0,0,0,0,0,0,0,0,0,0,0,0,0,0,0,0,0,0,0,0,0,0,0,0,0,0,0,0,0,0,0,0,0,0,0,0,0,0,0,0,0,0,0,0,0,0,0,0,0.071428571,0,0,0,0,0,0,0,0,0,0,0,0,0,0,0,0,0
Glycosaminoglycan degradation - Homo sapiens (human),0,0,0,0.018867925,0,0.020408163,0.020833333,0,0,0,0,0,0,0,0,0,0,0,0,0,0,0,0,0,0,0,0,0,0,0,0,0,0,0,0,0,0,0,0,0.088235294,0,0.035714286,0,0,0.03030303,0,1,0,0,0,0,0,0,0,0,0,0,0,0.043478261,0,0.0625,0.096774194,0,0,0,0,0,0,0,0,0,0,0,0,0,0,0.016393443,0,0,0,0,0,0,0.010204082,0,0,0,0,0,0,0,0,0,0,0,0,0,0,0,0,0,0,0,0,0,0,0,0,0,0,0,0,0,0,0,0,0,0,0,0,0,0,0,0,0,0,0,0,0,0,0,0,0,0,0,0,0,0.126865672,0,0,0,0,0,0,0,0,0,0,0,0,0,0,0,0,0,0,0,0,0,0,0,0,0,0,0,0,0,0,0,0,0,0,0,0,0,0,0,0,0,0,0,0,0,0,0,0,0,0,0,0,0,0,0,0,0,0,0,0,0,0,0,0,0,0,0,0,0,0,0,0,0,0,0,0,0,0,0,0,0,0,0,0,0,0,0,0,0,0,0,0,0,0,0,0,0,0,0,0,0,0,0,0,0,0,0,0,0,0,0,0,0,0,0,0,0,0,0,0,0,0,0,0,0,0,0,0,0,0,0,0,0,0,0,0,0,0,0,0,0,0,0,0,0,0,0,0,0,0,0,0,0,0,0,0,0,0,0,0,0,0,0,0.009009009,0,0,0,0,0,0,0,0,0,0,0,0,0,0,0,0,0,0,0,0,0,0,0,0,0,0,0,0,0,0,0,0,0,0,0,0,0,0
Glycosaminoglycan biosynthesis - chondroitin sulfate / dermatan sulfate - Homo sapiens (human),0,0,0,0,0,0,0,0,0,0,0,0,0,0,0,0,0,0,0,0,0,0,0,0,0,0,0,0,0,0,0,0,0,0,0,0,0,0,0,0,0,0,0,0,0,0,0,1,0,0.128205128,0,0,0,0,0,0,0,0,0,0,0,0,0,0,0,0,0,0,0,0,0,0,0,0,0,0,0,0,0,0,0,0,0,0,0,0,0,0,0,0,0,0,0,0,0,0,0,0,0,0,0,0,0,0,0,0,0,0,0,0,0,0,0,0,0,0,0,0,0,0,0,0,0,0,0,0,0,0,0,0,0,0,0,0,0,0,0,0,0,0,0,0,0,0,0,0,0,0,0,0,0,0,0,0,0,0,0,0,0,0,0,0,0,0,0,0,0,0,0,0,0,0,0,0,0,0,0,0,0,0,0,0,0,0,0,0,0,0,0,0,0,0,0,0,0,0,0,0,0,0,0,0,0,0,0,0,0,0,0,0,0,0,0,0,0,0,0,0,0,0,0,0,0,0,0,0,0,0,0,0,0,0,0,0,0,0,0,0,0,0,0,0,0,0,0,0,0,0,0,0,0,0,0,0,0,0,0,0,0,0,0,0,0,0,0,0,0,0,0,0,0,0,0,0,0,0,0,0,0,0,0,0,0,0,0,0,0,0,0,0,0,0,0,0,0,0,0,0,0,0,0,0,0,0,0,0,0,0,0,0,0,0,0,0,0,0,0,0,0,0,0,0,0,0,0,0,0,0,0,0,0,0,0,0,0,0,0,0,0,0
Glycosaminoglycan biosynthesis - keratan sulfate - Homo sapiens (human),0,0,0,0,0,0.046511628,0,0,0,0,0,0,0,0,0,0,0,0,0,0,0,0,0,0,0,0,0,0,0,0,0,0,0,0,0,0,0,0,0.066666667,0,0.041666667,0.104166667,0.070175439,0.121212121,0,0,0,0,1,0,0,0,0,0,0,0,0,0,0,0.171428571,0.074074074,0.074074074,0,0,0,0,0,0,0,0,0,0,0,0,0,0,0,0,0,0,0,0,0,0,0,0,0,0,0,0,0,0,0,0,0,0,0,0,0,0,0,0,0,0,0,0,0,0,0,0,0,0,0,0,0,0,0,0,0,0,0,0,0,0,0,0,0,0,0,0,0,0,0,0,0,0,0,0,0,0,0,0,0,0,0,0,0,0,0,0,0,0,0,0,0,0,0,0,0,0,0,0,0,0,0,0,0,0,0,0,0,0,0,0,0,0,0,0,0,0,0,0,0,0,0,0,0,0,0,0,0,0,0,0,0,0,0,0,0,0,0,0,0,0,0,0,0,0,0,0,0,0,0,0,0,0,0,0,0,0,0,0,0,0,0,0,0,0,0,0,0,0,0,0,0,0,0,0,0,0,0,0,0,0,0,0,0,0,0,0,0,0,0,0,0,0,0,0,0,0,0,0,0,0,0,0,0,0,0,0,0,0,0,0,0,0,0,0,0,0,0,0,0,0,0,0,0,0,0,0,0,0,0,0,0,0,0,0,0.004854369,0,0,0,0,0,0,0,0,0,0,0,0,0,0,0,0,0,0,0,0,0,0,0,0,0,0,0,0,0,0,0,0,0,0,0,0,0,0,0,0,0
Glycosaminoglycan biosynthesis - heparan sulfate / heparin - Homo sapiens (human),0,0,0,0,0,0,0,0,0,0,0,0,0,0,0,0,0,0,0,0,0,0,0,0,0,0,0,0,0,0,0,0,0,0,0,0,0,0,0,0,0,0,0,0,0,0,0,0.128205128,0,1,0,0,0,0,0,0,0,0,0,0,0,0,0,0,0,0,0,0,0,0,0,0,0,0,0,0,0,0,0,0,0,0,0,0,0,0,0,0,0,0,0,0,0,0,0,0,0,0,0,0,0,0,0,0,0,0,0,0,0,0,0,0,0,0,0,0,0,0,0,0,0,0,0,0,0,0,0,0,0,0,0,0,0,0,0,0,0,0,0,0,0,0,0,0,0,0,0,0,0,0,0,0,0,0,0,0,0,0,0,0,0,0,0,0,0,0,0,0,0,0,0,0,0,0,0,0,0,0,0,0,0,0,0,0,0,0,0,0,0,0,0,0,0,0,0,0,0,0,0,0,0,0,0,0,0,0,0,0,0,0,0,0,0,0,0,0,0,0,0,0,0,0,0,0,0,0,0,0,0,0,0,0,0,0,0,0,0,0,0,0,0,0,0,0,0,0,0,0,0,0,0,0,0,0,0,0,0,0,0,0,0,0,0,0,0,0,0,0,0,0,0,0,0,0,0,0,0,0,0,0,0,0,0,0,0,0,0,0,0,0,0,0,0,0,0,0,0,0,0,0,0,0,0,0,0,0,0,0,0,0,0,0,0,0,0,0,0,0,0,0,0,0,0,0,0,0,0,0,0,0,0,0,0,0,0,0,0,0,0,0
Glycerolipid metabolism - Homo sapiens (human),0.048780488,0,0.010989011,0.031914894,0.032608696,0.033333333,0.069767442,0,0,0.05,0.012345679,0,0,0,0,0,0,0,0,0,0.02020202,0,0.047619048,0,0.041666667,0.046728972,0.063291139,0,0,0.050505051,0,0.056818182,0,0,0,0,0,0,0,0,0,0,0,0,0,0,0,0,0,0,1,0,0,0.229007634,0.027522936,0,0,0,0.036036036,0,0.013157895,0,0.058252427,0.010989011,0,0,0,0,0,0,0,0.0375,0,0,0.023255814,0.007751938,0,0,0,0,0,0,0,0,0,0,0,0,0,0,0,0,0,0,0,0,0,0,0,0,0,0,0,0.02238806,0,0,0,0,0,0,0,0,0,0,0,0,0,0,0,0,0,0,0,0.067114094,0,0.09375,0,0,0,0,0,0,0,0,0,0,0,0.005181347,0,0,0,0.013953488,0,0,0,0,0,0,0,0,0,0,0,0,0,0,0,0,0,0,0,0,0,0,0,0,0,0,0,0,0,0,0,0,0,0,0,0,0.007633588,0,0,0,0,0,0,0,0,0,0,0,0.019230769,0,0,0,0,0,0.006849315,0,0,0,0.004784689,0,0,0,0,0,0,0,0,0,0,0,0,0,0,0,0,0,0,0,0,0,0,0,0,0.016949153,0,0,0,0,0,0,0,0,0,0,0,0,0.040816327,0,0,0,0,0,0,0,0,0,0.025,0,0,0.153846154,0,0.011764706,0,0.027272727,0.002247191,0,0,0,0,0,0,0,0,0,0,0,0,0,0,0,0,0,0,0,0,0,0,0,0,0,0,0,0,0,0,0,0,0,0,0,0,0,0,0,0,0,0,0,0,0,0,0,0.003521127,0,0,0,0,0,0,0,0,0,0,0,0,0,0,0,0,0,0,0.088435374,0,0,0,0,0,0,0,0,0,0,0,0,0,0,0,0
Inositol phosphate metabolism - Homo sapiens (human),0.014492754,0,0,0,0.00952381,0,0.009803922,0,0,0,0,0,0,0,0,0,0,0,0,0,0,0,0.008333333,0,0,0,0,0,0,0,0,0.009708738,0,0,0,0,0,0,0,0,0,0,0,0,0,0,0,0,0,0,0,1,0,0.005847953,0,0,0,0,0,0,0,0,0,0,0.009615385,0,0,0,0,0,0,0,0,0,0,0,0,0,0,0,0,0,0,0,0,0,0,0,0,0,0,0,0,0,0,0,0,0,0,0,0,0,0,0,0,0,0,0,0,0,0,0.032679739,0.01980198,0.032846715,0.046822742,0.021276596,0.013793103,0,0,0.039215686,0.011428571,0.028248588,0.02,0.559633028,0.043478261,0.0625,0,0,0.004926108,0.006896552,0,0,0,0.009615385,0,0.038834951,0,0,0.0125,0.00896861,0,0.017777778,0.011848341,0.015706806,0.014563107,0.018867925,0.022727273,0,0,0,0.017777778,0,0.02293578,0.019704433,0.016736402,0,0,0,0.02,0.039370079,0.029126214,0.020304569,0,0,0.026217228,0,0,0,0,0.025477707,0.014084507,0,0.04787234,0,0.035433071,0,0.017241379,0.015810277,0,0,0.023121387,0.012711864,0,0.025125628,0,0.006097561,0.005555556,0.023121387,0.040268456,0.044444444,0.0625,0.016483516,0.027472527,0,0,0.024096386,0,0.029411765,0,0.026737968,0.01843318,0.021857923,0.04494382,0.021857923,0,0.019900498,0.031007752,0,0.025806452,0,0.055555556,0.034246575,0.024390244,0.025806452,0.024691358,0,0.01744186,0.034146341,0.023529412,0.021428571,0.027777778,0.077777778,0,0.022522523,0.022727273,0.0234375,0.028985507,0.023952096,0.035897436,0.029850746,0.022857143,0.053846154,0.025862069,0.02259887,0.013333333,0.08125,0.017857143,0.048913043,0,0,0,0.028037383,0.032786885,0,0,0,0.02484472,0.027586207,0.023391813,0.061946903,0,0,0,0,0,0,0.017817372,0.00295858,0.004597701,0.013368984,0.038461538,0.008746356,0.012915129,0,0,0,0,0,0.020408163,0.016528926,0.014184397,0,0.049180328,0.025477707,0,0,0.034482759,0,0.041666667,0.037735849,0,0.005434783,0.041666667,0,0.003968254,0.013215859,0.012931034,0.014354067,0.024054983,0.012448133,0.01,0.013745704,0.026923077,0.005154639,0.014760148,0.017857143,0.016666667,0.016835017,0,0.010948905,0,0.022058824,0.015915119,0.010638298,0.01369863,0.019230769,0.021582734,0.020547945,0.031496063,0.042253521,0.024096386,0,0,0.028368794,0,0.020547945,0.02189781,0.02484472,0.035714286,0.018518519,0.025531915,0.01369863,0.028776978,0.042682927,0.031847134,0,0,0,0,0,0,0,0,0,0,0,0.029850746,0,0.028571429,0.014354067
Glycosylphosphatidylinositol (GPI)-anchor biosynthesis - Homo sapiens (human),0,0,0,0,0,0,0,0,0,0,0,0,0,0,0,0,0,0,0,0,0,0,0,0,0,0,0,0,0,0,0,0,0,0,0,0,0,0,0.013333333,0,0,0,0,0,0,0,0,0,0,0,0,0,1,0,0,0,0,0,0,0,0,0,0,0,0,0,0,0,0,0,0,0,0,0,0,0,0,0,0,0,0,0,0,0,0,0,0,0,0,0,0,0,0,0,0,0,0,0,0,0,0,0,0,0,0,0,0,0,0,0,0,0,0,0,0,0,0,0,0,0,0,0,0,0,0,0,0,0,0,0,0,0,0,0,0,0,0,0,0,0,0,0,0,0,0,0,0,0,0,0,0,0,0,0,0,0,0,0,0,0,0,0,0,0,0,0,0,0,0,0,0,0,0,0,0,0,0,0,0,0,0,0,0,0,0,0,0,0,0,0,0,0,0,0,0,0,0,0,0,0,0,0,0,0,0,0,0,0,0,0,0,0,0,0,0,0,0,0,0,0,0,0,0,0,0,0,0,0,0,0,0,0,0,0,0,0,0,0,0,0,0,0,0,0,0,0,0,0,0,0,0,0,0,0,0,0,0,0,0,0,0,0,0,0,0,0,0,0,0,0,0,0,0,0,0,0,0,0,0,0,0,0,0,0,0,0,0,0,0,0,0,0,0,0,0,0,0,0,0,0,0,0,0,0,0,0,0,0,0,0,0,0,0,0,0,0,0,0,0,0,0,0,0,0,0,0,0,0,0,0,0,0,0,0,0,0,0,0,0,0
Glycerophospholipid metabolism - Homo sapiens (human),0,0,0,0,0,0,0,0,0,0,0,0,0,0,0,0,0.004424779,0,0,0,0,0,0,0,0,0,0,0,0,0,0,0,0,0.060606061,0,0,0,0,0,0,0,0,0,0,0,0,0,0,0,0,0.229007634,0.005847953,0,1,0.307017544,0.15942029,0.205607477,0.213592233,0.020134228,0,0,0,0,0,0,0,0,0,0,0,0,0,0,0,0,0,0,0,0,0,0,0,0,0,0,0,0,0,0,0,0,0,0,0,0,0,0,0,0,0,0,0,0,0,0,0,0,0,0,0,0.018134715,0,0.077170418,0,0,0,0.006289308,0,0,0,0,0,0,0.071038251,0.009259259,0.122727273,0,0,0,0,0,0,0,0,0,0,0,0.004347826,0.005747126,0,0.005555556,0.011904762,0,0,0,0,0,0,0.007194245,0.027888446,0,0,0,0.088785047,0,0,0,0,0,0.046357616,0,0,0,0,0,0,0,0,0,0,0,0,0.032407407,0,0,0,0,0,0,0,0,0,0,0,0,0,0,0,0,0.04375,0.071038251,0,0,0,0,0,0,0,0,0,0,0.044117647,0.00952381,0.033980583,0,0,0.046052632,0,0,0,0.042328042,0,0,0,0.049180328,0.048951049,0,0,0,0,0,0,0,0.028455285,0,0.012903226,0,0,0,0,0.009852217,0,0,0,0,0,0,0,0.012605042,0,0,0,0,0,0,0,0,0,0.057894737,0,0,0.126984127,0,0.008196721,0,0.006711409,0,0,0,0,0,0,0,0,0,0,0,0,0,0,0,0,0,0,0,0,0,0,0,0,0,0,0,0,0,0,0,0,0,0,0,0,0,0,0,0,0,0.003184713,0,0,0,0,0,0,0.00625,0,0,0.011560694,0,0,0,0,0,0,0,0,0,0,0,0,0,0,0,0.172619048,0,0,0,0,0,0,0,0,0,0,0,0,0,0,0,0
Ether lipid metabolism - Homo sapiens (human),0,0,0,0,0,0,0,0,0,0,0,0,0,0,0,0,0,0,0,0,0,0,0,0,0,0,0,0,0,0,0,0,0,0.056603774,0,0,0,0,0,0,0,0,0,0,0,0,0,0,0,0,0.027522936,0,0,0.307017544,1,0.247191011,0.379310345,0.407407407,0.051020408,0,0,0,0,0,0,0,0,0,0,0,0,0,0,0,0,0,0,0,0,0,0,0,0,0,0,0,0,0,0,0,0,0,0,0,0,0,0,0,0,0,0,0,0,0,0,0,0,0,0,0,0.020771513,0,0.087452471,0,0,0,0.007434944,0,0,0,0,0,0,0,0.011976048,0.064516129,0,0,0,0,0,0,0,0,0,0,0,0,0.006688963,0,0.007633588,0,0,0,0,0,0,0,0,0.034653465,0,0,0,0.115151515,0,0,0,0,0,0.068627451,0,0,0,0,0,0,0,0,0,0,0,0,0.041916168,0,0,0,0,0,0,0,0,0,0,0,0,0,0,0,0,0.063063063,0.097014925,0,0,0,0,0,0,0,0,0,0,0.058064516,0,0.044585987,0,0,0.067961165,0,0,0,0.057142857,0,0,0,0.067164179,0.074468085,0,0,0,0,0,0,0,0.035532995,0,0.018867925,0,0,0,0,0.012987013,0,0,0,0,0,0,0,0,0,0,0,0,0,0,0,0,0,0.078014184,0,0,0.17721519,0,0.01369863,0,0,0,0,0,0,0,0,0,0,0,0,0,0,0,0,0,0,0,0,0,0,0,0,0,0,0,0,0,0,0,0,0,0,0,0,0,0,0,0,0,0,0,0.003454231,0,0,0,0,0,0,0.007380074,0,0,0.016129032,0,0,0,0,0,0,0,0,0,0,0,0,0,0,0,0.096296296,0,0,0,0,0,0,0,0,0,0,0,0,0,0,0,0
Arachidonic acid metabolism - Homo sapiens (human),0,0,0,0,0,0,0,0,0,0.009708738,0,0,0,0.016528926,0,0,0,0,0,0,0,0,0,0,0,0,0,0,0,0,0,0,0.026666667,0,0,0,0.035087719,0,0,0,0,0,0,0,0,0,0,0,0,0,0,0,0,0.15942029,0.247191011,1,0.444444444,0.338461538,0,0,0,0,0,0,0,0,0,0,0,0,0,0,0,0,0.023529412,0.023809524,0,0,0,0,0,0.045454545,0.047619048,0.007142857,0,0,0,0,0,0,0,0,0,0,0,0,0,0,0,0,0,0,0,0,0,0,0,0,0,0,0.020114943,0,0.076086957,0,0,0,0,0,0,0,0.006097561,0,0,0,0,0.034653465,0,0,0,0,0,0,0,0,0,0,0,0,0,0,0.007042254,0,0,0,0,0,0,0,0.02,0.037735849,0,0,0,0.107954545,0,0,0,0,0,0.071428571,0,0,0,0,0,0,0,0,0,0,0,0,0.051136364,0,0,0,0,0,0,0,0.006097561,0,0,0,0.006493506,0,0,0,0,0.066115702,0.053333333,0.005813953,0,0,0,0,0,0,0,0,0.004807692,0.041666667,0,0.114649682,0,0,0.061403509,0,0,0,0.067114094,0,0,0,0.047619048,0.108910891,0,0,0,0,0,0,0,0.038647343,0,0.034782609,0,0,0,0,0,0,0,0,0.004651163,0,0,0,0.004950495,0,0,0,0,0,0,0,0,0,0.072368421,0,0,0.11827957,0,0.011904762,0,0,0.002252252,0,0,0,0,0,0.001865672,0,0,0,0,0,0,0,0,0,0,0,0,0,0,0.00729927,0,0,0,0.005813953,0,0,0,0,0,0,0.003508772,0,0.002557545,0,0.003937008,0,0,0,0,0.001692047,0.003952569,0,0.056910569,0,0.002702703,0.011111111,0.014285714,0,0,0,0,0,0,0,0,0,0,0,0,0.006578947,0,0,0,0,0,0.046052632,0,0,0,0,0,0,0,0,0,0,0,0,0,0,0.014705882,0
Linoleic acid metabolism - Homo sapiens (human),0,0,0,0,0,0,0,0,0,0,0,0,0,0.033707865,0,0,0,0.028571429,0,0,0,0,0,0,0,0,0,0,0,0.014084507,0,0,0,0,0,0,0,0,0,0,0,0,0,0,0,0,0,0,0,0,0,0,0,0.205607477,0.379310345,0.444444444,1,0.647058824,0,0,0,0,0,0,0,0,0,0,0,0,0,0,0,0,0,0.042553191,0,0,0,0,0,0.038834951,0.063157895,0.018518519,0,0,0,0,0,0,0,0,0,0,0,0,0,0,0,0,0,0,0,0,0,0,0,0,0,0,0.022082019,0,0.085714286,0,0,0,0,0,0,0,0,0,0,0,0,0.040935673,0,0,0,0,0,0,0,0,0,0,0,0,0,0,0,0,0,0,0,0,0,0,0.014285714,0.044198895,0,0,0,0.131034483,0,0,0,0,0,0.085365854,0,0,0,0,0,0,0,0,0,0,0,0,0.047619048,0,0,0,0,0,0,0,0,0,0,0,0,0,0,0,0,0.076923077,0.067226891,0,0,0,0,0,0,0,0,0,0,0.051094891,0,0.090909091,0,0,0.084337349,0,0,0,0.075630252,0,0,0,0.060344828,0.109589041,0,0,0,0,0,0,0,0.039548023,0,0.023255814,0,0,0,0,0,0,0,0,0.005434783,0,0,0,0.005847953,0,0,0,0,0,0,0,0,0,0.090909091,0,0,0.177419355,0.008474576,0.018867925,0,0,0,0,0,0,0,0,0,0,0,0,0,0,0,0,0,0,0,0,0,0,0,0,0,0,0,0,0,0,0,0,0,0,0,0,0,0,0,0,0,0,0,0,0,0,0.064516129,0,0,0.008333333,0.007968127,0,0,0,0,0,0,0,0,0,0,0,0,0,0,0,0,0,0,0.05785124,0,0,0,0,0,0,0,0,0,0,0,0,0,0,0.012396694,0
alpha-Linolenic acid metabolism - Homo sapiens (human),0,0,0,0,0,0,0,0,0,0.045454545,0,0,0,0,0,0,0,0,0,0,0,0,0.01369863,0,0,0,0,0,0,0,0,0.036363636,0,0,0,0,0,0,0,0,0,0,0,0,0,0,0,0,0,0,0,0,0,0.213592233,0.407407407,0.338461538,0.647058824,1,0,0,0,0,0,0,0.035714286,0,0,0,0,0,0,0,0,0,0,0,0,0,0,0,0,0,0,0,0.081632653,0,0,0,0,0,0,0,0,0,0,0,0,0,0,0,0,0,0,0.041237113,0,0,0,0,0,0,0.022364217,0,0.087136929,0,0,0,0.008163265,0,0,0,0,0,0,0,0,0.041916168,0,0,0,0,0,0,0,0,0,0,0,0,0,0,0.028571429,0,0,0,0,0,0,0,0,0.039325843,0,0,0,0.134751773,0,0,0,0,0,0.08974359,0,0,0,0,0,0,0,0,0,0,0,0,0.048951049,0,0,0,0,0,0,0,0,0,0,0,0,0,0,0,0,0.08045977,0.069565217,0,0,0,0,0,0,0,0,0,0,0.052631579,0,0.052631579,0,0,0.088607595,0,0,0,0.068965517,0,0,0,0.0625,0.1,0,0,0,0,0,0,0,0.040462428,0,0.024390244,0,0,0,0,0,0,0,0,0,0,0,0,0.012048193,0,0,0,0,0,0,0,0,0,0.094017094,0,0,0.189655172,0,0.020408163,0,0,0,0,0,0,0,0,0,0,0,0,0,0,0,0,0,0,0,0,0,0,0,0,0,0,0,0,0,0,0,0,0,0,0,0,0,0,0,0,0,0,0,0,0,0,0,0,0,0,0,0,0,0,0,0,0,0,0,0,0,0,0,0,0,0,0,0,0,0.05982906,0,0,0,0,0,0,0,0,0,0,0,0,0,0,0,0
Sphingolipid metabolism - Homo sapiens (human),0,0,0,0,0,0.024390244,0,0,0,0,0,0,0,0,0,0,0,0,0,0,0,0,0,0,0,0,0,0,0,0,0,0,0,0,0,0,0,0,0,0.14516129,0.011363636,0.022222222,0,0,0.02,0,0.043478261,0,0,0,0.036036036,0,0,0.020134228,0.051020408,0,0,0,1,0,0.046153846,0.0625,0,0,0,0,0,0,0,0,0,0,0,0,0,0,0,0,0,0,0,0,0,0,0,0,0,0,0,0,0,0,0,0,0,0,0,0,0,0,0,0,0,0,0,0,0,0,0,0,0,0,0,0,0.006872852,0,0,0,0,0,0,0,0,0,0.162162162,0.025510204,0,0,0,0,0,0,0,0,0,0,0,0.069364162,0,0,0,0,0,0,0,0,0,0,0,0.004739336,0,0,0,0,0,0,0,0,0,0.018181818,0.010526316,0,0,0,0,0,0,0,0,0,0,0,0,0,0,0,0,0,0,0,0,0,0,0,0,0,0,0,0,0,0.034482759,0,0,0,0,0,0,0,0,0,0,0,0,0,0,0,0,0,0,0,0,0,0,0,0,0,0,0,0,0,0,0,0,0,0,0,0,0,0,0,0,0,0,0,0,0,0,0,0,0,0,0,0,0,0,0,0,0,0,0,0,0.032258065,0,0,0,0,0,0,0,0,0,0,0,0,0,0,0,0,0,0,0,0,0,0,0,0,0,0,0,0,0,0,0,0,0.008658009,0,0,0,0,0,0,0,0,0,0,0,0,0,0,0,0,0,0,0,0,0,0,0,0,0,0,0,0,0,0,0,0,0,0,0,0,0,0,0.02027027,0,0,0,0,0,0,0,0,0,0,0,0,0,0,0,0
Glycosphingolipid biosynthesis - lacto and neolacto series - Homo sapiens (human),0,0,0,0,0,0.035714286,0,0,0,0,0,0,0,0,0,0,0,0,0,0,0,0,0,0,0,0,0,0,0,0,0,0,0,0,0,0,0,0,0.040540541,0,0.016129032,0.064516129,0.057142857,0.136363636,0,0,0,0,0.171428571,0,0,0,0,0,0,0,0,0,0,1,0.2,0.024390244,0,0,0,0,0,0,0,0,0,0,0,0,0,0,0,0,0,0,0,0,0,0,0,0,0,0,0,0,0,0,0,0,0,0,0,0,0,0,0,0,0,0,0,0,0,0,0,0,0,0,0,0,0,0,0,0,0,0,0,0,0,0,0,0,0,0,0,0,0,0,0,0,0,0,0,0,0,0,0,0,0,0,0,0,0,0,0,0,0,0,0,0,0,0,0,0,0,0,0,0,0,0,0,0,0,0,0,0,0,0,0,0,0,0,0,0,0,0,0,0,0,0,0,0,0,0,0,0,0,0,0,0,0,0,0,0,0,0,0,0,0,0,0,0,0,0,0,0,0,0,0,0,0,0,0,0,0,0,0,0,0,0,0,0,0,0,0,0,0,0,0,0,0,0,0,0,0,0,0,0,0,0,0,0,0,0,0,0,0,0,0,0,0,0,0,0,0,0,0,0,0,0,0,0,0,0,0,0,0,0,0,0,0,0,0,0,0,0,0,0,0,0,0,0,0,0,0,0,0,0,0,0,0,0,0,0,0,0,0,0,0,0,0,0,0,0,0,0,0,0,0,0,0,0,0,0,0,0,0,0,0,0,0,0,0,0,0,0,0,0,0,0,0,0,0,0,0,0
Glycosphingolipid biosynthesis - globo and isoglobo series - Homo sapiens (human),0,0,0,0,0,0.022222222,0,0,0,0,0,0,0,0,0,0,0,0,0,0,0,0,0,0,0,0,0,0,0,0,0,0,0,0,0,0,0,0,0,0.064516129,0.040816327,0.038461538,0,0.027027027,0.032258065,0,0.0625,0,0.074074074,0,0.013157895,0,0,0,0,0,0,0,0.046153846,0.2,1,0.2,0,0,0,0,0,0,0,0,0,0,0,0,0,0,0,0,0,0,0,0,0,0,0,0,0,0,0,0,0,0,0,0,0,0,0,0,0,0,0,0,0,0,0,0,0,0,0,0,0,0,0,0,0,0,0,0,0,0,0,0,0,0,0,0,0,0,0,0,0,0,0,0,0,0,0,0.027972028,0,0,0,0,0,0,0,0,0,0,0,0,0,0,0,0,0,0,0,0,0,0,0,0,0,0,0,0,0,0,0,0,0,0,0,0,0,0,0,0,0,0,0,0,0,0,0,0,0,0,0,0,0,0,0,0,0,0,0,0,0,0,0,0,0,0,0,0,0,0,0,0,0,0,0,0,0,0,0,0,0,0,0,0,0,0,0,0,0,0,0,0,0,0,0,0,0,0,0,0,0,0,0,0,0,0,0,0,0,0,0,0,0,0,0,0,0,0,0,0,0,0,0,0,0,0,0,0,0,0,0,0,0,0,0,0,0,0,0,0,0,0,0,0,0,0,0,0,0,0,0,0,0,0,0,0,0,0,0,0,0,0,0,0,0,0,0,0,0,0,0,0,0,0,0,0,0,0,0,0,0,0,0,0,0,0,0,0,0,0,0,0,0,0,0,0,0,0,0,0,0,0
Glycosphingolipid biosynthesis - ganglio series - Homo sapiens (human),0,0,0,0,0,0.022222222,0,0,0,0,0,0,0,0,0,0,0,0,0,0,0,0,0,0,0,0,0,0,0,0,0,0,0,0,0,0,0,0,0,0.1,0.085106383,0.038461538,0,0,0.032258065,0,0.096774194,0,0.074074074,0,0,0,0,0,0,0,0,0,0.0625,0.024390244,0.2,1,0,0,0,0,0,0,0,0,0,0,0,0,0,0,0,0,0,0,0,0,0,0,0,0,0,0,0,0,0,0,0,0,0,0,0,0,0,0,0,0,0,0,0,0,0,0,0,0,0,0,0,0,0,0,0,0,0,0,0,0,0,0,0,0,0,0,0,0,0,0,0,0,0,0,0,0.020833333,0,0,0,0,0,0,0,0,0,0,0,0,0,0,0,0,0,0,0,0,0,0,0,0,0,0,0,0,0,0,0,0,0,0,0,0,0,0,0,0,0,0,0,0,0,0,0,0,0,0,0,0,0,0,0,0,0,0,0,0,0,0,0,0,0,0,0,0,0,0,0,0,0,0,0,0,0,0,0,0,0,0,0,0,0,0,0,0,0,0,0,0,0,0,0,0,0,0,0,0,0,0,0,0,0,0,0,0,0,0,0,0,0,0,0,0,0,0,0,0,0,0,0,0,0,0,0,0,0,0,0,0,0,0,0,0,0,0,0,0,0,0,0,0,0,0,0,0,0,0,0,0,0,0,0,0,0,0,0,0,0,0,0,0,0,0,0,0,0,0,0,0,0,0,0,0,0,0,0,0,0,0,0,0,0,0,0,0,0,0,0,0,0,0,0,0,0,0,0,0,0,0
Pyruvate metabolism - Homo sapiens (human),0.341176471,0.166666667,0,0.012345679,0,0,0.084507042,0.031746032,0,0.184210526,0,0,0,0,0,0,0,0,0,0,0.036144578,0.077777778,0.091954023,0,0.078431373,0.054347826,0.078125,0.092105263,0,0.098765432,0,0.068493151,0,0,0,0,0,0,0,0,0,0,0,0,0,0,0,0,0,0,0.058252427,0,0,0,0,0,0,0,0,0,0,0,1,0.115942029,0.144927536,0.027777778,0,0,0,0,0,0.046153846,0,0,0,0.064814815,0,0.029411765,0,0,0,0.05982906,0.063063063,0,0,0,0,0,0,0,0,0,0,0,0,0,0,0,0,0,0,0,0,0.033898305,0,0,0,0,0,0,0,0,0,0,0,0,0,0,0,0,0,0.054054054,0.011363636,0,0,0,0,0,0,0,0,0,0,0,0,0,0,0,0,0,0,0,0.005012531,0.024390244,0,0,0,0,0,0,0,0,0,0,0,0,0,0,0,0,0,0,0,0,0,0,0,0,0,0,0,0,0,0,0,0,0,0,0,0,0,0,0,0,0,0,0,0,0,0,0,0,0,0,0,0,0,0,0,0,0,0,0,0,0,0,0,0,0,0,0,0,0.027932961,0,0,0,0,0,0,0,0,0,0.026548673,0,0.092198582,0,0,0,0,0,0,0,0.021978022,0.019736842,0.004975124,0,0.004975124,0,0.08,0,0.013888889,0,0,0,0.044776119,0,0,0,0,0,0,0.022727273,0,0,0,0,0,0,0,0,0,0,0,0,0,0,0,0,0,0,0,0,0,0,0,0,0,0,0,0,0,0,0,0,0,0,0,0,0,0,0.00265252,0,0,0,0,0,0,0.001733102,0,0.004,0,0,0,0,0.003717472,0,0.008695652,0,0,0,0,0,0,0,0,0,0,0,0,0,0,0,0.083333333,0,0,0,0,0,0,0,0,0,0,0,0,0,0.012145749,0,0,0
Glyoxylate and dicarboxylate metabolism - Homo sapiens (human),0.031914894,0.111111111,0.016949153,0,0,0,0,0,0,0.028169014,0,0,0,0,0,0.019607843,0,0,0,0.030769231,0.15,0.025641026,0.098591549,0,0.033333333,0.012658228,0,0,0,0.074626866,0,0,0,0,0,0,0,0,0,0,0,0,0,0,0,0,0,0,0,0,0.010989011,0,0,0,0,0,0,0,0,0,0,0,0.115942029,1,0.127272727,0.036363636,0.063829787,0,0,0,0,0,0,0,0,0,0,0.039215686,0.02173913,0,0,0,0,0,0,0,0,0,0,0,0,0,0,0,0,0,0,0,0,0,0,0,0,0,0,0,0,0,0,0,0,0,0,0,0,0,0,0,0,0,0,0,0.00625,0,0,0,0,0,0,0,0,0,0,0,0,0,0,0,0,0,0.037037037,0,0,0,0,0.008474576,0.010989011,0,0,0.005319149,0,0,0,0,0,0,0,0,0,0,0,0,0,0,0,0,0,0,0,0,0,0,0,0,0,0,0,0,0,0,0,0,0,0,0,0,0,0,0,0,0,0,0,0,0,0,0,0,0,0,0,0.006993007,0,0,0.008474576,0,0,0,0,0,0,0,0,0,0,0,0,0,0,0,0,0,0,0,0,0,0,0,0,0,0,0,0,0,0,0,0,0,0,0,0,0,0,0,0.019230769,0,0,0,0,0,0,0.028169014,0,0,0,0,0,0,0.002544529,0,0,0,0.001980198,0,0,0,0,0,0,0,0,0,0,0,0,0,0,0,0,0,0,0,0,0,0,0,0,0,0,0,0,0,0,0,0,0,0,0,0,0,0,0,0,0,0.003968254,0,0,0,0,0,0,0,0,0,0,0,0,0,0,0,0,0,0,0,0,0,0,0,0,0,0,0,0,0,0,0,0,0,0,0
Propanoate metabolism - Homo sapiens (human),0.087912088,0.068965517,0,0,0,0,0,0.041666667,0.035087719,0.086956522,0,0,0,0,0,0,0,0,0,0.014705882,0.014285714,0.064935065,0.230769231,0,0.043956044,0,0,0,0,0.057142857,0,0.188679245,0,0,0,0,0,0,0,0,0,0,0,0,0,0,0,0,0,0,0,0.009615385,0,0,0,0,0,0.035714286,0,0,0,0,0.144927536,0.127272727,1,0.092592593,0,0,0,0,0,0,0,0,0,0,0,0,0,0,0,0,0,0,0.035087719,0,0,0,0,0,0,0,0,0,0,0,0,0,0,0,0,0,0,0.028846154,0,0,0,0,0,0,0,0,0,0,0,0,0.007968127,0,0,0,0,0.036764706,0,0,0,0,0,0,0,0,0,0,0,0,0,0,0,0,0,0,0.036363636,0,0,0.02,0,0,0,0,0,0,0,0,0,0,0,0,0,0,0,0,0,0,0,0,0,0,0,0,0,0,0,0,0,0,0,0,0,0,0,0,0,0,0,0,0,0,0,0,0,0,0,0,0,0,0,0,0,0,0,0,0,0,0,0,0.008333333,0,0,0,0,0,0,0,0.011976048,0,0,0,0,0,0,0,0,0,0.01,0,0.053030303,0,0,0,0,0,0,0,0,0.007194245,0,0,0,0,0.029585799,0,0,0,0,0,0,0,0,0,0,0,0,0,0,0,0,0,0,0,0,0,0,0,0,0,0,0,0,0,0,0,0,0,0,0,0,0,0,0,0,0,0,0,0,0,0,0,0,0,0,0,0,0,0,0,0,0,0,0,0,0,0,0,0,0,0,0,0,0,0,0,0,0,0,0,0,0,0,0,0,0,0,0,0.051546392,0,0,0,0,0,0,0,0,0,0,0,0,0,0,0,0,0
Butanoate metabolism - Homo sapiens (human),0,0,0,0,0,0,0,0,0.058823529,0.111111111,0,0,0,0,0,0,0,0,0,0.066666667,0,0,0.25,0,0.071428571,0,0,0,0,0.095238095,0,0.137254902,0.048780488,0,0,0,0,0,0,0,0,0,0,0,0,0,0,0,0,0,0,0,0,0,0,0,0,0,0,0,0,0,0.027777778,0.036363636,0.092592593,1,0,0,0,0,0,0,0,0.033333333,0,0,0,0.086956522,0,0,0,0,0,0,0,0,0,0,0,0,0,0,0,0,0,0,0,0,0,0,0,0,0,0.03030303,0,0,0,0,0,0,0,0,0,0,0,0,0,0,0,0,0,0,0,0,0,0,0,0,0,0,0,0,0,0,0,0,0,0,0,0,0.028301887,0,0,0,0,0,0,0,0,0,0,0,0,0,0,0,0,0,0,0,0,0,0,0,0,0,0,0,0,0,0,0,0,0,0,0,0,0,0,0,0,0,0,0,0,0,0,0,0,0,0,0,0,0,0,0,0,0,0,0,0,0,0,0,0.026548673,0,0,0,0,0,0,0,0,0,0,0,0,0,0,0,0,0,0,0,0,0,0,0,0,0,0,0,0,0,0,0,0,0,0,0.029411765,0,0,0,0,0,0,0,0,0,0,0,0.029411765,0,0,0,0,0,0,0,0,0,0,0,0,0,0,0,0,0,0,0,0,0,0,0,0,0,0,0,0,0,0,0,0,0,0,0,0,0,0,0,0,0,0,0,0,0,0,0,0,0,0,0,0,0,0,0,0,0,0,0,0,0,0,0,0,0,0,0,0,0,0,0,0,0,0,0,0,0,0,0,0,0,0,0,0,0,0,0,0
One carbon pool by folate - Homo sapiens (human),0,0,0,0,0,0,0,0,0,0,0,0,0,0,0,0,0.01369863,0,0.012987013,0,0.053571429,0.014492754,0,0,0,0,0.024390244,0,0,0,0,0,0,0,0.027777778,0,0,0,0,0,0,0,0,0,0,0,0,0,0,0,0,0,0,0,0,0,0,0,0,0,0,0,0,0.063829787,0,0,1,0,0,0,0,0,0,0,0.045454545,0,0,0,0,0,0.011764706,0,0,0,0,0,0,0,0,0,0,0,0,0,0,0,0,0,0,0,0,0,0,0,0,0,0,0,0,0,0,0,0,0,0,0,0,0,0,0,0,0,0,0,0,0,0,0,0,0,0,0,0,0,0,0,0,0,0,0,0,0,0,0,0,0,0,0,0,0,0,0,0,0,0,0,0,0,0,0,0,0,0,0,0,0,0,0,0,0,0,0,0,0,0,0,0,0,0,0,0,0,0,0,0,0,0,0,0,0,0,0,0,0,0,0,0,0,0,0,0,0,0,0,0,0,0,0,0,0,0,0,0,0,0,0,0,0,0,0,0,0,0,0,0,0,0,0,0,0,0,0,0,0,0,0,0,0,0,0,0,0,0,0,0,0,0,0,0,0,0,0,0,0,0,0,0,0,0,0,0,0,0,0,0,0,0,0,0,0,0,0,0,0,0,0,0,0,0,0,0,0,0,0,0,0,0,0,0,0,0,0,0,0,0,0,0,0,0,0,0,0,0,0,0,0,0,0,0,0,0,0,0,0,0,0,0,0,0,0,0,0,0,0,0,0,0,0,0,0,0,0,0,0,0,0,0,0,0,0
Thiamine metabolism - Homo sapiens (human),0,0,0,0,0,0,0,0,0,0,0,0,0,0,0,0,0.051470588,0,0,0,0,0,0,0,0,0,0,0,0,0,0,0,0,0,0,0,0,0,0,0,0,0,0,0,0,0,0,0,0,0,0,0,0,0,0,0,0,0,0,0,0,0,0,0,0,0,0,1,0.045454545,0,0,0,0,0,0.108108108,0,0,0,0,0,0,0,0,0,0,0,0,0,0,0,0,0,0,0,0,0,0,0,0,0,0,0,0,0,0,0,0,0,0,0,0,0,0,0,0,0,0,0,0,0,0,0,0,0,0,0,0,0,0,0,0,0.045454545,0,0,0,0,0,0,0,0,0,0,0,0,0,0,0,0,0,0,0,0,0,0,0,0,0,0,0,0,0,0,0,0,0,0,0,0.011764706,0,0,0,0,0,0,0,0,0,0,0,0,0,0,0,0,0,0,0,0,0,0,0,0,0,0,0,0,0,0,0,0,0,0,0,0,0,0,0,0,0,0,0,0,0,0,0,0,0,0,0,0,0,0,0,0,0,0,0,0,0,0,0,0,0,0,0,0,0,0,0,0,0,0,0,0,0,0,0,0,0,0,0,0,0,0,0,0,0,0,0,0,0,0,0,0,0,0,0,0,0,0,0,0,0,0,0,0,0,0,0,0,0,0,0,0,0,0,0,0,0,0,0,0,0,0,0,0,0,0,0,0,0,0,0,0,0.004219409,0,0,0,0,0,0,0,0,0,0,0,0,0,0,0,0,0,0,0,0,0,0,0,0,0,0,0,0,0,0,0,0,0,0,0
Riboflavin metabolism - Homo sapiens (human),0,0,0,0,0,0,0,0,0,0,0,0,0,0,0,0,0.014925373,0,0.03125,0,0,0,0,0,0,0,0,0,0,0,0,0,0,0,0,0,0,0.047619048,0,0,0,0,0,0,0,0,0,0,0,0,0,0,0,0,0,0,0,0,0,0,0,0,0,0,0,0,0,0.045454545,1,0,0.047619048,0.074074074,0,0,0,0,0.02,0,0,0,0,0,0,0,0,0,0,0,0,0,0,0,0,0,0,0,0,0,0,0,0,0,0,0,0,0,0,0,0,0,0,0,0,0,0,0,0,0,0,0,0,0,0,0,0,0,0,0,0,0,0,0,0,0,0,0,0,0.014492754,0,0,0,0,0,0,0,0,0,0,0,0,0,0,0,0,0,0,0,0,0,0,0,0.007407407,0,0,0,0,0,0.012820513,0,0,0,0,0,0,0,0,0,0,0,0,0,0,0,0,0,0,0,0,0,0,0,0,0,0,0,0,0,0,0,0,0,0,0,0,0,0,0,0,0,0,0,0,0,0,0,0,0,0,0,0,0,0,0,0,0,0,0,0,0,0,0,0,0,0,0,0,0,0,0,0,0,0,0,0,0,0,0,0,0,0,0,0,0,0,0,0,0,0,0,0,0,0,0,0,0,0,0,0,0,0,0,0,0,0,0,0,0,0,0,0,0,0,0,0,0,0,0,0,0,0,0,0,0,0,0,0,0,0,0,0,0,0,0,0,0.004347826,0,0,0,0,0,0,0,0,0,0,0,0,0,0,0,0,0,0,0,0,0,0,0,0,0.01,0,0,0,0,0,0,0,0,0,0
Vitamin B6 metabolism - Homo sapiens (human),0,0,0,0,0,0,0,0,0,0,0,0,0,0,0,0,0,0,0,0,0.022727273,0.018181818,0.018867925,0,0,0,0,0.024390244,0,0.021276596,0,0,0,0,0,0,0,0,0,0,0,0,0,0,0,0,0,0,0,0,0,0,0,0,0,0,0,0,0,0,0,0,0,0,0,0,0,0,0,1,0.024390244,0,0,0,0,0.01369863,0,0,0,0,0,0,0.013157895,0,0,0,0,0,0,0,0,0,0,0,0,0,0,0,0,0,0,0,0,0,0,0,0,0,0,0,0,0,0,0,0,0,0,0,0,0,0,0,0,0,0,0,0,0,0,0,0,0,0,0,0,0,0,0,0,0,0,0,0,0,0,0,0,0,0,0,0,0,0,0,0,0,0,0,0,0,0,0,0,0,0,0,0,0,0,0,0,0,0,0,0,0,0,0,0,0,0,0.005847953,0,0,0,0,0,0,0,0,0,0,0,0,0,0,0,0,0,0,0,0,0,0,0,0,0,0,0,0,0,0,0,0,0,0,0,0,0,0,0,0,0,0,0,0,0,0,0,0,0,0,0,0,0,0,0,0,0,0,0,0,0,0,0,0,0,0,0,0,0,0,0,0,0,0,0,0,0,0,0,0,0,0,0,0,0,0,0,0,0,0,0,0,0,0,0,0,0,0,0,0,0,0,0,0,0,0,0,0,0,0,0,0,0,0,0,0,0,0,0,0,0,0,0,0,0,0,0,0,0,0,0,0,0,0,0,0,0,0,0,0,0,0,0,0,0,0,0,0,0,0,0,0,0,0,0,0,0,0
Nicotinate and nicotinamide metabolism - Homo sapiens (human),0,0,0,0,0,0,0,0,0,0,0,0,0,0,0,0,0.071895425,0,0.119047619,0,0,0,0.012048193,0,0,0,0,0.014084507,0,0.012987013,0,0,0,0,0,0,0,0.028571429,0,0,0,0,0,0,0,0,0,0,0,0,0,0,0,0,0,0,0,0,0,0,0,0,0,0,0,0,0,0,0.047619048,0.024390244,1,0.036363636,0,0,0,0.009708738,0,0,0,0,0,0,0.009433962,0,0,0,0,0,0,0,0,0,0,0,0,0,0,0,0,0,0,0,0,0,0,0,0,0,0,0,0,0,0,0,0.003636364,0,0,0,0,0,0,0,0.006024096,0,0,0,0,0,0,0,0,0,0,0,0,0,0,0,0,0,0.008547009,0,0,0.006410256,0,0.008064516,0.010309278,0,0,0,0.005235602,0,0,0,0,0,0,0,0,0,0,0,0,0,0,0,0,0,0,0,0,0,0,0,0,0,0,0.00456621,0,0,0,0.004975124,0.007462687,0,0,0,0,0,0,0,0,0,0,0,0,0,0.003745318,0,0,0,0,0,0,0,0,0,0,0,0,0,0,0,0,0,0,0,0,0,0,0,0,0,0,0.005291005,0.007042254,0,0,0,0,0,0,0,0,0,0,0,0,0,0.005649718,0,0,0,0,0,0,0,0.015873016,0,0.014705882,0,0,0,0,0,0,0,0,0,0,0,0,0,0,0,0.009615385,0,0,0,0,0,0,0,0,0,0,0,0,0,0,0,0,0,0,0,0,0,0,0,0,0,0,0,0,0,0,0,0,0,0,0,0,0,0.002898551,0,0,0,0,0,0,0,0,0,0,0,0,0,0,0,0,0,0,0,0.019230769,0,0,0,0,0,0,0,0,0,0,0,0,0,0,0,0,0
Pantothenate and CoA biosynthesis - Homo sapiens (human),0.035294118,0,0,0,0,0,0.0625,0,0,0.049180328,0,0,0,0,0,0,0.013605442,0,0.067567568,0,0,0.028985507,0.078125,0.086956522,0.037037037,0.044117647,0.075,0,0,0.05,0,0.181818182,0.057142857,0,0,0,0,0.036363636,0,0,0,0,0,0,0,0,0,0,0,0,0.0375,0,0,0,0,0,0,0,0,0,0,0,0.046153846,0,0,0,0,0,0.074074074,0,0.036363636,1,0,0,0,0,0,0,0,0,0,0,0,0.030612245,0,0,0,0,0,0,0,0,0,0,0,0,0,0,0,0,0,0,0,0,0,0,0,0,0,0,0,0,0,0,0,0,0,0,0,0,0,0,0,0,0,0,0,0,0,0,0,0,0,0,0,0,0,0,0,0,0,0,0,0,0,0,0,0,0,0,0,0,0,0,0,0,0,0,0,0,0,0,0,0,0,0,0,0,0,0,0,0,0,0,0,0,0,0,0,0,0,0,0,0,0,0,0,0,0,0,0,0,0,0,0,0,0,0,0,0,0,0,0,0,0,0,0,0,0,0,0,0,0,0,0,0,0,0,0,0,0,0,0,0,0,0,0,0,0,0,0,0,0,0,0,0,0,0,0.01875,0,0,0,0,0,0,0,0,0,0,0,0,0,0,0,0,0,0,0,0,0,0,0,0,0,0,0,0,0,0,0,0,0,0,0,0,0,0,0,0,0,0,0,0,0,0,0,0,0,0,0,0,0,0,0,0,0,0,0,0,0,0,0,0,0,0,0,0,0,0,0,0,0,0,0,0,0,0,0,0,0,0,0,0,0,0,0,0,0,0,0,0,0,0,0,0,0,0,0,0,0
Biotin metabolism - Homo sapiens (human),0,0,0,0,0,0,0,0.05,0,0,0,0,0,0,0,0,0,0,0,0,0,0,0,0,0,0,0,0,0,0,0,0,0,0,0,0,0,0,0,0,0,0,0,0,0,0,0,0,0,0,0,0,0,0,0,0,0,0,0,0,0,0,0,0,0,0,0,0,0,0,0,0,1,0,0,0,0,0,0,0,0,0,0,0,0,0,0,0,0,0,0,0,0,0,0,0,0,0,0,0,0,0,0,0,0,0,0,0,0,0,0,0,0,0,0,0,0,0,0,0,0,0,0,0,0,0,0,0,0,0,0,0,0,0,0,0,0,0,0,0,0,0,0,0,0,0,0,0,0,0,0,0,0,0,0,0,0,0,0,0,0,0,0,0,0,0,0,0,0,0,0,0,0,0,0,0,0,0,0,0,0,0,0,0,0,0,0,0,0,0,0,0,0,0,0,0,0,0,0,0,0,0,0,0,0,0,0,0,0,0,0,0,0,0,0,0,0,0,0,0,0,0,0,0,0,0,0,0,0,0,0,0,0,0,0,0,0,0,0,0,0,0,0,0,0,0,0,0,0,0,0,0,0,0.038461538,0,0,0,0,0,0,0,0,0,0,0,0,0,0,0,0,0,0,0,0,0,0,0,0,0,0,0,0,0,0,0,0,0,0,0,0,0,0,0,0,0,0,0,0,0,0,0,0,0,0,0,0,0,0,0,0,0,0,0,0,0,0,0,0,0,0,0,0,0,0,0,0,0,0,0,0,0,0,0,0,0,0,0,0,0,0
Lipoic acid metabolism - Homo sapiens (human),0,0,0,0,0,0,0,0,0,0,0,0,0,0,0,0,0,0,0,0,0,0,0,0,0,0,0,0,0,0,0,0,0,0,0,0,0,0,0,0,0,0,0,0,0,0,0,0,0,0,0,0,0,0,0,0,0,0,0,0,0,0,0,0,0,0.033333333,0,0,0,0,0,0,0,1,0,0,0,0,0,0,0,0,0,0,0,0,0,0,0,0,0,0,0,0,0,0,0,0,0,0,0,0,0,0,0,0,0,0,0,0,0,0,0,0,0,0,0,0,0,0,0,0,0,0,0,0,0,0,0,0,0,0,0,0,0,0,0,0,0,0,0,0,0,0,0,0,0,0,0,0,0,0,0,0,0,0,0,0,0,0,0,0,0,0,0,0,0,0,0,0,0,0,0,0,0,0,0,0,0,0,0,0,0,0,0,0,0,0,0,0,0,0,0,0,0,0,0,0,0,0,0,0,0,0,0,0,0,0,0,0,0,0,0,0,0,0,0,0,0,0,0,0,0,0,0,0,0,0,0,0,0,0,0,0,0,0,0,0,0,0,0,0,0,0,0,0,0,0,0,0,0,0,0,0,0,0,0,0,0,0,0,0,0,0,0,0,0,0,0,0,0,0,0,0,0,0,0,0,0,0,0,0,0,0,0,0,0,0,0,0,0,0,0,0,0,0,0,0,0,0,0,0,0,0,0,0,0,0,0,0,0,0,0,0,0,0,0,0,0,0,0,0,0,0,0,0,0,0,0,0,0,0,0,0,0,0,0,0,0,0
Folate biosynthesis - Homo sapiens (human),0,0,0,0.033898305,0.035087719,0.036363636,0,0,0,0,0,0,0,0.011494253,0,0,0,0,0,0,0,0,0,0,0,0,0,0.016393443,0.024390244,0.03030303,0.032258065,0,0,0,0,0,0,0,0,0,0,0,0,0,0,0,0,0,0,0,0.023255814,0,0,0,0,0.023529412,0,0,0,0,0,0,0,0,0,0,0.045454545,0.108108108,0,0,0,0,0,0,1,0,0,0,0,0,0,0.009803922,0,0,0,0,0,0,0,0,0,0,0,0,0,0,0,0,0,0,0,0,0,0,0,0,0,0,0,0,0,0,0,0,0,0,0,0,0,0,0,0,0,0,0,0,0,0,0,0,0,0.03030303,0,0,0,0,0,0,0,0,0,0,0,0,0,0,0,0,0,0,0,0,0,0,0,0,0,0,0,0,0,0,0,0,0,0,0,0,0,0,0,0,0,0,0,0,0,0,0,0,0,0,0,0,0,0,0,0,0,0,0,0,0,0,0,0,0,0,0,0,0,0,0,0.014492754,0.00877193,0.006369427,0,0,0,0,0,0,0,0,0,0.013157895,0,0,0,0.010526316,0,0,0,0,0,0,0,0,0,0,0,0,0,0,0,0,0,0,0,0,0,0,0,0,0,0,0,0,0,0,0,0,0,0,0,0,0,0.003436426,0,0,0,0,0,0.013513514,0.010638298,0,0,0.004716981,0,0,0,0,0,0,0,0,0,0,0,0,0,0,0,0,0,0,0,0,0,0,0,0,0,0,0,0,0,0,0,0,0.010638298,0,0,0,0.008097166,0,0,0,0,0,0,0,0,0,0,0,0,0,0,0,0,0,0,0,0,0,0,0,0,0,0,0,0,0,0,0,0,0,0,0
Retinol metabolism - Homo sapiens (human),0.0546875,0,0,0.226190476,0,0,0.240506329,0,0,0.067307692,0,0,0,0.25,0,0,0,0.042253521,0,0,0,0,0.008695652,0,0,0,0,0.083333333,0,0.028037383,0,0,0,0,0,0,0,0,0,0,0,0,0,0,0,0,0,0,0,0,0.007751938,0,0,0,0,0.023809524,0.042553191,0,0,0,0,0,0.064814815,0,0,0,0,0,0,0.01369863,0.009708738,0,0,0,0,1,0.206521739,0,0,0,0,0.318181818,0.336538462,0.174603175,0,0,0,0,0,0,0,0,0,0,0,0,0,0,0,0,0,0,0,0,0,0,0,0,0,0,0,0,0,0,0,0,0,0,0,0,0,0,0,0,0,0,0,0,0,0,0,0,0,0,0,0,0,0,0,0,0.006711409,0,0,0,0,0,0,0,0,0,0,0,0,0,0,0,0,0,0,0,0,0,0,0,0,0,0,0,0,0,0,0,0,0,0,0,0,0,0,0,0,0.004291845,0,0,0,0,0,0,0,0,0,0,0,0,0,0,0,0,0,0,0,0,0,0.016759777,0,0,0,0,0,0,0,0,0,0,0,0.008474576,0,0,0,0,0,0,0,0,0,0,0,0,0,0,0,0,0,0,0,0,0,0,0.034482759,0,0,0,0,0,0,0,0,0,0,0,0,0.009090909,0.145985401,0.022222222,0,0,0,0,0,0,0,0,0,0,0,0,0,0,0,0,0,0,0,0,0,0,0,0,0,0,0,0,0,0,0,0,0,0,0,0,0,0,0,0,0,0,0,0,0,0,0.280373832,0,0,0.089494163,0.006920415,0,0,0,0,0,0,0,0,0,0,0,0,0,0,0,0,0,0,0,0,0,0,0,0,0,0,0,0,0,0,0,0,0,0.02166065,0
Porphyrin metabolism - Homo sapiens (human),0,0,0,0.344827586,0,0,0.377358491,0,0,0,0,0,0,0.220930233,0.011428571,0,0,0,0,0,0.025,0,0,0,0,0,0,0,0,0,0,0,0,0,0,0,0,0,0,0,0,0,0,0,0,0,0.016393443,0,0,0,0,0,0,0,0,0,0,0,0,0,0,0,0,0,0,0,0,0,0.02,0,0,0,0,0,0,0.206521739,1,0,0,0,0.018691589,0.188118812,0.2,0.194174757,0,0,0,0,0,0,0,0,0,0,0,0,0,0,0,0,0,0,0,0,0,0,0,0,0,0,0,0,0,0,0,0,0,0,0,0,0,0.006622517,0,0,0,0,0,0,0,0,0,0,0,0,0,0,0,0.005747126,0,0,0,0,0,0,0,0,0,0,0.024390244,0,0,0,0,0,0,0,0,0,0,0,0,0,0,0,0,0,0,0,0,0,0,0,0,0,0,0,0,0,0,0,0,0,0,0,0,0,0,0,0,0,0,0,0,0,0,0,0.007326007,0,0,0,0,0,0,0,0,0,0,0,0,0,0,0,0,0,0,0,0,0,0,0,0,0,0,0,0,0,0,0,0,0,0,0,0,0,0,0,0,0,0,0,0,0,0,0,0,0,0,0,0,0,0,0,0.168141593,0,0.04040404,0,0,0,0,0,0,0,0,0,0,0,0,0,0,0,0,0,0,0,0,0,0,0,0,0,0,0,0,0,0,0,0,0,0,0,0,0,0,0,0,0,0,0.001745201,0,0,0.204301075,0,0.002840909,0.080508475,0.003773585,0,0,0,0,0,0,0,0,0,0,0,0,0,0,0,0.004761905,0,0,0,0,0,0,0,0,0,0,0,0,0,0,0,0,0,0,0.005524862
Terpenoid backbone biosynthesis - Homo sapiens (human),0,0,0,0,0,0,0,0,0,0.03125,0,0,0,0,0,0,0,0,0,0,0,0,0.059701493,0,0.023809524,0,0,0,0,0.031746032,0,0,0,0,0,0,0,0,0,0,0,0,0,0,0,0,0,0,0,0,0,0,0,0,0,0,0,0,0,0,0,0,0.029411765,0.039215686,0,0.086956522,0,0,0,0,0,0,0,0,0,0,0,1,0,0,0,0,0,0,0,0,0,0,0,0,0,0,0,0,0,0,0,0,0,0,0,0,0,0.020833333,0,0,0,0,0,0,0,0,0,0,0,0,0,0,0,0,0,0,0,0,0,0,0,0,0,0,0,0,0,0,0,0,0,0,0,0,0.019417476,0,0,0.006993007,0,0,0,0,0,0,0,0,0,0,0,0,0,0,0,0,0,0,0,0,0,0,0,0,0,0,0,0,0,0,0,0,0,0,0,0,0,0,0,0,0,0,0,0,0,0,0,0,0,0,0,0,0,0,0,0,0,0,0,0,0,0,0,0,0,0,0,0,0,0,0,0,0,0,0,0,0,0,0,0,0,0,0,0,0,0,0,0,0,0,0,0,0,0,0,0,0,0,0,0,0,0,0,0,0,0,0,0.03125,0.009009009,0,0,0,0,0,0,0,0,0,0,0,0,0,0,0,0,0,0,0,0,0,0,0,0,0,0,0,0,0,0,0,0,0,0,0,0,0.005181347,0,0.004098361,0,0,0,0,0,0,0,0,0,0,0,0,0,0,0,0,0,0,0,0,0,0,0,0,0,0,0,0,0,0,0,0,0,0,0,0,0,0,0,0,0,0,0,0,0,0,0,0
Nitrogen metabolism - Homo sapiens (human),0,0,0,0,0,0,0,0,0,0,0,0,0,0,0,0.114285714,0,0,0,0.08,0,0,0,0,0,0,0,0,0,0,0,0,0,0,0,0,0,0,0,0,0,0,0,0,0,0,0,0,0,0,0,0,0,0,0,0,0,0,0,0,0,0,0,0.02173913,0,0,0,0,0,0,0,0,0,0,0,0,0,0,1,0,0,0,0,0,0,0,0,0,0,0,0,0,0,0,0,0,0,0,0,0,0,0,0,0,0,0,0,0,0,0,0,0,0,0,0,0,0,0,0,0,0,0,0,0,0,0,0,0,0,0,0,0,0,0,0,0,0,0,0,0,0,0,0,0,0,0,0,0,0,0.01734104,0,0,0,0,0,0,0,0,0,0,0,0,0,0,0,0,0,0,0,0,0,0,0,0,0,0,0,0,0,0,0,0,0,0,0,0,0,0,0,0,0,0,0,0,0,0,0,0,0,0,0,0.007692308,0,0,0.00952381,0,0,0,0,0,0,0,0,0,0,0,0,0,0,0,0,0,0,0,0,0,0,0,0,0,0,0,0,0,0,0,0,0,0,0,0,0,0,0,0.111111111,0.023255814,0,0.010869565,0.008474576,0,0,0,0.00952381,0,0,0,0,0,0,0,0,0,0,0,0,0,0,0,0,0,0,0,0,0,0,0,0,0,0,0,0,0,0,0,0,0,0,0,0,0,0,0,0,0,0,0,0,0,0,0,0,0,0,0,0,0,0,0,0,0,0,0,0,0,0,0,0,0,0,0,0,0,0,0,0,0,0,0,0,0,0,0,0,0,0,0,0,0,0,0
Sulfur metabolism - Homo sapiens (human),0,0,0,0,0,0,0,0,0,0,0,0,0,0,0,0,0.014705882,0,0,0,0,0.034482759,0,0,0,0,0,0,0,0,0,0,0,0,0.08,0,0,0,0,0,0,0,0,0,0,0,0,0,0,0,0,0,0,0,0,0,0,0,0,0,0,0,0,0,0,0,0,0,0,0,0,0,0,0,0,0,0,0,0,1,0,0,0,0,0,0,0,0,0,0,0,0,0,0,0,0,0,0,0,0,0,0,0,0,0,0,0,0,0,0,0,0,0,0,0,0,0,0,0,0,0,0,0,0.009433962,0,0,0,0,0,0,0,0.125,0,0,0,0,0,0,0,0,0,0,0,0,0,0,0,0,0,0,0,0,0,0,0,0,0,0,0,0,0,0,0,0,0,0,0,0,0,0,0,0,0,0,0,0,0,0,0,0,0,0,0,0,0,0,0,0,0,0,0,0,0,0,0,0,0,0,0,0,0,0,0,0,0,0,0,0,0,0,0,0,0,0,0,0,0,0,0,0,0,0,0,0,0,0,0,0,0,0,0,0,0,0,0,0,0,0,0,0,0,0,0,0,0,0,0,0,0,0,0,0,0,0,0,0,0,0,0,0,0,0,0,0,0,0,0,0,0,0,0,0,0,0,0,0,0,0,0,0,0,0,0,0,0,0,0,0,0,0,0,0,0,0,0,0,0,0,0,0,0,0,0,0,0,0,0,0,0,0,0,0,0,0,0,0,0,0,0,0,0,0,0,0,0,0,0,0,0,0,0,0,0,0,0,0,0,0,0,0
Aminoacyl-tRNA biosynthesis - Homo sapiens (human),0,0,0,0,0,0,0,0,0,0,0,0,0,0,0,0,0,0,0,0,0,0,0,0,0,0,0,0,0,0,0,0,0,0,0.050632911,0,0,0,0,0,0,0,0,0,0,0,0,0,0,0,0,0,0,0,0,0,0,0,0,0,0,0,0,0,0,0,0.011764706,0,0,0,0,0,0,0,0,0,0.018691589,0,0,0,1,0,0,0,0,0,0,0,0,0,0,0,0,0,0,0,0,0,0,0,0,0,0,0,0,0,0,0,0,0,0,0,0,0,0,0,0,0,0,0,0,0,0,0,0,0,0,0,0,0,0,0,0,0,0,0,0,0,0,0,0,0,0,0,0,0,0,0,0,0,0,0,0,0,0,0,0,0,0,0,0,0,0,0,0,0,0,0,0,0,0,0,0,0,0,0,0,0,0,0,0,0,0,0,0,0,0,0,0,0,0,0,0,0,0,0,0,0,0,0,0,0,0,0,0,0,0,0,0,0,0,0,0,0,0,0,0,0,0,0,0,0,0,0,0,0,0,0,0,0,0,0,0,0,0,0,0,0,0,0,0,0,0,0,0,0,0,0,0,0,0,0,0,0,0,0,0,0,0,0,0,0,0,0,0,0,0,0,0,0,0,0,0,0,0,0,0,0,0,0,0,0,0,0,0,0,0,0,0,0,0,0,0,0,0,0,0,0,0,0,0,0,0,0,0,0,0,0,0,0,0,0,0,0,0,0,0,0,0,0,0,0,0,0,0,0,0,0,0,0,0,0,0,0,0,0,0,0,0,0
Metabolism of xenobiotics by cytochrome P450 - Homo sapiens (human),0.074626866,0,0,0.217391304,0,0,0.215909091,0,0,0.061946903,0,0,0,0.252252252,0,0,0,0.0375,0,0,0,0,0,0,0,0,0.03125,0.097087379,0.033333333,0.025862069,0,0.028571429,0,0,0,0,0.185840708,0,0,0,0,0,0,0,0,0,0,0,0,0,0,0,0,0,0,0.045454545,0.038834951,0,0,0,0,0,0.05982906,0,0,0,0,0,0,0,0,0,0,0,0.009803922,0.318181818,0.188118812,0,0,0,0,1,0.701149425,0.365217391,0,0,0,0,0,0,0,0,0,0,0,0,0,0,0,0,0,0,0,0,0,0,0,0,0,0,0,0,0,0,0,0,0,0,0,0,0,0,0,0,0,0,0,0,0,0,0,0,0,0,0,0,0,0,0,0,0.006329114,0,0,0,0,0,0,0,0,0,0,0,0,0,0,0,0,0,0,0,0,0,0,0,0,0,0,0,0,0,0,0,0,0,0,0,0,0,0,0,0,0,0,0,0,0,0,0,0,0,0,0,0,0,0,0,0,0,0,0,0,0,0,0.021390374,0,0,0,0,0,0,0,0,0,0,0,0.015873016,0,0,0,0,0,0,0,0,0,0,0,0,0,0,0,0,0,0,0.004329004,0,0,0,0.037914692,0,0,0,0,0,0,0,0,0,0,0,0,0,0.152777778,0,0,0,0,0,0,0,0,0,0,0,0,0,0,0,0,0,0,0,0,0,0,0,0,0,0,0,0,0,0,0,0,0,0,0,0,0,0,0,0,0,0,0,0,0.032258065,0,0,0.604395604,0,0.002590674,0.174796748,0.094890511,0,0,0,0,0,0.005780347,0,0,0,0,0,0,0,0,0,0.084070796,0,0,0,0,0,0,0,0,0,0,0,0,0,0,0,0,0,0.017421603,0.096446701
Drug metabolism - cytochrome P450 - Homo sapiens (human),0.078125,0,0,0.218390805,0,0,0.231707317,0,0,0.065420561,0,0,0,0.209090909,0,0,0,0.040540541,0,0,0.018518519,0,0.008474576,0,0,0.016806723,0.056818182,0.138297872,0.06097561,0.036697248,0,0.03030303,0.06097561,0,0,0,0.196261682,0,0,0,0,0,0,0,0,0,0,0,0,0,0,0,0,0,0,0.047619048,0.063157895,0,0,0,0,0,0.063063063,0,0,0,0,0,0,0.013157895,0.009433962,0,0,0,0,0.336538462,0.2,0,0,0,0,0.701149425,1,0.385321101,0,0,0,0,0,0,0,0,0,0,0,0,0,0,0,0,0,0,0,0,0,0,0,0,0,0,0,0,0,0,0,0,0,0,0,0,0,0,0,0,0,0,0,0,0,0,0,0,0,0,0,0,0,0,0,0,0.006578947,0,0,0,0,0,0,0,0,0,0,0,0,0,0,0,0,0,0,0,0,0,0,0,0,0,0,0,0,0,0,0,0,0,0,0,0,0,0,0,0,0.004237288,0,0,0,0,0,0,0,0,0,0,0,0,0,0,0,0,0,0,0,0,0,0.04519774,0,0.009950249,0,0,0,0,0,0,0,0,0,0,0,0,0,0,0,0,0,0,0,0,0,0,0,0,0,0,0,0,0.004444444,0,0,0,0.03902439,0,0,0,0,0,0,0,0,0,0,0,0,0,0.142857143,0,0,0,0,0.005970149,0,0,0,0,0,0.016949153,0.014492754,0,0,0.0078125,0,0,0,0,0,0,0,0,0,0,0,0,0,0,0,0,0,0,0,0,0,0,0,0,0,0,0,0,0,0.032590051,0,0,0.538461538,0,0,0.164609053,0.072992701,0,0,0,0,0,0.005988024,0,0,0,0,0,0,0,0,0,0.086363636,0,0,0,0,0,0,0,0,0,0,0,0,0,0,0,0,0,0.017793594,0.09947644
Drug metabolism - other enzymes - Homo sapiens (human),0,0,0,0.210526316,0,0,0.222222222,0,0,0,0,0,0,0.173553719,0,0,0.083333333,0.061728395,0.221238938,0,0,0,0,0,0,0,0,0,0,0,0,0.027777778,0,0,0,0,0.191304348,0,0,0,0,0,0,0,0,0,0.010204082,0,0,0,0,0,0,0,0,0.007142857,0.018518519,0,0,0,0,0,0,0,0,0,0,0,0,0,0,0.030612245,0,0,0,0.174603175,0.194174757,0,0,0,0,0.365217391,0.385321101,1,0,0,0,0,0,0,0,0,0,0,0,0,0,0,0,0,0,0,0,0,0,0,0,0,0,0,0,0,0,0,0,0,0,0,0,0,0,0,0,0,0,0,0,0,0,0.013245033,0,0,0,0,0,0,0,0.004739336,0,0.004329004,0.00621118,0,0,0,0,0,0,0,0,0,0,0,0,0,0,0,0,0,0,0,0,0,0,0,0,0,0,0,0,0,0,0,0,0,0.003717472,0,0,0,0,0,0,0,0,0,0,0,0,0,0,0,0,0,0,0,0,0,0,0,0,0,0,0,0,0,0,0,0,0,0,0,0,0,0,0,0,0,0,0,0,0,0,0,0,0,0,0,0,0,0,0,0,0,0,0,0.004273504,0,0,0,0.004524887,0,0,0,0,0,0,0,0,0,0,0,0,0,0.134228188,0,0,0,0,0,0,0,0,0,0,0,0,0,0,0,0,0,0,0,0,0,0,0,0,0,0,0,0,0,0,0,0,0,0,0,0,0,0,0,0,0,0,0,0,0.032094595,0.003676471,0,0.419047619,0,0,0.149606299,0.066901408,0,0,0,0,0,0.005681818,0,0,0,0.008333333,0,0.006849315,0,0,0,0.082969432,0,0,0,0,0,0,0,0,0,0,0,0,0,0,0,0,0,0.006825939,0.095
Biosynthesis of unsaturated fatty acids - Homo sapiens (human),0,0,0,0,0,0,0,0,0.459459459,0.044776119,0,0.073170732,0,0.011363636,0,0,0,0,0,0,0,0,0.013513514,0,0,0,0,0,0,0,0,0.035714286,0.023809524,0,0,0,0,0,0,0,0,0,0,0,0,0,0,0,0,0,0,0,0,0,0,0,0,0.081632653,0,0,0,0,0,0,0.035087719,0,0,0,0,0,0,0,0,0,0,0,0,0,0,0,0,0,0,0,1,0,0,0,0,0,0,0,0,0,0,0,0,0,0,0,0,0,0,0.073684211,0,0,0,0,0,0,0,0,0,0,0,0,0.008130081,0,0,0,0,0,0,0,0,0,0,0,0,0,0,0,0,0,0,0,0,0,0,0,0.058252427,0,0,0.01369863,0,0,0,0,0,0,0,0,0,0,0,0,0,0,0,0,0,0,0,0,0,0,0,0,0,0,0,0,0,0,0,0,0,0,0,0,0,0,0,0,0,0,0,0,0,0,0,0,0,0,0,0,0,0,0,0,0,0,0,0,0,0,0,0,0,0,0,0,0,0,0,0.04,0,0,0,0,0,0,0,0,0,0,0,0,0,0,0,0,0,0,0,0,0,0,0.024242424,0,0,0,0,0,0,0,0,0,0,0,0,0,0.008695652,0,0,0,0,0,0,0,0,0,0,0,0,0,0,0,0,0,0,0,0,0,0,0,0,0,0,0,0,0,0,0,0,0,0,0,0,0,0,0,0,0,0,0,0,0,0,0,0,0,0,0,0,0,0,0,0,0,0,0,0,0,0,0,0,0,0,0,0,0,0,0,0,0,0,0,0,0,0,0,0,0,0,0,0,0,0,0
ABC transporters - Homo sapiens (human),0,0,0,0,0,0,0,0,0,0,0,0,0,0,0,0,0,0,0,0,0,0,0,0,0,0,0,0,0,0,0,0,0,0,0,0,0,0,0,0,0,0,0,0,0,0,0,0,0,0,0,0,0,0,0,0,0,0,0,0,0,0,0,0,0,0,0,0,0,0,0,0,0,0,0,0,0,0,0,0,0,0,0,0,0,1,0,0,0,0,0,0,0,0,0,0,0,0,0,0,0,0,0,0,0,0,0,0,0,0,0,0,0,0,0,0,0.007575758,0,0,0,0,0,0,0,0.006134969,0,0,0,0,0,0,0,0,0,0,0,0,0.011428571,0,0.01025641,0.032520325,0,0,0.006060606,0,0,0,0,0,0,0,0,0,0,0,0,0,0,0,0,0,0,0,0,0,0,0,0,0.004694836,0,0,0,0,0.016528926,0,0,0,0,0,0,0,0,0,0,0,0,0,0,0,0,0,0,0,0,0,0,0,0,0,0,0,0,0,0,0,0,0,0,0,0,0,0,0,0.007692308,0,0,0,0,0,0,0,0,0,0,0,0,0,0,0,0,0,0,0.011111111,0,0,0,0,0,0,0,0,0,0,0,0,0,0,0.008333333,0.006849315,0,0,0.035294118,0.080645161,0.014705882,0,0.043478261,0,0,0,0,0,0,0,0,0,0,0,0,0,0.010638298,0,0,0,0,0,0,0,0,0,0,0,0,0,0.007092199,0,0,0,0,0.007462687,0,0,0,0,0.003603604,0.008163265,0.007843137,0,0,0,0,0,0,0.005665722,0,0,0,0,0,0,0,0,0,0,0,0,0,0,0,0,0,0,0.005181347,0,0,0,0,0,0,0,0,0,0,0.024691358,0,0,0,0,0,0.007751938,0
Ribosome biogenesis in eukaryotes - Homo sapiens (human),0,0,0,0,0,0,0,0,0,0,0,0,0,0,0,0,0.004255319,0,0,0,0,0,0,0,0,0,0,0,0,0,0,0,0,0,0,0,0,0,0,0,0,0,0,0,0,0,0,0,0,0,0,0,0,0,0,0,0,0,0,0,0,0,0,0,0,0,0,0,0,0,0,0,0,0,0,0,0,0,0,0,0,0,0,0,0,0,1,0.099173554,0.043478261,0.030150754,0.010810811,0,0,0,0.003937008,0,0,0.01183432,0,0,0,0,0,0,0,0,0,0,0,0,0,0,0,0,0,0,0,0,0,0,0.019230769,0,0,0,0,0,0,0,0,0,0,0,0,0,0.022727273,0,0,0,0,0,0,0,0,0,0,0,0,0,0,0,0,0,0,0,0.01459854,0,0,0,0,0,0,0,0,0,0,0,0,0.022857143,0,0,0,0,0,0,0,0,0,0,0,0,0,0,0,0,0,0,0,0,0,0,0,0,0,0,0,0,0,0,0,0,0,0,0,0,0,0,0,0,0,0,0,0,0,0,0,0,0,0,0,0,0,0,0,0,0,0,0,0,0,0,0,0,0,0,0,0,0,0,0,0,0,0,0,0,0,0,0,0,0,0,0,0,0,0,0,0,0.008196721,0,0.012875536,0,0.004,0.01061008,0.006896552,0,0,0,0,0,0,0,0,0,0,0,0,0,0,0,0,0,0,0,0,0,0,0,0,0.016460905,0,0.025735294,0,0.006097561,0,0.006493506,0,0,0,0,0,0,0,0.003205128,0,0,0,0,0,0,0,0,0,0,0,0,0,0,0,0,0,0,0,0,0,0,0.020725389,0,0,0,0,0,0,0,0,0,0,0,0,0,0,0
Ribosome - Homo sapiens (human),0,0,0,0,0,0,0,0,0,0,0,0,0,0,0,0,0,0,0,0,0,0,0,0,0,0,0,0,0,0,0,0,0,0,0,0,0,0,0,0,0,0,0,0,0,0,0,0,0,0,0,0,0,0,0,0,0,0,0,0,0,0,0,0,0,0,0,0,0,0,0,0,0,0,0,0,0,0,0,0,0,0,0,0,0,0,0.099173554,1,0,0,0,0,0,0,0,0,0,0,0,0,0,0,0,0,0,0,0,0,0,0,0,0,0,0,0,0,0,0,0,0,0,0.003759398,0,0,0,0,0,0,0,0,0.006711409,0,0,0,0.00877193,0,0,0,0,0,0,0.003194888,0.001956947,0,0,0,0,0,0,0,0,0,0,0,0,0,0,0,0,0,0.003378378,0,0,0,0,0,0,0,0,0,0,0,0,0,0,0,0,0,0,0,0,0,0,0,0,0,0,0,0,0,0,0,0,0,0,0,0.002570694,0,0,0,0,0,0,0,0,0,0,0,0,0,0,0,0.003401361,0,0,0,0,0,0,0,0,0,0,0,0,0,0,0,0,0,0,0,0,0,0,0,0,0,0,0,0,0,0,0,0,0,0,0,0,0,0,0,0,0,0,0,0,0.004739336,0,0,0,0,0.003164557,0,0,0,0,0,0,0,0,0.002824859,0.004962779,0.002463054,0,0,0,0,0,0,0,0,0,0,0,0,0,0,0,0,0,0,0.005714286,0,0,0,0.304347826,0,0,0,0,0.002762431,0,0,0,0,0,0,0,0,0,0,0,0,0,0,0,0,0,0,0,0,0,0,0,0,0,0,0,0,0,0,0,0,0,0,0,0,0,0
Nucleocytoplasmic transport - Homo sapiens (human),0,0,0,0,0,0,0,0,0,0,0,0,0,0,0,0,0,0,0,0,0,0,0,0,0,0,0,0,0,0,0,0,0,0,0,0,0,0,0,0,0,0,0,0,0,0,0,0,0,0,0,0,0,0,0,0,0,0,0,0,0,0,0,0,0,0,0,0,0,0,0,0,0,0,0,0,0,0,0,0,0,0,0,0,0,0,0.043478261,0,1,0.164772727,0,0,0,0,0.053719008,0,0,0.030120482,0,0,0,0,0,0,0,0,0,0,0,0,0,0,0,0,0,0,0,0,0,0,0.004739336,0,0,0,0,0,0,0,0,0,0.004016064,0,0,0,0,0,0.003610108,0,0,0,0,0.007633588,0,0,0,0,0,0,0,0,0,0,0,0,0.003610108,0,0,0,0,0,0,0,0,0,0,0,0,0,0,0,0,0,0,0,0,0,0,0,0,0,0,0,0,0,0,0,0,0,0,0,0,0,0,0,0,0,0,0,0,0,0,0,0,0,0,0,0,0,0,0,0,0,0,0,0,0,0,0,0,0,0,0,0,0,0,0,0,0,0,0,0,0,0,0,0,0,0,0,0,0,0,0,0,0,0,0,0,0,0,0,0,0,0,0,0,0,0,0,0.090069284,0,0,0,0,0,0,0,0,0,0,0,0,0,0,0.011331445,0,0.012269939,0,0.010928962,0,0,0,0,0,0,0,0,0,0,0,0.052830189,0,0.006097561,0,0.008130081,0,0,0,0.001567398,0,0,0,0,0.002398082,0.025641026,0,0,0,0,0,0,0,0.006944444,0,0,0,0,0,0,0,0,0,0,0,0,0,0,0,0,0,0,0,0,0,0,0,0,0,0,0,0.016460905
mRNA surveillance pathway - Homo sapiens (human),0,0,0,0,0,0,0,0,0,0,0,0,0,0,0,0,0,0,0,0,0,0,0,0,0,0,0,0,0,0,0,0,0,0,0,0,0,0,0,0,0,0,0,0,0,0,0,0,0,0,0,0,0,0,0,0,0,0,0,0,0,0,0,0,0,0,0,0,0,0,0,0,0,0,0,0,0,0,0,0,0,0,0,0,0,0,0.030150754,0,0.164772727,1,0.047619048,0,0,0,0.0472103,0,0,0.012658228,0,0,0,0,0,0,0,0,0,0,0,0,0,0,0,0,0,0.011494253,0.00952381,0,0,0,0,0,0,0,0.08,0,0,0,0.055555556,0,0,0,0,0.015748031,0,0.008474576,0,0,0,0,0,0,0.036781609,0.079207921,0,0,0,0,0,0,0.012,0,0.083333333,0.013157895,0,0,0,0.021390374,0,0,0,0,0.04526749,0,0.010169492,0,0,0,0.035019455,0,0,0,0.013761468,0,0,0,0,0,0,0,0,0,0,0,0,0,0,0,0,0,0,0,0,0,0,0,0,0.01863354,0,0,0,0,0,0,0,0.09047619,0.026143791,0,0,0,0.015625,0.009287926,0.012987013,0,0,0,0,0,0,0,0,0,0,0.012096774,0,0,0,0,0,0,0,0,0,0.014851485,0,0,0,0,0,0,0,0,0,0,0,0,0,0,0,0,0,0,0,0,0,0,0,0,0.024444444,0,0,0,0.003502627,0,0.018404908,0,0,0.010676157,0,0,0,0,0,0,0,0.006535948,0,0,0.041884817,0,0,0,0,0,0,0.032520325,0,0,0,0.042801556,0.038834951,0,0,0.013311148,0,0,0,0,0.003460208,0,0,0.010033445,0,0,0,0,0,0,0,0,0,0,0,0,0,0,0,0,0,0,0,0,0,0,0,0,0,0,0,0,0,0,0,0,0,0,0.01010101,0,0,0
RNA degradation - Homo sapiens (human),0.050359712,0,0.028301887,0,0.027522936,0.028037383,0,0,0,0,0,0,0,0,0,0,0.004854369,0,0,0,0,0,0,0,0,0,0,0,0,0,0,0,0,0,0,0,0,0,0,0,0,0,0,0,0,0,0,0,0,0,0,0,0,0,0,0,0,0,0,0,0,0,0,0,0,0,0,0,0,0,0,0,0,0,0,0,0,0,0,0,0,0,0,0,0,0,0.010810811,0,0,0.047619048,1,0,0,0,0.03196347,0,0,0,0,0,0,0,0,0,0,0,0,0,0,0,0,0,0,0,0,0,0,0,0,0,0,0.038674033,0,0,0,0,0,0,0,0,0,0,0,0,0,0,0,0,0,0,0,0,0,0.015228426,0,0,0,0,0,0,0,0,0,0,0,0,0,0,0,0,0,0,0,0,0,0,0,0,0,0,0,0,0,0,0,0,0,0,0,0,0,0,0,0,0,0,0,0,0,0,0,0,0,0,0,0,0,0,0,0,0,0,0,0,0,0,0,0,0,0,0,0,0,0,0,0,0,0,0,0,0,0.015228426,0,0,0.016393443,0,0,0,0,0,0,0,0,0,0,0,0,0,0,0.008264463,0,0,0,0,0,0,0,0,0,0,0,0,0,0,0,0,0,0,0,0,0,0,0,0,0,0,0,0,0,0,0,0,0,0,0,0.007407407,0,0,0,0,0,0,0,0,0.007782101,0,0,0,0,0,0,0,0,0,0,0,0,0,0,0,0,0,0,0,0,0,0,0,0,0,0,0,0,0,0,0,0,0,0,0,0,0,0.020547945,0,0,0,0,0,0,0,0,0,0,0,0,0,0,0,0.003412969,0
RNA polymerase - Homo sapiens (human),0,0,0,0,0,0,0,0,0,0,0,0,0,0,0,0,0,0,0,0,0,0,0,0,0,0,0,0,0,0,0,0,0,0,0,0,0,0,0,0,0,0,0,0,0,0,0,0,0,0,0,0,0,0,0,0,0,0,0,0,0,0,0,0,0,0,0,0,0,0,0,0,0,0,0,0,0,0,0,0,0,0,0,0,0,0,0,0,0,0,0,1,0,0,0,0,0,0,0,0,0,0,0,0,0,0,0,0,0,0,0,0,0,0,0,0,0,0,0,0,0,0,0,0,0,0,0,0,0,0,0,0,0,0,0,0,0,0,0,0,0,0,0,0,0,0,0,0,0,0,0,0,0,0,0,0,0,0,0,0,0,0,0,0,0,0,0,0,0,0,0,0,0,0,0,0,0,0,0,0.2125,0,0,0,0,0,0,0,0,0,0,0,0,0,0,0,0,0,0,0,0,0,0,0,0,0,0,0,0,0,0,0,0,0,0,0,0,0,0,0,0,0,0,0,0,0,0,0,0,0,0,0,0,0,0,0,0,0,0,0,0,0,0,0,0,0,0,0,0,0,0,0,0,0,0,0,0,0,0,0,0.042944785,0,0,0,0,0,0,0,0,0,0,0,0,0,0,0,0,0,0,0,0,0,0,0,0,0,0,0,0,0,0,0,0,0,0,0,0,0,0,0,0,0,0,0,0,0,0,0,0,0,0,0,0,0,0,0,0,0,0,0,0,0,0,0,0,0,0,0,0,0,0,0,0,0,0,0,0,0,0,0,0
Basal transcription factors - Homo sapiens (human),0,0,0,0,0,0,0,0,0,0,0,0,0,0,0,0,0,0,0,0,0,0,0,0,0,0,0,0,0,0,0,0,0,0,0,0,0,0,0,0,0,0,0,0,0,0,0,0,0,0,0,0,0,0,0,0,0,0,0,0,0,0,0,0,0,0,0,0,0,0,0,0,0,0,0,0,0,0,0,0,0,0,0,0,0,0,0,0,0,0,0,0,1,0,0,0,0,0,0,0,0,0,0,0,0,0.15,0,0,0,0,0,0,0,0,0,0.00952381,0,0,0,0,0,0,0,0,0,0,0,0.011764706,0,0,0,0,0,0,0,0,0,0,0,0,0,0,0,0,0,0,0,0,0,0,0,0,0,0,0,0,0,0,0,0,0,0,0,0,0,0,0,0,0,0,0,0,0,0,0,0,0,0,0,0,0,0,0,0,0,0,0,0,0,0,0,0,0,0,0,0,0,0,0,0,0,0,0,0,0,0,0,0,0,0,0,0,0,0,0,0,0,0,0,0,0,0,0,0,0,0,0,0,0,0,0,0,0,0,0,0,0,0,0,0,0,0,0,0,0,0,0,0,0,0,0,0,0,0,0,0,0,0,0,0.014450867,0.02173913,0,0,0,0,0,0,0,0,0,0,0,0,0,0,0,0,0,0,0,0,0,0,0,0,0,0,0,0,0,0.008042895,0.011363636,0,0,0,0,0,0,0.004219409,0.064102564,0,0,0,0,0,0,0,0,0,0,0,0,0,0,0,0,0,0,0,0,0,0,0,0,0,0,0,0,0,0,0,0,0,0,0,0,0,0,0,0
DNA replication - Homo sapiens (human),0,0,0,0,0,0,0,0,0,0,0,0,0,0,0,0,0,0,0,0,0,0,0,0,0,0,0,0,0,0,0,0,0,0,0,0,0,0,0,0,0,0,0,0,0,0,0,0,0,0,0,0,0,0,0,0,0,0,0,0,0,0,0,0,0,0,0,0,0,0,0,0,0,0,0,0,0,0,0,0,0,0,0,0,0,0,0,0,0,0,0,0,0,1,0,0,0,0,0,0,0,0,0,0,0.189655172,0.296875,0.372093023,0.132352941,0.020833333,0.046511628,0,0,0,0,0,0,0,0,0,0,0,0,0,0,0,0,0,0.044871795,0,0,0,0,0,0,0,0,0,0,0,0,0,0,0,0,0,0,0,0,0,0,0,0,0,0,0,0,0,0,0,0,0,0,0,0,0,0,0,0,0.004901961,0,0,0,0,0,0,0,0,0,0,0,0,0,0,0,0,0,0,0,0,0,0,0,0,0,0,0,0,0,0,0,0,0,0,0,0,0,0,0,0,0,0,0,0,0,0,0,0,0,0,0,0,0,0,0,0,0,0,0,0,0,0,0,0,0,0,0,0,0,0,0,0,0,0,0,0,0,0,0,0,0,0,0,0,0,0,0,0,0,0,0,0,0,0,0,0,0,0,0,0,0,0,0,0,0,0,0,0,0,0,0,0,0,0,0,0,0,0.005076142,0,0,0,0,0,0,0,0,0,0,0,0,0,0,0,0,0,0,0,0,0,0,0,0,0,0,0,0,0,0,0,0,0,0,0,0,0,0,0,0,0,0,0,0,0,0,0,0,0,0,0,0,0
Spliceosome - Homo sapiens (human),0,0,0,0,0,0,0,0,0,0,0,0,0,0,0,0,0,0,0,0,0,0,0,0,0,0,0,0,0,0,0,0,0,0,0,0,0,0,0,0,0,0,0,0,0,0,0,0,0,0,0,0,0,0,0,0,0,0,0,0,0,0,0,0,0,0,0,0,0,0,0,0,0,0,0,0,0,0,0,0,0,0,0,0,0,0,0.003937008,0,0.053719008,0.0472103,0.03196347,0,0,0,1,0,0,0,0,0,0,0,0,0,0,0,0,0,0,0,0.013793103,0,0,0,0,0,0,0,0,0,0,0,0,0,0,0,0,0,0,0,0.003472222,0,0,0,0,0,0.019292605,0,0.015306122,0,0,0,0,0,0,0,0.02955665,0,0.005347594,0,0,0,0,0,0,0.004878049,0,0,0,0,0,0,0,0,0,0,0,0,0,0,0,0,0,0.02739726,0,0,0,0,0,0,0,0,0,0,0.004166667,0,0,0,0,0,0,0,0,0,0,0,0,0,0,0,0,0,0,0,0,0,0,0,0,0,0,0,0,0,0,0,0,0.021428571,0,0,0,0,0,0,0,0,0,0,0,0,0,0,0,0,0,0,0,0,0.006968641,0,0,0,0,0,0,0,0,0,0,0,0,0,0,0,0,0,0,0,0.015904573,0,0,0.014492754,0.001607717,0,0,0,0,0,0,0,0,0,0.007672634,0,0,0.03030303,0,0,0,0,0,0.023715415,0,0,0,0,0,0.021428571,0,0,0,0,0,0.01540832,0.002873563,0,0,0,0.00591716,0.005730659,0,0.002849003,0.002192982,0,0,0,0,0,0,0,0,0,0,0,0,0,0,0,0,0,0,0,0,0,0,0,0,0,0.010714286,0,0,0,0,0,0,0,0,0,0.016853933,0
Proteasome - Homo sapiens (human),0,0,0,0,0,0,0,0,0,0,0,0,0,0,0,0,0,0,0,0,0,0,0,0,0,0,0,0,0,0,0,0,0,0,0,0,0,0,0,0,0,0,0,0,0,0,0,0,0,0,0,0,0,0,0,0,0,0,0,0,0,0,0,0,0,0,0,0,0,0,0,0,0,0,0,0,0,0,0,0,0,0,0,0,0,0,0,0,0,0,0,0,0,0,0,1,0,0,0,0,0,0,0,0,0,0,0,0.011627907,0,0,0,0,0,0,0,0,0,0.002941176,0,0,0,0.006493506,0,0,0,0,0,0,0,0,0,0,0,0,0,0,0,0,0,0,0,0,0,0,0,0,0,0,0,0.004901961,0,0,0,0,0,0,0,0.007194245,0,0,0,0.005780347,0,0,0,0,0,0,0,0,0,0,0,0.033333333,0,0,0,0,0,0,0,0.004739336,0,0.005681818,0.007194245,0.00729927,0.006535948,0.006711409,0,0,0,0,0,0,0,0,0,0,0,0,0,0,0,0,0,0,0,0,0,0,0,0,0,0,0,0,0,0,0,0,0,0,0,0,0,0,0,0,0,0,0,0,0,0,0,0,0,0,0,0.011363636,0,0,0,0,0,0,0,0,0,0,0,0,0,0,0,0,0.088607595,0.126353791,0.093333333,0.110410095,0.227272727,0.123239437,0.071868583,0,0,0,0,0,0,0,0,0,0,0,0,0,0,0.008196721,0.006802721,0.012195122,0.010526316,0.006369427,0.006802721,0,0.004444444,0.009950249,0,0,0,0.00462963,0.002659574,0,0,0.001795332,0.082969432,0,0,0.001736111,0,0.004016064,0,0,0,0,0,0,0,0,0,0,0,0,0,0,0,0,0,0,0,0,0,0,0,0,0.007462687,0,0,0.009090909,0.005524862,0.007246377,0.012048193,0.011494253,0,0,0,0,0,0,0,0.005434783
Protein export - Homo sapiens (human),0,0,0,0,0,0,0,0,0,0,0,0,0,0,0,0,0,0,0,0,0,0,0,0,0,0,0,0,0,0,0,0,0,0,0,0,0,0,0,0,0,0,0,0,0,0,0,0,0,0,0,0,0,0,0,0,0,0,0,0,0,0,0,0,0,0,0,0,0,0,0,0,0,0,0,0,0,0,0,0,0,0,0,0,0,0,0,0,0,0,0,0,0,0,0,0,1,0,0,0,0,0,0,0,0,0,0,0,0,0,0,0,0,0,0,0,0,0,0,0,0,0,0,0,0,0,0,0,0,0,0,0,0,0,0,0,0.037634409,0,0,0.023391813,0,0,0,0,0,0,0,0,0,0,0,0,0,0,0,0,0,0,0,0,0,0,0,0,0,0,0,0,0,0,0,0,0,0.01,0,0,0,0,0,0,0,0,0,0,0,0,0,0,0,0,0,0,0,0,0,0,0,0,0,0,0,0,0,0,0,0,0,0,0,0,0,0,0,0,0,0,0,0,0,0,0.010309278,0,0,0,0,0,0,0,0,0,0,0,0,0,0,0,0,0,0,0,0,0,0,0,0,0,0,0,0,0,0,0,0,0,0,0,0,0.003472222,0.002590674,0,0,0.003389831,0.002008032,0,0,0,0,0,0,0.057971014,0,0,0,0,0,0,0,0,0,0,0,0,0,0,0,0,0,0,0,0,0,0,0,0,0,0,0,0,0,0,0,0,0,0,0,0,0,0,0,0,0,0,0,0,0,0,0,0,0,0,0,0,0,0,0,0,0,0,0,0,0,0,0,0,0,0,0,0,0.004219409,0
Viral life cycle - HIV-1 - Homo sapiens (human),0,0,0,0,0,0,0,0,0,0,0,0,0,0,0,0,0,0,0,0,0,0,0,0,0,0,0,0,0,0,0,0,0,0,0,0,0,0,0,0,0,0,0,0,0,0,0,0,0,0,0,0,0,0,0,0,0,0,0,0,0,0,0,0,0,0,0,0,0,0,0,0,0,0,0,0,0,0,0,0,0,0,0,0,0,0,0.01183432,0,0.030120482,0.012658228,0,0,0,0,0,0,0,1,0.046153846,0,0,0,0,0,0,0,0,0,0,0,0,0,0,0,0.003311258,0,0.007092199,0.008450704,0.01242236,0.007905138,0,0.011764706,0.010416667,0,0,0,0,0.010638298,0,0,0,0,0,0,0,0,0,0,0.032894737,0.004672897,0,0,0,0,0,0,0,0,0,0.027777778,0,0,0,0,0.008658009,0.033898305,0,0.012903226,0.004098361,0,0,0,0,0,0,0,0.00456621,0.015151515,0,0,0,0,0,0.007142857,0,0,0,0,0.007575758,0,0,0.008810573,0.00621118,0,0,0.006493506,0.005882353,0.006024096,0,0,0,0,0.005681818,0.009009009,0,0,0.003401361,0.015625,0,0,0,0,0,0,0,0,0,0,0,0,0,0.003436426,0,0,0,0,0,0,0.012345679,0,0,0.022222222,0,0,0.011904762,0,0,0,0,0,0,0,0,0,0,0,0,0.011049724,0,0,0,0,0,0,0,0,0,0,0,0,0,0,0,0,0,0,0,0,0.004705882,0.005449591,0,0,0,0,0,0,0,0,0,0,0,0,0,0,0,0,0.005025126,0,0,0,0,0.005747126,0,0,0.008298755,0.009174312,0.00896861,0.01,0.006993007,0.021834061,0.01025641,0.025179856,0.011811024,0.00174216,0,0.053639847,0.006825939,0.005076142,0.019920319,0.019083969,0,0,0.005390836,0,0,0,0.015384615,0,0,0,0.012658228,0,0,0,0,0,0,0,0,0,0.004347826,0,0,0,0.006622517,0,0,0,0,0,0,0,0.01,0,0,0,0,0,0,0
Virion - Human immunodeficiency virus - Homo sapiens (human),0,0,0,0,0,0,0,0,0,0,0,0,0,0,0,0,0,0,0,0,0,0,0,0,0,0,0,0,0,0,0,0,0,0,0,0,0,0,0,0,0,0,0,0,0,0,0,0,0,0,0,0,0,0,0,0,0,0,0,0,0,0,0,0,0,0,0,0,0,0,0,0,0,0,0,0,0,0,0,0,0,0,0,0,0,0,0,0,0,0,0,0,0,0,0,0,0,0.046153846,1,0.285714286,0,0,0,0,0,0,0,0,0,0,0,0,0,0,0.004098361,0,0,0.01010101,0.019417476,0.01025641,0,0,0,0,0,0,0,0,0,0,0,0,0,0,0,0,0,0,0.007874016,0.012903226,0,0,0,0,0,0,0,0,0,0,0,0,0,0,0,0,0,0,0.005376344,0,0,0,0,0,0,0,0.00621118,0,0,0,0,0,0,0.012195122,0,0,0,0,0,0,0.018691589,0,0.009708738,0,0,0.010416667,0.008928571,0.009259259,0,0,0,0,0.008474576,0.018867925,0,0,0,0,0,0,0,0,0,0,0,0,0,0,0,0,0,0.004291845,0,0,0,0,0,0,0,0,0,0,0,0,0,0,0,0,0,0,0,0,0,0,0,0,0,0,0,0,0,0,0,0,0,0,0,0,0,0,0,0,0,0,0,0,0,0,0,0,0,0,0,0,0,0,0,0,0,0,0,0,0,0,0,0,0.007092199,0,0,0,0,0.00862069,0,0,0.010928962,0,0,0.014084507,0.00877193,0,0,0.004424779,0.005050505,0,0,0.014018692,0,0.001869159,0,0.004807692,0,0,0,0,0,0,0,0,0,0,0,0,0,0,0,0,0,0,0,0,0,0,0,0,0.010752688,0,0,0,0,0,0,0,0.023809524,0,0,0,0,0,0,0
Virion - Flavivirus - Homo sapiens (human),0,0,0,0,0,0,0,0,0,0,0,0,0,0,0,0,0,0,0,0,0,0,0,0,0,0,0,0,0,0,0,0,0,0,0,0,0,0,0,0,0,0,0,0,0,0,0,0,0,0,0,0,0,0,0,0,0,0,0,0,0,0,0,0,0,0,0,0,0,0,0,0,0,0,0,0,0,0,0,0,0,0,0,0,0,0,0,0,0,0,0,0,0,0,0,0,0,0,0.285714286,1,0,0,0,0,0,0,0,0,0,0,0,0,0,0,0,0,0,0,0,0,0,0,0,0,0,0,0,0,0,0,0,0,0,0,0,0,0,0,0,0.012987013,0,0,0,0,0,0,0,0,0,0,0,0,0,0,0,0,0,0,0,0,0,0,0,0,0,0,0,0,0,0,0,0,0,0,0,0,0,0,0,0,0.018867925,0,0,0,0,0,0,0,0,0,0,0,0,0,0,0,0,0,0,0,0,0,0,0,0,0,0,0,0,0,0,0,0,0,0,0,0,0,0,0,0,0,0,0,0,0,0,0,0,0,0,0,0,0,0,0,0,0,0,0,0,0,0,0,0,0,0,0,0,0,0,0,0,0,0,0,0,0,0,0,0,0,0,0,0,0,0,0,0,0,0,0,0,0,0,0,0,0,0,0,0,0,0,0,0.010989011,0,0,0.014184397,0,0,0,0,0,0,0,0,0,0,0,0,0,0,0,0,0,0,0,0,0,0,0,0,0,0,0,0,0,0,0,0,0,0,0,0,0,0,0,0,0,0,0,0,0,0,0,0,0,0,0,0
Virion - Lyssavirus - Homo sapiens (human),0,0,0,0,0,0,0,0,0,0,0,0,0,0,0,0,0,0,0,0,0,0,0,0,0,0,0,0,0,0,0,0,0,0,0,0,0,0,0,0,0,0,0,0,0,0,0,0,0,0,0,0,0,0,0,0,0,0,0,0,0,0,0,0,0,0,0,0,0,0,0,0,0,0,0,0,0,0,0,0,0,0,0,0,0,0,0,0,0,0,0,0,0,0,0,0,0,0,0,0,1,0,0,0,0,0,0,0,0,0,0.003367003,0,0.0041841,0.004694836,0,0,0,0.003355705,0,0,0,0,0,0,0,0,0.002739726,0,0,0,0,0,0,0,0,0,0,0,0,0,0,0,0.00280112,0,0,0,0,0.028571429,0,0,0,0,0,0,0,0,0,0,0,0,0,0,0,0,0,0,0.012578616,0,0,0,0,0,0,0,0,0,0,0,0,0,0,0,0,0,0,0,0,0,0,0,0,0,0,0,0,0,0,0,0,0.008196721,0,0,0,0,0,0,0,0,0,0,0,0,0,0,0,0,0,0,0,0,0,0,0,0,0,0,0,0,0,0,0,0,0,0,0,0,0,0,0,0,0,0,0,0,0,0,0,0,0,0,0,0,0,0,0,0,0,0,0,0,0,0.007272727,0,0,0,0,0,0,0,0,0,0,0,0,0,0,0,0,0,0,0,0,0,0,0,0,0,0,0,0,0,0,0,0,0,0,0,0,0.005102041,0,0,0,0,0,0,0,0,0,0,0,0,0,0,0,0,0,0,0,0,0,0,0,0,0,0,0,0,0,0,0,0,0,0,0,0,0,0,0,0,0
Virion - Herpesvirus - Homo sapiens (human),0,0,0,0,0,0,0,0,0,0,0,0,0,0,0,0,0,0,0,0,0,0,0,0,0,0,0,0,0,0,0,0,0,0,0,0,0,0,0,0,0,0,0,0,0,0,0,0,0,0,0,0,0,0,0,0,0,0,0,0,0,0,0,0,0,0,0,0,0,0,0,0,0,0,0,0,0,0,0,0,0,0,0,0,0,0,0,0,0,0,0,0,0,0,0,0,0,0,0,0,0,1,0,0,0,0,0,0,0,0,0,0,0,0.004587156,0,0,0,0.00330033,0.009259259,0,0,0,0,0,0,0,0,0,0,0,0,0,0,0,0,0,0,0.007142857,0.003861004,0.012578616,0,0,0.005540166,0,0,0,0,0,0,0,0,0,0,0,0,0,0,0,0,0,0,0.007352941,0,0,0.009615385,0.021052632,0.012195122,0.025641026,0,0,0,0,0.007575758,0,0.005050505,0,0,0,0,0,0,0,0.018867925,0,0,0,0,0,0,0,0,0,0,0,0,0,0,0,0,0,0,0,0,0,0,0,0,0,0,0,0,0.008474576,0,0,0,0,0,0,0,0,0,0.007751938,0,0,0,0,0,0,0,0,0,0,0,0,0,0,0,0,0,0,0,0,0,0,0,0,0,0,0,0,0,0,0,0,0,0,0.00255102,0,0,0,0,0,0,0,0,0,0,0,0.011764706,0,0,0,0.003921569,0,0.011904762,0,0.006896552,0,0,0,0,0,0,0,0,0,0,0,0.004291845,0,0.00591716,0,0,0.013618677,0,0,0,0,0,0,0,0.009433962,0.006309148,0,0,0,0,0,0,0,0,0,0,0,0,0,0,0,0,0,0,0,0,0,0,0,0,0,0,0,0,0,0,0.020618557,0.023809524,0.019417476,0,0,0,0.006802721
Virion - Adenovirus - Homo sapiens (human),0,0,0,0,0,0,0,0,0,0,0,0,0,0,0,0,0,0,0,0,0,0,0,0,0,0,0,0,0,0,0,0,0,0,0,0,0,0,0,0,0,0,0,0,0,0,0,0,0,0,0,0,0,0,0,0,0,0,0,0,0,0,0,0,0,0,0,0,0,0,0,0,0,0,0,0,0,0,0,0,0,0,0,0,0,0,0,0,0,0,0,0,0,0,0,0,0,0,0,0,0,0,1,0,0,0,0,0,0,0,0,0,0,0,0,0,0,0,0,0,0,0,0,0,0,0,0,0,0,0,0,0,0,0,0,0,0,0,0,0,0,0,0,0,0,0,0,0,0,0,0,0,0,0,0,0,0,0,0,0,0,0,0,0,0,0,0.012578616,0,0,0,0,0.011235955,0,0,0,0,0.018867925,0,0,0,0,0,0,0,0,0,0,0,0,0,0,0,0,0.039215686,0,0,0,0,0,0,0,0,0,0,0,0,0,0,0,0,0,0,0,0,0,0,0,0,0,0,0,0,0,0,0,0,0,0,0,0,0,0,0,0,0,0,0,0,0,0.044444444,0,0,0,0,0,0,0,0,0,0,0,0,0,0,0,0,0,0,0,0,0,0,0,0,0,0,0,0,0,0,0,0,0,0,0,0,0,0,0,0,0,0,0,0,0,0,0,0.007042254,0,0,0,0,0.005076142,0,0,0,0,0,0.005102041,0,0,0,0,0,0,0,0,0,0,0,0,0,0,0,0,0,0,0,0,0,0,0,0,0,0,0,0.036363636,0,0.014492754,0.021052632,0.05,0.045454545,0,0,0,0,0,0.049180328,0,0
PPAR signaling pathway - Homo sapiens (human),0.014285714,0.019417476,0,0,0,0,0,0.081395349,0,0.168316832,0,0.069767442,0,0.007352941,0,0,0,0,0,0,0,0,0.042372881,0,0.00729927,0,0,0,0,0.00862069,0,0.029126214,0,0,0,0,0,0,0,0,0,0,0,0,0,0,0,0,0,0,0.02238806,0,0,0,0,0,0,0.041237113,0,0,0,0,0.033898305,0,0.028846154,0.03030303,0,0,0,0,0,0,0,0,0,0,0,0.020833333,0,0,0,0,0,0,0.073684211,0,0,0,0,0,0,0,0,0,0,0,0,0,0,0,0,0,0,1,0,0,0,0,0,0,0,0,0,0,0,0,0.010238908,0,0,0,0,0,0.014778325,0,0.005181347,0,0,0,0,0,0.00462963,0,0,0,0.006849315,0.004651163,0,0,0,0.008888889,0.082758621,0.004347826,0.009411765,0.059459459,0.004761905,0.012345679,0,0,0.045045045,0,0,0,0,0,0.004098361,0,0,0,0.007843137,0,0.009433962,0.004950495,0,0,0.00729927,0.00617284,0,0.006896552,0,0,0,0,0,0,0,0,0,0,0,0,0,0,0.005780347,0,0.005952381,0,0.016666667,0.005617978,0,0.007042254,0,0,0,0,0,0,0.040677966,0,0,0.005181347,0,0,0,0,0,0,0,0,0,0,0,0,0.019230769,0,0,0,0,0,0,0,0,0.020833333,0.142857143,0,0.034090909,0.031007752,0,0,0.004926108,0,0.016853933,0,0.008333333,0.076470588,0.022222222,0,0,0,0.053398058,0,0,0.009009009,0,0,0.020833333,0,0,0,0,0,0,0.053571429,0.01863354,0.010204082,0,0.076923077,0.002183406,0.002941176,0,0.005277045,0,0,0.001818182,0,0,0,0,0,0.006622517,0,0,0,0.00625,0,0,0,0,0,0,0.009009009,0.008064516,0.005376344,0,0,0,0.013100437,0,0,0,0,0,0,0.003731343,0,0,0,0.003267974,0.01,0.015151515,0,0,0.003584229,0,0.014134276,0.003367003,0,0,0,0.015267176,0,0.005847953,0.037037037,0,0,0.008695652,0,0.007092199,0.018292683,0.027972028,0,0,0.013574661,0,0.005813953,0,0,0,0,0,0.005988024,0,0,0,0,0,0,0.01459854,0,0.03202847,0
Base excision repair - Homo sapiens (human),0,0,0,0,0,0,0,0,0,0,0,0,0,0,0,0,0,0,0,0,0,0,0,0,0,0,0,0,0,0,0,0,0,0,0,0,0,0,0,0,0,0,0,0,0,0,0,0,0,0,0,0,0,0,0,0,0,0,0,0,0,0,0,0,0,0,0,0,0,0,0,0,0,0,0,0,0,0,0,0,0,0,0,0,0,0,0,0,0,0,0,0,0,0.189655172,0,0,0,0,0,0,0,0,0,0,1,0.142857143,0.12,0.057142857,0.045454545,0,0,0,0,0,0,0,0,0,0,0,0.007352941,0,0,0,0,0,0,0.006289308,0,0,0,0,0,0,0,0.005780347,0,0,0,0,0,0,0,0,0.024242424,0,0,0,0,0.010526316,0,0,0,0,0,0,0,0,0,0,0,0,0,0,0,0,0,0,0.004975124,0,0,0,0,0,0.004504505,0,0,0,0,0,0,0,0,0,0,0,0,0,0,0,0,0,0,0,0,0,0,0,0,0,0,0,0,0,0,0,0,0,0,0,0,0,0,0,0,0,0,0,0,0,0,0,0,0,0,0,0,0,0,0,0,0,0,0,0,0,0,0,0,0,0,0,0,0,0,0,0,0,0,0,0,0,0,0,0,0,0,0,0,0,0,0,0,0,0,0,0,0,0,0,0,0,0,0,0,0,0,0,0,0,0,0,0,0,0,0,0.005154639,0,0,0,0,0.003937008,0,0,0,0,0,0,0,0.004237288,0,0,0,0,0,0,0,0,0,0,0,0,0,0,0,0,0,0,0,0,0,0,0,0,0,0,0,0,0,0,0,0,0.014285714,0,0,0,0.004255319,0,0,0
Nucleotide excision repair - Homo sapiens (human),0,0,0,0,0,0,0,0,0,0,0,0,0,0,0,0,0,0,0,0,0,0,0,0,0,0,0,0,0,0,0,0,0,0,0,0,0,0,0,0,0,0,0,0,0,0,0,0,0,0,0,0,0,0,0,0,0,0,0,0,0,0,0,0,0,0,0,0,0,0,0,0,0,0,0,0,0,0,0,0,0,0,0,0,0,0,0,0,0,0,0,0,0.15,0.296875,0,0,0,0,0,0,0,0,0,0,0.142857143,1,0.272727273,0.1,0,0.063157895,0,0,0,0,0,0,0,0,0,0,0,0.006451613,0,0,0,0,0,0.023529412,0.005649718,0.008403361,0.032786885,0,0,0,0,0,0.014018692,0,0,0,0,0,0,0,0,0,0,0,0,0,0,0,0,0,0.00462963,0,0,0.007142857,0,0,0,0,0,0,0,0,0,0,0.004651163,0,0,0,0,0,0,0,0,0,0,0,0,0,0,0,0,0,0,0,0,0,0,0,0,0,0.0125,0,0,0,0,0,0,0,0,0,0,0,0,0,0,0,0,0,0,0,0,0,0,0,0,0,0,0,0,0,0,0,0,0,0,0,0,0,0,0,0,0,0,0,0,0,0,0,0,0,0,0,0,0,0,0,0,0,0,0,0,0,0,0,0,0,0,0,0,0,0,0,0,0,0,0,0,0,0.003412969,0,0,0,0,0,0,0,0,0,0,0,0,0,0.014563107,0,0,0,0,0,0,0,0.004032258,0.015686275,0,0.003472222,0.0041841,0.028688525,0,0,0,0,0,0.007575758,0.008695652,0.008196721,0.009615385,0.008264463,0,0.012048193,0.009174312,0.008474576,0,0.008196721,0,0.007246377,0.008474576,0.005181347,0.004672897,0.005128205,0,0,0,0,0,0,0,0,0,0,0,0,0,0,0,0,0,0
Mismatch repair - Homo sapiens (human),0,0,0,0,0,0,0,0,0,0,0,0,0,0,0,0,0,0,0,0,0,0,0,0,0,0,0,0,0,0,0,0,0,0,0,0,0,0,0,0,0,0,0,0,0,0,0,0,0,0,0,0,0,0,0,0,0,0,0,0,0,0,0,0,0,0,0,0,0,0,0,0,0,0,0,0,0,0,0,0,0,0,0,0,0,0,0,0,0,0,0,0,0,0.372093023,0,0,0,0,0,0,0,0,0,0,0.12,0.272727273,1,0.163636364,0,0.084507042,0,0,0,0,0,0,0,0,0,0,0,0,0,0,0,0,0,0.006711409,0,0,0,0,0,0,0,0,0,0,0,0,0,0,0,0,0,0,0,0,0,0,0,0,0,0,0,0,0,0,0,0,0,0,0,0,0,0,0,0,0.005235602,0,0,0,0,0,0,0,0,0,0,0,0,0,0,0,0,0,0,0,0,0,0,0,0,0,0,0,0,0,0,0,0,0,0,0,0,0,0,0,0,0,0,0,0,0,0,0,0,0,0,0,0,0,0,0,0,0,0,0,0,0,0,0,0,0,0,0,0,0,0,0,0,0,0,0,0,0,0,0,0,0,0,0,0,0,0,0,0,0,0,0,0,0,0,0,0,0,0,0,0,0,0,0,0,0,0,0,0,0,0,0,0,0,0,0,0,0,0.005434783,0,0,0,0,0,0,0,0,0,0,0.007272727,0,0,0,0,0,0,0,0.038095238,0,0,0.0125,0,0,0,0,0,0,0,0,0,0,0,0,0.005847953,0,0,0,0,0,0,0,0,0,0,0,0,0,0,0,0,0,0
Homologous recombination - Homo sapiens (human),0,0,0,0,0,0,0,0,0,0,0,0,0,0,0,0,0,0,0,0,0,0,0,0,0,0,0,0,0,0,0,0,0,0,0,0,0,0,0,0,0,0,0,0,0,0,0,0,0,0,0,0,0,0,0,0,0,0,0,0,0,0,0,0,0,0,0,0,0,0,0,0,0,0,0,0,0,0,0,0,0,0,0,0,0,0,0,0,0,0,0,0,0,0.132352941,0,0.011627907,0,0,0,0,0,0,0,0,0.057142857,0.1,0.163636364,1,0.038461538,0.1875,0,0,0,0,0,0,0,0,0,0,0.006944444,0,0.005847953,0,0,0,0,0.005988024,0,0.008849558,0.005494505,0,0,0,0,0,0,0,0,0,0,0,0.002538071,0,0.005681818,0,0,0,0,0,0.020725389,0,0,0,0,0,0,0,0,0,0,0,0,0,0,0,0,0,0,0,0,0,0,0,0,0,0,0.004464286,0,0,0,0,0,0,0,0,0,0,0,0,0,0,0,0,0,0,0,0,0,0,0,0,0,0,0,0,0,0,0,0,0,0,0,0,0,0,0,0,0,0,0,0,0,0,0,0,0,0,0,0,0,0,0,0,0,0,0,0,0,0,0,0,0,0,0,0,0,0,0,0,0,0,0,0,0,0,0.002358491,0.003267974,0.002475248,0.002890173,0.005464481,0.003194888,0.001937984,0,0,0,0,0,0,0,0,0,0.003484321,0,0,0,0,0,0,0,0,0,0,0,0,0,0,0,0,0,0.002695418,0.003816794,0,0,0.004132231,0.003968254,0,0.003508772,0.004291845,0,0,0,0.005730659,0,0,0,0,0.017391304,0,0,0,0,0,0,0,0,0,0,0,0.010752688,0,0,0,0,0,0,0,0,0,0,0,0,0,0,0,0,0,0,0,0
Non-homologous end-joining - Homo sapiens (human),0,0,0,0,0,0,0,0,0,0,0,0,0,0,0,0,0,0,0,0,0,0,0,0,0,0,0,0,0,0,0,0,0,0,0,0,0,0,0,0,0,0,0,0,0,0,0,0,0,0,0,0,0,0,0,0,0,0,0,0,0,0,0,0,0,0,0,0,0,0,0,0,0,0,0,0,0,0,0,0,0,0,0,0,0,0,0,0,0,0,0,0,0,0.020833333,0,0,0,0,0,0,0,0,0,0,0.045454545,0,0,0.038461538,1,0,0,0,0,0,0,0,0,0,0,0,0,0,0,0,0,0,0,0.007194245,0,0,0,0,0,0,0,0,0,0,0,0,0,0,0,0,0,0,0,0,0,0,0.011976048,0,0,0,0,0,0,0,0,0,0,0,0,0,0,0,0,0,0,0,0,0,0,0,0,0,0,0,0,0,0,0,0.009009009,0,0,0,0,0,0,0,0,0,0,0,0,0,0,0,0,0,0,0,0,0,0,0,0,0,0,0,0,0,0,0,0,0,0,0,0,0,0,0,0,0,0,0,0,0,0,0,0,0,0,0,0,0,0,0,0,0,0,0,0,0,0,0,0,0,0,0,0,0,0,0,0,0,0,0,0,0,0,0,0,0,0,0,0,0,0,0,0,0,0,0,0,0,0,0,0,0,0,0,0,0,0,0,0,0,0,0,0,0,0,0,0,0,0,0,0,0,0,0,0,0,0,0,0,0,0,0,0,0,0,0,0,0,0,0,0,0,0,0,0,0,0,0,0,0,0,0,0,0,0.02,0,0,0,0,0,0,0
Fanconi anemia pathway - Homo sapiens (human),0,0,0,0,0,0,0,0,0,0,0,0,0,0,0,0,0,0,0,0,0,0,0,0,0,0,0,0,0,0,0,0,0,0,0,0,0,0,0,0,0,0,0,0,0,0,0,0,0,0,0,0,0,0,0,0,0,0,0,0,0,0,0,0,0,0,0,0,0,0,0,0,0,0,0,0,0,0,0,0,0,0,0,0,0,0,0,0,0,0,0,0,0,0.046511628,0,0,0,0,0,0,0,0,0,0,0,0.063157895,0.084507042,0.1875,0,1,0,0,0,0,0,0,0,0,0,0,0,0,0,0,0,0,0,0.005555556,0,0.007936508,0.010309278,0,0,0,0,0,0,0,0,0,0,0.004784689,0.002457002,0,0,0,0,0,0,0,0.004784689,0,0,0,0,0.008928571,0,0,0,0,0,0,0,0,0,0,0,0,0,0,0,0,0,0,0,0,0,0,0,0,0,0,0,0,0,0,0,0,0,0,0,0,0,0,0,0,0,0,0,0,0,0,0,0,0,0,0,0,0,0,0,0,0,0,0,0,0,0,0,0,0,0,0,0,0,0,0,0,0,0,0,0,0,0,0,0,0,0,0,0,0.012658228,0,0,0,0,0,0,0,0,0,0,0,0,0,0,0,0,0,0,0,0,0,0,0,0,0,0,0,0,0,0,0,0,0,0,0,0,0,0,0,0,0,0,0,0,0,0,0,0,0,0.005221932,0.003636364,0,0,0.007874016,0.003773585,0,0.00862069,0.004065041,0,0,0,0.002754821,0,0,0.014492754,0,0.023622047,0.018181818,0.0078125,0,0.011111111,0.00862069,0.008,0,0.007751938,0,0.006896552,0.008,0.020304569,0.004524887,0.009950249,0,0,0,0,0,0,0,0,0,0,0,0,0,0,0,0,0,0
MAPK signaling pathway - Homo sapiens (human),0,0,0,0,0,0,0,0,0,0,0,0,0,0,0,0,0,0,0,0,0,0,0,0,0.002808989,0,0,0,0,0,0,0,0,0,0,0,0,0,0,0,0,0,0,0,0,0,0,0,0,0,0,0,0,0.018134715,0.020771513,0.020114943,0.022082019,0.022364217,0,0,0,0,0,0,0,0,0,0,0,0,0,0,0,0,0,0,0,0,0,0,0,0,0,0,0,0,0,0,0,0,0,0,0,0,0.013793103,0,0,0,0,0,0.003367003,0,0,0,0,0,0,0,0,0,1,0.114705882,0.31840796,0.229268293,0.141025641,0.059770115,0.06846473,0.02972028,0.01025641,0.08,0.069892473,0.071808511,0.109660574,0.007731959,0.086842105,0.094059406,0,0.02184466,0.054590571,0.019444444,0.004608295,0,0,0,0.036827195,0.058394161,0.031111111,0,0.036121673,0.004504505,0,0.07398568,0.186813187,0.01965602,0.099744246,0.049315068,0.056379822,0.01875,0.002994012,0.04137931,0.102941176,0.055401662,0.088235294,0.062034739,0.054545455,0,0.014492754,0.023746702,0.0625,0.124203822,0.04842615,0.134408602,0.020361991,0.00623053,0.125,0,0,0.045845272,0.035794183,0.079096045,0.060679612,0,0.058227848,0.019178082,0.043103448,0,0.102493075,0.052863436,0.052023121,0.017094017,0.108635097,0.033707865,0.028795812,0.075949367,0.071823204,0.063360882,0.077747989,0.124293785,0.096209913,0.113846154,0.0625,0.121546961,0.03030303,0.005865103,0,0.042666667,0.043650794,0.087349398,0.005405405,0.16011236,0.052380952,0.0625,0.062663185,0.082228117,0.035135135,0.073047859,0.072727273,0.006868132,0.013333333,0,0.076923077,0.127155172,0.074812968,0.035422343,0.14159292,0.042296073,0.076086957,0.071782178,0.042216359,0.073746313,0.022160665,0.047979798,0.043103448,0.139949109,0.033505155,0.023255814,0.034188034,0.042553191,0.116094987,0.037572254,0.061007958,0.068656716,0.046153846,0.046875,0.076738609,0.100558659,0.049065421,0.109919571,0.09,0.018126888,0.003134796,0.027950311,0.017595308,0.008955224,0,0,0.015789474,0.016483516,0.015384615,0.014880952,0,0,0.007894737,0,0,0,0.071090047,0.025641026,0.034591195,0.016949153,0.028235294,0.069811321,0.07093185,0.026946108,0.049132948,0.029411765,0.006024096,0.043383948,0.013661202,0.011764706,0.06122449,0.081497797,0.073412698,0.099190283,0.063218391,0.041543027,0.122395833,0.072254335,0.093922652,0.024767802,0.023809524,0.10326087,0.044854881,0,0.077272727,0.078947368,0.15443038,0.079800499,0.133187773,0.056818182,0.057529611,0.109677419,0.111617312,0.032010243,0.09010989,0.134529148,0.058350101,0.157082749,0.049568966,0.052854123,0,0.128959276,0.072824156,0.124444444,0.083857442,0.117647059,0.1,0.107784431,0.076452599,0.09495549,0.107648725,0.044164038,0.011331445,0.150943396,0.056782334,0.101190476,0.080838323,0.046070461,0.089285714,0.127877238,0.084507042,0.127226463,0.070588235,0.113636364,0.106936416,0.00308642,0.005797101,0.028653295,0.002331002,0.034759358,0.009118541,0.01510574,0.003021148,0.069637883,0.056980057,0.077348066,0.050739958,0.011428571,0.141255605,0.098984772
ErbB signaling pathway - Homo sapiens (human),0,0,0,0,0,0,0,0,0,0,0,0,0,0,0,0,0,0,0,0,0,0,0,0,0,0,0,0,0,0,0,0,0,0,0,0,0,0,0,0,0,0,0,0,0,0,0,0,0,0,0,0.032679739,0,0,0,0,0,0,0,0,0,0,0,0,0,0,0,0,0,0,0,0,0,0,0,0,0,0,0,0,0,0,0,0,0,0,0,0,0,0,0,0,0,0,0,0,0,0,0,0,0,0,0,0,0,0,0,0,0,0,0.114705882,1,0.171532847,0.100746269,0.045016077,0.037037037,0.088967972,0,0,0.144628099,0.016129032,0.190184049,0.155080214,0.064327485,0.127071823,0.153465347,0,0.024154589,0.033492823,0.006369427,0.008888889,0,0,0.00862069,0.053691275,0.118811881,0.015936255,0,0.01510574,0,0,0.136792453,0.0975,0.067357513,0.110552764,0.101265823,0.113636364,0.026315789,0,0.038297872,0.095454545,0,0.044444444,0.04784689,0.053719008,0,0.007142857,0.028735632,0.136170213,0.220338983,0.066666667,0.097938144,0.012552301,0.008849558,0.191666667,0,0,0.033112583,0.028340081,0.108974359,0.096153846,0,0.066326531,0,0.082677165,0,0.111764706,0.022813688,0.019736842,0,0.138554217,0.091304348,0,0.155080214,0.040697674,0.053571429,0.054644809,0.243421053,0.167832168,0.224,0.144654088,0.100558659,0.064171123,0,0,0.052023121,0.029220779,0.125925926,0,0.259259259,0.035555556,0.025773196,0.125,0.064171123,0.023529412,0.068965517,0.098484848,0.007692308,0,0,0.115853659,0.121428571,0.21978022,0.042682927,0.178807947,0,0.113095238,0.148717949,0.094117647,0.25,0.01910828,0.150837989,0.047619048,0.091324201,0.037837838,0.067164179,0,0.039772727,0.182320442,0,0.067039106,0.15503876,0.100840336,0.096590909,0.061946903,0.15625,0.057268722,0.242424242,0.041284404,0,0,0.109090909,0.022222222,0,0,0,0.017241379,0.045454545,0.016304348,0.081967213,0,0,0,0,0,0,0.058690745,0.023323615,0.015837104,0.012953368,0.075471698,0.037681159,0.046641791,0.007518797,0.054794521,0.01734104,0,0.0625,0.109589041,0.022727273,0.076388889,0.048327138,0.08496732,0.067092652,0.038709677,0,0.126903553,0.031847134,0.093567251,0.025210084,0,0.04787234,0.056497175,0,0.06,0.130841121,0.181818182,0.092682927,0.131386861,0.066666667,0.080519481,0.09252669,0.120481928,0.022260274,0.070895522,0.16015625,0.063758389,0.098039216,0.01459854,0.07037037,0,0.193415638,0.097222222,0.133587786,0.128205128,0.285714286,0.305084746,0.210526316,0.265486726,0.333333333,0.205298013,0.089285714,0.01369863,0.171641791,0.155963303,0.288,0.245901639,0.079268293,0.286885246,0.183673469,0.199052133,0.187817259,0.156716418,0.228187919,0.16,0,0,0.006711409,0,0.005649718,0,0,0,0,0,0,0.078651685,0.013986014,0.111111111,0.082125604
Ras signaling pathway - Homo sapiens (human),0,0,0,0,0,0,0,0,0,0,0,0,0,0,0,0,0,0,0,0,0,0,0,0,0,0,0,0,0,0,0,0,0,0,0,0,0,0,0,0,0,0,0,0,0,0,0,0,0,0,0,0.01980198,0,0.077170418,0.087452471,0.076086957,0.085714286,0.087136929,0,0,0,0,0,0,0,0,0,0,0,0,0,0,0,0,0,0,0,0,0,0,0,0,0,0,0,0,0,0,0,0,0,0,0,0,0,0,0,0,0,0,0.0041841,0,0,0,0,0,0,0,0,0,0.31840796,0.171532847,1,0.331343284,0.146987952,0.049479167,0.117359413,0.009505703,0.005988024,0.169398907,0.03343465,0.102236422,0.102102102,0.060509554,0.099071207,0.181538462,0.006734007,0.002762431,0.045584046,0.006514658,0,0,0,0,0.040540541,0.089595376,0.007444169,0,0.031779661,0.010416667,0,0.082872928,0.244725738,0.037790698,0.087719298,0.069078947,0.068100358,0.019011407,0,0.028645833,0.085872576,0,0.043243243,0.114457831,0.03307888,0,0.010380623,0.009174312,0.1,0.143410853,0.122754491,0.076923077,0.00511509,0.007604563,0.171581769,0,0,0.044217687,0.030534351,0.08361204,0.070621469,0,0.081081081,0,0.05707196,0,0.072555205,0.031941032,0.03030303,0.020477816,0.125827815,0.057894737,0.018237082,0.102102102,0.034482759,0.041269841,0.039274924,0.137123746,0.108013937,0.142857143,0.117449664,0.070769231,0.060606061,0,0,0.117449664,0.024070022,0.093862816,0,0.18729097,0.078651685,0.118210863,0.122186495,0.121794872,0.07615894,0.115151515,0.072463768,0.019637462,0.015772871,0.035294118,0.117056856,0.168341709,0.126888218,0.022222222,0.130584192,0.051282051,0.073015873,0.10619469,0.073248408,0.108695652,0.019672131,0.081818182,0.040955631,0.086350975,0.039393939,0.057553957,0.033898305,0.040498442,0.177419355,0.010067114,0.049079755,0.071428571,0.052238806,0.058461538,0.053908356,0.098039216,0.026246719,0.1125,0.035616438,0.007220217,0.003831418,0.058139535,0.021201413,0.02189781,0,0,0.041269841,0.043478261,0.05625,0.036630037,0,0.041044776,0.00931677,0,0,0,0.067125645,0.030800821,0.013513514,0.01119403,0.049861496,0.040899796,0.051698671,0.032608696,0.055363322,0.075657895,0.010989011,0.122015915,0.05033557,0.021428571,0.055172414,0.04842615,0.066225166,0.070640177,0.050505051,0.006872852,0.090643275,0.019543974,0.062893082,0.014869888,0.007042254,0.045045045,0.052959502,0,0.06122449,0.082644628,0.096418733,0.059322034,0.164141414,0.059895833,0.06779661,0.072599532,0.152815013,0.0260631,0.04784689,0.178947368,0.051685393,0.204081633,0.03125,0.057692308,0,0.130769231,0.085487078,0.114427861,0.095465394,0.118055556,0.150943396,0.138686131,0.088888889,0.169172932,0.136518771,0.030188679,0,0.189189189,0.049242424,0.122302158,0.105839416,0.047923323,0.124087591,0.146706587,0.106849315,0.142433234,0.096774194,0.167832168,0.097972973,0,0.003472222,0.006688963,0.005405405,0.015432099,0.003663004,0.003610108,0.007352941,0.003076923,0,0.012195122,0.050239234,0.017182131,0.097323601,0.093294461
Rap1 signaling pathway - Homo sapiens (human),0,0,0,0,0,0,0,0,0,0,0,0,0,0,0,0,0.027355623,0,0,0,0,0,0,0,0,0,0,0,0,0,0,0,0,0,0,0,0,0,0,0,0,0,0,0,0,0,0,0,0,0,0,0.032846715,0,0,0,0,0,0,0,0,0,0,0,0,0,0,0,0,0,0,0,0,0,0,0,0,0,0,0,0,0,0,0,0,0,0,0,0,0,0,0,0,0,0,0,0,0,0,0,0,0.004694836,0.004587156,0,0,0,0,0,0,0,0,0.229268293,0.100746269,0.331343284,1,0.184210526,0.105571848,0.152406417,0.007984032,0.006493506,0.155172414,0.009646302,0.1,0.089456869,0.077192982,0.126712329,0.197324415,0.028776978,0,0.082539683,0.007117438,0,0,0,0,0.02173913,0.063636364,0,0,0.038288288,0.02259887,0,0.076470588,0.192389006,0.040880503,0.061349693,0.091240876,0.101214575,0.004149378,0,0,0.099099099,0,0.114551084,0.109677419,0.032608696,0,0,0.016722408,0.107344633,0.135021097,0.122186495,0.069620253,0.036723164,0,0.181034483,0.013605442,0.013812155,0.080769231,0.055710306,0.15503876,0.092879257,0.01369863,0.1886121,0,0.101928375,0,0.068027211,0.028720627,0.014492754,0,0.105633803,0.04735376,0.023178808,0.092948718,0.020134228,0.027210884,0.025806452,0.101754386,0.093632959,0.134693878,0.096428571,0.069767442,0.144876325,0,0,0.124542125,0.054892601,0.130612245,0,0.138408304,0.084848485,0.090909091,0.12543554,0.07641196,0.060283688,0.099678457,0.097560976,0.012480499,0.027777778,0.03030303,0.153558052,0.229691877,0.101587302,0.072463768,0.15648855,0.056680162,0.122302158,0.148026316,0.147601476,0.089494163,0.06741573,0.103333333,0.010869565,0.130434783,0.056666667,0.098360656,0.068965517,0.1,0.160958904,0.057692308,0.104895105,0.100401606,0.044897959,0.042622951,0.048850575,0.119133574,0.079881657,0.174377224,0.029239766,0.003968254,0.004255319,0.064655172,0.043650794,0.016,0,0,0.090252708,0.1171875,0.075862069,0.057613169,0,0,0.034602076,0,0,0,0.066427289,0.032537961,0.028673835,0.013752456,0.06006006,0.036480687,0.057010786,0.036,0.056818182,0.059859155,0.012145749,0.072972973,0.070895522,0.027667984,0.037037037,0.046272494,0.090692124,0.06993007,0.07518797,0.00754717,0.126623377,0.036101083,0.090909091,0.033472803,0.019607843,0.052287582,0.06122449,0.01320132,0.056910569,0.060693642,0.081395349,0.026470588,0.172506739,0.049586777,0.06916996,0.071960298,0.100817439,0.015471167,0.043037975,0.116402116,0.04,0.178060413,0.020253165,0.037593985,0,0.143250689,0.074380165,0.137466307,0.079800499,0.104477612,0.116,0.095785441,0.089430894,0.149193548,0.116363636,0.042194093,0.003676471,0.215517241,0.068085106,0.07518797,0.08203125,0.037800687,0.105882353,0.14057508,0.083094556,0.136075949,0.098039216,0.12,0.099264706,0,0,0,0.005813953,0.023648649,0,0,0,0.020408163,0.021352313,0.055172414,0.06443299,0.02661597,0.109660574,0.115015974
Calcium signaling pathway - Homo sapiens (human),0,0,0,0,0,0,0,0,0,0,0,0,0,0,0,0.011583012,0.027932961,0,0,0,0,0,0,0,0,0.010452962,0,0,0,0,0,0,0,0,0,0,0,0,0,0,0,0,0,0,0,0,0,0,0,0,0,0.046822742,0,0,0,0,0,0,0.006872852,0,0,0,0,0,0,0,0,0,0,0,0.003636364,0,0,0,0,0,0,0,0,0,0,0,0,0,0,0,0,0,0,0,0,0,0,0,0,0,0,0.003311258,0.004098361,0,0,0,0,0,0,0,0,0,0,0,0.141025641,0.045016077,0.146987952,0.184210526,1,0.193548387,0.138271605,0.003752345,0.002949853,0.048543689,0.011764706,0.048048048,0.008152174,0.087096774,0.034582133,0.096045198,0.116883117,0,0.08797654,0,0,0,0,0,0,0.01061008,0,0.002695418,0.012371134,0.005128205,0.003115265,0.007633588,0.093922652,0.002777778,0.013477089,0.034591195,0.034246575,0,0.007168459,0.028350515,0.064516129,0.051446945,0.150442478,0.143730887,0.04859335,0,0.010238908,0,0.034313725,0.052816901,0.12462908,0.019390582,0.002525253,0,0.060096154,0,0,0.013029316,0.012376238,0.131034483,0.013227513,0.009287926,0.089820359,0,0.04368932,0.003816794,0,0.029126214,0,0,0.048780488,0.015,0.005934718,0.033426184,0,0.018404908,0.01754386,0.017751479,0.025477707,0.013157895,0.024316109,0.005714286,0.020172911,0.006968641,0,0.154109589,0.030567686,0.149812734,0.006329114,0.052785924,0.080779944,0.113207547,0.120634921,0.085889571,0.061290323,0.110447761,0.060070671,0.03348554,0.061889251,0.026819923,0.145762712,0.098360656,0.041436464,0.108843537,0.132653061,0.043010753,0.030120482,0.082857143,0.1,0.003236246,0.075085324,0.061764706,0,0.169139466,0.108626198,0.053003534,0.136029412,0.177700348,0.075801749,0.105072464,0.08125,0.066666667,0.021428571,0.005780347,0,0.055900621,0.094182825,0.087613293,0,0,0,0.010948905,0.077205882,0.021582734,0,0,0.148788927,0.144927536,0.099678457,0.021352313,0.008823529,0,0.034591195,0,0.023890785,0.010416667,0.083333333,0.067510549,0.025466893,0.032136106,0.084985836,0.066528067,0.091463415,0.032142857,0.111510791,0.064308682,0.025641026,0.049140049,0.003164557,0.03202847,0.013071895,0.004597701,0.033970276,0,0.025974026,0,0.010723861,0.00955414,0.039513678,0.03358209,0.006944444,0.005714286,0.058823529,0.005970149,0.05,0.005063291,0.012594458,0,0.09929078,0.017326733,0.014209591,0.05,0.048309179,0,0.004545455,0.056074766,0.017241379,0.117391304,0.011682243,0.009090909,0,0.062052506,0.028037383,0.099756691,0.028888889,0.00617284,0.013114754,0.012820513,0.010169492,0.089965398,0.033742331,0.007272727,0,0.102473498,0.018115942,0,0,0.003021148,0.03654485,0.063186813,0.02,0.065753425,0.036789298,0.036809816,0.024922118,0.003703704,0.003424658,0,0.005347594,0.009090909,0.003610108,0,0.007246377,0.037735849,0.035947712,0.083870968,0.06235012,0.003344482,0.055684455,0.032697548
cGMP-PKG signaling pathway - Homo sapiens (human),0,0,0,0,0,0,0,0,0,0,0,0,0,0,0,0.005319149,0.064981949,0,0,0,0,0,0,0,0,0.00462963,0,0,0,0,0,0,0,0,0,0,0,0,0,0,0,0,0,0,0,0,0,0,0,0,0,0.021276596,0,0,0,0,0,0,0,0,0,0,0,0,0,0,0,0,0,0,0,0,0,0,0,0,0,0,0,0,0,0,0,0,0,0,0,0,0,0.011494253,0,0,0.00952381,0,0,0,0,0,0,0,0,0,0,0,0,0,0,0,0,0,0.059770115,0.037037037,0.049479167,0.105571848,0.193548387,1,0.239616613,0,0,0.094512195,0,0.041509434,0.045614035,0.056,0.108527132,0.105263158,0.033203125,0,0.116104869,0,0,0,0,0,0.004201681,0.047619048,0.005970149,0,0.002398082,0,0,0.038585209,0.052525253,0.058823529,0.044827586,0.11790393,0.080188679,0,0.009708738,0.021943574,0.137323944,0.090128755,0.320833333,0.303030303,0.046583851,0,0,0.015564202,0.057575758,0.076190476,0.219123506,0.049822064,0.009345794,0,0.060518732,0,0,0.017094017,0.024390244,0.143497758,0.026490066,0.007968127,0.192622951,0.004098361,0.059347181,0.005291005,0.026515152,0.038461538,0,0,0.106122449,0.012158055,0,0.041958042,0.007722008,0.040160643,0.037735849,0.066929134,0.068669528,0.035242291,0.035294118,0.060836502,0.029304029,0,0.005,0.157894737,0.061170213,0.158415842,0,0.071161049,0.089965398,0.115079365,0.176470588,0.076628352,0.066666667,0.154440154,0.118226601,0.027118644,0.036885246,0.048387097,0.127659574,0.067385445,0.089605735,0.222222222,0.155555556,0.053140097,0.084677419,0.176923077,0.155172414,0.039473684,0.174757282,0.111969112,0.026086957,0.273809524,0.141666667,0.147959184,0.235602094,0.267942584,0.138461538,0.165829146,0.176724138,0.1,0.049261084,0.07421875,0.025477707,0.051181102,0.141843972,0.190871369,0.009803922,0.004784689,0.005208333,0.073684211,0.12244898,0.049751244,0.049723757,0,0.233333333,0.191176471,0.14957265,0.086294416,0.046511628,0,0.075630252,0,0.075829384,0.013953488,0.099800399,0.056097561,0.017241379,0.046460177,0.076388889,0.081081081,0.069883527,0.069306931,0.134615385,0.066115702,0,0.085889571,0.004115226,0.009302326,0,0.019607843,0.045454545,0.02970297,0.056521739,0,0.048275862,0.008264463,0.067460317,0.035532995,0,0.04887218,0.026717557,0,0.064417178,0.028571429,0.078688525,0.013245033,0.180722892,0.04,0.033195021,0.124277457,0.093939394,0.010416667,0.008196721,0.095375723,0.007575758,0.067278287,0.002785515,0.045070423,0,0.050847458,0.021413276,0.11143695,0.045576408,0.041152263,0.039647577,0.034042553,0.041666667,0.066079295,0.073170732,0.02,0,0.039130435,0.024630542,0.038461538,0.04,0.01171875,0.039130435,0.026143791,0.027607362,0.025974026,0.034934498,0.031128405,0.066666667,0,0,0.004329004,0,0,0,0,0,0.048979592,0.042735043,0.095833333,0.078717201,0.008888889,0.085227273,0.051546392
cAMP signaling pathway - Homo sapiens (human),0,0,0,0,0,0,0,0,0,0.007633588,0,0,0,0,0,0,0.054380665,0,0,0,0,0,0,0,0,0,0,0,0,0,0,0.008,0,0,0,0,0,0,0,0,0,0,0,0,0,0,0,0,0,0,0,0.013793103,0,0.006289308,0.007434944,0,0,0.008163265,0,0,0,0,0,0,0.007968127,0,0,0,0,0,0,0,0,0,0,0,0,0,0,0,0,0,0,0,0.008130081,0.007575758,0,0,0,0.00952381,0,0,0,0,0,0,0,0.007092199,0,0,0,0,0,0.010238908,0,0,0,0,0,0,0.06846473,0.088967972,0.117359413,0.152406417,0.138271605,0.239616613,1,0.001941748,0,0.125340599,0.00931677,0.074918567,0.060240964,0.046052632,0.100323625,0.09495549,0.132038835,0.005780347,0.089783282,0,0,0,0,0,0.024475524,0.067846608,0.007731959,0,0.008547009,0.002688172,0.006644518,0.04432133,0.053113553,0.055555556,0.068862275,0.111111111,0.080152672,0.012,0,0.018766756,0.086455331,0.065743945,0.23255814,0.14516129,0.051075269,0.007194245,0.025925926,0.022727273,0.068965517,0.06870229,0.118012422,0.073846154,0.010695187,0.004016064,0.093264249,0,0,0.03180212,0.045576408,0.084210526,0.04,0.003267974,0.123778502,0.003355705,0.045801527,0,0.072607261,0.025316456,0.021052632,0.010676157,0.105442177,0.032,0,0.060240964,0.032786885,0.036423841,0.034591195,0.094276094,0.093862816,0.086466165,0.070707071,0.091803279,0.073717949,0,0.003937008,0.169117647,0.058411215,0.156626506,0,0.133333333,0.082111437,0.109271523,0.159722222,0.080645161,0.07266436,0.157377049,0.056390977,0.029641186,0.051369863,0.0375,0.131205674,0.089588378,0.104938272,0.171755725,0.154411765,0.070866142,0.113793103,0.15755627,0.15,0.085820896,0.121212121,0.114006515,0.043165468,0.164596273,0.104377104,0.157676349,0.141732283,0.203773585,0.151315789,0.104247104,0.12371134,0.08778626,0.051181102,0.085808581,0.05027933,0.07,0.13253012,0.18815331,0.034188034,0,0,0.070539419,0.074509804,0.055776892,0.038297872,0,0.129963899,0.151162791,0.113793103,0.076305221,0.028571429,0,0.087719298,0,0.048507463,0,0.072695035,0.054112554,0.015625,0.037401575,0.073746313,0.07860262,0.065749235,0.125,0.178861789,0.094736842,0.044,0.123966942,0.027586207,0.026515152,0.031914894,0.039800995,0.054054054,0.056179775,0.072202166,0.010909091,0.094801223,0.024054983,0.080267559,0.003891051,0,0.047169811,0.041935484,0,0.072192513,0.055865922,0.097421203,0.052631579,0.143589744,0.050938338,0.057471264,0.1075,0.089238845,0.022315202,0.041871921,0.096202532,0.036613272,0.102639296,0.00729927,0.067839196,0,0.103626943,0.031067961,0.127604167,0.064748201,0.088652482,0.086142322,0.091911765,0.060836502,0.100371747,0.096551724,0.019762846,0.014285714,0.057761733,0.0234375,0.068345324,0.066666667,0.03986711,0.057761733,0.048433048,0.042895442,0.042253521,0.050541516,0.081355932,0.068965517,0,0.011070111,0.014184397,0.005633803,0.006410256,0,0,0.003875969,0.033222591,0.027586207,0.081911263,0.076142132,0.010791367,0.101010101,0.084337349
Cytokine-cytokine receptor interaction - Homo sapiens (human),0,0,0,0,0,0,0,0,0,0,0,0,0,0,0,0,0,0,0,0,0,0,0,0,0,0,0,0,0,0,0,0,0,0,0,0,0,0,0,0,0,0,0,0,0,0,0,0,0,0,0,0,0,0,0,0,0,0,0,0,0,0,0,0,0,0,0,0,0,0,0,0,0,0,0,0,0,0,0,0,0,0,0,0,0,0,0,0,0,0,0,0,0,0,0,0.002941176,0,0.008450704,0.01010101,0,0.003355705,0.00330033,0,0,0,0,0,0,0,0,0.02972028,0,0.009505703,0.007984032,0.003752345,0,0.001941748,1,0.338983051,0.154028436,0.075471698,0.017632242,0.024038462,0,0.004854369,0.006818182,0.013888889,0.007159905,0,0.008219178,0,0,0,0,0,0,0,0,0.016759777,0,0,0.004454343,0.07628524,0.004830918,0.026190476,0,0,0.006153846,0,0.068235294,0.018058691,0,0,0,0,0,0,0.089635854,0.012738854,0,0.002309469,0.049627792,0.043879908,0,0,0,0.006681514,0.005494505,0,0,0.040380048,0,0,0.008108108,0,0,0.090163934,0.057395143,0.064139942,0.068656716,0.028350515,0.280555556,0.079452055,0.065,0.086592179,0.043126685,0.080428954,0.023076923,0,0.016806723,0,0.059895833,0.004914005,0.068322981,0,0,0.003809524,0,0,0.00729927,0,0,0,0,0,0,0,0,0,0,0.010282776,0.003831418,0,0,0,0.005813953,0,0,0,0.011080332,0,0.002409639,0.013927577,0,0,0,0,0,0.007125891,0,0.0025,0,0.002941176,0.0075,0.02739726,0.028645833,0,0.012195122,0.071078431,0.030487805,0,0,0,0,0,0,0,0,0,0,0,0,0,0,0,0,0.010416667,0,0.004573171,0,0,0.008880995,0.011811024,0,0,0,0,0,0,0,0.019553073,0.025,0.016885553,0.01682243,0.030555556,0.029239766,0.023696682,0.036211699,0.067204301,0.031055901,0.045454545,0.040920716,0.044736842,0.002557545,0.072234763,0.051162791,0.05787037,0.066339066,0.083333333,0.086247086,0.0330033,0.044444444,0.06768559,0.041290323,0.044117647,0.045360825,0.060362173,0.079738562,0.020920502,0.012170385,0,0.012145749,0.00331675,0.001976285,0,0.013297872,0.008310249,0.013661202,0,0,0.002557545,0,0.005617978,0,0.002985075,0.013661202,0.008356546,0,0,0.002267574,0.010917031,0.011389522,0,0,0.010526316,0.03164557,0.064220183,0.094224924,0.011737089,0.092957746,0.037383178,0.024316109,0.021472393,0.013157895,0,0.010335917,0.010141988,0.005665722,0.078224101,0.035799523
Viral protein interaction with cytokine and cytokine receptor - Homo sapiens (human),0,0,0,0,0,0,0,0,0,0,0,0,0,0,0,0,0,0,0,0,0,0,0,0,0,0,0,0,0,0,0,0,0,0,0,0,0,0,0,0,0,0,0,0,0,0,0,0,0,0,0,0,0,0,0,0,0,0,0,0,0,0,0,0,0,0,0,0,0,0,0,0,0,0,0,0,0,0,0,0,0,0,0,0,0,0,0,0,0,0,0,0,0,0,0,0,0,0.01242236,0.019417476,0,0,0.009259259,0,0,0,0,0,0,0,0,0.01025641,0,0.005988024,0.006493506,0.002949853,0,0,0.338983051,1,0.27510917,0.085106383,0.014563107,0.013157895,0,0.00921659,0.012244898,0,0,0,0.011695906,0,0,0,0,0,0,0,0,0.020348837,0,0,0.007874016,0.01793722,0,0.021645022,0,0,0.007633588,0,0.019685039,0.007874016,0,0,0,0,0,0,0.005181347,0.007142857,0,0,0.017857143,0,0,0,0,0,0,0,0,0.004132231,0,0,0.005649718,0,0,0.068062827,0.032727273,0.017964072,0.044871795,0.03030303,0.064,0.031088083,0.017621145,0.077777778,0.021276596,0.034825871,0.014925373,0,0.005988024,0,0.087179487,0.009433962,0.071942446,0,0,0,0,0,0,0,0,0,0,0,0,0,0,0,0,0,0.006116208,0,0,0,0,0,0,0,0,0,0,0.018072289,0,0,0,0,0,0,0,0,0,0.006896552,0.014634146,0.02,0.020408163,0,0,0.029787234,0.021428571,0,0,0,0,0,0,0,0,0,0,0,0,0,0,0,0,0.008333333,0,0.006507592,0,0,0.008108108,0.008756567,0,0,0,0,0,0,0,0.042944785,0.027681661,0.014619883,0.023460411,0.035294118,0.046666667,0.030434783,0.011428571,0.057591623,0.030075188,0.041666667,0.029126214,0.035897436,0.005102041,0.025641026,0.011811024,0.011583012,0.021367521,0.072607261,0.042307692,0.004662005,0.028753994,0.042553191,0.013245033,0.010033445,0.016286645,0.027863777,0.017741935,0.01384083,0.020134228,0,0.003289474,0,0,0,0,0,0,0,0,0,0,0,0,0.007142857,0,0.006024096,0,0,0,0,0,0,0,0,0.0234375,0.013245033,0.050955414,0.008547009,0.096590909,0.022222222,0.021582734,0.00729927,0.010638298,0,0.005128205,0,0,0.053511706,0.012711864
Chemokine signaling pathway - Homo sapiens (human),0,0,0,0,0,0,0,0,0,0,0,0,0,0,0,0,0.028938907,0,0,0,0,0,0,0,0,0,0,0,0,0,0,0,0,0,0,0,0,0,0,0,0,0,0,0,0,0,0,0,0,0,0,0.039215686,0,0,0,0,0,0,0,0,0,0,0,0,0,0,0,0,0,0,0,0,0,0,0,0,0,0,0,0,0,0,0,0,0,0,0,0,0,0,0,0,0,0,0,0,0,0.007905138,0.01025641,0,0,0,0,0,0,0,0,0,0,0,0.08,0.144628099,0.169398907,0.155172414,0.048543689,0.094512195,0.125340599,0.154028436,0.27510917,1,0.076363636,0.06360424,0.080267559,0.047101449,0.122743682,0.156462585,0.001808318,0.003144654,0.048701299,0,0,0,0,0,0.023255814,0.067307692,0,0,0.044811321,0.005847953,0,0.077399381,0.103030303,0.0330033,0.075409836,0.106299213,0.109170306,0,0,0.017391304,0.06097561,0,0.089171975,0.090301003,0.040229885,0,0.033333333,0.014184397,0.093567251,0.125560538,0.177935943,0.081081081,0.00867052,0.004545455,0.126074499,0,0,0.039525692,0.040345821,0.129032258,0.066878981,0,0.161764706,0,0.073033708,0,0.116981132,0.065155807,0.035573123,0.049382716,0.112781955,0.059171598,0,0.109965636,0.079245283,0.051851852,0.052631579,0.134099617,0.151260504,0.120689655,0.115830116,0.101449275,0.112727273,0.025531915,0,0.16064257,0.044334975,0.088235294,0,0.156133829,0.133333333,0.159090909,0.22983871,0.141791045,0.137651822,0.128919861,0.076923077,0.017741935,0.045112782,0.018518519,0.106870229,0.104986877,0.111486486,0.069230769,0.126482213,0.051948052,0.113636364,0.157342657,0.109848485,0.139130435,0.072289157,0.106007067,0.048192771,0.112540193,0.041811847,0.10619469,0.052419355,0.066176471,0.258823529,0.070833333,0.107806691,0.103448276,0.04845815,0.063829787,0.051515152,0.127413127,0.084375,0.214007782,0.047021944,0,0,0.0456621,0.047008547,0.026086957,0,0,0.067669173,0.085020243,0.069090909,0.062222222,0,0,0.044609665,0,0,0,0.053016453,0.017777778,0.003610108,0.010141988,0.046875,0.040268456,0.030864198,0.038793103,0.01953125,0.164609053,0,0.114705882,0.080321285,0.029787234,0.082644628,0.045698925,0.105793451,0.060096154,0.042801556,0.02892562,0.146341463,0.038610039,0.122137405,0.02690583,0.008333333,0.081850534,0.084870849,0,0.036211699,0.100946372,0.116719243,0.074675325,0.291021672,0.08358209,0.073921971,0.092348285,0.19504644,0.032258065,0.064864865,0.167630058,0.06,0.138582677,0.010498688,0.090909091,0,0.112044818,0.05907173,0.122222222,0.086387435,0.103174603,0.120171674,0.112033195,0.101321586,0.1125,0.107279693,0.031531532,0.003937008,0.073170732,0.044843049,0.145299145,0.121212121,0.059701493,0.118644068,0.079617834,0.087613293,0.079113924,0.06504065,0.094339623,0.106299213,0.004504505,0,0.015810277,0,0.047794118,0,0,0.00877193,0,0,0.043478261,0.058981233,0.012048193,0.143258427,0.074675325
NF-kappa B signaling pathway - Homo sapiens (human),0,0,0,0,0,0,0,0,0,0,0,0,0,0,0,0,0,0,0,0,0,0,0,0,0,0,0,0,0,0,0,0,0,0,0,0,0,0,0,0,0,0,0,0,0,0,0,0,0,0,0,0.011428571,0,0,0,0.006097561,0,0,0,0,0,0,0,0,0,0,0,0,0,0,0,0,0,0,0,0,0,0,0,0,0,0,0,0,0,0,0.019230769,0,0.004739336,0,0,0,0,0,0,0,0,0,0,0,0,0,0,0,0.007352941,0,0,0.006944444,0,0,0.069892473,0.016129032,0.03343465,0.009646302,0.011764706,0,0.00931677,0.075471698,0.085106383,0.076363636,1,0.03902439,0.026200873,0.015151515,0.037209302,0.020242915,0,0.017621145,0,0.041176471,0.025,0,0,0,0.035294118,0.025104603,0.007352941,0,0.002824859,0.011857708,0,0.019607843,0.022321429,0.004464286,0.121495327,0.010471204,0,0.046153846,0,0.073469388,0.027667984,0,0.003952569,0.008474576,0.02238806,0,0.006289308,0.005076142,0.010600707,0.025157233,0,0.126213592,0.007722008,0,0.016666667,0,0.015564202,0.029411765,0,0.005235602,0,0.005291005,0.017857143,0.005524862,0.031578947,0,0.162011173,0.120622568,0.108280255,0.077419355,0.089005236,0.011235955,0.025252525,0.044444444,0.125,0.059459459,0.065326633,0.094736842,0.094117647,0.048780488,0.036082474,0.167567568,0.028301887,0.055172414,0,0.005,0,0.005882353,0,0.046948357,0.008,0.004608295,0.009302326,0.009259259,0.005208333,0.004255319,0.012345679,0,0,0,0.030612245,0.003012048,0.004166667,0.005291005,0.005102041,0.006493506,0,0.004132231,0.004901961,0.023529412,0.005617978,0.013513514,0.067901235,0.0078125,0,0.00621118,0,0.004975124,0.013043478,0,0.014492754,0.005988024,0.013513514,0.039215686,0.03187251,0.056994819,0,0.013574661,0.144186047,0.020833333,0,0.007142857,0.006410256,0,0,0,0.005128205,0.005586592,0.004878049,0.006666667,0,0,0,0,0,0,0.029535865,0.005434783,0.010799136,0.002444988,0.008163265,0.016172507,0.026548673,0.013245033,0.005813953,0.005154639,0,0,0,0.013157895,0.0875,0.09057971,0.096875,0.086153846,0.090909091,0.087837838,0.110599078,0.096969697,0.08994709,0.052238806,0.062068966,0.125,0.067357513,0.010050251,0.071698113,0.065306122,0.094650206,0.109589041,0.068181818,0.078431373,0.028368794,0.068852459,0.075812274,0.049403748,0.133333333,0.089655172,0.076923077,0.042692939,0.056939502,0.044067797,0.005813953,0.01980198,0.024752475,0.019354839,0.021875,0.021505376,0,0.052631579,0.018867925,0.034682081,0.041450777,0.02173913,0.018292683,0.01734104,0.006944444,0.058823529,0.042682927,0.113636364,0.035294118,0.020325203,0.026415094,0.016064257,0,0.01,0.122093023,0.030534351,0.019480519,0.030487805,0.016949153,0.076502732,0.028985507,0.013888889,0.067669173,0.005181347,0,0.01010101,0.01320132,0.025,0.131205674,0.061135371
HIF-1 signaling pathway - Homo sapiens (human),0.165562914,0.022058824,0.045112782,0,0.083969466,0.052631579,0,0,0,0,0,0,0,0,0,0.015503876,0,0,0,0,0,0.032467532,0,0,0,0.012738854,0,0,0,0,0,0,0,0,0,0,0,0.028368794,0,0,0,0,0,0,0.025974026,0.036363636,0,0,0,0,0,0.028248588,0,0,0,0,0,0,0,0,0,0,0.054054054,0,0.036764706,0,0,0,0,0,0,0,0,0,0,0,0.006622517,0,0,0,0,0,0,0,0,0,0,0.003759398,0,0,0.038674033,0,0,0,0,0.006493506,0,0.011764706,0,0,0,0,0,0,0,0.006451613,0,0,0,0,0.071808511,0.190184049,0.102236422,0.1,0.048048048,0.041509434,0.074918567,0.017632242,0.014563107,0.06360424,0.03902439,1,0.11627907,0.056410256,0.096153846,0.088983051,0.00212766,0.021645022,0.048034934,0.02247191,0.020325203,0,0,0.007142857,0.011173184,0.086956522,0.007220217,0,0.008403361,0.011627907,0.005263158,0.11814346,0.107655502,0.100478469,0.069868996,0.125,0.103225806,0.007142857,0.02739726,0.042801556,0.081632653,0,0.044354839,0.038461538,0.037174721,0.012048193,0.006097561,0.041025641,0.054347826,0.135135135,0.05982906,0.082191781,0.003773585,0,0.080139373,0,0,0.046511628,0.003610108,0.04787234,0.06779661,0.005154639,0.059090909,0.005376344,0.083333333,0,0.086734694,0.028070175,0.011299435,0.017751479,0.075757576,0.091269841,0.019607843,0.081081081,0.030456853,0.041450777,0.06372549,0.086734694,0.097701149,0.099378882,0.101604278,0.07804878,0.056872038,0.012820513,0.007042254,0.045685279,0.014880952,0.079754601,0,0.106796117,0.01984127,0.02293578,0.099009901,0.02764977,0.015384615,0.043290043,0.05625,0.007352941,0,0,0.083769634,0.049689441,0.133640553,0.048387097,0.057591623,0.025641026,0.076530612,0.068965517,0.071428571,0.104938272,0.016574586,0.12745098,0.047058824,0.060483871,0.107692308,0.077419355,0.011363636,0.040201005,0.096774194,0,0.04368932,0.101910828,0.107142857,0.107142857,0.060240964,0.142076503,0.047619048,0.111650485,0.028688525,0.013333333,0.007462687,0.106060606,0.018867925,0,0,0,0.015151515,0.039325843,0.014423077,0.098591549,0,0,0.005076142,0,0.011976048,0,0.04670913,0.013513514,0.006382979,0.007281553,0.054393305,0.02688172,0.033568905,0.012820513,0.040935673,0.015228426,0,0.010238908,0.033333333,0.019230769,0.028735632,0.023411371,0.078787879,0.046783626,0.039325843,0.024691358,0.078947368,0.062857143,0.104712042,0.042857143,0.019230769,0.06763285,0.076530612,0,0.074349442,0.081300813,0.101626016,0.068965517,0.091503268,0.09375,0.062801932,0.067741935,0.097826087,0.029850746,0.057823129,0.09556314,0.068965517,0.101549053,0.027210884,0.053872054,0,0.125448029,0.068877551,0.09556314,0.067524116,0.114285714,0.186666667,0.141975309,0.113333333,0.179487179,0.150837989,0.035460993,0.005847953,0.110429448,0.063829787,0.101190476,0.128205128,0.080645161,0.14556962,0.094017094,0.099206349,0.093220339,0.234482759,0.131147541,0.157894737,0,0,0.048192771,0.004098361,0.035897436,0.006849315,0.013422819,0,0.015306122,0,0.004901961,0.098591549,0,0.08361204,0.073593074
FoxO signaling pathway - Homo sapiens (human),0.025906736,0.012578616,0,0,0,0.018867925,0,0,0,0,0,0,0,0,0,0,0,0,0,0,0,0,0,0,0.005181347,0,0,0,0,0.005813953,0,0,0,0,0,0,0,0.018292683,0,0,0,0,0,0,0,0,0,0,0,0,0,0.02,0,0,0,0,0,0,0,0,0,0,0.011363636,0.00625,0,0,0,0,0,0,0.006024096,0,0,0,0,0,0,0,0,0,0,0,0,0,0,0,0,0,0,0,0,0,0,0,0,0,0,0.010416667,0,0,0,0,0,0.014778325,0,0,0,0.005847953,0,0,0.109660574,0.155080214,0.102102102,0.089456869,0.008152174,0.045614035,0.060240964,0.024038462,0.013157895,0.080267559,0.026200873,0.11627907,1,0.031674208,0.126126126,0.098425197,0.006122449,0.107296137,0.056451613,0.073684211,0.007380074,0,0,0.025157233,0.057291667,0.147679325,0.010067114,0,0.021390374,0,0.009478673,0.138888889,0.127906977,0.161290323,0.126582278,0.170212766,0.191358025,0.025157233,0,0.021126761,0.190871369,0,0.033088235,0.027131783,0.041522491,0.010638298,0.021857923,0.056338028,0.043333333,0.124260355,0.093117409,0.111587983,0.039711191,0.012658228,0.095709571,0,0,0.063157895,0.041666667,0.068292683,0.109311741,0,0.0625,0,0.059405941,0,0.108490566,0.053511706,0.052356021,0.015706806,0.1352657,0.091911765,0.00877193,0.087136929,0.056338028,0.051886792,0.081447964,0.151960784,0.115183246,0.16374269,0.060465116,0.099547511,0.042553191,0.016949153,0.057692308,0.008849558,0.049132948,0.07027027,0,0.152073733,0.037174721,0.025104603,0.065502183,0.038135593,0.013824885,0.039525692,0.073033708,0,0.00462963,0,0.065116279,0.071428571,0.207207207,0.00462963,0.092682927,0.02247191,0.153465347,0.088709677,0.045045045,0.189349112,0,0.100436681,0.149425287,0.06741573,0.091743119,0.08,0,0,0.135371179,0,0.034934498,0.095505618,0.113207547,0.171568627,0.125984252,0.166666667,0.04,0.156682028,0.100806452,0.011627907,0.006410256,0.098039216,0,0,0.013157895,0,0,0,0,0.072289157,0,0,0,0,0,0,0.066252588,0.007614213,0.010204082,0.013921114,0.049808429,0.041237113,0.039383562,0,0.005025126,0,0,0.039215686,0.02970297,0,0.052356021,0.044585987,0.083094556,0.06442577,0.056122449,0.010752688,0.098360656,0.050505051,0.136585366,0.018181818,0.028409091,0.089686099,0.04954955,0.004405286,0.072413793,0.120622568,0.181451613,0.084337349,0.102167183,0.074733096,0.087058824,0.124203822,0.109215017,0.020634921,0.106312292,0.099358974,0.058309038,0.097844113,0.04516129,0.080645161,0,0.123745819,0.083538084,0.078616352,0.120253165,0.225988701,0.162790698,0.210526316,0.203821656,0.190751445,0.206349206,0.083870968,0.021052632,0.173410405,0.095541401,0.224852071,0.151162791,0.103960396,0.194117647,0.130081301,0.141221374,0.161825726,0.104395604,0.128078818,0.139896373,0.00621118,0.010989011,0.037037037,0.003759398,0.018181818,0.011976048,0.011695906,0.018072289,0.057416268,0,0.01793722,0.087947883,0.005263158,0.09148265,0.084337349
Phosphatidylinositol signaling system - Homo sapiens (human),0,0,0,0,0,0,0,0,0,0,0,0,0,0,0,0,0,0,0,0,0,0,0,0,0,0,0,0,0,0,0,0,0,0,0,0,0,0,0,0,0,0,0,0,0,0,0,0,0,0,0.067114094,0.559633028,0,0.071038251,0,0,0,0,0,0,0,0,0,0,0,0,0,0,0,0,0,0,0,0,0,0,0,0,0,0.009433962,0,0,0,0,0,0,0,0,0,0,0,0,0,0,0,0,0,0,0,0,0,0,0,0,0,0,0,0,0,0,0.007731959,0.064327485,0.060509554,0.077192982,0.087096774,0.056,0.046052632,0,0,0.047101449,0.015151515,0.056410256,0.031674208,1,0.069306931,0.118721461,0,0,0.050691244,0.00591716,0,0,0,0.0078125,0,0.053097345,0,0,0.008695652,0.008097166,0,0.041152263,0.018058691,0.028301887,0.040178571,0.033333333,0.039215686,0,0,0,0.072033898,0,0.05106383,0.079439252,0.026923077,0,0,0,0.033333333,0.075862069,0.067873303,0.032110092,0,0,0.045614035,0,0,0,0,0.057142857,0.025641026,0,0.06763285,0,0.055147059,0,0.030769231,0.025547445,0,0,0.092391304,0.023346304,0,0.050691244,0,0.005319149,0.004901961,0.036082474,0.059171598,0.064516129,0.08988764,0.02955665,0.055,0,0,0.08988764,0,0.115646259,0,0.074626866,0.042553191,0.049751244,0.082474227,0.049751244,0.016393443,0.080188679,0.068027211,0.013232514,0.028089888,0.059322034,0.147058824,0.041533546,0.068493151,0.045714286,0.091954023,0,0.031088083,0.092592593,0.076086957,0.037267081,0.061728395,0.101010101,0,0.072649573,0.073684211,0.040268456,0.092105263,0.095505618,0.051162791,0.04516129,0.051813472,0.110344828,0.04379562,0.040609137,0.024390244,0.100558659,0.028571429,0.090452261,0,0,0,0.072,0.048951049,0,0,0,0.098837209,0.108974359,0.052910053,0.082706767,0,0,0,0,0,0,0.045652174,0.03125,0.004357298,0.01511335,0.076233184,0.024930748,0.034296029,0,0.064102564,0.016216216,0,0.025270758,0.035714286,0.020833333,0.012121212,0,0.06501548,0.020648968,0.042168675,0,0.044642857,0.005780347,0.052910053,0.05511811,0,0,0.069892473,0,0.029739777,0.024193548,0.036,0.026086957,0.076923077,0.030769231,0.016627078,0.022435897,0.069852941,0.009950249,0.023972603,0.072916667,0.034591195,0.038016529,0,0.020338983,0,0.052264808,0.030379747,0.03,0.022364217,0.033898305,0.0375,0.035928144,0.047297297,0.124183007,0.037433155,0,0,0.043209877,0,0.035928144,0.037974684,0.038461538,0.069620253,0.029535865,0.04743083,0.025,0.04375,0.13372093,0.04494382,0,0,0,0,0,0,0,0,0,0,0,0.048951049,0,0.068493151,0.058295964
Sphingolipid signaling pathway - Homo sapiens (human),0,0,0,0,0,0,0,0,0,0,0,0,0,0,0,0.007142857,0,0,0,0,0,0,0,0,0,0.005952381,0,0,0,0,0,0,0,0,0,0,0,0,0,0,0,0,0,0,0,0,0,0,0,0,0,0.043478261,0,0.009259259,0.011976048,0,0,0,0.162162162,0,0,0,0,0,0,0,0,0,0,0,0,0,0,0,0,0,0,0,0,0,0,0,0,0,0,0.006134969,0,0,0,0.08,0,0,0,0,0,0,0,0,0,0,0,0,0,0.005181347,0,0,0,0,0,0,0.086842105,0.127071823,0.099071207,0.126712329,0.034582133,0.108527132,0.100323625,0.004854369,0.00921659,0.122743682,0.037209302,0.096153846,0.126126126,0.069306931,1,0.145922747,0.021231423,0.004081633,0.068376068,0.026737968,0,0,0,0.013422819,0.043715847,0.111111111,0.024822695,0.012096774,0.01369863,0.003703704,0,0.1,0.097447796,0.121495327,0.148648649,0.083333333,0.071005917,0.048611111,0.006289308,0.041198502,0.1,0,0.14957265,0.081196581,0.058608059,0,0.005747126,0.044117647,0.09057971,0.202702703,0.102564103,0.122727273,0.033707865,0,0.103448276,0,0,0.038251366,0.066666667,0.10106383,0.087136929,0.009852217,0.146226415,0.005102041,0.103571429,0,0.120603015,0.066901408,0.06779661,0.011111111,0.137755102,0.043956044,0.004608295,0.10619469,0.070351759,0.055,0.050925926,0.155440415,0.129213483,0.230263158,0.125,0.126829268,0.099056604,0,0,0.064039409,0.023323615,0.094117647,0,0.16097561,0.08097166,0.068807339,0.137254902,0.08372093,0.02970297,0.172897196,0.162337662,0,0.019900498,0,0.124352332,0.08411215,0.094017094,0.040609137,0.127659574,0,0.121827411,0.12173913,0.094527363,0.159509202,0.043010753,0.121495327,0.068181818,0.092,0.036697248,0.079268293,0.05027933,0.043269231,0.169811321,0.027932961,0.102941176,0.158227848,0.092715232,0.107317073,0.100401606,0.196721311,0.045801527,0.171568627,0.065306122,0.00621118,0,0.090909091,0.055214724,0,0,0,0.039408867,0.059782609,0.047393365,0.092105263,0,0,0,0.007042254,0,0,0.067940552,0.02393617,0.027659574,0.02905569,0.091666667,0.053763441,0.058718861,0.030674847,0.016216216,0.034482759,0,0.033783784,0.042553191,0.005952381,0.055865922,0.078498294,0.109090909,0.088757396,0.089385475,0.01734104,0.137777778,0.053763441,0.220994475,0.068493151,0.005952381,0.1,0.083333333,0,0.095238095,0.140495868,0.137651822,0.079497908,0.166101695,0.086142322,0.102941176,0.082539683,0.117857143,0.031045752,0.088135593,0.149305556,0.066869301,0.085141903,0.012987013,0.0625,0,0.105802048,0.061881188,0.085245902,0.103225806,0.151685393,0.105882353,0.153846154,0.134615385,0.134502924,0.119170984,0.06122449,0.011111111,0.116959064,0.059602649,0.12716763,0.113772455,0.082051282,0.136904762,0.081300813,0.087121212,0.080645161,0.111764706,0.154255319,0.130434783,0.02739726,0,0.016574586,0.003937008,0.004739336,0.006410256,0.00625,0,0.004807692,0,0.004672897,0.10652921,0.028735632,0.139931741,0.126637555
Phospholipase D signaling pathway - Homo sapiens (human),0,0,0,0,0,0,0,0,0,0,0,0,0,0,0,0,0.033707865,0,0,0,0,0,0,0,0,0,0,0,0,0,0,0,0,0,0,0,0,0,0,0,0,0,0,0,0,0,0,0,0,0,0.09375,0.0625,0,0.122727273,0.064516129,0.034653465,0.040935673,0.041916168,0.025510204,0,0,0,0,0,0,0,0,0,0,0,0,0,0,0,0,0,0,0,0,0,0,0,0,0,0,0,0,0,0,0,0,0,0,0,0,0,0,0,0,0,0,0,0,0,0,0,0,0,0,0,0.094059406,0.153465347,0.181538462,0.197324415,0.096045198,0.105263158,0.09495549,0.006818182,0.012244898,0.156462585,0.020242915,0.088983051,0.098425197,0.118721461,0.145922747,1,0.045081967,0,0.04887218,0.004545455,0,0,0,0.005586592,0.028037383,0.09469697,0,0,0.052770449,0.003344482,0,0.101449275,0.10816777,0.059055118,0.063670412,0.128571429,0.129032258,0,0,0.023333333,0.089605735,0,0.099630996,0.141700405,0.019230769,0,0,0.012552301,0.061093248,0.169491525,0.138888889,0.065637066,0,0,0.111464968,0,0,0.028169014,0.003164557,0.185929648,0.065934066,0.00862069,0.187772926,0,0.076433121,0.01183432,0.058823529,0.024691358,0.004608295,0,0.100436681,0.075342466,0.012295082,0.120481928,0.012552301,0.012658228,0.015873016,0.100436681,0.111111111,0.206703911,0.183574879,0.048387097,0.056451613,0.005102041,0,0.074561404,0.055555556,0.091370558,0.013452915,0.121848739,0.064748201,0.149122807,0.144736842,0.091666667,0.044052863,0.037037037,0.130434783,0.001706485,0.04,0,0.138888889,0.128742515,0.117647059,0.078341014,0.181372549,0.105555556,0.10619469,0.16194332,0.111607143,0.129533679,0.072115385,0.111570248,0.023584906,0.131086142,0.036585366,0.113513514,0.043269231,0.074235808,0.168776371,0.081218274,0.109170306,0.115789474,0.06010929,0.05785124,0.041237113,0.107142857,0.074468085,0.185840708,0.013986014,0.005263158,0.005780347,0.069364162,0.057894737,0.032258065,0,0,0.066666667,0.071770335,0.068376068,0.071428571,0,0.02688172,0.044052863,0,0,0,0.049309665,0.00729927,0.001956947,0.013392857,0.058181818,0.02184466,0.02800659,0.020725389,0.014018692,0.048245614,0,0.05015674,0.071428571,0.036649215,0.033175355,0.064814815,0.073369565,0.064343164,0.018181818,0.009852217,0.08365019,0.013513514,0.077586207,0.033519553,0.005076142,0.031746032,0.063829787,0.004098361,0.037974684,0.077738516,0.080139373,0.032374101,0.144171779,0.052805281,0.062084257,0.072463768,0.082278481,0.023255814,0.035502959,0.065088757,0.046831956,0.105863192,0.00887574,0.041420118,0,0.096273292,0.067599068,0.104294479,0.072254335,0.130434783,0.118556701,0.108910891,0.119565217,0.17989418,0.139534884,0.039325843,0,0.128205128,0.061797753,0.131313131,0.113989637,0.038961039,0.128205128,0.104868914,0.104895105,0.104089219,0.112244898,0.322580645,0.102325581,0.022857143,0.005,0,0.003533569,0.008368201,0.005405405,0,0.005405405,0.004219409,0,0.051724138,0.057228916,0.009708738,0.064516129,0.043636364
Neuroactive ligand-receptor interaction - Homo sapiens (human),0,0,0,0,0,0,0,0,0,0,0,0,0,0,0,0,0,0,0,0,0,0,0,0,0,0,0,0,0,0,0,0,0,0,0,0,0,0,0,0,0,0,0,0,0,0,0,0,0,0,0,0,0,0,0,0,0,0,0,0,0,0,0,0,0,0,0,0,0,0,0,0,0,0,0,0,0,0,0,0,0,0,0,0,0,0,0,0,0,0,0,0,0,0,0,0,0,0,0,0,0.002739726,0,0,0,0,0,0,0,0,0,0,0,0.006734007,0.028776978,0.116883117,0.033203125,0.132038835,0.013888889,0,0.001808318,0,0.00212766,0.006122449,0,0.021231423,0.045081967,1,0,0,0,0,0,0,0,0,0,0,0.002028398,0.001633987,0.001949318,0,0,0.021398003,0.00625,0,0,0,0,0,0,0,0,0.015873016,0.042016807,0,0,0,0,0.001841621,0,0.00804829,0.00204499,0.001930502,0,0,0,0,0.002314815,0.001886792,0.020408163,0,0.027522936,0.014613779,0,0.012844037,0.013157895,0,0.001834862,0,0,0,0.01734104,0,0,0,0,0,0,0,0,0,0.002114165,0,0,0,0.029147982,0.005076142,0.021428571,0,0,0.053719008,0.053097345,0.023706897,0.032537961,0.048837209,0.022774327,0.01686747,0,0.046728972,0,0.026785714,0.024263432,0,0.018181818,0.013363029,0.012254902,0,0.010080645,0.008714597,0.011709602,0.006912442,0.004158004,0.009367681,0.003891051,0.004282655,0.024390244,0.033573141,0.00877193,0.022916667,0.009456265,0.004291845,0.019138756,0,0.002132196,0.003883495,0.006535948,0.01372549,0.02991453,0.008,0,0.002583979,0,0.007281553,0.004950495,0,0,0.015659955,0.011547344,0.01754386,0,0.006493506,0,0.004454343,0,0,0.002427184,0.013586957,0.0048,0.009735744,0.010590015,0.024340771,0.012759171,0.01946472,0.032663317,0.031100478,0.055944056,0.092391304,0.026168224,0,0,0,0.009025271,0.001644737,0,0.004587156,0.002392344,0,0.002283105,0.006507592,0.005037783,0,0,0.002159827,0.02,0.001848429,0,0,0,0.006861063,0.007561437,0.002894356,0.001715266,0.001801802,0.002293578,0,0,0.011925043,0.022909507,0.001805054,0.001769912,0,0,0,0.015929204,0,0,0,0,0,0,0,0,0,0,0,0,0,0,0,0,0,0,0,0,0,0,0.007281553,0,0.010141988,0.002202643,0,0,0,0.004444444,0,0.004385965,0.003552398,0,0,0.002
Cell cycle - Homo sapiens (human),0,0,0,0,0,0,0,0,0,0,0,0,0,0,0,0,0,0,0,0,0,0,0,0,0,0,0,0,0,0,0,0,0,0,0,0,0,0,0,0,0,0,0,0,0,0,0,0,0,0,0,0,0,0,0,0,0,0,0,0,0,0,0,0,0,0,0,0,0,0,0,0,0,0,0,0,0,0,0,0,0,0,0,0,0,0,0,0,0,0,0,0,0.011764706,0.044871795,0,0,0,0.010638298,0,0,0,0,0,0,0.006289308,0.023529412,0.006711409,0.005988024,0.007194245,0.005555556,0.02184466,0.024154589,0.002762431,0,0,0,0.005780347,0.007159905,0,0.003144654,0.017621145,0.021645022,0.107296137,0,0.004081633,0,0,1,0.2,0.129943503,0.084677419,0,0,0,0.010152284,0,0.010204082,0,0.008,0,0,0.007117438,0.045652174,0.012244898,0.019379845,0.004651163,0.010695187,0,0.005988024,0,0.169421488,0,0,0,0.045774648,0.021978022,0.022346369,0.083333333,0.006514658,0,0.015267176,0.007905138,0.063670412,0,0.012345679,0,0,0.020618557,0.010238908,0.004672897,0.018867925,0,0,0,0.006349206,0,0,0.003225806,0,0,0.004347826,0.024475524,0,0,0.00913242,0,0.017316017,0.008733624,0.004807692,0,0,0,0,0.005714286,0.018987342,0,0,0.010416667,0,0.016528926,0,0,0,0,0,0.003875969,0,0,0,0,0,0,0.003802281,0,0,0,0.156565657,0,0.013333333,0.015463918,0,0.037656904,0,0.007168459,0.00862069,0,0,0,0.007874016,0,0.004310345,0,0,0.004273504,0.007142857,0.041284404,0.060150376,0.012295082,0.007490637,0,0,0.006134969,0,0,0,0,0,0,0,0,0,0,0,0,0,0,0.001960784,0.00255102,0.002040816,0.011682243,0,0.002506266,0.00166113,0,0.010309278,0,0,0.006410256,0.004926108,0,0,0.003095975,0.019073569,0.005347594,0,0,0.003802281,0.014925373,0.017777778,0,0.017241379,0.012711864,0.013274336,0,0.016556291,0.067669173,0.086466165,0.043137255,0.038348083,0.017064846,0.057736721,0.183050847,0.042207792,0.001567398,0.082236842,0.039877301,0,0.066450567,0.052631579,0.114478114,0,0.024691358,0.05811138,0.021084337,0.00286533,0.070351759,0.037037037,0.10326087,0.04519774,0.074468085,0.071770335,0.044585987,0.032608696,0.075675676,0.070063694,0.134078212,0.021052632,0.100502513,0.069892473,0.053846154,0.076642336,0.090909091,0.01025641,0,0,0,0,0.026737968,0,0.013824885,0,0,0,0.014018692,0,0.013636364,0.018518519,0.010810811,0.005882353,0.003773585
Oocyte meiosis - Homo sapiens (human),0,0,0,0,0,0,0,0,0,0,0,0,0,0,0,0,0.036,0,0,0,0,0,0,0,0,0,0,0,0,0,0,0,0,0,0,0,0,0,0,0,0,0,0,0,0,0,0,0,0,0,0,0.004926108,0,0,0,0,0,0,0,0,0,0,0,0,0,0,0,0,0,0,0,0,0,0,0,0,0,0,0,0,0,0,0,0,0,0,0,0,0,0.055555556,0,0,0,0,0,0,0,0,0,0,0,0,0,0,0,0.005649718,0,0,0,0,0.054590571,0.033492823,0.045584046,0.082539683,0.08797654,0.116104869,0.089783282,0,0,0.048701299,0,0.048034934,0.056451613,0.050691244,0.068376068,0.04887218,0,0.2,1,0.035532995,0.079051383,0,0,0.01242236,0,0.042145594,0.010067114,0,0.002624672,0,0,0.036101083,0.052060738,0.05,0.022988506,0.073170732,0.084269663,0,0,0.013986014,0.12992126,0,0.170833333,0.11814346,0.059859155,0,0.033149171,0.041666667,0.036423841,0.06741573,0.102040816,0.048582996,0.054945055,0,0.024691358,0,0,0.015075377,0.023890785,0.095,0.033962264,0,0.103896104,0,0.022292994,0,0.030701754,0.032786885,0.020304569,0,0.098130841,0,0,0.031496063,0.032110092,0.051886792,0.048245614,0.053811659,0.03902439,0.036458333,0.013333333,0.029661017,0.01659751,0,0.03125,0.134328358,0.058309038,0.207317073,0,0.101321586,0.081395349,0.098654709,0.099099099,0.042553191,0.057692308,0.163716814,0.067039106,0.027027027,0.033333333,0.046052632,0.174358974,0.022727273,0.067729084,0.090452261,0.172774869,0.089820359,0.447204969,0.106557377,0.126213592,0.041450777,0.078534031,0.028571429,0,0.149193548,0.106976744,0.073863636,0.111111111,0.128078818,0.078838174,0.082872928,0.082191781,0.031746032,0.017241379,0.034632035,0.017793594,0.026666667,0.095785441,0.100877193,0.014869888,0.005780347,0.006410256,0.024390244,0.027932961,0.035502959,0,0,0.109452736,0.143646409,0.054298643,0,0,0,0.057692308,0,0,0,0.038306452,0.047493404,0.020618557,0.002293578,0.011070111,0.043927649,0.04475043,0.022727273,0.129943503,0.057142857,0,0.056478405,0.004830918,0.028409091,0.020304569,0.01863354,0.041322314,0.021505376,0.067010309,0,0.042801556,0.02970297,0.04954955,0,0,0.025316456,0.017467249,0,0.076124567,0.051094891,0.046428571,0.011235955,0.105590062,0.010033445,0.040540541,0.142394822,0.072607261,0.0046875,0.021472393,0.099358974,0.016806723,0.055821372,0.00621118,0.053459119,0,0.070063694,0.013793103,0.065217391,0.020172911,0.014018692,0.020408163,0.014705882,0.016129032,0.084210526,0.04587156,0.018181818,0,0.025252525,0.017751479,0.014705882,0.015384615,0.013636364,0.015,0.022058824,0.013559322,0.02189781,0.015151515,0.013274336,0.057692308,0,0,0,0,0,0,0,0,0.004545455,0,0.060747664,0.037267081,0,0.07120743,0.042471042
p53 signaling pathway - Homo sapiens (human),0,0,0,0,0,0,0,0,0,0,0,0,0,0,0.004854369,0,0.010050251,0,0.015503876,0,0,0,0,0,0,0,0,0,0,0,0,0,0,0,0,0,0.015625,0,0,0,0,0,0,0,0,0,0,0,0,0,0,0.006896552,0,0,0,0,0,0,0,0,0,0,0,0,0,0,0,0,0,0,0,0,0,0,0,0,0,0,0,0,0,0,0,0.013245033,0,0,0,0,0,0,0,0,0,0,0,0,0,0,0,0,0,0,0,0,0,0.008403361,0,0.008849558,0,0.007936508,0.019444444,0.006369427,0.006514658,0.007117438,0,0,0,0.008219178,0.011695906,0,0.041176471,0.02247191,0.073684211,0.00591716,0.026737968,0.004545455,0,0.129943503,0.035532995,1,0.023809524,0,0,0,0.013986014,0.019047619,0.008298755,0,0.003095975,0.004464286,0,0.017777778,0.04400978,0.015706806,0.111702128,0.04516129,0.007462687,0.117021277,0.017857143,0.031111111,0.128078818,0,0.004504505,0,0.021008403,0,0.023809524,0.006024096,0,0.007633588,0.00952381,0,0.026785714,0,0.026217228,0.00625,0,0,0.008333333,0.00625,0.004651163,0.006329114,0,0,0,0,0.005681818,0.011811024,0.007042254,0,0.011428571,0.025751073,0,0.025125628,0.012121212,0,0,0.005681818,0,0,0,0.016483516,0,0,0,0,0.003289474,0,0,0.021276596,0,0,0.005405405,0.005376344,0,0,0.007575758,0,0,0,0.005882353,0,0.004784689,0,0,0.008130081,0.029411765,0.004739336,0,0.014184397,0,0.026455026,0,0.008888889,0,0,0,0,0,0,0.011299435,0,0,0.005555556,0.027027027,0.035928144,0.036363636,0.010471204,0.018957346,0.008695652,0,0.018518519,0,0,0,0,0,0,0,0,0,0,0,0,0,0,0.015555556,0.021084337,0.021028037,0.021563342,0.004651163,0.014662757,0.018552876,0,0,0,0,0,0,0,0.007042254,0.030534351,0.022364217,0.022222222,0.006756757,0.04,0,0,0.01744186,0.009174312,0.008196721,0.033519553,0.005747126,0,0.032653061,0.064814815,0.068181818,0.115789474,0.053003534,0.056277056,0.052083333,0.064981949,0.047058824,0.020942408,0.09561753,0.055555556,0,0.052264808,0.051383399,0.069498069,0,0.02962963,0.046448087,0.010638298,0.003389831,0.096551724,0.007092199,0.095588235,0.082644628,0.104477612,0.06918239,0.078431373,0.054263566,0.106870229,0.065420561,0.095588235,0.007194245,0.137931034,0.090225564,0.057692308,0.057017544,0.057142857,0.014184397,0.005882353,0.00621118,0,0.008,0,0,0,0.009090909,0.00877193,0,0.00617284,0,0.005952381,0.003636364,0.047244094,0.047272727,0.00952381
Ubiquitin mediated proteolysis - Homo sapiens (human),0,0,0,0,0,0,0,0,0,0,0,0,0,0,0,0,0,0,0,0,0,0,0,0,0,0,0,0,0,0,0,0,0,0,0,0,0,0,0,0,0,0,0,0,0,0,0,0,0,0,0,0,0,0,0,0,0,0,0,0,0,0,0,0,0,0,0,0,0,0,0,0,0,0,0,0,0,0,0,0,0,0,0,0,0,0,0,0.006711409,0.004016064,0,0,0,0,0,0.003472222,0,0,0,0,0,0,0,0,0.00462963,0,0.032786885,0,0.005494505,0,0.010309278,0.004608295,0.008888889,0,0,0,0,0,0,0,0,0.025,0.020325203,0.007380074,0,0,0,0,0.084677419,0.079051383,0.023809524,1,0,0,0,0.023923445,0.003546099,0.054054054,0,0.031496063,0,0,0.003367003,0.004048583,0,0.010909091,0,0,0.029585799,0,0.010067114,0.010169492,0,0,0,0.019607843,0,0.036649215,0.021645022,0,0,0,0.011235955,0.013559322,0,0.008823529,0,0,0,0.00974026,0,0,0,0,0,0,0,0.004081633,0.01242236,0.00952381,0,0.008196721,0.01986755,0,0,0.008547009,0,0,0.004081633,0,0,0,0.016,0,0,0.029239766,0,0,0,0,0.007722008,0,0,0,0,0,0,0,0,0,0,0,0,0.014545455,0,0.004273504,0,0.065502183,0,0,0.00952381,0,0.003816794,0.004761905,0,0,0,0,0,0,0,0,0,0.010752688,0.004016064,0.006779661,0,0,0.011583012,0.003533569,0,0,0.005617978,0,0,0,0,0,0,0,0,0,0,0,0,0,0,0,0.035532995,0.001980198,0,0,0,0.021487603,0,0,0,0,0,0.004587156,0,0,0.00295858,0.045698925,0.010335917,0.004608295,0,0.003597122,0.004587156,0.004115226,0,0,0.024193548,0,0,0.003115265,0.010135135,0.013333333,0.010791367,0.00273224,0.006430868,0.004246285,0.048991354,0.012048193,0.00770416,0.014749263,0.038123167,0.008086253,0.027480916,0.015151515,0.014662757,0,0.005797101,0.008928571,0.002832861,0.002747253,0.004405286,0.024271845,0.004608295,0.005025126,0.009302326,0.004201681,0.005617978,0.004901961,0.009433962,0.005494505,0.013953488,0.004807692,0.030837004,0.004694836,0.006968641,0.006493506,0.003448276,0,0,0.004347826,0,0,0,0,0,0,0,0.005586592,0,0,0,0,0,0.002808989,0.007168459
Sulfur relay system - Homo sapiens (human),0,0,0,0,0,0,0,0,0,0,0,0,0,0,0,0,0,0,0,0,0,0.035714286,0,0,0,0,0,0,0,0,0,0,0,0,0,0,0,0,0,0,0,0,0,0,0,0,0,0,0,0,0,0,0,0,0,0,0,0,0,0,0,0,0,0,0,0,0,0.045454545,0,0,0,0,0,0,0.03030303,0,0,0,0,0.125,0,0,0,0,0,0,0,0,0,0,0,0,0,0,0,0,0,0,0,0,0,0,0,0,0,0,0,0,0,0,0,0,0,0,0,0,0,0,0,0,0,0,0,0,0,0,0,0,0,0,0,1,0,0,0,0,0,0,0,0,0,0,0,0,0,0,0,0,0,0,0,0,0,0,0,0,0,0,0,0,0,0,0,0,0,0,0,0,0,0,0,0,0,0,0,0,0,0,0,0,0,0,0,0,0,0,0,0,0,0,0,0,0,0,0,0,0,0,0,0,0,0,0,0,0,0,0,0,0,0,0,0,0,0,0,0,0,0,0,0,0,0,0,0,0,0,0,0,0,0,0,0,0,0,0,0,0,0,0,0,0,0,0,0,0,0,0,0,0,0,0,0,0,0,0,0,0,0,0,0,0,0,0,0,0,0,0,0,0,0,0,0,0,0,0,0,0,0,0,0,0,0,0,0,0,0,0,0,0,0,0,0,0,0,0,0,0,0,0,0,0,0,0,0,0,0,0,0,0,0,0,0,0,0,0,0,0,0,0,0,0,0,0,0,0,0,0,0,0,0,0,0,0,0,0,0,0,0,0,0
SNARE interactions in vesicular transport - Homo sapiens (human),0,0,0,0,0,0,0,0,0,0,0,0,0,0,0,0,0,0,0,0,0,0,0,0,0,0,0,0,0,0,0,0,0,0,0,0,0,0,0,0,0,0,0,0,0,0,0,0,0,0,0,0,0,0,0,0,0,0,0,0,0,0,0,0,0,0,0,0,0,0,0,0,0,0,0,0,0,0,0,0,0,0,0,0,0,0,0,0,0,0,0,0,0,0,0,0,0,0,0,0,0,0,0,0,0,0,0,0,0,0,0,0,0,0,0,0,0,0,0,0,0,0,0,0,0,0,0,0,0,0,0,0,1,0,0,0.01754386,0,0,0,0.022099448,0,0,0,0,0,0,0,0,0,0,0,0,0,0,0,0,0,0,0,0,0,0,0,0,0,0,0,0,0,0,0,0,0.012903226,0,0,0,0,0,0,0,0,0,0,0,0,0,0,0,0,0,0,0,0,0,0,0,0,0,0.047169811,0,0,0,0,0,0,0,0,0,0,0,0,0,0,0.017094017,0,0,0,0,0,0,0,0,0,0,0,0,0,0,0,0,0,0,0,0,0,0,0,0,0,0,0,0,0,0.026666667,0,0,0.008064516,0,0,0,0,0,0,0,0,0,0,0,0,0.00295858,0,0,0.001968504,0,0.00990099,0,0,0,0,0,0,0,0,0,0,0.011235955,0,0,0,0,0,0,0,0,0,0,0,0,0,0,0,0,0,0,0,0,0,0,0,0,0,0,0,0,0,0,0,0,0,0,0,0,0,0,0,0,0,0,0,0,0,0,0,0,0,0,0,0,0,0,0,0,0,0,0,0,0,0,0,0
Autophagy - other - Homo sapiens (human),0,0,0,0,0,0,0,0,0,0,0,0,0,0,0,0,0,0,0,0,0,0,0,0,0,0,0,0,0,0,0,0,0,0,0,0,0,0,0,0,0,0,0,0,0,0,0,0,0,0,0,0.009615385,0,0,0,0,0,0,0,0,0,0,0,0,0,0,0,0,0,0,0,0,0,0,0,0,0,0,0,0,0,0,0,0,0,0,0,0,0,0.015748031,0,0,0,0,0,0,0,0,0,0,0,0,0,0,0,0,0,0,0,0,0,0.00862069,0,0,0,0,0,0,0,0,0,0.007142857,0.025157233,0.0078125,0.013422819,0.005586592,0,0,0.01242236,0,0,0,0,1,0.083333333,0.226950355,0,0,0,0.005464481,0,0.02173913,0.01312336,0.026845638,0,0.043103448,0.032967033,0.032258065,0.028169014,0,0.005347594,0,0.011111111,0,0,0,0,0.016129032,0,0,0.030120482,0,0.010695187,0,0,0,0,0,0.010050251,0,0,0,0,0,0.009090909,0,0,0.028571429,0.02,0,0,0.005076142,0,0,0,0,0.007194245,0,0,0,0,0,0,0,0,0,0.011494253,0,0,0,0,0,0,0,0.025423729,0.012345679,0.022222222,0,0,0,0,0,0.011976048,0,0,0,0,0,0,0,0,0.006578947,0.01,0,0,0,0,0,0,0,0,0,0.012987013,0.007194245,0,0,0,0.006622517,0,0,0,0,0,0,0,0,0,0,0,0,0,0,0,0,0,0,0.02970297,0,0.03125,0.036809816,0.073619632,0,0.024193548,0,0,0,0,0,0,0,0,0,0.041044776,0.003571429,0,0,0,0,0.015151515,0,0,0,0,0,0.004739336,0.010695187,0,0,0.00390625,0,0.008333333,0,0.022624434,0.001841621,0,0.004115226,0,0.001779359,0,0,0,0.004237288,0.005882353,0.004115226,0,0.008547009,0,0.009345794,0,0.009433962,0.0078125,0,0,0,0,0,0.010204082,0,0,0.005617978,0.005025126,0.005555556,0.00990099,0.007751938,0.008333333,0,0,0,0,0,0,0,0,0,0,0,0.004273504,0,0,0
Mitophagy - animal - Homo sapiens (human),0,0,0,0,0,0,0,0,0,0,0,0,0,0,0,0,0,0,0,0,0,0,0,0,0,0,0,0,0,0,0,0,0,0,0,0,0,0,0,0,0,0,0,0,0,0,0,0,0,0,0,0,0,0,0,0,0,0,0,0,0,0,0,0,0,0,0,0,0,0,0,0,0,0,0,0,0,0,0,0,0,0,0,0,0,0,0.022727273,0.00877193,0,0,0,0,0,0,0,0,0,0,0,0,0,0,0,0.006849315,0,0,0,0,0,0,0.036827195,0.053691275,0.040540541,0.02173913,0,0.004201681,0.024475524,0,0,0.023255814,0.035294118,0.011173184,0.057291667,0,0.043715847,0.028037383,0,0.010152284,0,0.013986014,0.023923445,0,0,0.083333333,1,0.17032967,0.025423729,0,0.012539185,0.009009009,0,0.017857143,0.019138756,0.010471204,0.06122449,0.059210526,0.03875969,0.06122449,0.056074766,0.022123894,0.050691244,0,0.004524887,0,0.038626609,0,0,0.006060606,0.020080321,0.031496063,0.060301508,0.03626943,0,0,0.02247191,0,0,0.036231884,0.021186441,0.025641026,0.014150943,0,0.005128205,0,0.007692308,0,0.035294118,0.071129707,0.044117647,0.015037594,0.073170732,0.008474576,0,0.015,0.0375,0.031446541,0.034482759,0.047619048,0.033557047,0.044776119,0,0.039548023,0,0,0,0,0.009966777,0.02962963,0,0.061111111,0.013824885,0,0.022099448,0.016393443,0.025477707,0.02,0.023255814,0,0,0,0.024096386,0.023809524,0.02955665,0.006369427,0.057692308,0,0.023529412,0.034313725,0.023668639,0.067669173,0.006849315,0.032085561,0.02919708,0.022624434,0.005617978,0,0,0.00591716,0.052356021,0.014814815,0.011363636,0.022556391,0.026086957,0.022727273,0.031818182,0.048780488,0.01793722,0.037837838,0.028846154,0,0,0.009259259,0,0,0,0,0,0,0,0,0,0,0,0,0,0,0.038724374,0.046439628,0.040572792,0.024390244,0.038647343,0.026785714,0.06407767,0.025423729,0.014388489,0,0,0.015686275,0.006756757,0,0.044117647,0.022813688,0.081355932,0.028846154,0.034965035,0.023809524,0.034653465,0.013605442,0.029585799,0,0,0.027932961,0.01754386,0,0.024390244,0.036199095,0.058823529,0.065656566,0.034843206,0.0125,0.017676768,0.042553191,0.094650206,0.010380623,0.030075188,0.03649635,0.027027027,0.0237691,0.023166023,0.029850746,0,0.03358209,0.013262599,0.028985507,0.038732394,0.053333333,0.044444444,0.057142857,0.04,0.035211268,0.043209877,0.038095238,0.007462687,0.043478261,0.056074766,0.04964539,0.02962963,0.025,0.043478261,0.033018868,0.025641026,0.023148148,0.03649635,0.055900621,0.066225166,0,0,0.014814815,0,0.006097561,0,0,0,0,0,0,0.018518519,0,0.051282051,0.039408867
Autophagy - animal - Homo sapiens (human),0,0,0,0,0,0,0,0,0,0,0,0,0,0,0,0,0,0,0,0,0,0,0,0,0,0,0,0,0,0,0,0,0,0,0,0,0,0,0,0,0,0,0,0,0,0,0,0,0,0,0,0.038834951,0,0,0,0,0,0,0,0,0,0,0,0,0,0,0,0,0,0,0,0,0,0,0,0,0,0,0,0,0,0,0,0,0,0,0,0,0,0.008474576,0,0,0,0,0,0,0,0,0,0,0,0,0,0.004651163,0.005780347,0,0,0,0,0,0.058394161,0.118811881,0.089595376,0.063636364,0.01061008,0.047619048,0.067846608,0,0,0.067307692,0.025104603,0.086956522,0.147679325,0.053097345,0.111111111,0.09469697,0,0,0.042145594,0.019047619,0.003546099,0,0.01754386,0.226950355,0.17032967,1,0.02640264,0.018656716,0.015544041,0.020905923,0,0.164705882,0.085526316,0.139130435,0.130612245,0.191709845,0.16,0.042168675,0.034090909,0.023890785,0.1,0,0.039285714,0.041666667,0.023026316,0,0.020725389,0.026200873,0.045307443,0.098901099,0.124497992,0.071713147,0.006756757,0,0.06875,0,0,0.019230769,0.040268456,0.055299539,0.067669173,0,0.064257028,0.00921659,0.057507987,0,0.084070796,0.079734219,0.044554455,0.004926108,0.103603604,0.04778157,0,0.054263566,0.035242291,0.026431718,0.033195021,0.103603604,0.082524272,0.111702128,0.072072072,0.072033898,0.024096386,0,0.011560694,0.025862069,0.047752809,0.06122449,0,0.111111111,0.032142857,0.024096386,0.085470085,0.045081967,0.026785714,0.045977011,0.063492063,0.005199307,0.013392857,0,0.066964286,0.06017192,0.158333333,0.01793722,0.073394495,0.026737968,0.099547511,0.09375,0.047619048,0.110526316,0.018867925,0.110169492,0.076923077,0.053571429,0.037656904,0.087431694,0.024390244,0.017021277,0.093117409,0.01980198,0.037815126,0.096256684,0.1,0.106666667,0.072463768,0.085585586,0.027777778,0.120171674,0.044280443,0.005464481,0.006024096,0.072289157,0.015706806,0.016483516,0,0,0.017467249,0.018779343,0.008298755,0.05027933,0,0,0.013215859,0,0,0,0.096033403,0.027777778,0.076759062,0.051764706,0.122529644,0.048101266,0.086267606,0.016042781,0.014492754,0.013100437,0,0.034700315,0.028301887,0.015957447,0.014423077,0.024242424,0.137829912,0.059782609,0.028436019,0.010204082,0.073359073,0.018691589,0.08,0,0,0.058577406,0.047413793,0,0.055921053,0.095588235,0.089928058,0.081081081,0.082840237,0.054054054,0.070294785,0.07079646,0.109271523,0.034865293,0.048929664,0.092879257,0.038997214,0.056603774,0.006024096,0.045454545,0,0.098412698,0.048837209,0.076219512,0.073746313,0.123762376,0.09947644,0.112820513,0.111731844,0.102040816,0.112149533,0.040935673,0,0.103626943,0.064327485,0.095959596,0.112299465,0.059090909,0.097938144,0.082706767,0.084210526,0.078066914,0.104712042,0.132701422,0.116504854,0,0,0,0,0.004291845,0,0,0,0.008733624,0,0.012820513,0.055214724,0,0.088685015,0.06870229
Protein processing in endoplasmic reticulum - Homo sapiens (human),0,0,0,0,0,0,0,0,0,0,0,0,0,0,0,0,0,0,0,0,0,0,0,0,0,0,0,0,0,0,0,0,0,0,0,0,0,0,0.062801932,0,0,0.055555556,0,0,0,0,0,0,0,0,0,0,0,0,0,0,0,0,0,0,0,0,0,0,0,0,0,0,0,0,0,0,0,0,0,0,0,0,0,0,0,0,0,0,0,0,0,0,0.003610108,0,0,0,0,0,0.019292605,0,0.037634409,0,0,0,0,0,0,0,0,0.014018692,0,0,0,0,0.031111111,0.015936255,0.007444169,0,0,0.005970149,0.007731959,0,0,0,0.007352941,0.007220217,0.010067114,0,0.024822695,0,0,0.010204082,0.010067114,0.008298755,0.054054054,0,0,0,0.025423729,0.02640264,1,0,0.014457831,0.018987342,0,0.003076923,0.011583012,0,0.055172414,0.01171875,0.031111111,0.030612245,0,0.034591195,0.00617284,0,0.009463722,0,0.017964072,0,0.008928571,0.011494253,0,0,0,0.017064846,0,0,0.013661202,0,0,0,0.01497006,0,0,0,0,0.050847458,0,0,0.014814815,0.023121387,0.016949153,0,0.011070111,0.002985075,0,0,0.027237354,0.011583012,0.018315018,0.014814815,0,0.017094017,0,0.02919708,0,0,0.014925373,0,0.002493766,0.004237288,0,0.028469751,0.00952381,0,0.007117438,0,0,0.016835017,0,0,0,0,0.011320755,0,0.009868421,0.007874016,0.019379845,0,0.018726592,0.04040404,0,0.012658228,0.025104603,0,0.017021277,0,0.003623188,0,0,0.007518797,0.020477816,0.008583691,0.010989011,0,0.014084507,0.010909091,0.038338658,0.018867925,0.00619195,0.01754386,0.016286645,0,0,0,0,0,0,0,0,0,0,0,0,0,0,0,0,0,0.031657356,0.045563549,0.040935673,0.017094017,0.029605263,0.039906103,0.047001621,0.00921659,0.008438819,0,0,0.005633803,0,0.028037383,0.012658228,0.028011204,0.037313433,0.029484029,0.012345679,0.041284404,0.016556291,0,0.014925373,0,0,0.036764706,0,0,0.014492754,0.02507837,0.027863777,0.058219178,0.018041237,0.017910448,0.00804829,0.020833333,0.02247191,0.016393443,0.030470914,0.035230352,0.010050251,0.020378457,0.008333333,0.016304348,0,0,0.0041841,0.015957447,0.015503876,0.024,0.004201681,0.020746888,0.008849558,0.008230453,0.019083969,0.009756098,0.008658009,0.008333333,0,0.008196721,0,0.015503876,0.008333333,0.006349206,0.008955224,0.009493671,0,0.011320755,0,0,0,0,0,0,0,0,0,0,0,0,0.008108108,0,0.075418994,0.033444816
Lysosome - Homo sapiens (human),0,0,0,0.006024096,0,0.01875,0.00621118,0,0.012738854,0,0.006622517,0,0,0,0.0390625,0,0.003861004,0,0.005291005,0,0,0,0,0,0,0,0,0,0,0,0,0,0,0,0,0,0,0.005988024,0,0.071428571,0,0.01183432,0,0,0.011173184,0,0.126865672,0,0,0,0.005181347,0,0,0.004347826,0,0,0,0,0.069364162,0,0.027972028,0.020833333,0,0,0,0,0,0,0.014492754,0,0,0,0,0,0,0,0.005747126,0,0,0,0,0,0,0.004739336,0,0.011428571,0,0,0,0,0,0,0,0,0,0,0,0,0,0,0,0.007142857,0,0,0,0,0,0,0,0,0,0,0,0,0.002695418,0,0,0,0,0,0,0,0,0,0.012096774,0,0.002028398,0,0,0,0,0,0,0,0,0.018656716,0,1,0.013227513,0.055762082,0,0.003484321,0,0,0.046875,0,0,0,0.005813953,0.003448276,0,0,0,0,0,0,0,0,0,0,0,0.007751938,0,0,0,0,0,0,0,0,0,0,0,0.019417476,0.003115265,0.013071895,0.004255319,0.003174603,0,0,0,0,0,0,0,0,0,0,0,0,0,0,0,0,0,0,0,0,0.065989848,0.004,0,0,0,0,0,0,0,0,0,0,0,0,0,0,0,0,0,0.003703704,0,0,0,0,0,0,0,0,0.005,0,0,0,0,0,0,0,0,0,0,0,0,0,0,0,0.022099448,0,0,0.046052632,0,0,0,0,0,0,0,0,0.005235602,0.022346369,0.001941748,0.002518892,0,0.00921659,0,0,0,0,0,0,0,0,0.019512195,0.058139535,0.052083333,0,0,0.002631579,0,0,0,0,0,0,0,0,0.004291845,0,0.046979866,0,0.003412969,0,0,0,0.022075055,0,0,0,0,0.023809524,0,0,0,0.005988024,0,0.005970149,0,0,0,0,0,0,0,0,0,0,0,0,0,0,0,0,0,0,0,0,0,0,0,0,0,0,0.003745318,0.061320755,0,0,0,0,0,0,0.002994012,0,0,0.003703704
Endocytosis - Homo sapiens (human),0,0,0,0,0,0,0,0,0,0,0,0,0,0,0,0,0,0,0,0,0,0,0,0,0,0,0,0,0,0,0,0,0,0,0,0,0,0,0,0,0,0,0,0,0,0,0,0,0,0,0,0.0125,0,0.005747126,0.006688963,0,0,0,0,0,0,0,0,0,0,0,0,0,0,0,0,0,0,0,0,0,0,0,0,0,0,0,0,0,0,0,0,0,0,0,0,0,0,0,0.015306122,0,0,0.032894737,0.007874016,0,0,0.003861004,0,0,0,0,0,0,0,0,0.036121673,0.01510574,0.031779661,0.038288288,0.012371134,0.002398082,0.008547009,0.016759777,0.020348837,0.044811321,0.002824859,0.008403361,0.021390374,0.008695652,0.01369863,0.052770449,0.001633987,0.008,0.002624672,0.003095975,0.031496063,0,0,0,0.012539185,0.015544041,0.014457831,0.013227513,1,0.033333333,0,0.007425743,0.018518519,0.010869565,0.002590674,0.00591716,0.026229508,0,0.003436426,0.035353535,0.030379747,0,0,0.002604167,0.00477327,0,0.019933555,0.026785714,0.023640662,0.009771987,0.010362694,0.007978723,0.025125628,0,0.029612756,0,0.014925373,0.032051282,0.057934509,0.011940299,0.018087855,0,0.010781671,0.03785489,0.002272727,0,0.002824859,0.004618938,0.003125,0,0.014285714,0.019559902,0.005747126,0.015957447,0.002906977,0.008823529,0.019886364,0.011396011,0.003012048,0.003144654,0.074074074,0.002762431,0.008287293,0.003344482,0,0,0.002074689,0.003154574,0.03785489,0.010928962,0,0.011080332,0.002754821,0.002747253,0.002949853,0.013227513,0.006472492,0.005830904,0,0.007220217,0.002873563,0.057268722,0.01305483,0,0.017751479,0.006666667,0.002840909,0.023622047,0.002849003,0.006269592,0,0.008130081,0,0.009975062,0,0,0,0.002873563,0.02425876,0.003174603,0.017094017,0.009615385,0.003378378,0.002793296,0.004950495,0.020348837,0.007444169,0.002702703,0.00255102,0.020833333,0,0.003484321,0.04467354,0.017241379,0,0,0,0,0.008571429,0,0,0,0.002949853,0,0,0.006666667,0.006339144,0.005836576,0.009852217,0.022018349,0,0.0234375,0.009722222,0,0,0.020895522,0,0.00228833,0.086092715,0.003333333,0.019047619,0.059101655,0.050632911,0.063829787,0.006153846,0.023255814,0.065934066,0.003058104,0.011461318,0,0,0.025423729,0.011461318,0,0.01891253,0.00990099,0.014742015,0.029023747,0.032537961,0.007159905,0.028268551,0.030501089,0.020642202,0.01193634,0.02027027,0.022075055,0.004158004,0.03030303,0.011389522,0.027088036,0,0.027027027,0.010810811,0.010917031,0.010660981,0.021212121,0.006289308,0.02507837,0.006514658,0.015576324,0.01754386,0.003484321,0,0.01572327,0.017421603,0.018691589,0.006329114,0.002923977,0.01572327,0.007594937,0.016990291,0.017811705,0.015822785,0.023460411,0.008902077,0,0.020134228,0.009584665,0,0,0.021201413,0.020905923,0.003472222,0,0,0,0.011135857,0.023026316,0.026431718,0.015625
Phagosome - Homo sapiens (human),0,0,0,0,0,0,0,0,0,0,0,0,0,0,0.091603053,0.005780347,0,0,0,0,0,0,0,0,0,0.004975124,0,0,0,0,0,0,0,0,0,0,0,0,0,0,0,0,0,0,0,0,0,0,0,0,0,0.00896861,0,0,0,0,0,0,0,0,0,0,0,0,0,0,0,0,0,0,0,0,0,0,0,0,0,0,0,0,0,0,0,0.004329004,0,0.01025641,0,0,0,0,0,0,0,0,0,0,0.023391813,0.004672897,0.012903226,0.012987013,0,0.012578616,0,0.008888889,0,0,0,0,0,0,0.004504505,0,0.010416667,0.02259887,0.005128205,0,0.002688172,0,0,0.005847953,0.011857708,0.011627907,0,0.008097166,0.003703704,0.003344482,0.001949318,0,0,0.004464286,0,0,0.022099448,0.005464481,0.009009009,0.020905923,0.018987342,0.055762082,0.033333333,1,0,0.044067797,0.030549898,0.003676471,0.047272727,0,0,0,0.010471204,0.006472492,0.01986755,0,0,0,0.003115265,0,0,0.004081633,0.006024096,0.004761905,0.006920415,0.044776119,0.009803922,0,0.041297935,0.052631579,0.084210526,0.013636364,0.042207792,0.081081081,0,0.021459227,0.022222222,0.12745098,0.065420561,0,0.019920319,0.009009009,0,0,0.011857708,0,0.100877193,0.036630037,0,0.060869565,0.056910569,0,0.012987013,0.009174312,0.033195021,0,0.043137255,0.080645161,0,0.004032258,0.005235602,0,0.111111111,0.003703704,0,0,0,0,0,0,0.004739336,0,0,0,0,0.032520325,0,0,0,0.004950495,0,0,0,0,0.004424779,0.014869888,0.004545455,0.006578947,0,0,0,0.004016064,0.003571429,0.00462963,0,0,0,0.003861004,0.003267974,0.008,0.003267974,0,0.010309278,0.114285714,0,0,0,0.048128342,0,0.132911392,0.004115226,0.008849558,0.003952569,0,0,0.010362694,0.004166667,0.005714286,0,0.009950249,0.040776699,0.045,0.048780488,0.043280182,0.003401361,0.059850374,0.038016529,0,0,0,0,0,0.022321429,0.174418605,0.126903553,0.077160494,0.023076923,0.107734807,0.04587156,0.034653465,0.028469751,0.156565657,0.020080321,0.005319149,0.046632124,0.068825911,0.04526749,0.121621622,0.194244604,0.003246753,0.009646302,0.017482517,0.032876712,0.055555556,0.092760181,0.065527066,0.026706231,0.042386185,0.079268293,0.034090909,0.021276596,0.005891016,0.014705882,0.028901734,0,0.037790698,0.006535948,0,0.010781671,0.004219409,0.004545455,0.004405286,0,0,0,0,0,0,0.005208333,0,0.018604651,0.012448133,0,0,0.006289308,0,0,0.004016064,0.008368201,0.089285714,0.114130435,0.07960199,0.078651685,0.212871287,0.124260355,0.114942529,0.016042781,0.034188034,0.036199095,0.037656904,0.020114943,0.13368984,0.033802817,0.031914894
Peroxisome - Homo sapiens (human),0,0.018181818,0,0,0,0,0,0.052631579,0,0.086956522,0,0.064516129,0,0,0,0.009708738,0.004784689,0.011494253,0,0.017094017,0.025423729,0,0.031746032,0,0.013986014,0.015384615,0,0,0,0.016393443,0,0.036697248,0.010309278,0,0,0.023255814,0.022058824,0,0,0,0,0,0,0,0,0,0,0,0,0,0,0,0,0.005555556,0.007633588,0.007042254,0,0.028571429,0,0,0,0,0,0.037037037,0.036363636,0.028301887,0,0,0,0,0.008547009,0,0,0,0,0.006711409,0,0.019417476,0,0,0,0.006329114,0.006578947,0.00621118,0.058252427,0.032520325,0,0,0,0,0,0,0,0,0,0,0,0,0,0,0,0,0,0.082758621,0,0,0,0,0,0,0,0,0,0,0.003115265,0,0.006644518,0,0,0,0,0.005263158,0.009478673,0,0,0,0,0,0,0,0,0,0,0,0,0,0,0,0,0,1,0,0,0.004950495,0,0.01183432,0.021276596,0,0.042372881,0,0,0,0,0,0,0,0,0,0,0,0.004545455,0,0,0,0,0,0,0,0,0,0,0,0,0,0,0,0,0,0,0,0,0,0,0,0,0,0,0,0,0,0,0,0,0,0,0,0.01618123,0,0,0,0,0,0,0,0,0,0,0,0,0,0,0,0,0,0,0,0,0,0,0,0,0,0.034246575,0,0,0,0,0,0.004761905,0,0,0,0,0.005291005,0,0,0,0,0.013574661,0,0,0,0,0,0,0,0,0,0,0,0,0,0.005882353,0,0,0,0.002150538,0.002881844,0.006772009,0.005181347,0,0.002824859,0.005405405,0,0,0,0,0,0,0,0,0,0,0,0.006369427,0,0,0.006329114,0.005464481,0,0,0.005181347,0.010989011,0,0.003831418,0,0,0,0,0,0,0,0,0,0,0,0,0.001633987,0,0,0.006666667,0,0,0.003412969,0.013289037,0,0,0,0,0,0,0,0,0,0,0,0,0.005780347,0,0,0,0,0.013333333,0,0,0,0,0,0,0,0,0,0,0,0,0,0,0,0.003378378,0
mTOR signaling pathway - Homo sapiens (human),0,0,0,0,0,0,0,0,0,0,0,0,0,0,0.046931408,0,0,0,0,0,0,0,0,0,0,0,0,0,0,0,0,0,0,0,0,0,0,0,0,0,0,0,0,0,0,0,0,0,0,0,0.013953488,0.017777778,0,0.011904762,0,0,0,0,0,0,0,0,0,0,0,0,0,0,0,0,0,0,0,0,0,0,0,0,0,0,0,0,0,0,0,0,0,0.003194888,0.007633588,0,0,0,0,0,0,0,0,0,0,0,0,0,0,0.004347826,0,0,0,0,0,0.004784689,0.07398568,0.136792453,0.082872928,0.076470588,0.007633588,0.038585209,0.04432133,0.004454343,0.007874016,0.077399381,0.019607843,0.11814346,0.138888889,0.041152263,0.1,0.101449275,0,0.007117438,0.036101083,0.017777778,0.003367003,0,0,0.02173913,0.017857143,0.164705882,0.003076923,0.003484321,0.007425743,0.044067797,0,1,0.108695652,0.130612245,0.081481481,0.161137441,0.12371134,0.005347594,0.005102041,0.006389776,0.079584775,0,0.02,0.035714286,0.135888502,0.014150943,0.004739336,0.024590164,0.062893082,0.102564103,0.061151079,0.063670412,0.117857143,0,0.081818182,0,0,0.022522523,0.012461059,0.060869565,0.215447154,0,0.044776119,0.004291845,0.054878049,0,0.06557377,0.017964072,0.013452915,0.00921659,0.078838174,0.048859935,0.003937008,0.083018868,0.024590164,0.016393443,0.019305019,0.111111111,0.112149533,0.114427861,0.076595745,0.063492063,0.038461538,0,0.010638298,0.02016129,0.06010929,0.077294686,0.058823529,0.12244898,0.016722408,0.018867925,0.071713147,0.042471042,0.012396694,0.024911032,0.069306931,0,0,0,0.040983607,0.060606061,0.162698413,0.016806723,0.055084746,0.019704433,0.093220339,0.072727273,0.20657277,0.107843137,0.013157895,0.103585657,0.056338028,0.047297297,0.019379845,0.059405941,0,0.011952191,0.079545455,0,0.043824701,0.1,0.074468085,0.118644068,0.061433447,0.071129707,0.139194139,0.108433735,0.045614035,0.010152284,0.005524862,0.102857143,0.014563107,0,0,0.070175439,0.012244898,0.013100437,0.015748031,0.051813472,0.003875969,0,0,0,0,0,0.132075472,0,0.013645224,0.006535948,0.052816901,0.023866348,0.089655172,0,0.013513514,0.012295082,0,0.03313253,0.030973451,0.072916667,0.071090047,0.020231214,0.068965517,0.043814433,0.01754386,0.004716981,0.081180812,0.017467249,0.061728395,0.021164021,0.004878049,0.03875969,0.040322581,0,0.030674847,0.090592334,0.092783505,0.042402827,0.104347826,0.06514658,0.190709046,0.058823529,0.067073171,0.027692308,0.037681159,0.079178886,0.043010753,0.111650485,0.00867052,0.040462428,0,0.211409396,0.068807339,0.095238095,0.070621469,0.12037037,0.108374384,0.094339623,0.126315789,0.137931034,0.134529148,0.043243243,0.177419355,0.101449275,0.04787234,0.110047847,0.137755102,0.055319149,0.123152709,0.257261411,0.246153846,0.239837398,0.097087379,0.139013453,0.103603604,0.005376344,0,0.004545455,0.003436426,0.059574468,0.005181347,0.005076142,0,0.016528926,0,0.008,0.052785924,0,0.063037249,0.05734767
PI3K-Akt signaling pathway - Homo sapiens (human),0.012019231,0.005235602,0,0,0,0.007853403,0,0,0.002631579,0,0,0,0,0,0,0.002666667,0,0,0,0,0,0,0,0,0,0.00248139,0,0,0,0,0,0,0,0,0,0,0,0.012987013,0,0,0,0,0,0,0,0,0,0,0,0,0,0.011848341,0,0,0,0,0,0,0,0,0,0,0.005012531,0,0,0,0,0,0,0,0,0,0,0,0,0,0,0,0,0,0,0,0,0,0,0,0,0.001956947,0,0.036781609,0,0,0,0,0,0,0,0,0,0,0.00280112,0.005540166,0,0.009411765,0,0,0,0.002538071,0,0.002457002,0.186813187,0.0975,0.244725738,0.192389006,0.093922652,0.052525253,0.053113553,0.07628524,0.01793722,0.103030303,0.022321429,0.107655502,0.127906977,0.018058691,0.097447796,0.10816777,0.021398003,0.045652174,0.052060738,0.04400978,0.004048583,0,0,0.01312336,0.019138756,0.085526316,0.011583012,0,0.018518519,0.030549898,0,0.108695652,1,0.141826923,0.079295154,0.113065327,0.06122449,0.01312336,0.002538071,0.049079755,0.085106383,0,0.076923077,0.012448133,0.015503876,0,0.009852217,0.02283105,0.048923679,0.06443299,0.088300221,0.061674009,0.042857143,0,0.258503401,0.172413793,0.015904573,0.021634615,0.033596838,0.049881235,0.064239829,0.006864989,0.052863436,0.006993007,0.05019305,0,0.093078759,0.065346535,0.04691358,0.050377834,0.055299539,0.163310962,0.068396226,0.085011186,0.032258065,0.037209302,0.05,0.070093458,0.07654321,0.06835443,0.043981481,0.073732719,0.024070022,0.01511335,0.007792208,0.048837209,0.048300537,0.0243309,0,0.094907407,0.041493776,0.044642857,0.114558473,0.056433409,0.042352941,0.109589041,0.037593985,0.003797468,0.00456621,0.005263158,0.022624434,0.161354582,0.108352144,0.028037383,0.032332564,0.009975062,0.04587156,0.081140351,0.041189931,0.076142132,0.028776978,0.072234763,0.049627792,0.036734694,0.050113895,0.03,0.002369668,0.027272727,0.15274463,0.026960784,0.047835991,0.047619048,0.033591731,0.09478673,0.051652893,0.091346154,0.051652893,0.097222222,0.064377682,0.007614213,0.002638522,0.042666667,0.002463054,0.017902813,0.005333333,0,0.002247191,0.002331002,0.004405286,0.030848329,0.038636364,0,0.002262443,0,0,0,0.046808511,0.006493506,0.012693935,0.016949153,0.024742268,0.039800995,0.029776675,0.033333333,0.026699029,0.042154567,0,0.077689243,0.028639618,0.00248139,0.019230769,0.035714286,0.058098592,0.048695652,0.018957346,0.014814815,0.069716776,0.028639618,0.070422535,0.012953368,0.027989822,0.08372093,0.083135392,0.002222222,0.065868263,0.158730159,0.156950673,0.125570776,0.193814433,0.09375,0.304761905,0.097142857,0.163481953,0.058679707,0.107569721,0.132,0.077205882,0.264285714,0.04789272,0.096267191,0,0.12248996,0.101160862,0.12749004,0.066543438,0.094527363,0.070886076,0.094147583,0.08707124,0.097186701,0.171428571,0.034391534,0.007246377,0.151351351,0.053333333,0.088607595,0.093506494,0.140664962,0.097938144,0.130925508,0.082987552,0.130337079,0.081632653,0.09178744,0.077858881,0.007853403,0.043589744,0.02195122,0.00204499,0.020547945,0.010309278,0.007633588,0.015544041,0.062200957,0.053789731,0.056338028,0.045028143,0.014705882,0.104854369,0.067099567
AMPK signaling pathway - Homo sapiens (human),0.056179775,0.013422819,0.034246575,0,0.062068966,0.04109589,0,0.022058824,0,0.01863354,0,0,0,0,0,0,0,0,0,0,0,0,0,0,0,0,0,0,0,0,0,0.006622517,0,0,0,0,0,0.032894737,0,0,0,0,0,0,0,0,0,0,0,0,0,0.015706806,0,0,0,0,0,0,0,0,0,0,0.024390244,0,0.02,0,0,0,0,0,0.006410256,0,0,0,0,0,0,0.006993007,0,0,0,0,0,0,0.01369863,0.006060606,0,0,0,0.079207921,0.015228426,0,0,0,0,0,0,0,0,0,0,0,0,0.059459459,0,0,0,0,0,0,0.01965602,0.067357513,0.037790698,0.040880503,0.002777778,0.058823529,0.055555556,0.004830918,0,0.0330033,0.004464286,0.100478469,0.161290323,0.028301887,0.121495327,0.059055118,0.00625,0.012244898,0.05,0.015706806,0,0,0,0.026845638,0.010471204,0.139130435,0,0,0.010869565,0.003676471,0.004950495,0.130612245,0.141826923,1,0.04048583,0.3125,0.203947368,0,0,0,0.077821012,0,0.110655738,0.003937008,0.006920415,0,0.005681818,0.028708134,0.023648649,0.052631579,0.06557377,0.050632911,0.033457249,0,0.042071197,0.004807692,0,0.015873016,0.070110701,0,0.043478261,0,0.038135593,0.005050505,0.036666667,0,0.046511628,0.003289474,0.005263158,0,0.041666667,0.047445255,0.00456621,0.024390244,0.009389671,0,0.004385965,0.051401869,0.046391753,0.055865922,0.053140097,0.078703704,0.026200873,0,0.054421769,0.004608295,0.086153846,0,0,0.052631579,0,0,0.073394495,0,0,0.114537445,0.034285714,0,0,0,0.033018868,0.029411765,0.222748815,0.040201005,0,0.023809524,0.066985646,0.06557377,0.027777778,0.067039106,0.037037037,0.085201794,0.210191083,0.041666667,0.206349206,0.091463415,0.005291005,0.037914692,0.068376068,0.039106145,0.031818182,0.051136364,0.091503268,0.258241758,0.108433735,0.052380952,0.029850746,0.095454545,0.128755365,0.006134969,0.013793103,0.074829932,0,0.050955414,0.014084507,0,0.004716981,0.005102041,0.009049774,0.076923077,0,0.006134969,0.009615385,0,0,0.005847953,0.032719836,0,0.006224066,0.026442308,0.043478261,0.034120735,0.005050505,0.042944785,0.043956044,0,0,0.026666667,0.03125,0.005882353,0,0.003154574,0.048433048,0.019283747,0,0,0.040322581,0.005076142,0.082524272,0,0.005882353,0.021929825,0.02764977,0,0.013468013,0.069230769,0.071969697,0.044176707,0.074534161,0.035460993,0.105134474,0.061919505,0.03960396,0.024271845,0.041935484,0.040625,0.020231214,0.030015798,0.019480519,0.051779935,0,0.051612903,0.028639618,0.067307692,0.033033033,0.067010309,0.049723757,0.070652174,0.071856287,0.071038251,0.117948718,0.012820513,0,0.066298343,0.00621118,0.053475936,0.093023256,0.049261084,0.066298343,0.059288538,0.050909091,0.050583658,0.073033708,0.084158416,0.060606061,0,0,0,0,0,0,0,0,0.039408867,0,0.00462963,0.058823529,0.005555556,0.040247678,0.048387097
Apoptosis - Homo sapiens (human),0,0,0,0,0,0,0,0,0,0,0,0,0,0,0.003717472,0,0,0,0,0,0,0,0,0,0,0,0,0,0,0,0,0,0,0,0,0,0,0,0,0,0,0,0,0,0,0,0,0,0,0,0,0.014563107,0,0,0,0,0,0,0,0,0,0,0,0,0,0,0,0,0,0,0,0,0,0,0,0,0,0,0,0,0,0,0,0,0,0,0,0,0,0,0,0,0,0,0,0,0,0,0,0,0,0,0,0.004761905,0.024242424,0,0,0.005681818,0,0,0.099744246,0.110552764,0.087719298,0.061349693,0.013477089,0.044827586,0.068862275,0.026190476,0.021645022,0.075409836,0.121495327,0.069868996,0.126582278,0.040178571,0.148648649,0.063670412,0,0.019379845,0.022988506,0.111702128,0.010909091,0,0,0,0.06122449,0.130612245,0.055172414,0.046875,0.002590674,0.047272727,0,0.081481481,0.079295154,0.04048583,1,0.081730769,0.064516129,0.183098592,0.005681818,0.096654275,0.11026616,0,0.025089606,0.030534351,0.016611296,0,0.005235602,0.013215859,0.042622951,0.107954545,0.053639847,0.118644068,0.020905923,0,0.087096774,0,0,0.019704433,0.055363322,0.098039216,0.064885496,0,0.06557377,0.019047619,0.058441558,0,0.137440758,0.092150171,0.084210526,0.036458333,0.148325359,0.059649123,0.012931034,0.098765432,0.090047393,0.060465116,0.056277056,0.148325359,0.129533679,0.127071823,0.059090909,0.203883495,0.033057851,0.005434783,0,0.021929825,0.016574586,0.062827225,0,0.159090909,0.028985507,0.020408163,0.092105263,0.046025105,0,0.042801556,0.059459459,0,0.004524887,0,0.063636364,0.054913295,0.092,0.009090909,0.075117371,0,0.076923077,0.1,0.034934498,0.12568306,0.019323671,0.098290598,0.084656085,0.054545455,0.029661017,0.048648649,0.019900498,0.017391304,0.108786611,0.020304569,0.043103448,0.111111111,0.076923077,0.084444444,0.13671875,0.113207547,0.028268551,0.108225108,0.090196078,0.028735632,0,0.061349693,0,0,0,0,0.013333333,0.024154589,0.012765957,0.051724138,0,0,0,0,0,0,0.127982646,0.080645161,0.070663812,0.057416268,0.073076923,0.093582888,0.096774194,0.022099448,0.014851485,0,0,0.025396825,0.03902439,0.010869565,0.06185567,0.144329897,0.113372093,0.156156156,0.06,0.054644809,0.114285714,0.03902439,0.138755981,0.017647059,0.005405405,0.122171946,0.043859649,0,0.093425606,0.176706827,0.182539683,0.165254237,0.135220126,0.149812734,0.081018519,0.111801242,0.153846154,0.064039409,0.134228188,0.167785235,0.060518732,0.098846787,0.057877814,0.086261981,0,0.092948718,0.054373522,0.080745342,0.097859327,0.2,0.102150538,0.171270718,0.154761905,0.122340426,0.142156863,0.088050314,0.031088083,0.130434783,0.053571429,0.171270718,0.140449438,0.163265306,0.142857143,0.096899225,0.097472924,0.091954023,0.101604278,0.109004739,0.125,0.012121212,0.021621622,0.020304569,0.003690037,0.022321429,0.029585799,0.028901734,0.005780347,0.018018018,0.014285714,0.01754386,0.049535604,0.042553191,0.181818182,0.108870968
Longevity regulating pathway - Homo sapiens (human),0,0,0,0.008130081,0,0,0.008474576,0,0,0,0,0,0,0,0,0,0.043269231,0,0,0,0,0,0,0,0.013333333,0,0,0,0,0.007692308,0,0,0,0,0,0,0,0,0,0,0,0,0,0,0,0,0,0,0,0,0,0.018867925,0,0,0,0,0,0,0,0,0,0,0,0.008474576,0,0,0,0,0,0,0.008064516,0,0,0,0,0,0,0,0,0,0,0,0,0,0,0,0,0,0,0,0,0,0,0,0,0,0,0,0,0,0,0,0,0.012345679,0,0,0,0,0,0,0.049315068,0.101265823,0.069078947,0.091240876,0.034591195,0.11790393,0.111111111,0,0,0.106299213,0.010471204,0.125,0.170212766,0.033333333,0.083333333,0.128571429,0,0.004651163,0.073170732,0.04516129,0,0,0,0.043103448,0.059210526,0.191709845,0.01171875,0,0.00591716,0,0.01183432,0.161137441,0.113065327,0.3125,0.081730769,1,0.480392157,0.008333333,0.015625,0.004048583,0.103603604,0,0.11682243,0.056872038,0.015686275,0,0.021126761,0.011049724,0.034351145,0.088235294,0.151515152,0.068965517,0,0,0.043165468,0,0,0.012658228,0.044534413,0.092592593,0.064220183,0,0.109375,0.006024096,0.04494382,0,0.06043956,0.011111111,0.019230769,0.013333333,0.078212291,0.045081967,0,0.042654028,0.011049724,0.011173184,0.015463918,0.078212291,0.089171975,0.082758621,0.062857143,0.116666667,0.030456853,0,0.069565217,0.075144509,0.142348754,0.068493151,0,0.106382979,0.053333333,0.062827225,0.195266272,0.035714286,0.072289157,0.083333333,0.034722222,0.007633588,0.035502959,0,0.113095238,0.042622951,0.215053763,0.151315789,0.096385542,0.129032258,0.15060241,0.175257732,0.124260355,0.111888112,0.154929577,0.105263158,0.161764706,0.109589041,0.152941176,0.214876033,0.039473684,0.140243902,0.197802198,0.166666667,0.13372093,0.085106383,0.106557377,0.208588957,0.12962963,0.092485549,0.099099099,0.229411765,0.09478673,0.007633588,0.00877193,0.095652174,0.044117647,0.108333333,0,0,0.071005917,0.078431373,0.049450549,0.070866142,0,0,0.072289157,0,0,0,0.055803571,0.020114943,0.02027027,0.044973545,0.064220183,0.058479532,0.023550725,0.131147541,0.112676056,0.071428571,0,0.073929961,0.0375,0.037313433,0.012738854,0.010600707,0.066666667,0.030487805,0.012269939,0.013888889,0.051162791,0.012195122,0.067039106,0,0,0.025510204,0.067039106,0,0.026717557,0.069565217,0.115555556,0.060465116,0.167286245,0.048387097,0.088082902,0.139194139,0.067924528,0.030874786,0.04676259,0.06360424,0.025559105,0.061643836,0.02919708,0.097378277,0,0.076923077,0.041775457,0.153256705,0.057627119,0.114649682,0.082191781,0.114864865,0.113636364,0.123287671,0.17721519,0.05,0.013333333,0.110344828,0.031746032,0.10738255,0.130434783,0.077380952,0.102739726,0.087557604,0.075313808,0.076923077,0.096551724,0.113095238,0.105590062,0,0,0.013157895,0,0,0,0,0,0.046783626,0,0.075581395,0.054151625,0,0.066666667,0.065420561
Longevity regulating pathway - multiple species - Homo sapiens (human),0,0,0,0,0,0,0,0,0,0,0,0,0,0,0,0,0.049723757,0,0,0,0,0,0,0,0,0,0,0,0,0.009708738,0,0,0,0,0,0,0,0,0,0,0,0,0,0,0,0,0,0,0,0,0,0.022727273,0,0,0,0,0,0,0,0,0,0,0,0.010989011,0,0,0,0,0,0,0.010309278,0,0,0,0,0,0,0,0,0,0,0,0,0,0,0,0,0,0,0,0,0,0,0,0.02955665,0,0,0,0,0,0,0,0,0,0,0,0,0,0,0,0.056379822,0.113636364,0.068100358,0.101214575,0.034246575,0.080188679,0.080152672,0,0,0.109170306,0,0.103225806,0.191358025,0.039215686,0.071005917,0.129032258,0,0.010695187,0.084269663,0.007462687,0,0,0,0.032967033,0.03875969,0.16,0.031111111,0,0.026229508,0,0.021276596,0.12371134,0.06122449,0.203947368,0.064516129,0.480392157,1,0,0.009803922,0,0.079207921,0,0.076142132,0.065217391,0.013100437,0.016806723,0.026086957,0.012987013,0.038297872,0.110091743,0.161849711,0.049723757,0,0,0.047808765,0,0,0.015267176,0.045248869,0.111111111,0.073298429,0,0.127272727,0.044776119,0.05,0,0.057324841,0.004081633,0.007633588,0,0.077922078,0.050691244,0,0.048913043,0,0,0.00591716,0.077922078,0.090909091,0.101694915,0.074324324,0.054545455,0.035294118,0,0.078651685,0.081632653,0.101123596,0.066115702,0,0.083832335,0.060606061,0.073170732,0.158940397,0.041420118,0.086330935,0.037433155,0.042735043,0.00804829,0.042253521,0,0.134751773,0.04676259,0.191616766,0.096296296,0.107142857,0.164948454,0.179856115,0.175438596,0.101351351,0.118644068,0.096,0.115853659,0.11965812,0.113402062,0.104575163,0.276595745,0.03968254,0.081081081,0.143712575,0.104347826,0.076923077,0.105263158,0.125,0.164383562,0.101522843,0.087248322,0.058536585,0.189542484,0.068062827,0.009615385,0.023255814,0.125,0.045454545,0.06,0,0,0.084507042,0.095238095,0.058064516,0.09,0,0,0.086330935,0,0,0,0.042056075,0.015479876,0.007092199,0.013774105,0.051282051,0.05015674,0.011278195,0.037383178,0.056451613,0.085106383,0,0.0375,0.045112782,0.046728972,0,0,0.058219178,0.023026316,0,0.053097345,0.047368421,0,0.064935065,0,0,0.054545455,0.064935065,0,0.012552301,0.057971014,0.056603774,0.080645161,0.103846154,0.040178571,0.056451613,0.092307692,0.053497942,0.017730496,0.043478261,0.057915058,0.020833333,0.057040998,0.02,0.055555556,0,0.08097166,0.04494382,0.109311741,0.059479554,0.112781955,0.100840336,0.104,0.121495327,0.12295082,0.11971831,0.03125,0,0.116666667,0.03,0.112903226,0.131578947,0.062068966,0.107438017,0.088541667,0.074766355,0.076530612,0.109243697,0.103448276,0.110294118,0,0,0,0,0,0,0,0,0.055555556,0,0.089655172,0.051587302,0,0.073643411,0.057894737
Apoptosis - multiple species - Homo sapiens (human),0,0,0,0,0,0,0,0,0,0,0,0,0,0,0.006060606,0,0,0,0,0,0,0,0,0,0,0,0,0,0,0,0,0,0,0,0,0,0,0,0,0,0,0,0,0,0,0,0,0,0,0,0,0,0,0,0,0,0,0,0,0,0,0,0,0,0,0,0,0,0,0,0,0,0,0,0,0,0,0,0,0,0,0,0,0,0,0,0,0,0,0,0,0,0,0,0,0,0,0,0,0,0.028571429,0,0,0,0,0,0,0,0,0,0.01875,0.026315789,0.019011407,0.004149378,0,0,0.012,0.006153846,0.007633588,0,0.046153846,0.007142857,0.025157233,0,0.048611111,0,0,0,0,0.117021277,0.029585799,0,0,0.032258065,0.06122449,0.042168675,0.030612245,0,0,0,0,0.005347594,0.01312336,0,0.183098592,0.008333333,0,1,0,0.067039106,0,0,0.005524862,0,0.015075377,0,0.011494253,0,0,0.011111111,0.01183432,0.025641026,0.021621622,0,0.030973451,0,0,0,0.015151515,0,0,0,0,0,0,0,0.038167939,0.048543689,0.051546392,0,0.03030303,0.010204082,0,0.01242236,0.05,0.024793388,0.02189781,0.022556391,0,0.030927835,0,0.074626866,0,0,0,0,0,0,0,0.04137931,0.016949153,0,0.006944444,0.006896552,0,0.01863354,0,0,0,0,0.023622047,0,0.018072289,0,0.024590164,0,0.022900763,0.005882353,0,0.03030303,0,0.006578947,0.041237113,0,0,0,0,0,0.018987342,0,0.00729927,0,0.04,0.029411765,0.0625,0.047619048,0,0.020134228,0.041916168,0,0,0,0,0,0,0,0,0,0,0,0,0,0,0,0,0,0.034825871,0.034722222,0.028571429,0.036809816,0.035502959,0.026936027,0.038854806,0,0,0,0,0,0,0,0.040816327,0.055299539,0.037174721,0.052434457,0.048543689,0.072289157,0.018072289,0,0.046875,0,0,0.107692308,0.007518797,0,0.065326633,0.055865922,0.071823204,0.096153846,0.036290323,0.051813472,0.016806723,0.028340081,0.066037736,0.026415094,0.063636364,0.060869565,0.015384615,0.042592593,0.02739726,0.021645022,0,0.004237288,0.01183432,0.012448133,0.011904762,0.123809524,0,0.069306931,0.034482759,0.019047619,0.015748031,0.029850746,0.021505376,0.019607843,0,0.028571429,0,0.107142857,0.02970297,0.011299435,0.015228426,0.016853933,0,0.023622047,0,0,0,0,0,0,0,0,0,0,0,0,0.012931034,0.057471264,0.060085837,0.030120482
Ferroptosis - Homo sapiens (human),0,0,0,0,0,0,0,0.092592593,0,0.063291139,0,0,0,0,0,0,0,0,0,0,0,0.034090909,0,0,0,0.02247191,0,0,0,0,0,0,0,0,0,0,0.042553191,0,0,0,0,0,0,0,0,0,0,0,0,0,0,0,0,0.007194245,0,0.02,0.014285714,0,0,0,0,0,0,0,0,0,0,0,0,0,0,0,0,0,0,0,0.024390244,0,0,0,0,0,0,0,0,0,0,0,0,0,0,0,0,0,0.005347594,0,0,0,0,0,0,0,0,0.045045045,0,0,0,0,0,0,0.002994012,0,0,0,0.007168459,0.009708738,0,0,0,0,0,0.02739726,0,0,0.006289308,0,0,0.005988024,0,0.017857143,0,0,0,0.028169014,0.056074766,0.034090909,0,0.005813953,0.003436426,0.010471204,0.042372881,0.005102041,0.002538071,0,0.005681818,0.015625,0.009803922,0,1,0.030927835,0.015463918,0,0,0,0.004761905,0,0,0,0,0,0.022727273,0,0,0,0,0,0,0,0,0,0,0,0,0,0.017621145,0,0,0.036866359,0.009090909,0,0,0,0.007194245,0,0,0,0,0,0,0,0,0,0.006493506,0,0,0,0.018656716,0,0,0.006289308,0,0,0,0.006493506,0,0,0,0,0,0,0,0,0,0,0,0,0,0,0,0,0,0.00621118,0.047619048,0,0,0,0,0,0,0,0,0,0,0,0,0.007142857,0,0,0,0,0,0,0,0,0,0,0,0,0,0,0.006993007,0,0,0,0.063157895,0.022222222,0.014319809,0.019933555,0.0125,0.00872093,0.010989011,0.012903226,0.015717092,0,0,0,0,0,0,0,0,0,0.021276596,0,0,0,0,0.008547009,0,0,0,0,0,0,0,0.005076142,0.009950249,0.005586592,0.003773585,0,0.002695418,0.011538462,0.02173913,0.001811594,0.004132231,0,0.003676471,0.005272408,0.004291845,0.008230453,0,0.004081633,0.005730659,0,0.011494253,0.007936508,0,0.00862069,0.010204082,0.008695652,0.00729927,0.026315789,0.009708738,0.008928571,0.012345679,0.00862069,0,0.007575758,0.008928571,0.005347594,0.009661836,0.005291005,0.009090909,0,0,0,0,0,0,0,0,0,0,0,0,0,0.012448133,0,0.007874016,0.011235955
Necroptosis - Homo sapiens (human),0,0,0,0,0,0,0,0,0,0,0,0,0,0,0,0.016853933,0,0,0,0.015544041,0,0,0,0,0,0,0,0,0,0,0,0,0,0,0,0,0,0.015625,0,0,0,0,0,0,0,0,0,0,0,0,0,0,0,0.027888446,0.034653465,0.037735849,0.044198895,0.039325843,0.004739336,0,0,0,0,0.005319149,0,0,0,0,0,0,0,0,0,0,0,0,0,0,0.01734104,0,0,0,0,0,0,0,0,0,0,0,0,0,0,0,0,0.004901961,0,0.027777778,0,0,0,0,0,0,0.010526316,0,0,0,0,0,0.04137931,0.038297872,0.028645833,0,0.028350515,0.021943574,0.018766756,0.068235294,0.019685039,0.017391304,0.073469388,0.042801556,0.021126761,0,0.041198502,0.023333333,0,0,0.013986014,0.031111111,0.010067114,0,0,0,0.022123894,0.023890785,0.034591195,0.003448276,0.035353535,0.006472492,0,0.006389776,0.049079755,0,0.096654275,0.004048583,0,0.067039106,0.030927835,1,0.043046358,0,0.016447368,0.024475524,0.02173913,0,0.004672897,0.007968127,0.011869436,0.033175355,0,0.078947368,0.006369427,0,0.022727273,0,0,0,0.009230769,0,0.013422819,0,0.025362319,0.017167382,0.118589744,0,0.123931624,0.182758621,0.117073171,0.104477612,0.052,0.109215017,0.011764706,0.098484848,0.058577406,0.063559322,0.072289157,0.019379845,0,0.050925926,0.02811245,0.088353414,0.003676471,0,0,0.015873016,0,0.018018018,0,0.037313433,0.009868421,0.030188679,0.022556391,0.030188679,0.004048583,0.024647887,0.033018868,0.006734007,0,0,0.061983471,0,0.020689655,0.01659751,0.058823529,0.034482759,0.01953125,0.010169492,0.015625,0.036199095,0,0.003584229,0.04109589,0.036423841,0.027027027,0,0,0.015810277,0.010526316,0,0.003787879,0,0.019900498,0.034883721,0.043189369,0.057142857,0.012903226,0.029520295,0.102564103,0.030612245,0,0,0,0,0.011111111,0,0,0.017316017,0,0,0,0,0,0,0.013888889,0.014492754,0.046242775,0.036585366,0.019493177,0.028761062,0.037800687,0.035971223,0.053067993,0,0.017857143,0,0,0.08125,0,0,0.013274336,0.062686567,0.065616798,0.068062827,0.053811659,0.028571429,0.042253521,0.048888889,0.069672131,0.02617801,0.019512195,0.075396825,0.015564202,0,0.126245847,0.136690647,0.150537634,0.159533074,0.081690141,0.18705036,0.069868996,0.049586777,0.120634921,0.068471338,0.121118012,0.091176471,0.095238095,0.076443058,0.008595989,0.037142857,0,0.025352113,0.004282655,0.022038567,0.02688172,0.020833333,0,0.030701754,0.00462963,0.021834061,0.011857708,0.005128205,0.004524887,0.004347826,0,0.012931034,0.013452915,0.028688525,0.022123894,0.003278689,0.003067485,0.006535948,0,0.04048583,0.042016807,0.005291005,0.076142132,0.051643192,0.104868914,0.020242915,0.020725389,0.030769231,0.005102041,0.004032258,0,0.003937008,0.046242775,0.00921659,0.136778116,0.041958042
Cellular senescence - Homo sapiens (human),0,0,0,0,0,0,0,0,0,0,0,0,0,0,0,0,0,0,0,0,0,0,0,0,0,0,0,0,0,0,0,0,0,0,0,0,0,0,0,0,0,0,0,0,0,0,0,0,0,0,0,0.017777778,0,0,0,0,0,0,0,0,0,0,0,0,0,0,0,0,0,0,0.005235602,0,0,0,0,0,0,0,0,0,0,0,0,0,0,0,0,0,0,0.012,0,0,0,0,0,0,0,0,0,0,0,0,0,0,0,0,0,0.020725389,0.011976048,0.004784689,0.102941176,0.095454545,0.085872576,0.099099099,0.064516129,0.137323944,0.086455331,0.018058691,0.007874016,0.06097561,0.027667984,0.081632653,0.190871369,0.072033898,0.1,0.089605735,0,0.169421488,0.12992126,0.128078818,0.010169492,0,0,0.005347594,0.050691244,0.1,0.00617284,0,0.030379747,0.01986755,0,0.079584775,0.085106383,0.077821012,0.11026616,0.103603604,0.079207921,0,0.015463918,0.043046358,1,0.004132231,0.06993007,0.070110701,0.055016181,0,0.019230769,0.059322034,0.066246057,0.14973262,0.113207547,0.126984127,0.057432432,0,0.065671642,0,0.019543974,0.022522523,0.012461059,0.051724138,0.087272727,0.004149378,0.081081081,0.030837004,0.088050314,0,0.097046414,0.055900621,0.03196347,0.013888889,0.214953271,0.059210526,0.007905138,0.099616858,0.046025105,0.068965517,0.095435685,0.140350877,0.127962085,0.114427861,0.054166667,0.085020243,0.042471042,0.009852217,0.010638298,0.049792531,0.031914894,0.131979695,0,0.136363636,0.034013605,0.042471042,0.076,0.042471042,0.004098361,0.090909091,0.053658537,0.011904762,0.004149378,0.039548023,0.114035088,0.063535912,0.126923077,0.008333333,0.111607143,0,0.112068966,0.100746269,0.061983471,0.13,0.013157895,0.103585657,0.02739726,0.119133574,0.082304527,0.043902439,0.076555024,0.04526749,0.104651163,0.01843318,0.031496063,0.105527638,0.052083333,0.073170732,0.065068493,0.158371041,0.072413793,0.117408907,0.060498221,0.036458333,0,0.048913043,0,0,0,0,0.042016807,0.045045045,0.011764706,0.051813472,0,0,0,0,0.004651163,0.014705882,0.099796334,0.047146402,0.033797217,0.022123894,0.075539568,0.077889447,0.08034188,0.009852217,0.081730769,0,0,0.052147239,0.026431718,0,0.03196347,0.029154519,0.092140921,0.062992126,0.08411215,0.019138756,0.097378277,0.054298643,0.112068966,0.005208333,0.024875622,0.063492063,0.053061224,0,0.094462541,0.106007067,0.186567164,0.080586081,0.217252396,0.09,0.116972477,0.239344262,0.219512195,0.042121685,0.143769968,0.194805195,0.043010753,0.100961538,0.054380665,0.128526646,0,0.121118012,0.078703704,0.082352941,0.09221902,0.152380952,0.108374384,0.18974359,0.138297872,0.209424084,0.15,0.078212291,0.023364486,0.163265306,0.11299435,0.208333333,0.126262626,0.132420091,0.163265306,0.118081181,0.14084507,0.150943396,0.102439024,0.094827586,0.166666667,0,0.02955665,0.047393365,0,0.024691358,0.031914894,0.042105263,0,0.020746888,0.004310345,0.016129032,0.104615385,0.033492823,0.124242424,0.100746269
Cardiac muscle contraction - Homo sapiens (human),0,0,0,0,0,0,0,0,0,0,0,0,0,0,0.163157895,0,0,0,0,0,0,0,0,0,0,0,0,0,0,0,0,0,0,0,0,0,0,0,0,0,0,0,0,0,0,0,0,0,0,0,0,0,0,0,0,0,0,0,0,0,0,0,0,0,0,0,0,0,0,0,0,0,0,0,0,0,0,0,0,0,0,0,0,0,0,0,0,0,0,0,0,0,0,0,0,0,0,0,0,0,0,0,0,0,0,0,0,0,0,0,0.055401662,0,0,0,0.051446945,0.090128755,0.065743945,0,0,0,0,0,0,0,0,0,0,0,0,0,0,0,0,0,0,0,0,0,0,0,0,0,0,0,0,0,0,0,0,0,0.004132231,1,0.267379679,0.01843318,0,0,0,0,0,0,0.036697248,0,0,0,0.003484321,0,0,0,0.007874016,0,0,0,0,0,0,0,0,0,0,0,0,0,0,0,0,0,0,0,0,0,0,0,0.005,0,0,0.016574586,0.107638889,0.006535948,0,0,0.017316017,0.010050251,0.020408163,0.020304569,0.023255814,0.00921659,0,0.005736138,0.005813953,0,0,0.006369427,0,0.088050314,0.022727273,0,0,0,0,0,0.058823529,0.077720207,0,0.095454545,0,0,0.026315789,0.069364162,0,0.027027027,0,0.027210884,0.015267176,0,0.146919431,0,0.016806723,0.019704433,0,0,0,0.07826087,0.09375,0,0.089108911,0,0.059171598,0.058441558,0.08,0.080645161,0.06741573,0,0.060240964,0,0.088888889,0,0.087759815,0.096273292,0.073809524,0.085635359,0.013215859,0.111111111,0.074427481,0,0.012987013,0,0,0,0,0,0,0,0.003003003,0.002985075,0,0,0,0,0,0,0,0,0,0,0,0,0,0,0,0,0,0,0,0,0,0,0,0.001620746,0,0,0,0.003436426,0.002525253,0.013559322,0.111111111,0,0,0,0,0,0,0.008130081,0,0,0,0,0,0,0,0,0,0,0,0,0,0,0,0,0,0,0,0,0,0.282608696,0.197080292,0.270833333,0.141732283,0.013793103,0,0
Adrenergic signaling in cardiomyocytes - Homo sapiens (human),0,0,0,0,0,0,0,0,0,0,0,0,0,0,0,0,0.033457249,0,0,0,0,0,0,0,0,0,0,0,0,0,0,0,0,0,0,0,0,0,0,0,0,0,0,0,0,0,0,0,0,0,0,0.02293578,0,0,0,0,0,0,0,0,0,0,0,0,0,0,0,0,0,0,0,0,0,0,0,0,0,0,0,0,0,0,0,0,0,0,0,0,0,0.083333333,0,0,0,0,0,0,0,0,0,0,0,0,0,0,0,0,0,0,0,0,0.088235294,0.044444444,0.043243243,0.114551084,0.150442478,0.320833333,0.23255814,0,0,0.089171975,0.003952569,0.044354839,0.033088235,0.05106383,0.14957265,0.099630996,0.015873016,0,0.170833333,0.004504505,0,0,0,0.011111111,0.004524887,0.039285714,0.009463722,0,0,0,0,0.02,0.076923077,0.110655738,0.025089606,0.11682243,0.076142132,0.005524862,0,0.016447368,0.06993007,0.267379679,1,0.163934426,0.038961039,0,0.01980198,0.025210084,0.031055901,0.050251256,0.179591837,0.037313433,0.037162162,0,0.032352941,0,0,0.00913242,0.04248366,0.117370892,0.031690141,0,0.151260504,0.004405286,0.042944785,0.017647059,0.036734694,0.034055728,0.018518519,0,0.067226891,0.012820513,0,0.010791367,0.025210084,0.025423729,0.023809524,0.036734694,0.022026432,0.048076923,0.024896266,0.082644628,0.043478261,0,0.005464481,0.193236715,0.070028011,0.166666667,0,0.093495935,0.116104869,0.109243697,0.217592593,0.086419753,0.091324201,0.287671233,0.082474227,0.031523643,0.048888889,0.040935673,0.17535545,0.027100271,0.066914498,0.255319149,0.202970297,0.069148936,0.105263158,0.179591837,0.195238095,0.042654028,0.203208556,0.119834711,0.013888889,0.256198347,0.147321429,0.112299465,0.158730159,0.305263158,0.167364017,0.187845304,0.158371041,0.075376884,0.020833333,0.057377049,0.026936027,0.072961373,0.164122137,0.2,0.024561404,0,0,0.068571429,0.16,0.077777778,0.054878049,0,0.228426396,0.234972678,0.161290323,0.094444444,0.054166667,0,0.106481481,0,0.082474227,0,0.049115914,0.050505051,0.011811024,0.027027027,0.042704626,0.060150376,0.055649241,0.099447514,0.171122995,0.075892857,0,0.09771987,0,0.041666667,0.018518519,0.017595308,0.041994751,0.031007752,0.076190476,0,0.036101083,0.027149321,0.12,0.033149171,0,0.06504065,0.045643154,0,0.071428571,0.044217687,0.072164948,0.014035088,0.146788991,0.019047619,0.071269488,0.07826087,0.061728395,0.010687023,0.023255814,0.064705882,0.021390374,0.067398119,0,0.044247788,0,0.062874251,0.013215859,0.120743034,0.024725275,0.026086957,0.023364486,0.022624434,0.024630542,0.081730769,0.060085837,0.016304348,0,0.023041475,0.015957447,0.022624434,0.023584906,0.016806723,0.027777778,0.017123288,0.019230769,0.020477816,0.023255814,0.024793388,0.039130435,0,0,0,0,0,0,0,0,0.2,0.135,0.287958115,0.082822086,0.009615385,0.079881657,0.054744526
Vascular smooth muscle contraction - Homo sapiens (human),0,0,0,0,0,0,0,0,0,0,0,0,0,0,0,0,0.056451613,0,0,0,0,0,0,0,0,0,0,0,0,0,0,0,0,0,0,0,0,0,0,0,0,0,0,0,0,0,0,0,0,0,0,0.019704433,0,0.088785047,0.115151515,0.107954545,0.131034483,0.134751773,0,0,0,0,0,0,0,0,0,0,0,0,0,0,0,0,0,0,0,0,0,0,0,0,0,0,0,0,0,0,0,0.013157895,0,0,0,0,0,0,0,0,0,0,0,0,0,0,0,0,0,0,0,0,0.062034739,0.04784689,0.114457831,0.109677419,0.143730887,0.303030303,0.14516129,0,0,0.090301003,0.008474576,0.038461538,0.027131783,0.079439252,0.081196581,0.141700405,0.042016807,0,0.11814346,0,0,0,0,0,0,0.041666667,0,0,0.002604167,0,0,0.035714286,0.012448133,0.003937008,0.030534351,0.056872038,0.065217391,0,0,0.024475524,0.070110701,0.01843318,0.163934426,1,0.04109589,0,0.016042781,0.017857143,0.029315961,0.084269663,0.17167382,0.011583012,0.010416667,0,0.07028754,0,0,0.014851485,0.052083333,0.180851064,0.018382353,0,0.234449761,0,0.038461538,0.012903226,0.017094017,0.035830619,0,0,0.072072072,0.003344482,0,0.039215686,0.008849558,0.013452915,0.012552301,0.03030303,0.028571429,0.068783069,0.079439252,0.016528926,0.029045643,0,0,0.196891192,0.048710602,0.203592814,0,0.06302521,0.114624506,0.164319249,0.143518519,0.153488372,0.093137255,0.117647059,0.204968944,0.021390374,0.057692308,0.04516129,0.247311828,0.086826347,0.079681275,0.176470588,0.268156425,0.121212121,0.082568807,0.142259414,0.169154229,0.025125628,0.12972973,0.0625,0.004950495,0.315068493,0.090497738,0.090909091,0.222891566,0.214659686,0.105042017,0.16374269,0.176470588,0.118644068,0.034482759,0.034188034,0,0.058823529,0.12890625,0.154545455,0,0,0,0.030120482,0.080924855,0.047058824,0,0,0.20855615,0.2,0.168316832,0.034285714,0,0.06626506,0.061904762,0,0,0,0.052845528,0.041666667,0.002012072,0.013824885,0.041353383,0.032994924,0.049913941,0.028089888,0.109289617,0.076555024,0,0.077181208,0.004761905,0.039548023,0,0.044164038,0.043835616,0.021333333,0.05,0,0.038314176,0.014423077,0.044247788,0.055555556,0,0.008196721,0.063063063,0,0.039735099,0.024647887,0.034965035,0,0.143312102,0.023489933,0.019736842,0.047058824,0.047923323,0.00466563,0,0.061349693,0.016666667,0.077795786,0,0.018072289,0,0.086538462,0.025404157,0.07788162,0.022922636,0.037735849,0.035714286,0.029411765,0.037837838,0.088541667,0.03125,0.030120482,0,0.035175879,0.041666667,0.034482759,0.036082474,0,0.051020408,0.025547445,0.034246575,0.025362319,0.025125628,0.069124424,0.02764977,0,0,0,0,0,0,0,0,0.027522936,0.019323671,0.08490566,0.040123457,0,0.054380665,0.038022814
Wnt signaling pathway - Homo sapiens (human),0,0,0,0,0,0,0,0,0,0,0,0,0,0,0,0,0,0,0,0,0,0,0,0,0,0,0,0,0,0,0,0,0,0,0,0,0,0,0,0,0,0,0,0,0,0,0,0,0,0,0,0.016736402,0,0,0,0,0,0,0,0,0,0,0,0,0,0,0,0,0,0,0,0,0,0,0,0,0,0,0,0,0,0,0,0,0,0,0.01459854,0,0.003610108,0,0,0,0,0,0,0,0,0.008658009,0,0,0,0,0,0.004098361,0,0.00462963,0,0,0,0,0.054545455,0.053719008,0.03307888,0.032608696,0.04859335,0.046583851,0.051075269,0,0,0.040229885,0.02238806,0.037174721,0.041522491,0.026923077,0.058608059,0.019230769,0,0.045774648,0.059859155,0.021008403,0.019607843,0,0,0,0.038626609,0.023026316,0.017964072,0,0.00477327,0.003115265,0,0.135888502,0.015503876,0.006920415,0.016611296,0.015686275,0.013100437,0.015075377,0.004761905,0.02173913,0.055016181,0,0.038961039,0.04109589,1,0.065116279,0.061032864,0.039370079,0.073170732,0.055299539,0.033444816,0.049295775,0.197802198,0.010152284,0.048022599,0,0,0.085585586,0.033536585,0.040322581,0.15498155,0,0.031578947,0,0.028571429,0,0.02238806,0.029069767,0.016949153,0,0.053846154,0.018181818,0,0.045138889,0.027237354,0.048,0.053030303,0.057915058,0.058823529,0.03030303,0.019083969,0.018050542,0.028985507,0,0.035532995,0.055335968,0.007518797,0.097222222,0,0.047101449,0.042622951,0.055762082,0.05204461,0.03649635,0.023715415,0.074733096,0.031390135,0.011627907,0.02811245,0,0.067729084,0.017857143,0.023333333,0.05785124,0.069105691,0.013761468,0.022556391,0.026578073,0.248847926,0.025641026,0.042553191,0.065934066,0.012711864,0.090909091,0.069498069,0.013333333,0.052863436,0.05511811,0.041811847,0.030701754,0.053435115,0.030837004,0.014084507,0.018315018,0.018808777,0.058823529,0.199261993,0.058394161,0.03654485,0,0,0.014705882,0.046948357,0.014218009,0,0,0.03968254,0.060344828,0.034220532,0.023584906,0,0,0.01171875,0,0,0,0.135245902,0.025882353,0.013282732,0.021459227,0.0330033,0.042352941,0.129370629,0.018604651,0.071748879,0.023529412,0,0.008474576,0.012295082,0.018518519,0.021276596,0.022284123,0.047738693,0.037128713,0.020746888,0,0.04778157,0.012295082,0.03030303,0.035,0,0.014388489,0.038167939,0,0.044776119,0.01552795,0.057324841,0.047457627,0.079234973,0.014880952,0.118303571,0.073972603,0.073746313,0.002941176,0.030470914,0.070028011,0.020304569,0.136142626,0.011142061,0.033149171,0,0.139817629,0.032258065,0.029649596,0.012886598,0.098712446,0.021367521,0.042372881,0.060465116,0.038135593,0.038910506,0.040201005,0.226315789,0.008333333,0.014423077,0.029288703,0.030434783,0.011583012,0.021097046,0.196226415,0.19858156,0.19924812,0.008403361,0.03875969,0.052845528,0,0,0.012931034,0,0.003816794,0,0,0,0,0.020661157,0.011406844,0.050704225,0.017699115,0.075418994,0.036912752
Notch signaling pathway - Homo sapiens (human),0,0,0,0,0,0,0,0,0,0,0,0,0,0,0,0,0,0,0,0,0,0,0,0,0,0,0,0,0,0,0,0,0,0,0,0,0,0,0,0,0,0,0.029126214,0,0,0,0,0,0,0,0,0,0,0,0,0,0,0,0,0,0,0,0,0,0,0,0,0,0,0,0,0,0,0,0,0,0,0,0,0,0,0,0,0,0,0,0,0,0,0,0,0,0,0,0.004878049,0,0,0.033898305,0,0,0,0,0,0,0,0,0,0,0,0.008928571,0,0,0,0,0,0,0.007194245,0,0,0,0,0.012048193,0.010638298,0,0,0,0,0.021978022,0,0,0,0,0,0,0,0,0,0,0,0,0,0.014150943,0,0,0,0,0.016806723,0,0,0,0,0,0,0,0.065116279,1,0,0.013245033,0,0,0.010204082,0,0.014084507,0,0,0,0,0.015625,0,0,0.015075377,0,0,0,0.008097166,0,0,0,0,0,0,0.00896861,0,0,0,0.094202899,0,0,0,0,0,0.005882353,0,0,0,0,0,0.016129032,0,0.011363636,0,0,0,0,0,0,0,0,0,0,0,0,0,0,0,0,0,0,0.032258065,0,0,0.058823529,0,0,0.012195122,0,0,0,0,0,0,0,0,0,0,0,0.014218009,0.011299435,0,0,0.011904762,0,0,0,0,0,0,0,0,0,0,0,0,0,0,0,0.023094688,0,0,0.011080332,0.02020202,0.003021148,0.013257576,0,0.015873016,0,0,0.008196721,0,0,0.0078125,0,0,0,0,0,0,0,0,0,0,0,0,0,0.008438819,0,0.00913242,0,0,0.00877193,0.071428571,0.014440433,0.007968127,0,0.031620553,0,0.003448276,0.040564374,0.012048193,0.035433071,0,0,0.022160665,0.018796992,0,0,0.015873016,0,0,0,0.012987013,0,0.025210084,0,0,0.030534351,0,0,0,0.08994709,0.013392857,0.014634146,0,0,0,0,0,0,0,0,0,0,0,0,0,0,0,0,0,0
Hedgehog signaling pathway - Homo sapiens (human),0,0,0,0,0,0,0,0,0,0,0,0,0,0,0,0,0,0,0,0,0,0,0,0,0,0,0,0,0,0,0,0,0,0,0,0,0,0,0,0,0,0,0,0,0,0,0,0,0,0,0,0,0,0,0,0,0,0,0,0,0,0,0,0,0,0,0,0,0,0,0,0,0,0,0,0,0,0,0,0,0,0,0,0,0,0,0,0,0,0,0,0,0,0,0,0,0,0,0,0,0,0,0,0,0,0,0,0,0,0,0.014492754,0.007142857,0.010380623,0,0.010238908,0,0.025925926,0,0,0.033333333,0.006289308,0.006097561,0.021857923,0,0.005747126,0,0,0.022346369,0.033149171,0.023809524,0.036649215,0,0,0,0,0.020725389,0.008928571,0,0.019933555,0,0,0.004739336,0.009852217,0.005681818,0.005235602,0.021126761,0.026086957,0.011494253,0,0.004672897,0.019230769,0,0.01980198,0.016042781,0.061032864,0,1,0.020408163,0.021459227,0,0.020942408,0,0.044117647,0.024096386,0.015810277,0,0,0,0.018099548,0.028571429,0.005050505,0,0.016949153,0,0,0,0,0.0041841,0,0,0,0.01369863,0,0,0.006711409,0,0,0.006289308,0.00729927,0,0,0,0,0,0.071428571,0.02,0.010526316,0.025,0,0.011560694,0.014925373,0.03030303,0.024242424,0.017964072,0.021126761,0.032967033,0,0.014344262,0.021582734,0,0.01986755,0,0.021164021,0.021582734,0.020547945,0.028846154,0.019354839,0.020942408,0.026143791,0.024390244,0.031496063,0.029069767,0,0.019417476,0.01875,0.027027027,0.024590164,0.01986755,0.027777778,0.025423729,0.038461538,0.016949153,0,0.006134969,0.004761905,0.012987013,0.024271845,0.023255814,0.010204082,0,0,0,0.028301887,0.030927835,0,0,0.020689655,0.023255814,0,0,0,0,0.021126761,0,0,0.009433962,0.011494253,0.009404389,0.002386635,0,0,0.012307692,0.011406844,0.029411765,0.024590164,0.05,0,0.0125,0,0.029126214,0,0,0.016778523,0.003289474,0,0,0.005208333,0,0,0,0,0.005988024,0.019354839,0,0.004255319,0.009478673,0.004608295,0.020942408,0.018115942,0,0.021108179,0.018315018,0.008064516,0.001763668,0.011764706,0.015151515,0,0.031634446,0.004032258,0.019607843,0,0.031620553,0.008264463,0.026819923,0,0.021582734,0,0.007633588,0.017857143,0.007692308,0.02,0.010869565,0.101851852,0.007874016,0.010416667,0.007633588,0.008196721,0.01369863,0.007874016,0.020100503,0.018181818,0.030150754,0,0,0,0,0,0,0,0,0,0,0,0,0,0.020134228,0.003875969,0.008695652,0.007434944,0.005154639
TGF-beta signaling pathway - Homo sapiens (human),0,0,0,0,0,0,0,0,0,0,0,0,0,0,0,0,0,0,0,0,0,0,0,0,0,0,0,0,0,0,0,0,0,0,0,0,0,0,0,0,0,0,0,0,0,0,0,0,0,0,0,0,0,0,0,0,0,0,0,0,0,0,0,0,0,0,0,0,0,0,0,0,0,0,0,0,0,0,0,0,0,0,0,0,0,0,0,0,0,0.021390374,0,0,0,0,0,0.007194245,0,0.012903226,0,0,0,0,0,0,0,0.007142857,0,0,0,0,0.023746702,0.028735632,0.009174312,0.016722408,0,0.015564202,0.022727273,0.089635854,0.005181347,0.014184397,0.005076142,0.041025641,0.056338028,0,0.044117647,0.012552301,0,0.083333333,0.041666667,0.006024096,0.021645022,0,0,0.016129032,0.006060606,0.026200873,0.011494253,0,0.026785714,0.004081633,0,0.024590164,0.02283105,0.028708134,0.013215859,0.011049724,0.012987013,0,0,0.007968127,0.059322034,0,0.025210084,0.017857143,0.039370079,0.013245033,0.020408163,1,0.037593985,0.013245033,0.035555556,0.037383178,0.140909091,0,0.017241379,0.005524862,0.004,0.057692308,0.023346304,0.011111111,0.139423077,0,0.018691589,0.011764706,0.007092199,0,0.015384615,0.01459854,0.006134969,0,0.020618557,0.015625,0.005208333,0.018099548,0.02173913,0.016393443,0.046632124,0.025906736,0.011494253,0.018867925,0.021390374,0.014778325,0.009708738,0.007042254,0.024,0.010582011,0.01242236,0.025477707,0,0.014285714,0.008333333,0.009708738,0.009756098,0.009708738,0,0.018018018,0.040540541,0,0,0,0,0.012539185,0.017621145,0,0.010810811,0.006944444,0.010309278,0.013043478,0.020942408,0.012345679,0,0.028708134,0.00617284,0.016393443,0.010050251,0,0,0,0.02764977,0.006329114,0.020408163,0.012820513,0.02189781,0.015075377,0.008097166,0.06010929,0.016326531,0.019047619,0.004255319,0.014814815,0,0.015503876,0,0,0,0,0,0,0.005128205,0,0,0,0,0,0,0,0.006315789,0,0.002188184,0.007556675,0.004237288,0.008241758,0.005291005,0,0,0,0,0.007168459,0.005882353,0,0,0.017482517,0.03021148,0.017804154,0.024096386,0.006666667,0.022123894,0.042682927,0.076923077,0.015503876,0.043478261,0.035175879,0.02617801,0,0.037878788,0.037190083,0.053497942,0,0.029032258,0.023166023,0.031553398,0.049833887,0.017667845,0.003311258,0.006802721,0.026845638,0.009287926,0.041666667,0.017730496,0.024054983,0,0.045454545,0.025380711,0.016611296,0.006349206,0.084337349,0.051612903,0.075949367,0.020134228,0.011976048,0.021390374,0.0234375,0.012903226,0.012195122,0.030534351,0.0625,0.032051282,0.010869565,0.012195122,0.025531915,0.052208835,0.061135371,0.01863354,0.026737968,0.028089888,0.008064516,0,0.046052632,0.00877193,0.027472527,0.015384615,0.014925373,0,0.022222222,0,0.021505376,0.027681661,0,0.013114754,0.044843049
Axon guidance - Homo sapiens (human),0,0,0,0,0,0,0,0,0,0,0,0,0,0,0,0,0,0,0,0,0,0,0,0,0,0,0,0,0,0,0,0,0,0,0,0,0,0,0,0,0,0,0,0,0,0,0,0,0,0,0,0.02,0,0,0,0,0,0,0,0,0,0,0,0,0,0,0,0,0,0,0,0,0,0,0,0,0,0,0,0,0,0,0,0,0,0,0,0,0,0,0,0,0,0,0,0,0,0.004098361,0.005376344,0,0,0,0,0.007843137,0,0,0,0,0,0,0.0625,0.136170213,0.1,0.107344633,0.034313725,0.057575758,0.068965517,0.012738854,0.007142857,0.093567251,0.010600707,0.054347826,0.043333333,0.033333333,0.09057971,0.061093248,0.001841621,0.006514658,0.036423841,0,0,0,0,0,0.020080321,0.045307443,0,0,0.023640662,0.006024096,0,0.062893082,0.048923679,0.023648649,0.042622951,0.034351145,0.038297872,0,0,0.011869436,0.066246057,0,0.031055901,0.029315961,0.073170732,0,0.021459227,0.037593985,1,0.126168224,0.032154341,0.058020478,0.043076923,0.004761905,0.106936416,0.003717472,0.021084337,0.045454545,0.044642857,0.042471042,0.062091503,0,0.077464789,0,0.042016807,0,0.032490975,0.008264463,0,0,0.104247104,0.026548673,0,0.094405594,0.010989011,0.037878788,0.035714286,0.134920635,0.1,0.086956522,0.077220077,0.027972028,0.100371747,0.008733624,0,0.037174721,0.00729927,0.068669528,0,0.09057971,0.018518519,0.042253521,0.072727273,0.038596491,0.018796992,0.039735099,0.043103448,0.006482982,0,0,0.052631579,0.12295082,0.049342105,0.019011407,0.049618321,0,0.04797048,0.052459016,0.071969697,0.058823529,0.00390625,0.066901408,0.004,0.087378641,0.032142857,0.038961039,0.032921811,0.018181818,0.061433447,0,0.028571429,0.069565217,0.04109589,0.035714286,0.027439024,0.064150943,0.043343653,0.070921986,0.003095975,0,0,0.052884615,0.004273504,0,0,0,0.003663004,0.032,0.014285714,0.02690583,0,0,0,0,0,0,0.042357274,0.018181818,0.011111111,0,0.025236593,0.038812785,0.039494471,0.017621145,0.041493776,0.014869888,0,0.025,0.057142857,0.013100437,0.032786885,0.049861496,0.059259259,0.043583535,0.036144578,0,0.081355932,0.01171875,0.04029304,0.004587156,0.004329004,0.024390244,0.028985507,0,0.043227666,0.039877301,0.051987768,0.022292994,0.09703504,0.029154519,0.051229508,0.052083333,0.071225071,0.011661808,0.021276596,0.119318182,0.029850746,0.067365269,0.00536193,0.040431267,0,0.115273775,0.058064516,0.045092838,0.049222798,0.072,0.100877193,0.057377049,0.066666667,0.079831933,0.052830189,0.023364486,0.033755274,0.053941909,0.032407407,0.057377049,0.050632911,0.030075188,0.071729958,0.054487179,0.063829787,0.060897436,0.054393305,0.06870229,0.084,0,0,0,0,0.003649635,0,0,0,0.003690037,0.003875969,0.003610108,0.040540541,0.021097046,0.087671233,0.049019608
VEGF signaling pathway - Homo sapiens (human),0,0,0,0,0,0,0,0,0,0,0,0,0,0,0,0.0125,0,0,0,0,0,0,0,0,0,0.009259259,0,0,0,0,0,0,0,0,0,0,0,0,0,0,0,0,0,0,0,0,0,0,0,0,0,0.039370079,0,0.046357616,0.068627451,0.071428571,0.085365854,0.08974359,0.018181818,0,0,0,0,0,0,0,0,0,0,0,0,0,0,0,0,0,0,0,0,0,0,0,0,0,0,0,0,0,0,0,0,0,0,0,0,0,0,0,0,0,0,0,0,0,0,0,0,0,0,0,0.124203822,0.220338983,0.143410853,0.135021097,0.052816901,0.076190476,0.06870229,0,0,0.125560538,0.025157233,0.135135135,0.124260355,0.075862069,0.202702703,0.169491525,0,0,0.06741573,0.007633588,0,0,0,0,0.031496063,0.098901099,0,0,0.009771987,0.004761905,0,0.102564103,0.06443299,0.052631579,0.107954545,0.088235294,0.110091743,0.011111111,0,0.033175355,0.14973262,0,0.050251256,0.084269663,0.055299539,0,0,0.013245033,0.126168224,1,0.076086957,0.147239264,0,0,0.120689655,0,0,0.056910569,0.013333333,0.088888889,0.116022099,0,0.158227848,0,0.116591928,0,0.124137931,0.025316456,0.032,0,0.21641791,0.051401869,0,0.180124224,0.047945205,0.094202899,0.084415584,0.21641791,0.247787611,0.365591398,0.238095238,0.11038961,0.130718954,0,0,0.033112583,0.024647887,0.145454545,0,0.186666667,0.050761421,0.108974359,0.116883117,0.116129032,0.027777778,0.073033708,0.178217822,0,0,0,0.171641791,0.090909091,0.107344633,0.021126761,0.178294574,0.078431373,0.125874126,0.112359551,0.073825503,0.216981132,0.022900763,0.161290323,0.024,0.14516129,0.050632911,0.093457944,0.040650407,0.019480519,0.160493827,0,0.044303797,0.194174757,0.082474227,0.070512821,0.075376884,0.195488722,0.019047619,0.185430464,0.036082474,0,0,0.142857143,0.027522936,0,0,0,0.02027027,0.022727273,0.025477707,0.104166667,0,0,0,0,0,0,0.059808612,0.00619195,0.02919708,0.002747253,0.063157895,0.067524116,0.049019608,0,0.066666667,0.020408163,0,0.033613445,0.096774194,0.028301887,0.075,0.040650407,0.077464789,0.062068966,0.046511628,0.008695652,0.152941176,0.0625,0.102739726,0.032258065,0,0.06875,0.073333333,0,0.091324201,0.096446701,0.14507772,0.058823529,0.159183673,0.079812207,0.0626703,0.084942085,0.160550459,0.021466905,0.065306122,0.168103448,0.062043796,0.055456172,0.003984064,0.069105691,0.007874016,0.142857143,0.060344828,0.092741935,0.1015625,0.178861789,0.196261682,0.184210526,0.193877551,0.207207207,0.138686131,0.078651685,0,0.159292035,0.111111111,0.163793103,0.166666667,0.086330935,0.224299065,0.095744681,0.118226601,0.094736842,0.151785714,0.246031746,0.233333333,0,0,0,0,0.006622517,0,0,0,0,0,0,0.0781893,0.034782609,0.136929461,0.118644068
Apelin signaling pathway - Homo sapiens (human),0,0,0,0,0,0,0,0,0,0,0,0,0,0,0,0.018987342,0.04296875,0,0,0,0,0,0,0,0,0.016129032,0,0,0,0,0,0,0,0,0,0,0,0,0,0,0,0,0,0,0,0,0,0,0,0,0,0.029126214,0,0,0,0,0,0,0.010526316,0,0,0,0,0,0,0,0,0,0,0,0,0,0,0,0,0,0,0,0,0,0,0,0,0,0,0,0,0.003378378,0,0,0,0,0,0,0,0,0,0,0,0,0,0,0,0.009433962,0,0,0,0,0,0,0.04842615,0.066666667,0.122754491,0.122186495,0.12462908,0.219123506,0.118012422,0.002309469,0,0.177935943,0,0.05982906,0.093117409,0.067873303,0.102564103,0.138888889,0.00804829,0.015267176,0.102040816,0.00952381,0,0,0,0.030120482,0.060301508,0.124497992,0,0,0.010362694,0.006920415,0.004545455,0.061151079,0.088300221,0.06557377,0.053639847,0.151515152,0.161849711,0.01183432,0.022727273,0,0.113207547,0.036697248,0.179591837,0.17167382,0.033444816,0.010204082,0.020942408,0.035555556,0.032154341,0.076086957,1,0.030888031,0.027777778,0,0.046153846,0.004424779,0.003389831,0.029411765,0.044067797,0.158163265,0.052238806,0.00896861,0.163716814,0,0.047770701,0.00621118,0.034042553,0.041935484,0,0,0.099547511,0.023489933,0,0.030534351,0.008658009,0.017621145,0.029166667,0.047413793,0.052380952,0.056122449,0.053571429,0.028688525,0.016064257,0,0.042168675,0.289617486,0.091176471,0.163841808,0,0.079497908,0.171428571,0.199052133,0.266331658,0.182242991,0.163265306,0.183406114,0.124293785,0.03030303,0.061320755,0.056962025,0.133971292,0.063583815,0.145228216,0.09223301,0.183673469,0.06741573,0.110599078,0.177966102,0.170731707,0.060913706,0.103092784,0.092436975,0.06122449,0.252136752,0.144186047,0.119318182,0.136612022,0.150485437,0.246511628,0.114754098,0.150234742,0.109289617,0.022099448,0.069264069,0.035211268,0.101382488,0.109433962,0.161434978,0.044609665,0,0,0.01734104,0.072625698,0.033898305,0,0,0.149253731,0.194444444,0.085585586,0.039106145,0.012552301,0,0.060465116,0,0.015306122,0,0.069529652,0.046511628,0.024439919,0.034883721,0.064150943,0.03,0.064013841,0.038674033,0.06122449,0.16751269,0,0.143859649,0.004651163,0.027173913,0,0.009009009,0.069252078,0.034666667,0.064356436,0,0.029850746,0.014084507,0.080717489,0.029239766,0,0.050209205,0.043290043,0,0.056291391,0.042253521,0.048780488,0.01459854,0.209302326,0.026490066,0.046770601,0.084084084,0.176678445,0.00618238,0.011869436,0.147058824,0.010899183,0.114808652,0.006060606,0.03313253,0,0.085173502,0.032183908,0.096875,0.031339031,0.09223301,0.055837563,0.08040201,0.070652174,0.10880829,0.063063063,0.053892216,0,0.065656566,0.058823529,0.075,0.078534031,0.022123894,0.060301508,0.063197026,0.065972222,0.074626866,0.060913706,0.062780269,0.065420561,0,0,0.00990099,0,0,0,0,0,0.060185185,0.018867925,0.082949309,0.042682927,0.005050505,0.063063063,0.0651341
Osteoclast differentiation - Homo sapiens (human),0,0,0,0,0,0,0,0,0,0,0,0,0,0,0,0,0,0,0,0,0,0,0,0,0,0,0,0,0,0,0,0,0,0,0,0,0,0,0,0,0,0,0,0,0,0,0,0,0,0,0,0.020304569,0,0,0,0,0,0,0,0,0,0,0,0,0,0,0,0,0.007407407,0,0,0,0,0,0,0,0,0,0,0,0,0,0,0,0,0,0,0,0,0,0,0,0,0,0,0.005780347,0,0,0,0,0,0.007352941,0,0.004950495,0,0,0,0,0,0,0.134408602,0.097938144,0.076923077,0.069620253,0.019390582,0.049822064,0.073846154,0.049627792,0.017857143,0.081081081,0.126213592,0.082191781,0.111587983,0.032110092,0.122727273,0.065637066,0.00204499,0.007905138,0.048582996,0,0.011235955,0,0,0,0.03626943,0.071713147,0.017064846,0.007751938,0.007978723,0.044776119,0,0.063670412,0.061674009,0.050632911,0.118644068,0.068965517,0.049723757,0.025641026,0,0.078947368,0.126984127,0,0.037313433,0.011583012,0.049295775,0,0,0.037383178,0.058020478,0.147239264,0.030888031,1,0.014234875,0,0.064724919,0.004651163,0,0.036458333,0.020618557,0.018867925,0.071146245,0,0.095652174,0.014778325,0.108013937,0,0.214659686,0.114285714,0.106145251,0.043715847,0.227513228,0.084870849,0.03652968,0.146017699,0.138461538,0.164021164,0.18,0.234042553,0.280487805,0.180722892,0.108374384,0.212121212,0.07079646,0.011428571,0.00621118,0.018099548,0.019830028,0.048387097,0,0.138248848,0.033707865,0.029787234,0.071111111,0.012552301,0,0.06122449,0.016216216,0,0,0,0.081339713,0.040816327,0.077235772,0.004694836,0.06763285,0,0.090047393,0.06374502,0.022321429,0.164705882,0.004950495,0.064102564,0.08839779,0.048327138,0.039823009,0.050847458,0.031413613,0.008928571,0.13215859,0.005208333,0.030837004,0.066666667,0.094339623,0.092592593,0.118577075,0.169230769,0.014336918,0.127272727,0.111111111,0.023952096,0,0.050955414,0,0.005847953,0,0,0,0,0.004366812,0.054216867,0,0,0,0,0,0,0.068893528,0.007672634,0.031446541,0.016393443,0.050387597,0.080862534,0.048611111,0.029069767,0.053475936,0,0,0.022727273,0.035353535,0.005649718,0.093922652,0.097972973,0.112759644,0.102339181,0.090909091,0.033519553,0.193693694,0.198830409,0.197916667,0.018518519,0.028901734,0.165048544,0.064814815,0.02739726,0.149253731,0.130952381,0.198347107,0.145922747,0.131410256,0.128301887,0.06993007,0.147540984,0.188191882,0.061359867,0.166077739,0.156462585,0.125,0.073289902,0.025559105,0.067524116,0,0.074193548,0.037914692,0.059190031,0.110759494,0.120418848,0.094444444,0.152542373,0.075144509,0.079787234,0.097560976,0.02484472,0,0.069518717,0.018072289,0.133333333,0.120689655,0.083743842,0.075268817,0.065891473,0.064748201,0.065384615,0.064516129,0.09178744,0.219101124,0.006329114,0,0.072222222,0.023255814,0.0625,0.012195122,0.024096386,0.024691358,0.018691589,0.004901961,0.018181818,0.088815789,0.010752688,0.174657534,0.171052632
Hippo signaling pathway - Homo sapiens (human),0,0,0,0,0,0,0,0,0,0,0,0,0,0,0,0,0,0,0,0,0,0,0,0,0,0,0,0,0,0,0,0,0,0,0,0,0,0,0,0,0,0,0,0,0,0,0,0,0,0,0,0,0,0,0,0,0,0,0,0,0,0,0,0,0,0,0,0,0,0,0,0,0,0,0,0,0,0,0,0,0,0,0,0,0,0,0,0,0,0.04526749,0,0,0,0,0,0,0,0,0,0,0,0,0,0,0,0,0,0,0,0,0.020361991,0.012552301,0.00511509,0.036723164,0.002525253,0.009345794,0.010695187,0.043879908,0,0.00867052,0.007722008,0.003773585,0.039711191,0,0.033707865,0,0.001930502,0.063670412,0.054945055,0.026785714,0.013559322,0,0,0.010695187,0,0.006756757,0,0,0.025125628,0.009803922,0,0.117857143,0.042857143,0.033457249,0.020905923,0,0,0.021621622,0,0.006369427,0.057432432,0,0.037162162,0.010416667,0.197802198,0.014084507,0.044117647,0.140909091,0.043076923,0,0.027777778,0.014234875,1,0.141104294,0.034682081,0,0.006410256,0.08056872,0.090301003,0.004098361,0.204819277,0.008298755,0.025547445,0,0.00872093,0,0,0.00887574,0,0,0,0.012539185,0,0.003484321,0.004,0,0.023166023,0.007722008,0.004201681,0,0,0.007490637,0.026515152,0.004878049,0.02688172,0,0.01038961,0.013574661,0,0.010989011,0,0.003703704,0,0,0,0.0433213,0.018779343,0,0,0,0.011904762,0.023872679,0.020833333,0,0,0.004830918,0,0,0.172727273,0.013392857,0,0.02962963,0,0.019672131,0,0,0,0,0.017793594,0,0,0,0.004950495,0.019230769,0.006451613,0.044715447,0.159851301,0.003623188,0.023972603,0,0,0,0,0,0,0,0,0.008658009,0,0,0,0,0,0,0,0,0.079840319,0,0.003853565,0.004338395,0,0.002331002,0.069256757,0.004878049,0.013452915,0,0,0.008797654,0.030837004,0.009756098,0,0.005681818,0.012531328,0.025252525,0.004310345,0.004694836,0.010309278,0.017391304,0.06147541,0,0.019704433,0.018939394,0.015686275,0.003952569,0.012012012,0.060810811,0.039087948,0.020689655,0.010582011,0.009230769,0.156398104,0.038356164,0.023323615,0.00753012,0.011267606,0.005449591,0,0.107890499,0.023391813,0.031428571,0,0.124223602,0.024122807,0.013736264,0,0.104545455,0.013452915,0.040178571,0.08040201,0.004329004,0.028340081,0.043010753,0.257142857,0.013274336,0.020618557,0.040178571,0.027522936,0.016326531,0.008810573,0.173745174,0.199261993,0.228915663,0.004424779,0,0,0,0,0.023041475,0,0.016260163,0,0,0,0.020661157,0.044642857,0.02016129,0.034482759,0.018779343,0.002695418,0.027777778
Hippo signaling pathway - multiple species - Homo sapiens (human),0,0,0,0,0,0,0,0,0,0,0,0,0,0,0,0,0,0,0,0,0,0,0,0,0,0,0,0,0,0,0,0,0,0,0,0,0,0,0,0,0,0,0,0,0,0,0,0,0,0,0,0,0,0,0,0,0,0,0,0,0,0,0,0,0,0,0,0,0,0,0,0,0,0,0,0,0,0,0,0,0,0,0,0,0,0,0,0,0,0,0,0,0,0,0,0,0,0,0,0,0,0,0,0,0,0,0,0,0,0,0.00623053,0.008849558,0.007604563,0,0,0,0.004016064,0,0,0.004545455,0,0,0.012658228,0,0,0,0,0,0,0,0,0,0,0,0,0,0,0,0,0,0,0,0,0,0,0,0,0,0,0,0,0,0,0,0.010152284,0,0.024096386,0,0.004761905,0,0,0,0.141104294,1,0.004366812,0,0,0,0.005076142,0,0,0,0,0,0,0,0,0,0,0,0.007575758,0,0,0.006289308,0,0,0,0.007575758,0,0,0.008,0,0,0,0.032786885,0,0,0,0,0,0,0,0,0,0,0,0,0,0,0,0,0.003891051,0,0,0,0,0,0,0,0,0,0,0,0,0,0,0,0,0,0,0,0,0,0,0,0,0,0,0,0,0,0,0,0,0,0,0,0,0,0,0,0,0,0,0,0,0.00486618,0,0,0,0,0,0.003976143,0,0,0,0,0,0,0,0.010204082,0.004444444,0,0.003610108,0,0,0,0,0,0,0,0,0,0,0,0,0,0,0,0,0,0,0,0,0,0.004166667,0,0.001788909,0,0,0,0.004291845,0.00295858,0,0,0,0.010309278,0,0,0,0,0,0,0,0.014492754,0,0,0,0.01,0,0,0,0,0,0,0,0,0,0,0,0,0,0,0,0,0,0,0,0,0
Focal adhesion - Homo sapiens (human),0,0,0,0,0,0,0,0,0,0,0,0,0,0,0,0,0,0,0,0,0,0,0,0,0,0,0,0,0,0,0,0,0,0,0,0,0,0,0,0,0,0,0,0,0,0,0,0,0,0,0,0.026217228,0,0,0,0,0,0,0,0,0,0,0,0,0,0,0,0,0,0,0,0,0,0,0,0,0,0,0,0,0,0,0,0,0,0,0,0,0,0.010169492,0,0,0,0,0,0,0,0,0,0,0,0.009615385,0,0.00729927,0,0,0,0,0,0,0.125,0.191666667,0.171581769,0.181034483,0.060096154,0.060518732,0.093264249,0,0,0.126074499,0.016666667,0.080139373,0.095709571,0.045614035,0.103448276,0.111464968,0,0.012345679,0.024691358,0.026217228,0.008823529,0,0,0,0.02247191,0.06875,0.013661202,0,0.029612756,0.041297935,0,0.081818182,0.258503401,0.042071197,0.087096774,0.043165468,0.047808765,0.030973451,0,0.022727273,0.065671642,0.003484321,0.032352941,0.07028754,0.048022599,0,0.015810277,0.017241379,0.106936416,0.120689655,0.046153846,0.064724919,0.034682081,0.004366812,1,0.290178571,0.022857143,0.075098814,0.066282421,0.074349442,0.058461538,0.007017544,0.144366197,0,0.065395095,0,0.06271777,0.029411765,0.01119403,0,0.070175439,0.069970845,0.02739726,0.099337748,0.024305556,0.020905923,0.01980198,0.133828996,0.101167315,0.120833333,0.111940299,0.068259386,0.153846154,0.008064516,0,0.017064846,0.014051522,0.05511811,0,0.134751773,0.023460411,0.016129032,0.060810811,0.029411765,0.013986014,0.040625,0.044,0,0,0,0.060283688,0.295180723,0.115511551,0.01056338,0.065217391,0.008,0.066901408,0.079365079,0.034246575,0.115226337,0.010989011,0.091525424,0.022727273,0.088957055,0.009836066,0.036,0,0.010135135,0.137931034,0,0.037162162,0.072874494,0.046610169,0.065517241,0.047058824,0.135849057,0.028901734,0.114583333,0.026946108,0,0,0.057777778,0.011952191,0,0,0,0.010344828,0.03358209,0.023648649,0.042016807,0.059233449,0,0,0,0,0,0.039076377,0.006465517,0.008928571,0.005952381,0.048780488,0.044052863,0.027314112,0.004016064,0.02661597,0.010380623,0,0.043010753,0.130081301,0.012096774,0.038314176,0.050131926,0.125628141,0.09223301,0.03358209,0,0.145762712,0.025830258,0.052083333,0.017094017,0.028688525,0.098245614,0.126394052,0,0.035326087,0.071856287,0.086826347,0.059190031,0.106493506,0.050847458,0.220183486,0.06281407,0.067567568,0.027377522,0.046753247,0.098404255,0.040865385,0.138413686,0.026041667,0.057441253,0,0.208333333,0.091880342,0.078328982,0.084398977,0.12992126,0.163793103,0.108,0.126086957,0.145228216,0.13740458,0.03030303,0.007633588,0.12345679,0.056768559,0.103585657,0.080645161,0.162698413,0.118852459,0.104761905,0.111445783,0.097178683,0.079681275,0.15,0.066176471,0,0,0.003773585,0.005970149,0.010309278,0,0,0,0.098113208,0.098814229,0.095940959,0.063157895,0.039840637,0.083333333,0.107491857
ECM-receptor interaction - Homo sapiens (human),0,0,0,0,0,0,0,0,0,0,0,0,0,0,0,0,0,0,0,0,0,0,0,0,0,0,0,0,0,0,0,0,0,0,0,0,0,0,0,0,0,0,0,0,0,0,0,0,0,0,0,0,0,0,0,0,0,0,0,0,0,0,0,0,0,0,0,0,0,0,0,0,0,0,0,0,0,0,0,0,0,0,0,0,0,0,0,0,0,0,0,0,0,0,0,0,0,0,0,0,0,0.021052632,0,0.00617284,0,0,0,0,0,0,0,0,0,0.013605442,0,0,0,0,0,0,0,0,0,0,0,0,0,0,0,0.00625,0,0,0,0,0,0,0,0,0,0.052631579,0,0,0.172413793,0.004807692,0,0,0,0,0,0,0,0,0,0,0,0,0,0.005524862,0.003717472,0,0.004424779,0.004651163,0,0,0.290178571,1,0.042553191,0,0.00390625,0,0,0.011627907,0.06,0,0.01459854,0,0.005235602,0,0,0,0,0,0.080924855,0,0,0,0,0,0,0,0,0,0.01,0.014814815,0,0,0,0,0,0,0,0,0,0,0,0,0,0,0,0,0,0.070945946,0,0,0,0,0,0,0,0,0,0.009661836,0.006410256,0,0,0,0,0,0.038277512,0,0,0.006622517,0,0.005128205,0,0.05027933,0,0,0,0,0,0,0,0,0,0,0,0,0,0,0.097701149,0.007692308,0,0,0,0.007246377,0,0,0,0,0.004347826,0.002777778,0,0,0,0,0,0,0.018518519,0,0,0.003521127,0.009036145,0,0.012345679,0,0.018099548,0.012269939,0,0.008064516,0.053435115,0.075268817,0.124260355,0,0,0,0.004016064,0,0.006430868,0,0.183615819,0,0,0.003344482,0.003460208,0,0.003134796,0.042087542,0.003571429,0,0,0.053956835,0.020512821,0,0,0,0,0,0,0,0,0,0,0,0.0078125,0,0,0.161290323,0,0,0,0,0,0,0,0,0,0,0,0,0,0,0,0.148387097,0.161971831,0.142857143,0.010416667,0.020689655,0.003311258,0.022522523
Cell adhesion molecules - Homo sapiens (human),0,0,0,0,0,0,0,0,0,0,0,0,0,0,0,0,0,0,0,0,0,0,0,0,0,0,0,0,0,0,0,0,0,0,0,0,0,0,0,0,0,0,0,0,0,0,0,0,0,0,0,0,0,0,0,0,0,0,0,0,0,0,0,0,0,0,0,0,0,0,0,0,0,0,0,0,0,0,0,0,0,0,0,0,0,0,0,0,0,0,0,0,0,0,0,0,0,0.00456621,0.00621118,0,0.012578616,0.012195122,0.012578616,0,0,0,0,0,0,0,0,0,0,0.013812155,0,0,0,0.006681514,0,0,0.015564202,0,0,0,0,0,0,0,0,0,0,0,0,0,0,0,0,0,0.014925373,0.084210526,0,0,0.015904573,0,0,0,0,0,0,0,0.019543974,0,0,0,0,0,0,0.004,0.021084337,0,0.003389831,0,0.006410256,0,0.022857143,0.042553191,1,0.027027027,0.093959732,0,0,0.008298755,0.003571429,0.113744076,0.014619883,0,0.011627907,0,0,0,0,0,0.103448276,0.032258065,0,0.064102564,0.06,0.039840637,0.004201681,0,0.003952569,0.011278195,0.168103448,0.138121547,0,0,0,0,0,0,0,0,0,0,0,0,0,0,0,0,0,0.029333333,0.003412969,0,0,0,0,0,0,0,0,0.003610108,0,0,0,0,0,0,0,0,0,0,0,0.003787879,0,0.011811024,0,0,0,0.129943503,0,0,0,0,0,0,0,0,0,0,0,0,0,0,0,0,0,0,0,0,0,0.004672897,0,0,0,0,0,0,0.00862069,0,0.013392857,0.075987842,0.00248139,0.002469136,0.013043478,0.009433962,0.020833333,0.083333333,0,0.015706806,0.056122449,0.071713147,0.007782101,0.085470085,0.049844237,0.082758621,0,0.003389831,0.018666667,0.047923323,0.029535865,0.070621469,0.023323615,0.034003091,0.071641791,0.019337017,0.00257732,0.005847953,0.011560694,0.016901408,0,0.014005602,0,0,0,0,0,0,0.004672897,0,0,0.005181347,0,0.004385965,0.005076142,0,0.004484305,0.012195122,0,0,0,0.003278689,0,0,0.016528926,0.093023256,0.141304348,0.067307692,0.069343066,0.091703057,0.147058824,0.130681818,0.042780749,0.033472803,0.04,0.032653061,0,0.148148148,0.016393443,0.031358885
Adherens junction - Homo sapiens (human),0,0,0,0,0,0,0,0,0,0,0,0,0,0,0,0,0,0,0,0,0,0,0,0,0,0,0,0,0,0,0,0,0,0,0,0,0,0,0,0,0,0,0,0,0,0,0,0,0,0,0,0,0,0,0,0,0,0,0,0,0,0,0,0,0,0,0,0.011764706,0.012820513,0,0,0,0,0,0,0,0,0,0,0,0,0,0,0,0,0,0.022857143,0,0,0,0,0,0,0,0,0,0,0.015151515,0,0,0,0.025641026,0,0.006896552,0,0,0,0,0,0,0.045845272,0.033112583,0.044217687,0.080769231,0.013029316,0.017094017,0.03180212,0.005494505,0,0.039525692,0.029411765,0.046511628,0.063157895,0,0.038251366,0.028169014,0.002314815,0.020618557,0.015075377,0,0,0,0,0,0.036231884,0.019230769,0,0,0.032051282,0.013636364,0,0.022522523,0.021634615,0.015873016,0.019704433,0.012658228,0.015267176,0,0,0,0.022522523,0,0.00913242,0.014851485,0.085585586,0.015625,0,0.057692308,0.045454545,0.056910569,0.029411765,0.036458333,0.08056872,0,0.075098814,0,0.027027027,1,0.057268722,0.032467532,0.038834951,0,0.037234043,0,0.031620553,0,0.023391813,0.015936255,0.007142857,0,0.023391813,0.017167382,0,0.035897436,0.018518519,0.01242236,0.034682081,0.041666667,0.040816327,0.045112782,0.056603774,0.016666667,0.088235294,0,0,0.012048193,0.01,0.029850746,0,0.027027027,0.00921659,0.010928962,0.016574586,0.010928962,0.006289308,0,0.0234375,0,0,0,0.005952381,0.071428571,0.02970297,0,0.031446541,0.016666667,0.017647059,0.019417476,0.055214724,0.02173913,0,0.043478261,0,0.032110092,0.011363636,0.0078125,0,0,0.030927835,0,0.029069767,0.015037594,0.026315789,0.017045455,0.013452915,0.049079755,0.036697248,0.021390374,0.028985507,0,0,0.028571429,0,0,0,0,0,0.013793103,0.011695906,0,0,0,0,0,0,0,0.017897092,0,0.006944444,0.005333333,0,0.026865672,0.014842301,0,0,0,0,0.0078125,0.121212121,0.025423729,0.044444444,0.067729084,0.052980132,0.049180328,0.020833333,0,0.077720207,0.027777778,0.023668639,0,0.008333333,0.016666667,0.017647059,0,0.024489796,0.017857143,0.044843049,0.024390244,0.031358885,0.025423729,0.028132992,0.028070175,0.043307087,0.006908463,0.007380074,0.02166065,0.013377926,0.046956522,0.011494253,0.037735849,0,0.061538462,0.021447721,0.014336918,0.031578947,0.113475177,0.052631579,0.088888889,0.112068966,0.028169014,0.083870968,0.08,0.03875969,0.051470588,0.056603774,0.042553191,0.045454545,0,0.036231884,0.053140097,0.071748879,0.089108911,0.044444444,0.062893082,0.052631579,0,0,0.007407407,0.009756098,0,0,0,0,0.012578616,0.072463768,0.012121212,0.02238806,0.048,0.025089606,0.044776119
Tight junction - Homo sapiens (human),0,0,0,0,0,0,0,0,0,0,0,0,0,0,0,0,0,0,0,0,0,0,0,0,0,0,0,0,0,0,0,0,0,0,0,0,0,0,0,0,0,0,0,0,0,0,0,0,0,0,0,0,0,0,0,0,0,0,0,0,0,0,0,0,0,0,0,0,0,0,0,0,0,0,0,0,0,0,0,0,0,0,0,0,0,0.004694836,0,0,0,0.035019455,0,0,0,0.004901961,0,0,0,0,0,0,0,0,0,0,0.004975124,0.004651163,0.005235602,0,0,0,0.035794183,0.028340081,0.030534351,0.055710306,0.012376238,0.024390244,0.045576408,0,0,0.040345821,0,0.003610108,0.041666667,0,0.066666667,0.003164557,0.001886792,0.010238908,0.023890785,0.008333333,0.00974026,0,0,0.010050251,0.021186441,0.040268456,0.01497006,0,0.057934509,0.042207792,0,0.012461059,0.033596838,0.070110701,0.055363322,0.044534413,0.045248869,0.015151515,0,0.009230769,0.012461059,0.007874016,0.04248366,0.052083333,0.033536585,0,0.018099548,0.023346304,0.044642857,0.013333333,0.044067797,0.020618557,0.090301003,0.005076142,0.066282421,0.00390625,0.093959732,0.057268722,1,0.057613169,0,0,0.057761733,0.004065041,0.011267606,0,0.02247191,0.014367816,0.017021277,0,0.02247191,0.002994012,0.019011407,0.003344482,0.015444015,0.015564202,0.018382353,0.034090909,0.008032129,0.021551724,0.064,0.021818182,0.194092827,0,0.035714286,0.015267176,0.033505155,0.017241379,0,0.039711191,0.022580645,0.014336918,0.014388489,0.014336918,0.019762846,0.052447552,0.017777778,0.004958678,0.011904762,0,0.030888031,0.093406593,0.051546392,0.015936255,0.048,0.013824885,0.022641509,0.01650165,0.011235955,0.021367521,0.012448133,0.028368794,0.04845815,0.073089701,0.037593985,0.013392857,0.017094017,0.019083969,0.034722222,0.017391304,0.018518519,0.004310345,0.028708134,0.045283019,0.04516129,0.038610039,0.022082019,0.028469751,0.043624161,0,0,0.004878049,0.01369863,0.014285714,0,0,0.011627907,0.029411765,0.018796992,0.004651163,0,0,0.015748031,0,0,0,0.027881041,0.038186158,0.026974952,0.030368764,0.012987013,0.04,0.027070064,0.018691589,0.021459227,0.011673152,0,0.008498584,0.088495575,0.037914692,0.052863436,0.224080268,0.089005236,0.091383812,0.025104603,0,0.092857143,0.008196721,0.046332046,0,0,0.014440433,0.038314176,0,0.014534884,0.116438356,0.024767802,0.023255814,0.026041667,0.008902077,0.068376068,0.028947368,0.025423729,0.001470588,0.024861878,0.016,0.010075567,0.02489019,0.002770083,0.038997214,0,0.056497175,0.014830508,0.018716578,0.020833333,0.028225806,0.017094017,0.033755274,0.008888889,0.008264463,0.007575758,0.004878049,0,0.008368201,0.019417476,0.012396694,0.008547009,0.011627907,0.012605042,0.012820513,0.012012012,0.006329114,0.004201681,0.022988506,0.003891051,0,0,0.004291845,0.00660066,0.003831418,0,0,0,0.048582996,0.016528926,0.031128405,0.013623978,0.017777778,0.035040431,0.051194539
Gap junction - Homo sapiens (human),0,0,0,0,0,0,0,0,0,0,0,0,0,0,0,0,0.058823529,0,0,0,0,0,0,0,0,0,0,0,0,0,0,0,0,0,0,0,0,0,0,0,0,0,0,0,0,0,0,0,0,0,0,0.025477707,0,0,0,0,0,0,0,0,0,0,0,0,0,0,0,0,0,0,0,0,0,0,0,0,0,0,0,0,0,0,0,0,0,0,0,0,0,0,0,0,0,0,0,0,0,0,0,0,0,0,0,0,0,0,0,0,0,0,0.079096045,0.108974359,0.08361204,0.15503876,0.131034483,0.143497758,0.084210526,0,0,0.129032258,0.005235602,0.04787234,0.068292683,0.057142857,0.10106383,0.185929648,0.020408163,0.004672897,0.095,0.00625,0,0,0,0,0.025641026,0.055299539,0,0,0.011940299,0.081081081,0,0.060869565,0.049881235,0,0.098039216,0.092592593,0.111111111,0,0,0,0.051724138,0,0.117370892,0.180851064,0.040322581,0,0.028571429,0.011111111,0.042471042,0.088888889,0.158163265,0.018867925,0.004098361,0,0.074349442,0,0,0.032467532,0.057613169,1,0.040540541,0,0.177777778,0,0.049056604,0,0.021276596,0.034220532,0,0,0.054945055,0.04526749,0,0.068292683,0.016759777,0.011235955,0.010309278,0.060773481,0.075949367,0.083333333,0.039325843,0.015228426,0.030612245,0,0.008264463,0.217105263,0.070234114,0.201550388,0,0.067010309,0.145631068,0.18128655,0.196428571,0.167630058,0.120253165,0.105527638,0.254237288,0.011516315,0.074074074,0,0.17721519,0.067340067,0.066350711,0.152317881,0.274647887,0.103174603,0.124260355,0.201058201,0.203821656,0.082191781,0.172661871,0.1,0,0.21,0.071428571,0.149606299,0.162962963,0.155279503,0.18579235,0.167938931,0.204968944,0.151515152,0.015151515,0.005128205,0,0.062146893,0.14084507,0.230769231,0,0,0,0.050420168,0.11023622,0.056,0,0,0.2,0.197080292,0.124260355,0.038461538,0,0,0.079268293,0,0,0,0.080091533,0.095975232,0.043879908,0.067750678,0.054794521,0.07761194,0.074285714,0.078740157,0.060810811,0.125786164,0,0.078431373,0.006097561,0.061538462,0.019354839,0.08778626,0.033950617,0.076677316,0.031446541,0,0.02739726,0.018518519,0.073446328,0.068376068,0,0.025641026,0.079545455,0,0.015151515,0.056034483,0.063829787,0,0.15498155,0.027777778,0.044887781,0.065292096,0.048327138,0.001669449,0,0.071428571,0.01910828,0.074652778,0.003571429,0.039145907,0,0.081180812,0.052910053,0.127819549,0.047138047,0.080745342,0.082758621,0.044585987,0.097744361,0.13986014,0.114457831,0.059322034,0,0.111111111,0.093220339,0.071895425,0.076388889,0,0.111111111,0.058558559,0.062240664,0.058035714,0.074829932,0.134146341,0.05988024,0,0,0,0,0,0,0,0,0,0.006097561,0.082352941,0.024647887,0,0.041237113,0.022522523
Signaling pathways regulating pluripotency of stem cells - Homo sapiens (human),0,0,0,0,0,0,0,0,0,0,0,0,0,0,0,0,0,0,0,0,0,0,0,0,0.004878049,0,0,0,0,0,0,0,0,0,0,0,0,0,0,0,0,0,0,0,0,0,0,0,0,0,0,0.014084507,0,0,0,0,0,0,0,0,0,0,0,0,0,0,0,0,0,0,0,0,0,0,0,0,0,0,0,0,0,0,0,0,0,0,0,0,0,0,0,0,0,0,0,0,0,0,0,0,0,0,0,0,0,0,0,0,0,0,0.060679612,0.096153846,0.070621469,0.092879257,0.013227513,0.026490066,0.04,0.040380048,0.004132231,0.066878981,0,0.06779661,0.109311741,0.025641026,0.087136929,0.065934066,0,0.018867925,0.033962264,0.004651163,0,0,0,0,0.014150943,0.067669173,0,0,0.018087855,0,0,0.215447154,0.064239829,0.043478261,0.064885496,0.064220183,0.073298429,0,0,0.013422819,0.087272727,0,0.031690141,0.018382353,0.15498155,0.015075377,0.005050505,0.139423077,0.062091503,0.116022099,0.052238806,0.071146245,0.204819277,0,0.058461538,0,0,0.038834951,0,0.040540541,1,0,0.05952381,0,0.057142857,0,0.073913043,0.021875,0.019138756,0,0.083333333,0.069204152,0,0.057915058,0.030434783,0.039823009,0.05907173,0.102678571,0.09223301,0.116402116,0.057268722,0.071428571,0.044715447,0,0,0.008403361,0.024590164,0.03960396,0,0.09623431,0.021052632,0.007843137,0.066666667,0.028,0,0.029962547,0.051813472,0,0,0,0.047826087,0.068965517,0.072796935,0,0.058295964,0.010416667,0.088888889,0.068181818,0.213930348,0.132978723,0,0.090909091,0.024154589,0.027681661,0.012145749,0.046875,0,0,0.092369478,0,0.020491803,0.089473684,0.044198895,0.045833333,0.049295775,0.104545455,0.168627451,0.109704641,0.036363636,0,0.011976048,0.058823529,0,0,0,0,0,0,0,0.049723757,0,0,0,0,0,0,0.116525424,0,0.007952286,0.002232143,0.032490975,0.032258065,0.087873462,0,0,0,0,0.02484472,0.03286385,0,0.019138756,0.017964072,0.042780749,0.050938338,0.028169014,0,0.06870229,0.037735849,0.069868996,0,0,0.049382716,0.025104603,0,0.038585209,0.083032491,0.105072464,0.048327138,0.079178886,0.053691275,0.139423077,0.067251462,0.09771987,0.017080745,0.051829268,0.062874251,0.041666667,0.123333333,0.030674847,0.048338369,0,0.212543554,0.06088993,0.072507553,0.063953488,0.145,0.092783505,0.095,0.148571429,0.101010101,0.11627907,0.058823529,0.240963855,0.108247423,0.057471264,0.106060606,0.111111111,0.044444444,0.102564103,0.271929825,0.248995984,0.27510917,0.109375,0.080717489,0.115384615,0,0,0.014634146,0,0,0,0,0.005555556,0.004310345,0.009174312,0.004201681,0.048484848,0,0.06231454,0.08045977
Complement and coagulation cascades - Homo sapiens (human),0,0,0,0,0,0,0,0,0,0,0,0,0,0,0,0,0,0,0,0,0,0,0,0,0,0,0,0,0,0,0,0,0,0,0,0,0,0,0,0,0,0,0,0,0,0,0,0,0,0,0,0,0,0,0,0,0,0,0,0,0,0,0,0,0,0,0,0,0,0,0,0,0,0,0,0,0,0,0,0,0,0,0,0,0,0,0,0,0,0,0,0,0,0,0,0,0,0,0,0,0,0,0.011235955,0,0,0,0,0,0,0,0,0,0,0.01369863,0.009287926,0.007968127,0.003267974,0,0,0,0.005291005,0.005154639,0,0,0.009852217,0.00862069,0.027522936,0,0,0.006329114,0,0,0,0,0,0,0,0,0,0.021459227,0,0,0.006864989,0,0,0,0,0,0,0,0.004149378,0,0,0,0,0,0,0,0,0,0.00896861,0,0.008298755,0,0.007017544,0.011627907,0.008298755,0,0,0,0,1,0.034482759,0,0.041509434,0,0,0,0,0,0,0,0.033519553,0.00462963,0,0,0,0,0.005988024,0,0,0,0.01010101,0,0,0,0,0,0,0,0,0,0,0,0,0,0,0,0,0,0.016574586,0.05,0,0,0,0,0,0,0,0,0,0,0,0,0,0,0,0,0,0,0,0,0,0,0,0.016393443,0,0,0.04587156,0,0,0,0.007246377,0,0,0,0,0,0.005347594,0,0.005319149,0,0,0,0,0,0,0,0,0,0,0.028653295,0,0,0,0,0,0,0,0,0,0.007117438,0.003012048,0,0.102040816,0.036231884,0,0.03164557,0.038674033,0.008196721,0.022556391,0,0.032967033,0.14375,0.023076923,0,0,0.004464286,0,0.00390625,0.004819277,0.003257329,0.003584229,0.003355705,0.003484321,0,0.104166667,0.009819967,0.010869565,0.003460208,0,0.010416667,0.002531646,0,0,0,0,0,0,0,0.011049724,0,0,0,0,0,0.006578947,0,0,0,0,0,0,0,0,0,0,0,0.077669903,0.005617978,0,0,0,0,0,0,0,0.013888889,0,0.00896861
Platelet activation - Homo sapiens (human),0,0,0,0,0,0,0,0,0,0,0,0,0,0,0,0.006896552,0.05,0,0,0,0,0,0,0,0,0.005780347,0,0,0,0,0,0,0,0,0,0,0,0,0,0,0,0,0,0,0,0,0,0,0,0,0,0.04787234,0,0.032407407,0.041916168,0.051136364,0.047619048,0.048951049,0,0,0,0,0,0,0,0,0,0,0,0,0,0,0,0,0,0,0,0,0,0,0,0,0,0,0,0,0,0,0,0.013761468,0,0,0,0,0,0,0,0,0,0,0,0.007575758,0,0,0,0,0,0,0,0,0.058227848,0.066326531,0.081081081,0.1886121,0.089820359,0.192622951,0.123778502,0,0,0.161764706,0.017857143,0.059090909,0.0625,0.06763285,0.146226415,0.187772926,0.014613779,0,0.103896104,0,0,0,0.012903226,0,0.005128205,0.064257028,0,0,0.010781671,0.022222222,0,0.044776119,0.052863436,0.038135593,0.06557377,0.109375,0.127272727,0,0,0.025362319,0.081081081,0,0.151260504,0.234449761,0.031578947,0,0.016949153,0.018691589,0.077464789,0.158227848,0.163716814,0.095652174,0.025547445,0,0.144366197,0.06,0.003571429,0.037234043,0.057761733,0.177777778,0.05952381,0.034482759,1,0,0.113475177,0,0.070422535,0.047619048,0.021052632,0,0.117647059,0.03202847,0.032407407,0.053719008,0.028301887,0.028571429,0.026548673,0.090909091,0.078534031,0.17791411,0.116161616,0.067873303,0.122641509,0,0,0.157068063,0.062686567,0.116959064,0,0.084821429,0.119341564,0.16097561,0.190954774,0.122641509,0.081218274,0.113043478,0.179487179,0.010771993,0.060606061,0,0.240223464,0.117088608,0.078512397,0.09947644,0.192307692,0.129032258,0.153061224,0.163716814,0.113861386,0.08988764,0.117977528,0.103603604,0.015789474,0.241071429,0.074418605,0.181818182,0.128654971,0.11,0.193396226,0.131736527,0.144278607,0.112426036,0.055900621,0.064220183,0.04887218,0.125628141,0.116,0.196078431,0.027027027,0,0,0.052287582,0.06626506,0.043478261,0,0,0.136842105,0.176470588,0.102439024,0.082278481,0.013392857,0,0.065,0,0,0,0.038854806,0.029023747,0.014553015,0.014150943,0.068,0.05026455,0.023890785,0.048484848,0.043243243,0.08040201,0,0.043624161,0.057894737,0.054545455,0.037433155,0.066445183,0.100890208,0.053672316,0.058201058,0,0.115384615,0.041450777,0.124378109,0.032051282,0,0.072727273,0.09178744,0.00913242,0.051903114,0.040740741,0.059259259,0.035433071,0.155629139,0.046099291,0.055684455,0.07788162,0.085324232,0.024154589,0.055016181,0.073482428,0.05952381,0.077302632,0,0.047923323,0,0.134482759,0.028436019,0.090909091,0.048338369,0.060606061,0.072222222,0.058201058,0.064327485,0.064171123,0.052380952,0.012578616,0,0.059459459,0.018518519,0.058201058,0.061111111,0.058823529,0.065217391,0.042307692,0.050359712,0.041984733,0.06010929,0.088235294,0.081218274,0.006493506,0,0,0.003861004,0,0,0,0.0125,0.028846154,0.030769231,0.094527363,0.082781457,0.016574586,0.090032154,0.08677686
Antigen processing and presentation - Homo sapiens (human),0,0,0,0,0,0,0,0,0,0,0,0,0,0,0,0,0,0,0,0,0,0,0,0,0,0,0,0,0,0,0,0,0,0,0,0,0,0,0,0,0,0,0,0,0,0,0,0,0,0,0,0,0,0,0,0,0,0,0,0,0,0,0,0,0,0,0,0,0,0,0,0,0,0,0,0,0,0,0,0,0,0,0,0,0,0.016528926,0,0,0,0,0,0,0,0,0.02739726,0.033333333,0.01,0.007142857,0.012195122,0,0,0,0,0,0,0,0,0,0,0,0.019178082,0,0,0,0,0.004098361,0.003355705,0.008108108,0.005649718,0,0.005524862,0.005376344,0,0,0.005102041,0,0,0,0,0,0,0,0,0,0,0.00921659,0.050847458,0.019417476,0.03785489,0.12745098,0,0.004291845,0.006993007,0.005050505,0.019047619,0.006024096,0.044776119,0,0,0.017167382,0.030837004,0,0.004405286,0,0,0,0,0.011764706,0,0,0,0.014778325,0,0,0,0,0.113744076,0,0.004065041,0,0,0,0,1,0,0,0.005524862,0.015503876,0.006802721,0,0.005524862,0.004115226,0.120253165,0.123655914,0.023809524,0.103896104,0.107142857,0.034090909,0,0.006896552,0,0.010638298,0,0.123893805,0.009009009,0.005747126,0.003236246,0,0,0,0,0,0.005263158,0,0,0.004784689,0,0,0,0,0,0,0,0.006134969,0,0,0.011235955,0.043269231,0.005617978,0,0.02,0,0.006849315,0,0.005434783,0,0.013793103,0.005714286,0.004854369,0.007042254,0.005464481,0,0.008130081,0.010869565,0.004310345,0.005649718,0.004310345,0.005076142,0.00456621,0.222222222,0,0,0,0.008264463,0,0,0,0,0,0,0,0,0,0,0,0,0.002169197,0.002915452,0.004545455,0.002610966,0.004545455,0.026315789,0.003623188,0.007936508,0.006849315,0,0,0.003787879,0,0,0,0.003649635,0.00308642,0.009259259,0.006535948,0.0546875,0.023809524,0.115107914,0.016949153,0.017699115,0.015873016,0.137724551,0.011235955,0.086956522,0.112068966,0.012931034,0.008403361,0.028436019,0.048442907,0.073275862,0.019950125,0.098901099,0.026415094,0.051693405,0.106719368,0.050724638,0.003236246,0.004950495,0,0.025454545,0,0.007117438,0,0.010452962,0,0,0,0,0,0,0.01744186,0,0,0,0,0,0,0,0,0,0,0,0,0,0.012121212,0.159574468,0.18018018,0.125984252,0.080808081,0.11038961,0.234042553,0.348314607,0.094339623,0.005988024,0,0.005780347,0,0.169491525,0.039007092,0.023584906
Neutrophil extracellular trap formation - Homo sapiens (human),0,0,0,0,0,0,0,0,0,0,0,0,0,0,0,0,0,0,0,0,0,0,0,0,0,0,0,0,0,0,0,0,0,0,0,0,0,0,0,0,0,0,0,0,0,0,0,0,0,0,0,0.035433071,0,0,0,0,0,0,0,0,0,0,0,0,0,0,0,0,0,0,0,0,0,0,0,0,0,0,0,0,0,0,0,0.003717472,0,0,0,0,0,0,0,0,0,0,0,0,0,0,0,0,0,0.005050505,0,0,0.004504505,0,0,0,0,0,0.043103448,0.082677165,0.05707196,0.101928375,0.04368932,0.059347181,0.045801527,0,0,0.073033708,0.031578947,0.083333333,0.059405941,0.055147059,0.103571429,0.076433121,0.012844037,0.006349206,0.022292994,0,0,0,0,0.009090909,0.007692308,0.057507987,0,0.003115265,0.002272727,0.065420561,0,0.054878049,0.05019305,0.036666667,0.058441558,0.04494382,0.05,0,0.017621145,0.118589744,0.088050314,0,0.042944785,0.038461538,0.028571429,0.008097166,0,0.007092199,0.042016807,0.116591928,0.047770701,0.108013937,0.00872093,0,0.065395095,0.01459854,0.014619883,0.031620553,0.011267606,0.049056604,0.057142857,0.041509434,0.113475177,0,1,0.004716981,0.092936803,0.065527066,0.027667984,0.012,0.084870849,0.031884058,0.028469751,0.080808081,0.032727273,0.032967033,0.034722222,0.080882353,0.088,0.107296137,0.103846154,0.067137809,0.097472924,0.004201681,0,0.032374101,0.01686747,0.048979592,0,0.08041958,0.04,0.030508475,0.066901408,0.037542662,0.014545455,0.045454545,0.050420168,0,0.014705882,0,0.074626866,0.063451777,0.048076923,0.026022305,0.059925094,0,0.061818182,0.061290323,0.043010753,0.087866109,0.027131783,0.110714286,0.023715415,0.045592705,0.024137931,0.037656904,0.015686275,0.024911032,0.088737201,0.015936255,0.038596491,0.090128755,0.039647577,0.045614035,0.048632219,0.106870229,0.023738872,0.09929078,0.044025157,0,0,0.050925926,0.029661017,0,0,0,0.02919708,0.035019455,0.028169014,0.062780269,0,0,0.003597122,0,0,0.012605042,0.057090239,0.020134228,0.020257827,0.031185031,0.081168831,0.064367816,0.048818898,0.008438819,0.019685039,0.010791367,0,0.346428571,0.038910506,0.021276596,0.04,0.048780488,0.132124352,0.062953995,0.055555556,0.042194093,0.101010101,0.1125,0.089552239,0.03652968,0.030042918,0.052264808,0.077490775,0.066914498,0.081871345,0.048338369,0.086419753,0.047770701,0.083550914,0.084084084,0.044088176,0.06185567,0.075630252,0.027818448,0.065217391,0.083557951,0.096103896,0.044927536,0.072829132,0.193939394,0,0.085164835,0.048218029,0.05511811,0.086842105,0.065637066,0.06147541,0.072580645,0.05982906,0.081632653,0.062962963,0.01793722,0,0.056451613,0.026666667,0.072580645,0.084388186,0.044444444,0.0781893,0.046583851,0.06547619,0.046296296,0.06122449,0.078651685,0.094117647,0.004545455,0.004132231,0.015936255,0.381355932,0.017985612,0.004405286,0,0.004405286,0.014492754,0.015209125,0.017793594,0.110169492,0.028806584,0.097560976,0.085808581
Renin-angiotensin system - Homo sapiens (human),0,0,0,0,0,0,0,0,0,0,0,0,0,0,0,0,0,0,0,0,0,0,0,0,0,0,0,0,0,0,0,0,0,0,0,0,0.012658228,0,0,0,0,0,0,0,0,0,0,0,0,0,0,0,0,0,0,0,0,0,0,0,0,0,0,0,0,0,0,0,0,0,0,0,0,0,0,0,0,0,0,0,0,0,0,0,0,0,0,0,0,0,0,0,0,0,0,0,0,0,0,0,0,0,0,0,0,0,0,0,0,0,0,0,0,0,0.003816794,0.005291005,0,0,0,0,0,0,0,0,0,0.01183432,0.013157895,0,0,0,0,0,0,0,0,0,0,0.013071895,0,0,0,0,0,0,0,0,0,0,0,0,0,0,0.017647059,0.012903226,0,0,0,0,0,0,0.00621118,0,0,0,0,0,0,0,0,0,0,0,0,0,0.004716981,1,0,0,0,0,0,0,0.016666667,0,0,0,0,0,0,0,0,0,0,0,0,0,0,0,0,0,0,0,0,0,0,0,0,0,0,0,0,0,0,0,0,0,0,0,0,0,0,0,0,0,0,0,0.045454545,0.016806723,0,0.023255814,0,0,0,0.007692308,0,0.016528926,0.011363636,0,0,0,0,0,0.027027027,0,0,0,0,0,0.008064516,0,0.032786885,0,0,0,0,0,0.002463054,0,0,0,0,0,0,0,0,0,0,0,0,0,0,0,0,0,0,0,0,0,0.008064516,0.016949153,0,0,0.008064516,0,0,0,0,0,0,0,0,0,0,0,0,0,0.015936255,0.003623188,0,0,0,0,0,0,0,0,0,0,0,0,0,0,0,0,0,0,0,0,0,0,0,0,0,0,0,0,0,0,0.006329114,0,0,0,0,0.018018018,0,0.008474576,0.022624434,0,0,0
Toll-like receptor signaling pathway - Homo sapiens (human),0,0,0,0,0,0,0,0,0,0,0,0,0,0,0,0,0,0,0,0,0,0,0,0,0,0,0,0,0,0,0,0,0,0,0,0,0,0,0,0,0,0,0,0,0,0,0,0,0,0,0,0.017241379,0,0,0,0,0,0,0,0,0,0,0,0,0,0,0,0,0,0,0,0,0,0,0,0,0,0,0,0,0,0,0,0,0,0,0,0,0,0,0,0,0,0,0,0,0,0,0,0,0,0,0.018867925,0,0,0,0,0,0,0,0.102493075,0.111764706,0.072555205,0.068027211,0,0.026515152,0.072607261,0.090163934,0.068062827,0.116981132,0.162011173,0.086734694,0.108490566,0.030769231,0.120603015,0.058823529,0,0,0.030701754,0.005681818,0.004081633,0,0,0,0.035294118,0.084070796,0.014814815,0.004255319,0.002824859,0.019920319,0,0.06557377,0.093078759,0.046511628,0.137440758,0.06043956,0.057324841,0.038167939,0,0.123931624,0.097046414,0,0.036734694,0.017094017,0.02238806,0,0,0.015384615,0.032490975,0.124137931,0.034042553,0.214659686,0,0,0.06271777,0.005235602,0.011627907,0.023391813,0.02247191,0.021276596,0.073913043,0,0.070422535,0.005524862,0.092936803,0,1,0.230769231,0.318181818,0.237037037,0.188571429,0.12033195,0.020100503,0.1352657,0.178571429,0.113636364,0.104166667,0.181818182,0.134146341,0.178082192,0.069148936,0.263157895,0.053140097,0.026845638,0,0.015151515,0.01510574,0.023952096,0,0.155440415,0.037037037,0.009259259,0.06372549,0.013953488,0,0.048888889,0.025,0,0,0,0.086021505,0.043887147,0.075892857,0,0.08839779,0,0.101604278,0.065789474,0.019900498,0.16,0,0.066350711,0.08125,0.023809524,0.014423077,0.058823529,0,0,0.131067961,0,0.019417476,0.090909091,0.094890511,0.092783505,0.11637931,0.152542373,0.015686275,0.125628141,0.322580645,0.042553191,0,0.060150376,0,0,0,0,0,0,0.004878049,0.063380282,0,0,0,0,0,0,0.05856833,0.008174387,0.019607843,0.012345679,0.05106383,0.056022409,0.041292639,0.02,0.011695906,0,0,0.010416667,0.040229885,0,0.115384615,0.131578947,0.13592233,0.172757475,0.2,0.102739726,0.255208333,0.16025641,0.312101911,0.052238806,0.069444444,0.2,0.08994709,0,0.203389831,0.231132075,0.364102564,0.313513514,0.200729927,0.26146789,0.115384615,0.093959732,0.257383966,0.1,0.269709544,0.239215686,0.226277372,0.083617747,0.024137931,0.062068966,0,0.076655052,0.029850746,0.060402685,0.10472973,0.111111111,0.094936709,0.139240506,0.087248322,0.078313253,0.104395604,0.02919708,0,0.079754601,0.035714286,0.118012422,0.125,0.094972067,0.079754601,0.063559322,0.05019305,0.054166667,0.080745342,0.103825137,0.229299363,0.015037594,0.113475177,0.076433121,0.016949153,0.082417582,0.044117647,0.035460993,0.014285714,0.010416667,0,0.005025126,0.065972222,0.031446541,0.323651452,0.14084507
NOD-like receptor signaling pathway - Homo sapiens (human),0,0,0,0,0,0,0,0,0,0,0,0,0,0,0,0,0,0,0,0,0,0,0,0,0,0,0,0,0,0,0,0,0,0,0,0,0,0,0,0,0,0,0,0,0,0,0,0,0,0,0,0.015810277,0,0,0,0,0,0,0,0,0,0,0,0,0,0,0,0,0,0,0.00456621,0,0,0,0,0,0,0,0,0,0,0,0,0,0,0,0,0,0,0,0,0,0,0,0,0,0,0,0,0,0,0,0,0,0,0,0,0.004464286,0,0,0.052863436,0.022813688,0.031941032,0.028720627,0.029126214,0.038461538,0.025316456,0.057395143,0.032727273,0.065155807,0.120622568,0.028070175,0.053511706,0.025547445,0.066901408,0.024691358,0.001834862,0.003225806,0.032786885,0.011811024,0.01242236,0,0,0.028571429,0.071129707,0.079734219,0.023121387,0.003174603,0.004618938,0.009009009,0,0.017964072,0.065346535,0.003289474,0.092150171,0.011111111,0.004081633,0.048543689,0.036866359,0.182758621,0.055900621,0,0.034055728,0.035830619,0.029069767,0,0.0041841,0.01459854,0.008264463,0.025316456,0.041935484,0.114285714,0.00887574,0,0.029411765,0,0,0.015936255,0.014367816,0.034220532,0.021875,0,0.047619048,0.015503876,0.065527066,0,0.230769231,1,0.22705314,0.170616114,0.129411765,0.073619632,0.010714286,0.064189189,0.168067227,0.078125,0.089552239,0.074626866,0.0390625,0.041322314,0.010791367,0.160784314,0.024054983,0.004310345,0,0.029304029,0.009708738,0.037190083,0,0.078291815,0.050632911,0.031141869,0.034843206,0.031141869,0.011111111,0.046357616,0.038297872,0,0.018867925,0,0.064150943,0.007317073,0.019047619,0.018867925,0.069498069,0,0.04,0.045307443,0.021505376,0.049586777,0.027777778,0.023489933,0.049792531,0.036809816,0.024647887,0,0.032653061,0.025454545,0.057432432,0.02892562,0.043165468,0.037656904,0.036036036,0.035460993,0.052795031,0.096525097,0.027272727,0.059233449,0.18115942,0.008888889,0,0.00913242,0.017167382,0,0,0,0.029850746,0.027667984,0.028776978,0.017621145,0,0,0,0,0.004115226,0.012931034,0.05380334,0.034482759,0.035916824,0.027253669,0.048076923,0.055427252,0.064516129,0.013043478,0.003968254,0,0,0.005420054,0.003846154,0,0.085470085,0.117302053,0.180821918,0.139473684,0.115879828,0.080717489,0.150537634,0.101265823,0.134920635,0.04245283,0.03539823,0.125475285,0.051470588,0.040740741,0.133956386,0.159863946,0.197231834,0.200743494,0.136111111,0.195286195,0.075156576,0.051813472,0.18125,0.092621664,0.18404908,0.147826087,0.171830986,0.07518797,0.035714286,0.048648649,0,0.031830239,0.012295082,0.025906736,0.054404145,0.030534351,0.012,0.052631579,0.008333333,0.007782101,0.040740741,0.00913242,0,0.007874016,0.013513514,0.035856574,0.028688525,0.057471264,0.007874016,0.009146341,0.008595989,0.009090909,0.007936508,0.02173913,0.079051383,0.004672897,0.058035714,0.041841004,0.003134796,0.045283019,0.004524887,0.013452915,0.004524887,0.007352941,0,0.003584229,0.051630435,0.004115226,0.216463415,0.080267559
RIG-I-like receptor signaling pathway - Homo sapiens (human),0,0,0,0,0.009803922,0,0,0,0,0,0,0,0,0,0,0,0,0,0,0,0,0,0,0,0,0,0,0,0,0,0,0,0,0,0,0,0,0,0,0,0,0,0,0,0,0,0,0,0,0,0.007633588,0,0,0,0,0,0,0,0,0,0,0,0,0,0,0,0,0,0,0,0,0,0,0,0,0,0,0,0,0,0,0,0,0,0,0,0,0,0,0,0,0,0,0,0,0,0,0.007575758,0,0,0,0,0,0,0,0,0,0,0,0,0.052023121,0.019736842,0.03030303,0.014492754,0,0,0.021052632,0.064139942,0.017964072,0.035573123,0.108280255,0.011299435,0.052356021,0,0.06779661,0.004608295,0,0,0.020304569,0.007042254,0.00952381,0,0,0.02,0.044117647,0.044554455,0.016949153,0,0.003125,0,0,0.013452915,0.04691358,0.005263158,0.084210526,0.019230769,0.007633588,0.051546392,0.009090909,0.117073171,0.03196347,0,0.018518519,0,0.016949153,0,0,0.006134969,0,0.032,0,0.106145251,0,0,0.01119403,0,0,0.007142857,0.017021277,0,0.019138756,0,0.021052632,0.006802721,0.027667984,0,0.318181818,0.22705314,1,0.291262136,0.122580645,0.087557604,0.005952381,0.080645161,0.179856115,0.109589041,0.085365854,0.101265823,0.048275862,0.061538462,0,0.151898734,0.022222222,0,0,0,0.013422819,0,0,0.08,0.033175355,0,0,0,0,0.035897436,0,0,0,0,0.043478261,0,0.019704433,0,0.051612903,0,0.042424242,0,0,0.06870229,0,0,0.103174603,0,0,0,0,0,0.052910053,0,0,0,0.045045045,0.047058824,0.066350711,0.06918239,0,0.043956044,0.239766082,0.027272727,0,0,0,0,0,0,0,0,0,0,0,0,0,0,0,0,0.027149321,0.009009009,0.018779343,0.013477089,0.019138756,0.023880597,0.028248588,0.017094017,0,0,0,0,0,0,0.111111111,0.094262295,0.093103448,0.074074074,0.114503817,0.067226891,0.112903226,0.097014925,0.139072848,0.028846154,0.025641026,0.12345679,0.036144578,0,0.141552511,0.182291667,0.234042553,0.229411765,0.130268199,0.193069307,0.075067024,0.039145907,0.162995595,0.069852941,0.198237885,0.155737705,0.170542636,0.052539405,0.011538462,0.041825095,0,0.022304833,0.005291005,0.010752688,0.046428571,0.019607843,0,0.057971014,0,0,0.037267081,0,0,0,0.009090909,0.042857143,0.037878788,0.058823529,0,0,0,0,0,0.018181818,0.081632653,0.01,0.118181818,0.038461538,0.004878049,0.01242236,0.028571429,0.009009009,0.009345794,0.006289308,0,0.006060606,0.034090909,0.007751938,0.168032787,0.071794872
Cytosolic DNA-sensing pathway - Homo sapiens (human),0,0,0,0,0,0,0,0,0,0,0,0,0,0,0,0,0,0,0,0,0,0,0,0,0,0,0,0,0,0,0,0,0,0,0,0,0,0,0,0,0,0,0,0,0,0,0,0,0,0,0,0,0,0,0,0,0,0,0,0,0,0,0,0,0,0,0,0,0,0,0,0,0,0,0,0,0,0,0,0,0,0,0,0,0,0,0,0,0,0,0,0.2125,0,0,0,0,0,0,0,0,0,0,0,0,0,0,0,0,0,0,0.017094017,0,0.020477816,0,0,0,0.010676157,0.068656716,0.044871795,0.049382716,0.077419355,0.017751479,0.015706806,0,0.011111111,0,0,0,0,0,0,0,0,0,0.015037594,0.004926108,0,0,0,0,0,0.00921659,0.050377834,0,0.036458333,0.013333333,0,0,0,0.104477612,0.013888889,0,0,0,0,0,0,0,0,0,0,0.043715847,0,0,0,0,0,0,0,0,0,0,0,0,0.012,0,0.237037037,0.170616114,0.291262136,1,0.070512821,0.070093458,0.0125,0.077777778,0.075342466,0.047297297,0.055555556,0.04375,0.050724638,0,0,0.080246914,0,0.009009009,0,0,0,0,0,0.028248588,0,0,0,0,0,0,0,0,0,0,0.00625,0,0.005025126,0,0,0,0,0,0,0.015267176,0,0,0.056,0,0,0,0,0,0.015873016,0,0,0,0.009259259,0.030120482,0.023474178,0.025157233,0,0,0.145251397,0.00952381,0,0,0,0,0,0,0,0,0,0,0,0,0,0,0,0,0.015909091,0,0.004705882,0.013736264,0,0.009009009,0.009363296,0.018181818,0,0,0,0,0,0,0.055555556,0.052631579,0.061643836,0.043478261,0.053030303,0.071428571,0.075268817,0.037037037,0.064516129,0.030927835,0.027272727,0.041666667,0.02484472,0,0.084821429,0.145833333,0.136363636,0.174418605,0.120622568,0.181818182,0.059139785,0.025179856,0.107758621,0.056985294,0.127659574,0.1,0.125954198,0.034843206,0.011857708,0.022988506,0,0,0.005390836,0.011029412,0.021428571,0,0,0.037313433,0,0,0.038961039,0,0,0,0,0.045112782,0.04,0.040268456,0,0,0,0,0,0,0.048275862,0,0.126213592,0.040650407,0,0.026315789,0,0.019417476,0.01,0.006578947,0,0,0.007575758,0,0.120967742,0.030612245
C-type lectin receptor signaling pathway - Homo sapiens (human),0,0,0,0,0,0,0,0,0,0,0,0,0,0,0,0,0,0,0,0,0,0,0,0,0,0,0,0,0,0,0,0,0,0,0,0,0,0,0,0,0,0,0,0,0,0,0,0,0,0,0,0.023121387,0,0,0,0.006097561,0,0,0,0,0,0,0,0,0,0,0,0,0,0,0,0,0,0,0,0,0,0,0,0,0,0,0,0,0,0,0,0,0,0,0,0,0,0,0,0,0,0,0.018691589,0.018867925,0,0,0,0,0,0,0,0,0,0,0.108635097,0.138554217,0.125827815,0.105633803,0.048780488,0.106122449,0.105442177,0.028350515,0.03030303,0.112781955,0.089005236,0.075757576,0.1352657,0.092391304,0.137755102,0.100436681,0,0.004347826,0.098130841,0.011428571,0.008196721,0,0,0,0.073170732,0.103603604,0.011070111,0,0.014285714,0.011857708,0,0.078838174,0.055299539,0.041666667,0.148325359,0.078212291,0.077922078,0.03030303,0,0.052,0.214953271,0,0.067226891,0.072072072,0.053846154,0,0,0.020618557,0.104247104,0.21641791,0.099547511,0.227513228,0,0.007575758,0.070175439,0,0,0.023391813,0.02247191,0.054945055,0.083333333,0,0.117647059,0.005524862,0.084870849,0,0.188571429,0.129411765,0.122580645,0.070512821,1,0.084337349,0.015,0.119047619,0.137931034,0.166666667,0.158469945,0.283950617,0.223684211,0.178082192,0.086486486,0.180327869,0.063414634,0.026845638,0,0.057894737,0.021276596,0.14,0,0.211956522,0.054393305,0.048076923,0.085,0.048076923,0.005208333,0.107981221,0.058064516,0.013059701,0.005291005,0.056,0.154285714,0.07073955,0.126168224,0.005291005,0.152046784,0.006493506,0.107526882,0.130232558,0.067708333,0.183673469,0.017045455,0.09223301,0.088050314,0.126637555,0.093264249,0.065789474,0.094936709,0.052083333,0.131067961,0.018072289,0.034482759,0.12,0.102941176,0.104166667,0.10212766,0.179190751,0.019685039,0.137055838,0.108108108,0.035211268,0,0.068181818,0,0,0,0,0.053763441,0.058823529,0.01980198,0.063380282,0,0,0,0,0,0,0.096629213,0.036414566,0.026315789,0.012345679,0.064655172,0.077142857,0.064220183,0.02,0.08125,0,0,0.04676259,0.046242775,0.006535948,0.122580645,0.102564103,0.128617363,0.106583072,0.208053691,0.080536913,0.193069307,0.103658537,0.190751445,0.044444444,0.033557047,0.125,0.072916667,0.005,0.21888412,0.115384615,0.1875,0.151658768,0.192028986,0.12704918,0.071428571,0.13986014,0.246861925,0.049403748,0.133333333,0.196969697,0.12,0.078098472,0.013651877,0.092198582,0.005813953,0.123636364,0.045454545,0.067567568,0.112244898,0.117647059,0.116129032,0.139240506,0.102040816,0.15483871,0.122905028,0.036764706,0,0.1,0.058394161,0.146496815,0.132450331,0.088888889,0.1,0.072649573,0.0625,0.06302521,0.094339623,0.103825137,0.229299363,0.022727273,0.012903226,0.083333333,0.008403361,0.026041667,0.03649635,0.028169014,0.007092199,0.010416667,0,0.005025126,0.065972222,0.006134969,0.212927757,0.157142857
JAK-STAT signaling pathway - Homo sapiens (human),0,0,0,0,0,0,0,0,0,0,0,0,0,0,0,0,0,0,0,0,0,0,0.004694836,0,0,0,0,0.004975124,0,0.004830918,0,0,0,0,0,0,0,0,0,0,0,0,0,0,0,0,0,0,0,0,0,0.012711864,0,0,0,0,0,0,0,0,0,0,0,0,0,0,0,0,0,0.005847953,0.004975124,0,0,0,0,0.004291845,0,0,0,0,0,0,0.004237288,0,0,0,0,0,0,0,0,0,0,0,0,0.004739336,0,0.008810573,0,0,0,0,0,0,0,0,0,0,0,0,0.033707865,0.091304348,0.057894737,0.04735376,0.015,0.012158055,0.032,0.280555556,0.064,0.059171598,0.011235955,0.091269841,0.091911765,0.023346304,0.043956044,0.075342466,0.01734104,0.024475524,0,0.025751073,0.01986755,0,0,0.005076142,0.008474576,0.04778157,0.002985075,0,0.019559902,0,0,0.048859935,0.163310962,0.047445255,0.059649123,0.045081967,0.050691244,0.010204082,0,0.109215017,0.059210526,0,0.012820513,0.003344482,0.018181818,0.00896861,0.01369863,0.015625,0.026548673,0.051401869,0.023489933,0.084870849,0.012539185,0,0.069970845,0,0,0.017167382,0.002994012,0.04526749,0.069204152,0,0.03202847,0.004115226,0.031884058,0,0.12033195,0.073619632,0.087557604,0.070093458,0.084337349,1,0.086065574,0.125,0.027667984,0.102564103,0.12295082,0.084337349,0.064377682,0.088372093,0.039525692,0.057034221,0.025641026,0.033653846,0,0,0.012722646,0.017467249,0,0.059479554,0,0,0.04494382,0.007194245,0,0.010169492,0.008928571,0,0,0,0.023255814,0.050531915,0.066901408,0,0.023715415,0,0.03875969,0.055363322,0.015209125,0.151219512,0,0.062962963,0.044444444,0.015873016,0.018656716,0.041860465,0,0,0.053571429,0,0.014925373,0.050228311,0.054726368,0.053846154,0.045602606,0.076923077,0.009433962,0.1171875,0.073170732,0.019512195,0,0.030456853,0,0,0,0,0,0,0,0.044117647,0,0,0,0,0,0,0.024208566,0.002320186,0.0056926,0.006396588,0.033444816,0.016203704,0.009433962,0,0,0,0,0.014367816,0.025316456,0,0.008547009,0.008333333,0.037688442,0.027227723,0.021097046,0.013636364,0.044827586,0.047413793,0.072,0.025252525,0.023696682,0.073359073,0.046875,0.003816794,0.108974359,0.157706093,0.163120567,0.177606178,0.113960114,0.142372881,0.099557522,0.083798883,0.142857143,0.066037736,0.118541033,0.08,0.102493075,0.146381579,0.025714286,0.06017192,0,0.066091954,0.0625,0.07082153,0.045698925,0.090909091,0.087962963,0.085201794,0.092682927,0.105504587,0.109704641,0.020100503,0.004385965,0.086757991,0.035,0.095022624,0.10952381,0.057377049,0.101851852,0.068259386,0.063694268,0.071428571,0.072727273,0.086419753,0.099137931,0.031413613,0.084158416,0.115942029,0.006666667,0.023715415,0.035532995,0.014634146,0.014925373,0.003921569,0,0,0.027855153,0.004444444,0.088571429,0.048109966
Hematopoietic cell lineage - Homo sapiens (human),0,0,0,0,0,0,0,0,0,0,0,0,0,0,0,0,0,0,0,0,0,0,0,0,0,0,0,0,0,0,0,0,0,0,0,0,0.006451613,0,0,0,0,0,0,0,0,0,0,0,0,0,0,0,0,0,0,0,0,0,0,0,0,0,0,0,0,0,0,0,0,0,0.007462687,0,0,0,0,0,0,0,0,0,0,0,0,0,0,0,0,0,0,0,0,0,0,0,0,0,0,0.00621118,0.009708738,0,0,0.018867925,0,0.005780347,0,0,0,0,0.009009009,0,0.028795812,0,0.018237082,0.023178808,0.005934718,0,0,0.079452055,0.031088083,0,0.025252525,0.019607843,0.00877193,0,0.004608295,0.012295082,0,0,0,0,0,0,0,0,0,0,0,0,0.005747126,0.100877193,0,0.003937008,0.068396226,0.00456621,0.012931034,0,0,0,0.007194245,0.011764706,0.007905138,0,0,0,0,0,0,0.005208333,0,0,0,0.03652968,0,0,0.02739726,0.080924855,0.103448276,0,0.019011407,0,0,0.033519553,0.032407407,0.120253165,0.028469751,0.016666667,0.020100503,0.010714286,0.005952381,0.0125,0.015,0.086065574,1,0.013215859,0.037634409,0.130177515,0.137362637,0.057291667,0.02259887,0.037267081,0.010309278,0.024271845,0.009478673,0.147286822,0,0,0,0,0,0,0,0,0,0,0,0,0,0,0,0,0.01025641,0.028213166,0,0,0,0,0,0,0.01010101,0,0,0.00456621,0.012048193,0.003968254,0,0,0,0,0,0,0,0,0.006944444,0.014705882,0.020080321,0.020512821,0,0,0.016877637,0.136,0,0,0,0,0,0,0.005263158,0,0.005,0,0.004975124,0.007092199,0,0,0,0.006711409,0.012578616,0,0.002164502,0,0,0.010869565,0.00877193,0,0,0,0,0,0.005714286,0,0,0.017182131,0.020648968,0.011627907,0.041666667,0.046979866,0.044247788,0.157894737,0.030769231,0.03030303,0.056737589,0.082051282,0.07486631,0.094972067,0.094117647,0.003921569,0.007722008,0.03030303,0.018867925,0.071428571,0.021377672,0.080808081,0.006872852,0.032094595,0.086642599,0.016339869,0.021604938,0.03960396,0.035460993,0,0,0.016722408,0.007389163,0,0,0,0,0,0,0,0.005128205,0,0,0,0,0,0.050632911,0.021390374,0,0.004081633,0,0,0.011976048,0,0.02173913,0.171171171,0.125925926,0.146853147,0.077981651,0.129411765,0.151260504,0.146341463,0.0703125,0.055865922,0.047619048,0.054054054,0.003322259,0.111888112,0.01618123,0.03030303
Natural killer cell mediated cytotoxicity - Homo sapiens (human),0,0,0,0,0,0,0,0,0,0,0,0,0,0,0,0,0,0,0,0,0,0,0,0,0,0,0,0,0,0,0,0,0,0,0,0,0,0,0,0,0,0,0,0,0,0,0,0,0,0,0,0.025125628,0,0,0,0,0,0,0,0,0,0,0,0,0,0,0,0,0,0,0,0,0,0,0,0,0,0,0,0,0,0,0,0,0,0,0,0,0,0,0,0,0,0,0,0.005681818,0,0,0,0,0,0,0,0,0,0,0,0,0,0,0.075949367,0.155080214,0.102102102,0.092948718,0.033426184,0.041958042,0.060240964,0.065,0.017621145,0.109965636,0.044444444,0.081081081,0.087136929,0.050691244,0.10619469,0.120481928,0,0,0.031496063,0.025125628,0,0,0,0,0.015,0.054263566,0,0,0.015957447,0.036630037,0,0.083018868,0.085011186,0.024390244,0.098765432,0.042654028,0.048913043,0.01242236,0,0.098484848,0.099616858,0,0.010791367,0.039215686,0.045138889,0,0,0.018099548,0.094405594,0.180124224,0.030534351,0.146017699,0.003484321,0.006289308,0.099337748,0,0.032258065,0.035897436,0.003344482,0.068292683,0.057915058,0.00462963,0.053719008,0.123655914,0.080808081,0,0.1352657,0.064189189,0.080645161,0.077777778,0.119047619,0.125,0.013215859,1,0.02739726,0.082524272,0.076576577,0.198979592,0.196629213,0.206060606,0.128712871,0.065789474,0.09375,0.005586592,0,0.022421525,0.016806723,0.1,0,0.121076233,0.018248175,0.042553191,0.070175439,0.056034483,0.013824885,0.023346304,0.073033708,0,0,0,0.050458716,0.081081081,0.093877551,0.014018692,0.066666667,0,0.059090909,0.084337349,0.049773756,0.116666667,0.014778325,0.081545064,0.01010101,0.06741573,0.021459227,0.032786885,0.025641026,0.013274336,0.092436975,0,0.039473684,0.095505618,0.053571429,0.039130435,0.04379562,0.09478673,0.017793594,0.115555556,0.070588235,0.067484663,0,0.076923077,0.016574586,0,0,0,0.013636364,0.014705882,0.017467249,0.040935673,0,0,0,0,0,0,0.051020408,0.005063291,0.018518519,0.002293578,0.033962264,0.046632124,0.042955326,0,0.041666667,0.01369863,0,0.052980132,0.055837563,0.016853933,0.030769231,0.047923323,0.038461538,0.043956044,0.024752475,0.016216216,0.112033195,0.06122449,0.073732719,0.056603774,0.040229885,0.029661017,0.068807339,0.027027027,0.122743682,0.165991903,0.181451613,0.106557377,0.182724252,0.157088123,0.1,0.096273292,0.199261993,0.061056106,0.128813559,0.195121951,0.1,0.079934747,0.009345794,0.063492063,0,0.11627907,0.060096154,0.061919505,0.063063063,0.118556701,0.123595506,0.083769634,0.111764706,0.157303371,0.090909091,0.05,0,0.085561497,0.061728395,0.131147541,0.112359551,0.032407407,0.134078212,0.090196078,0.103321033,0.089494163,0.07486631,0.117073171,0.164021164,0.018867925,0.142857143,0.02617801,0.019083969,0.032258065,0.076433121,0.130718954,0.018072289,0.004545455,0,0.008888889,0.034055728,0.091428571,0.157190635,0.046511628
IL-17 signaling pathway - Homo sapiens (human),0,0,0,0,0,0,0,0,0,0,0,0,0,0,0,0,0,0,0,0,0,0,0,0,0,0,0,0,0,0,0,0,0,0,0,0,0,0,0,0,0,0,0,0,0,0,0,0,0,0,0,0,0,0,0,0.006493506,0,0,0,0,0,0,0,0,0,0,0,0,0,0,0,0,0,0,0,0,0,0,0,0,0,0,0,0,0,0,0,0,0,0,0,0,0,0,0.004166667,0.007194245,0,0,0,0,0,0,0,0.005952381,0,0,0,0,0,0,0.071823204,0.040697674,0.034482759,0.020134228,0,0.007722008,0.032786885,0.086592179,0.077777778,0.079245283,0.125,0.030456853,0.056338028,0,0.070351759,0.012552301,0,0.00913242,0.032110092,0.012121212,0.008547009,0,0,0,0.0375,0.035242291,0.027237354,0,0.002906977,0,0,0.024590164,0.032258065,0.009389671,0.090047393,0.011049724,0,0.05,0,0.058577406,0.046025105,0,0.025210084,0.008849558,0.027237354,0,0.006711409,0.02173913,0.010989011,0.047945205,0.008658009,0.138461538,0.004,0,0.024305556,0,0,0.018518519,0.015444015,0.016759777,0.030434783,0,0.028301887,0.023809524,0.032727273,0,0.178571429,0.168067227,0.179856115,0.075342466,0.137931034,0.027667984,0.037634409,0.02739726,1,0.127272727,0.141242938,0.137931034,0.066666667,0.094594595,0.010582011,0.271604938,0.024630542,0.021428571,0,0.015957447,0.01242236,0.012578616,0,0.086734694,0.043103448,0.009708738,0.014705882,0.019607843,0,0.041474654,0.013157895,0,0,0,0.043478261,0.00623053,0.03125,0,0.0625,0.006944444,0.065217391,0.035555556,0.015625,0.086092715,0.005952381,0.014150943,0.079470199,0.024793388,0,0.006622517,0,0,0.082524272,0,0.025641026,0.012820513,0.052631579,0.052083333,0.087336245,0.102272727,0.012195122,0.054187192,0.174129353,0.02238806,0,0.015503876,0,0,0,0,0.005405405,0,0,0,0,0,0,0,0,0,0.041394336,0.011235955,0.017777778,0.015228426,0.017167382,0.039660057,0.038251366,0.028776978,0.01875,0,0,0.010791367,0,0,0.131034483,0.114942529,0.092948718,0.106451613,0.140939597,0.086330935,0.137931034,0.125,0.152941176,0.031496063,0.051094891,0.119565217,0.065217391,0.010582011,0.083003953,0.091304348,0.132743363,0.120192308,0.088737201,0.090534979,0.041666667,0.060402685,0.129411765,0.041237113,0.112781955,0.100719424,0.112627986,0.057529611,0.028673835,0.045614035,0.00617284,0.031034483,0.02020202,0.033783784,0.056666667,0.052631579,0.01875,0.0625,0.020134228,0.011976048,0.079096045,0.015503876,0.006410256,0.012195122,0.038461538,0.049382716,0.052287582,0.075144509,0.012195122,0.021186441,0.011583012,0.0125,0.012345679,0.037837838,0.095808383,0.041666667,0.013793103,0.081632653,0.00877193,0.106508876,0.03125,0.03030303,0.007633588,0.010989011,0,0.005291005,0.038461538,0.013157895,0.152985075,0.114832536
Th1 and Th2 cell differentiation - Homo sapiens (human),0,0,0,0,0,0,0,0,0,0,0,0,0,0,0,0,0,0,0,0,0,0,0,0,0,0,0,0,0,0,0,0,0,0,0,0,0,0,0,0,0,0,0,0,0,0,0,0,0,0,0,0.006097561,0,0,0,0,0,0,0,0,0,0,0,0,0,0,0,0,0,0,0,0,0,0,0,0,0,0,0,0,0,0,0,0,0,0,0,0,0,0,0,0,0,0,0,0.00729927,0,0.006493506,0.010416667,0,0,0,0,0,0,0,0,0,0,0,0.063360882,0.053571429,0.041269841,0.027210884,0.018404908,0.040160643,0.036423841,0.043126685,0.021276596,0.051851852,0.059459459,0.041450777,0.051886792,0.005319149,0.055,0.012658228,0,0,0.051886792,0,0,0,0,0,0.031446541,0.026431718,0.011583012,0,0.008823529,0.060869565,0,0.016393443,0.037209302,0,0.060465116,0.011173184,0,0.024793388,0,0.063559322,0.068965517,0,0.025423729,0.013452915,0.048,0.094202899,0,0.016393443,0.037878788,0.094202899,0.017621145,0.164021164,0,0,0.020905923,0,0.064102564,0.01242236,0.015564202,0.011235955,0.039823009,0,0.028571429,0.103896104,0.032967033,0,0.113636364,0.078125,0.109589041,0.047297297,0.166666667,0.102564103,0.130177515,0.082524272,0.127272727,1,0.550387597,0.264516129,0.12987013,0.095890411,0.021621622,0.096774194,0.024875622,0.137096774,0,0.016129032,0.0125,0.046052632,0,0.087628866,0.038961039,0.035175879,0.019900498,0.009803922,0,0.051643192,0.013333333,0,0,0,0.049723757,0.006269592,0.02690583,0,0.057142857,0,0.048648649,0.017621145,0.010471204,0.109589041,0,0.033980583,0.087837838,0.051282051,0.025773196,0,0.032051282,0,0.06763285,0,0.020618557,0.012987013,0.045454545,0.041666667,0.05106383,0.103448276,0.008163265,0.076142132,0.068493151,0.153846154,0,0.015748031,0,0,0,0,0,0,0,0,0,0,0,0,0,0,0.032537961,0.011299435,0.020134228,0.007594937,0.02173913,0.042857143,0.030852995,0.02173913,0.045454545,0,0,0.007220217,0,0.007092199,0.102040816,0.066420664,0.059375,0.052469136,0.098039216,0.034722222,0.128078818,0.26119403,0.161676647,0.023809524,0.014285714,0.236363636,0.026455026,0.08,0.162393162,0.050632911,0.128888889,0.132352941,0.070945946,0.138528139,0.047029703,0.180451128,0.121568627,0.050434783,0.162055336,0.113553114,0.08361204,0.077854671,0.014234875,0.045936396,0,0.027681661,0.020304569,0.048275862,0.05704698,0.040935673,0.018987342,0.076923077,0.013513514,0.018292683,0.044198895,0.015748031,0,0.012345679,0.015267176,0.063291139,0.06,0.033707865,0.037974684,0.052863436,0.011673152,0.008368201,0.0125,0.043956044,0.283687943,0.160377358,0.1328125,0.308333333,0.070422535,0.101190476,0.181818182,0.13559322,0.06557377,0,0,0,0.031468531,0.101449275,0.104316547,0.069444444
Th17 cell differentiation - Homo sapiens (human),0,0,0,0,0,0,0,0,0,0,0,0,0,0,0,0,0,0,0,0,0,0,0,0,0,0,0,0,0,0,0,0,0,0,0,0,0,0,0,0,0,0,0,0,0,0,0,0,0,0,0,0.005555556,0,0,0,0,0,0,0,0,0,0,0,0,0,0,0,0,0,0,0,0,0,0,0,0,0,0,0,0,0,0,0,0,0,0,0,0,0,0,0,0,0,0,0,0.006535948,0,0.005882353,0.008928571,0,0,0,0,0.016666667,0,0,0,0,0,0,0.077747989,0.054644809,0.039274924,0.025806452,0.01754386,0.037735849,0.034591195,0.080428954,0.034825871,0.052631579,0.065326633,0.06372549,0.081447964,0.004901961,0.050925926,0.015873016,0,0.017316017,0.048245614,0,0,0,0,0.007194245,0.034482759,0.033195021,0.018315018,0,0.019886364,0.056910569,0,0.019305019,0.05,0.004385965,0.056277056,0.015463918,0.00591716,0.02189781,0,0.072289157,0.095435685,0,0.023809524,0.012552301,0.053030303,0,0,0.046632124,0.035714286,0.084415584,0.029166667,0.18,0.023166023,0,0.01980198,0,0.06,0.034682081,0.018382353,0.010309278,0.05907173,0,0.026548673,0.107142857,0.034722222,0,0.104166667,0.089552239,0.085365854,0.055555556,0.158469945,0.12295082,0.137362637,0.076576577,0.141242938,0.550387597,1,0.23255814,0.117647059,0.073170732,0.019900498,0.094527363,0.023041475,0.129496403,0.014285714,0.014851485,0.014925373,0.041666667,0,0.080952381,0.036437247,0.03255814,0.01843318,0.009090909,0,0.048034934,0.012048193,0,0,0,0.06185567,0.005970149,0.029411765,0,0.052356021,0,0.055276382,0.029166667,0.009661836,0.105590062,0,0.040909091,0.113207547,0.048,0.023809524,0,0.029069767,0,0.082191781,0,0.033816425,0.011764706,0.047619048,0.053658537,0.069105691,0.149171271,0.011538462,0.08056872,0.068376068,0.126865672,0,0.013986014,0,0,0,0,0,0,0,0,0,0,0.005102041,0,0,0,0.037974684,0.010810811,0.021645022,0.009756098,0.020325203,0.043835616,0.035460993,0.019480519,0.041176471,0,0,0.006825939,0,0.006369427,0.09202454,0.073943662,0.066066066,0.0625,0.095238095,0.03125,0.129032258,0.233333333,0.173184358,0.021126761,0.025974026,0.215469613,0.034482759,0.073298429,0.161290323,0.055776892,0.14893617,0.127853881,0.088235294,0.129554656,0.025700935,0.204379562,0.135338346,0.050847458,0.148148148,0.111111111,0.08974359,0.088586031,0.034364261,0.043478261,0,0.03986711,0.01703163,0.056105611,0.060897436,0.077777778,0.029069767,0.12195122,0.012195122,0.022346369,0.056701031,0.035714286,0,0.011235955,0.013605442,0.095238095,0.080246914,0.047120419,0.058823529,0.02,0.037593985,0.048979592,0.022988506,0.051020408,0.279220779,0.120967742,0.110344828,0.362204724,0.065502183,0.122905028,0.131782946,0.136363636,0.057971014,0.010204082,0,0.004926108,0.050675676,0.090909091,0.121527778,0.083333333
T cell receptor signaling pathway - Homo sapiens (human),0,0,0,0,0,0,0,0,0,0,0,0,0,0,0,0,0,0,0,0,0,0,0,0,0,0,0,0,0,0,0,0,0,0,0,0,0,0,0,0,0,0,0,0,0,0,0,0,0,0,0,0.023121387,0,0,0,0,0,0,0,0,0,0,0,0,0,0,0,0,0,0,0,0,0,0,0,0,0,0,0,0,0,0,0,0,0,0,0,0,0,0,0,0,0,0,0,0.006711409,0,0.006024096,0.009259259,0,0,0,0,0.005617978,0,0,0,0,0,0,0.124293785,0.243421053,0.137123746,0.101754386,0.017751479,0.066929134,0.094276094,0.023076923,0.014925373,0.134099617,0.094736842,0.086734694,0.151960784,0.036082474,0.155440415,0.100436681,0,0.008733624,0.053811659,0.005681818,0.004081633,0,0,0,0.047619048,0.103603604,0.014814815,0,0.011396011,0,0,0.111111111,0.070093458,0.051401869,0.148325359,0.078212291,0.077922078,0.022556391,0,0.019379845,0.140350877,0,0.036734694,0.03030303,0.057915058,0,0.006289308,0.025906736,0.134920635,0.21641791,0.047413793,0.234042553,0.007722008,0.007575758,0.133828996,0,0.039840637,0.041666667,0.034090909,0.060773481,0.102678571,0,0.090909091,0.034090909,0.080882353,0,0.181818182,0.074626866,0.101265823,0.04375,0.283950617,0.084337349,0.057291667,0.198979592,0.137931034,0.264516129,0.23255814,1,0.328571429,0.303030303,0.116666667,0.180327869,0.084577114,0.055172414,0,0.015151515,0.030674847,0.082278481,0,0.218579235,0.037037037,0.033175355,0.085,0.033175355,0,0.067873303,0.051282051,0,0,0,0.080213904,0.102649007,0.126168224,0,0.119318182,0,0.113513514,0.099547511,0.045918367,0.216783217,0,0.097560976,0.101910828,0.079497908,0.039408867,0.058823529,0.029761905,0,0.165,0,0.029411765,0.112582781,0.094890511,0.104166667,0.10212766,0.165714286,0.023715415,0.154639175,0.093333333,0.027972028,0,0.076335878,0,0,0,0,0,0,0.004878049,0.063380282,0,0,0,0,0,0,0.072527473,0.010928962,0.021834061,0.009852217,0.05106383,0.064971751,0.046931408,0.02,0.042168675,0,0,0.035587189,0.046242775,0.006535948,0.115384615,0.106617647,0.114285714,0.110062893,0.097560976,0.025477707,0.268421053,0.110429448,0.197674419,0.02173913,0.026666667,0.130890052,0.06185567,0.005,0.100775194,0.12987013,0.182222222,0.14084507,0.146341463,0.09561753,0.074074074,0.164285714,0.177865613,0.030100334,0.125,0.215384615,0.094462541,0.069023569,0.010204082,0.073170732,0,0.123636364,0.056122449,0.082191781,0.131487889,0.165644172,0.201388889,0.153846154,0.157142857,0.140127389,0.161849711,0.052238806,0.006024096,0.113924051,0.066176471,0.176470588,0.179310345,0.088888889,0.150326797,0.105726872,0.092369478,0.090517241,0.108280255,0.154285714,0.388489209,0.038461538,0.046666667,0.062893082,0.021276596,0.036842105,0.059701493,0.028169014,0.092307692,0.005181347,0,0.005025126,0.065972222,0.01863354,0.181481481,0.130232558
B cell receptor signaling pathway - Homo sapiens (human),0,0,0,0,0,0,0,0,0,0,0,0,0,0,0,0,0,0,0,0,0,0,0,0,0,0,0,0,0,0,0,0,0,0,0,0,0,0,0,0,0,0,0,0,0,0,0,0,0,0,0,0.040268456,0,0,0,0,0,0,0,0,0,0,0,0,0,0,0,0,0,0,0,0,0,0,0,0,0,0,0,0,0,0,0,0,0,0,0,0,0,0,0,0,0,0,0,0,0,0,0,0,0,0,0,0,0,0,0,0,0,0,0.096209913,0.167832168,0.108013937,0.093632959,0.025477707,0.068669528,0.093862816,0,0,0.151260504,0.094117647,0.097701149,0.115183246,0.059171598,0.129213483,0.111111111,0,0.004807692,0.03902439,0,0,0,0,0,0.033557047,0.082524272,0,0,0.003012048,0.012987013,0,0.112149533,0.07654321,0.046391753,0.129533679,0.089171975,0.090909091,0,0,0,0.127962085,0,0.022026432,0.028571429,0.058823529,0,0.00729927,0.011494253,0.1,0.247787611,0.052380952,0.280487805,0.004201681,0,0.101167315,0,0.004201681,0.040816327,0.008032129,0.075949367,0.09223301,0.005988024,0.078534031,0,0.088,0,0.134146341,0.0390625,0.048275862,0.050724638,0.223684211,0.064377682,0.02259887,0.196629213,0.066666667,0.12987013,0.117647059,0.328571429,1,0.271186441,0.169934641,0.114942529,0.071038251,0.007692308,0,0.022857143,0.019480519,0.103703704,0,0.175438596,0.013215859,0.042553191,0.095505618,0.042553191,0.005882353,0.043902439,0.075757576,0,0,0,0.046511628,0.087412587,0.117346939,0.005988024,0.080246914,0,0.082352941,0.110552764,0.057803468,0.1875,0.006410256,0.109289617,0.078571429,0.087557604,0.044198895,0.06870229,0.034246575,0.005586592,0.134408602,0,0.032967033,0.140625,0.075630252,0.085714286,0.07239819,0.130434783,0.021551724,0.134831461,0.046728972,0,0,0.091743119,0.007462687,0,0,0,0.005780347,0.006369427,0.010989011,0.084033613,0,0,0,0,0,0,0.063926941,0,0.013636364,0,0.046511628,0.04719764,0.033333333,0.0234375,0.055944056,0.005813953,0,0.038610039,0.046052632,0.007633588,0.070422535,0.052830189,0.078688525,0.067741935,0.039473684,0.022058824,0.171122995,0.074324324,0.115151515,0.017094017,0.007633588,0.065934066,0.057471264,0.011299435,0.073770492,0.132701422,0.150943396,0.099502488,0.145522388,0.095238095,0.067183463,0.117647059,0.159663866,0.027681661,0.105058366,0.1484375,0.071672355,0.060553633,0.011029412,0.07518797,0,0.103846154,0.056603774,0.092936803,0.105072464,0.183098592,0.170542636,0.161764706,0.176470588,0.162962963,0.177631579,0.0625,0.006944444,0.124087591,0.069565217,0.196969697,0.201612903,0.094339623,0.166666667,0.111650485,0.101321586,0.1,0.125925926,0.168831169,0.266666667,0.008928571,0.007462687,0.027972028,0.004608295,0.01744186,0.008403361,0,0.052631579,0,0,0.005649718,0.055555556,0.028985507,0.137931034,0.094059406
Fc epsilon RI signaling pathway - Homo sapiens (human),0,0,0,0,0,0,0,0,0,0,0,0,0,0,0,0,0,0,0,0,0,0,0,0,0,0,0,0,0,0,0,0,0,0,0,0,0,0,0,0,0,0,0,0,0,0,0,0,0,0,0,0.044444444,0,0.04375,0.063063063,0.066115702,0.076923077,0.08045977,0,0,0,0,0,0,0,0,0,0,0,0,0,0,0,0,0,0,0,0,0,0,0,0,0,0,0,0,0,0,0,0,0,0,0,0,0,0,0,0,0,0,0,0,0,0.007042254,0,0,0,0,0,0,0.113846154,0.224,0.142857143,0.134693878,0.013157895,0.035242291,0.086466165,0.016806723,0.005988024,0.120689655,0.048780488,0.099378882,0.16374269,0.064516129,0.230263158,0.206703911,0,0,0.036458333,0,0,0,0,0,0.044776119,0.111702128,0.017094017,0,0.003144654,0.009174312,0,0.114427861,0.06835443,0.055865922,0.127071823,0.082758621,0.101694915,0.030927835,0,0.050925926,0.114427861,0,0.048076923,0.068783069,0.03030303,0,0,0.018867925,0.086956522,0.365591398,0.056122449,0.180722892,0,0,0.120833333,0,0,0.045112782,0.021551724,0.083333333,0.116402116,0,0.17791411,0.006896552,0.107296137,0,0.178082192,0.041322314,0.061538462,0,0.178082192,0.088372093,0.037267081,0.206060606,0.094594595,0.095890411,0.073170732,0.303030303,0.271186441,1,0.259541985,0.161290323,0.109756098,0.026315789,0,0.018518519,0.038062284,0.071428571,0,0.206451613,0.048543689,0.058139535,0.103658537,0.096385542,0.006410256,0.058201058,0.153153153,0,0,0,0.177304965,0.091911765,0.132596685,0.006535948,0.229007634,0.072072072,0.140939597,0.106951872,0.05625,0.243243243,0.007042254,0.125,0.053846154,0.077669903,0.01744186,0.076923077,0,0.006060606,0.179640719,0,0.029585799,0.157894737,0.117647059,0.086419753,0.087804878,0.183098592,0.01826484,0.212903226,0.076923077,0.009090909,0,0.117021277,0.008333333,0,0,0,0.006289308,0.006993007,0.011904762,0.08490566,0,0,0,0,0,0,0.051162791,0.012121212,0.018867925,0.010810811,0.065656566,0.059006211,0.042145594,0,0.007352941,0.006329114,0,0.040816327,0.050724638,0.026086957,0.095238095,0.051587302,0.078767123,0.085616438,0.074626866,0.008064516,0.205882353,0.066176471,0.133333333,0.029411765,0.008547009,0.104294479,0.0625,0.006097561,0.073593074,0.102941176,0.16751269,0.061538462,0.114068441,0.071748879,0.055555556,0.082089552,0.144104803,0.019332162,0.111111111,0.138211382,0.079136691,0.058303887,0.011627907,0.058365759,0,0.1375,0.055865922,0.081081081,0.119230769,0.203125,0.181034483,0.161290323,0.2,0.191666667,0.145833333,0.071428571,0,0.138211382,0.079207921,0.170731707,0.194690265,0.059602649,0.206896552,0.102564103,0.107981221,0.101522843,0.140495868,0.276923077,0.189393939,0.1,0.025423729,0.031007752,0.00990099,0.018987342,0.039215686,0.009174312,0.019230769,0.006369427,0,0.012345679,0.075396825,0.040650407,0.136546185,0.125
Fc gamma R-mediated phagocytosis - Homo sapiens (human),0,0,0,0,0,0,0,0,0,0,0,0,0,0,0,0,0,0,0,0,0,0,0,0,0,0,0,0,0,0,0,0,0,0,0,0,0,0,0,0,0,0,0,0,0,0,0,0,0,0,0.019230769,0.0625,0,0.071038251,0.097014925,0.053333333,0.067226891,0.069565217,0.034482759,0,0,0,0,0,0,0,0,0,0,0,0,0,0,0,0,0,0,0,0,0,0,0,0,0,0,0,0,0,0,0,0,0,0,0,0,0,0,0,0,0,0,0,0,0,0,0,0,0,0,0,0.0625,0.144654088,0.117449664,0.096428571,0.024316109,0.035294118,0.070707071,0,0,0.115830116,0.036082474,0.101604278,0.060465116,0.08988764,0.125,0.183574879,0,0,0.013333333,0,0,0,0,0,0,0.072072072,0,0,0.074074074,0.033195021,0,0.076595745,0.043981481,0.053140097,0.059090909,0.062857143,0.074324324,0,0,0.02811245,0.054166667,0,0.024896266,0.079439252,0.019083969,0,0,0.021390374,0.077220077,0.238095238,0.053571429,0.108374384,0,0.008,0.111940299,0,0.003952569,0.056603774,0.064,0.039325843,0.057268722,0,0.116161616,0,0.103846154,0,0.069148936,0.010791367,0,0,0.086486486,0.039525692,0.010309278,0.128712871,0.010582011,0.021621622,0.019900498,0.116666667,0.169934641,0.259541985,1,0.060913706,0.098958333,0.006896552,0,0.026455026,0.006116208,0.044585987,0.005747126,0.102040816,0.020833333,0.07106599,0.076923077,0.07106599,0.016393443,0.02690583,0.105633803,0,0,0,0.120689655,0.160142349,0.083333333,0.016666667,0.098265896,0.04964539,0.069892473,0.063063063,0.036649215,0.084415584,0.017751479,0.09,0.018404908,0.05907173,0.014925373,0.061643836,0,0.020942408,0.066037736,0,0.046391753,0.110344828,0.07518797,0.073298429,0.045643154,0.106741573,0.012048193,0.101522843,0.012711864,0,0,0.089430894,0.02739726,0,0,0,0.016129032,0.017647059,0.020512821,0.074626866,0,0.02189781,0,0,0,0,0.027777778,0.002762431,0.002173913,0,0.052631579,0.033519553,0.015957447,0,0.018404908,0.016216216,0,0.014285714,0.167785235,0.020833333,0.037267081,0.084870849,0.116883117,0.088050314,0.023668639,0,0.22513089,0.06097561,0.058510638,0.030769231,0,0.024509804,0.052910053,0.031914894,0.057251908,0.053941909,0.065843621,0.044247788,0.073333333,0.059288538,0.038834951,0.039087948,0.069852941,0.016694491,0.049122807,0.103571429,0.051118211,0.044925125,0.006944444,0.048780488,0,0.094202899,0.048969072,0.06185567,0.059602649,0.102409639,0.121621622,0.130718954,0.091549296,0.116883117,0.071823204,0.022900763,0,0.083333333,0.029850746,0.101910828,0.108108108,0.05,0.119205298,0.065502183,0.081632653,0.064935065,0.084415584,0.258064516,0.100591716,0.007874016,0.006711409,0,0.021929825,0.005291005,0.007462687,0,0.015037594,0,0,0.005208333,0.056338028,0.019480519,0.068493151,0.053571429
TNF signaling pathway - Homo sapiens (human),0,0,0,0,0,0,0,0,0,0,0,0,0,0,0,0,0,0,0,0,0,0,0,0,0,0,0,0,0,0,0,0,0,0,0,0,0,0,0,0,0,0,0,0,0,0,0,0,0,0,0,0.016483516,0,0,0,0.005813953,0,0,0,0,0,0,0,0,0,0,0,0,0,0,0,0,0,0,0,0,0,0,0,0,0,0,0,0,0,0,0,0,0,0,0,0,0,0,0,0,0,0,0,0,0,0,0,0,0,0,0,0,0,0,0.121546961,0.100558659,0.070769231,0.069767442,0.005714286,0.060836502,0.091803279,0.059895833,0.087179487,0.101449275,0.167567568,0.07804878,0.099547511,0.02955665,0.126829268,0.048387097,0.002114165,0,0.029661017,0.016483516,0.016,0,0,0,0.039548023,0.072033898,0.02919708,0,0.002762431,0,0,0.063492063,0.073732719,0.078703704,0.203883495,0.116666667,0.054545455,0.074626866,0,0.088353414,0.085020243,0,0.082644628,0.016528926,0.018050542,0.005882353,0,0.014778325,0.027972028,0.11038961,0.028688525,0.212121212,0.007490637,0,0.068259386,0,0.011278195,0.016666667,0.021818182,0.015228426,0.071428571,0,0.067873303,0.010638298,0.067137809,0,0.263157895,0.160784314,0.151898734,0.080246914,0.180327869,0.057034221,0.024271845,0.065789474,0.271604938,0.096774194,0.094527363,0.180327869,0.114942529,0.161290323,0.060913706,1,0.061032864,0.018987342,0.006896552,0.024509804,0.042424242,0.022857143,0,0.137931034,0.04,0.008928571,0.102941176,0.022624434,0,0.094170404,0.017751479,0,0,0,0.082474227,0.036474164,0.073275862,0.053191489,0.090425532,0.00617284,0.097435897,0.110619469,0.049261084,0.151898734,0.056497175,0.054298643,0.110429448,0.023076923,0.057971014,0.0625,0.011173184,0.05,0.199004975,0.05988024,0.073891626,0.073170732,0.097222222,0.139896373,0.145922747,0.177777778,0.051181102,0.177664975,0.192488263,0.026490066,0,0.056737589,0,0.046979866,0,0,0,0,0,0.06,0,0,0,0,0,0,0.075921909,0.016129032,0.028077754,0.037220844,0.058091286,0.084507042,0.053763441,0.087837838,0.071005917,0,0,0.045454545,0.032786885,0,0.130434783,0.119565217,0.12539185,0.149681529,0.125748503,0.076433121,0.19138756,0.098837209,0.215909091,0.049295775,0.04516129,0.148717949,0.080808081,0.004807692,0.101886792,0.135021097,0.245454545,0.146118721,0.174216028,0.136546185,0.088452088,0.143835616,0.181467181,0.063032368,0.171641791,0.161290323,0.113268608,0.071666667,0.033898305,0.104895105,0.005555556,0.067340067,0.036855037,0.090909091,0.101973684,0.1,0.077380952,0.119047619,0.075949367,0.068571429,0.154696133,0.020547945,0,0.069767442,0.033783784,0.105882353,0.111801242,0.127071823,0.069767442,0.06147541,0.044776119,0.048192771,0.070588235,0.088082902,0.148571429,0.007042254,0.006097561,0.047337278,0.004048583,0.096256684,0.013513514,0.026666667,0.006711409,0.015075377,0,0.004830918,0.064189189,0.017751479,0.206642066,0.172897196
Leukocyte transendothelial migration - Homo sapiens (human),0,0,0,0,0,0,0,0,0,0,0,0,0,0,0,0,0,0,0,0,0,0,0,0,0,0,0,0,0,0,0,0,0,0,0,0,0,0,0,0,0,0,0,0,0,0,0,0,0,0,0,0.027472527,0,0,0,0,0,0,0,0,0,0,0,0,0,0,0,0,0,0,0,0,0,0,0,0,0,0,0,0,0,0,0,0,0,0,0,0,0,0,0,0,0,0,0,0,0,0.005681818,0.008474576,0,0,0,0,0,0,0,0,0,0,0,0.03030303,0.064171123,0.060606061,0.144876325,0.020172911,0.029304029,0.073717949,0.004914005,0.009433962,0.112727273,0.028301887,0.056872038,0.042553191,0.055,0.099056604,0.056451613,0,0,0.01659751,0,0,0,0,0,0,0.024096386,0,0,0.008287293,0.043137255,0,0.038461538,0.024070022,0.026200873,0.033057851,0.030456853,0.035294118,0,0.006493506,0.003676471,0.042471042,0.005,0.043478261,0.029045643,0.028985507,0,0,0.009708738,0.100371747,0.130718954,0.016064257,0.07079646,0.026515152,0,0.153846154,0.01,0.168103448,0.088235294,0.194092827,0.030612245,0.044715447,0.01010101,0.122641509,0,0.097472924,0,0.053140097,0.024054983,0.022222222,0,0.063414634,0.025641026,0.009478673,0.09375,0.024630542,0.024875622,0.023041475,0.084577114,0.071038251,0.109756098,0.098958333,0.061032864,1,0.01875,0,0.029268293,0.017647059,0.034285714,0,0.08372093,0.03968254,0.027027027,0.055813953,0.031674208,0.030456853,0.042372881,0.035714286,0,0,0,0.076142132,0.135761589,0.024489796,0.020408163,0.045454545,0,0.064039409,0.045454545,0.033653846,0.057471264,0.016129032,0.063348416,0.005494505,0.046875,0,0.055214724,0.016666667,0.014354067,0.070484581,0,0.03286385,0.053254438,0.038961039,0.037383178,0.046692607,0.103092784,0.022813688,0.093457944,0.019920319,0,0,0.063380282,0.018292683,0,0,0,0.014778325,0.049723757,0.033492823,0.045454545,0,0,0,0,0,0,0.016326531,0.010638298,0.014861996,0,0.036290323,0.045945946,0.018998273,0.01875,0.016666667,0.030150754,0,0.010067114,0.116959064,0.031446541,0.069767442,0.139194139,0.103975535,0.067647059,0.061452514,0.01183432,0.125560538,0.079096045,0.064039409,0.034246575,0.031446541,0.036697248,0.074626866,0.019323671,0.024390244,0.129166667,0.057471264,0.028455285,0.090032154,0.040145985,0.027713626,0.027522936,0.051194539,0.011308562,0.046357616,0.079470199,0.048484848,0.050488599,0.009868421,0.039215686,0,0.119298246,0.036674817,0.038216561,0.049844237,0.052631579,0.063953488,0.049723757,0.061728395,0.061797753,0.039408867,0.006666667,0.005681818,0.033333333,0.013071895,0.038251366,0.040229885,0.04040404,0.068965517,0.027559055,0.052238806,0.039525692,0.033707865,0.06,0.062827225,0,0,0,0.008064516,0.019704433,0,0,0,0.025125628,0.043715847,0.024390244,0.074576271,0.041916168,0.100334448,0.114537445
Intestinal immune network for IgA production - Homo sapiens (human),0,0,0,0,0,0,0,0,0,0,0,0,0,0,0,0,0,0,0,0,0,0,0,0,0,0,0,0,0,0,0,0,0,0,0,0,0,0,0,0,0,0,0,0,0,0,0,0,0,0,0,0,0,0,0,0,0,0,0,0,0,0,0,0,0,0,0,0,0,0,0,0,0,0,0,0,0,0,0,0,0,0,0,0,0,0,0,0,0,0,0,0,0,0,0,0,0,0.009009009,0.018867925,0,0,0,0.039215686,0,0,0,0,0,0,0,0.005865103,0,0,0,0.006968641,0,0,0.068322981,0.071942446,0.025531915,0.055172414,0.012820513,0.016949153,0,0,0.005102041,0,0.005714286,0,0,0,0,0,0,0,0,0,0,0.003344482,0.080645161,0,0,0.01511335,0,0.005434783,0,0,0,0,0,0.009852217,0,0,0,0,0,0,0.007042254,0.008733624,0,0,0.011428571,0.004878049,0,0.008064516,0.014814815,0.138121547,0,0,0,0,0,0,0.123893805,0.004201681,0,0.026845638,0.004310345,0,0.009009009,0.026845638,0.033653846,0.147286822,0.005586592,0.021428571,0.137096774,0.129496403,0.055172414,0.007692308,0.026315789,0.006896552,0.018987342,0.01875,1,0,0,0,0,0,0,0,0,0,0,0,0,0,0,0,0,0,0.01459854,0,0,0,0,0,0,0,0,0,0,0,0,0,0,0,0,0.005649718,0,0,0,0,0.006410256,0.00990099,0.013605442,0,0,0.010582011,0.243243243,0,0,0,0,0,0,0,0,0,0,0,0,0,0,0,0,0.002314815,0,0,0,0,0.003115265,0.001908397,0,0,0,0,0,0,0,0.008474576,0.008196721,0,0.003367003,0.016260163,0.00952381,0.027624309,0.177570093,0.027210884,0.036144578,0.053191489,0.125874126,0.027210884,0.123076923,0.085308057,0,0.009569378,0.016216216,0.011070111,0.073170732,0.005291005,0.092741935,0.008298755,0.027472527,0.077253219,0.003846154,0.010791367,0.015761821,0.021097046,0.003968254,0,0.003952569,0,0,0.003690037,0.007462687,0.008547009,0.008064516,0,0,0,0,0,0,0,0.008064516,0,0,0,0,0.00462963,0.005076142,0,0,0.00729927,0.333333333,0.307692308,0.212765957,0.12804878,0.203389831,0.380952381,0.263888889,0.0875,0.02962963,0.016129032,0.028368794,0.003984064,0.224719101,0.011494253,0
Circadian rhythm - Homo sapiens (human),0,0,0,0,0,0,0,0,0,0,0,0,0,0,0,0,0,0,0,0,0,0,0,0,0,0,0,0,0,0,0,0,0,0,0,0,0,0,0,0,0,0,0,0,0,0,0,0,0,0,0,0,0,0,0,0,0,0,0,0,0,0,0,0,0,0,0,0,0,0,0,0,0,0,0,0,0,0,0,0,0,0,0,0,0,0,0,0,0,0,0,0,0,0,0,0,0,0,0,0,0,0,0,0,0,0.0125,0,0,0,0,0,0,0,0,0,0.005,0.003937008,0,0,0,0,0.007042254,0.057692308,0,0,0,0,0.018987342,0.03125,0,0.029239766,0,0,0,0,0.011560694,0.014925373,0,0,0,0,0.010638298,0.007792208,0.054421769,0,0.069565217,0.078651685,0,0,0,0.010638298,0,0.005464481,0,0.035532995,0,0.071428571,0.024,0,0,0.042168675,0.00621118,0.02688172,0.032786885,0,0,0,0,0.035714286,0.008264463,0,0,0,0.009009009,0,0,0,0,0,0,0,0,0,0,0,0,0.014285714,0,0,0,0,0.006896552,0,0,1,0.031496063,0.031007752,0,0,0,0,0,0.006849315,0,0,0.018404908,0,0,0,0,0,0,0.042682927,0.008403361,0,0,0,0.005813953,0.007462687,0,0.009259259,0,0.072916667,0.038674033,0.060150376,0,0.009803922,0.007633588,0.00617284,0.010204082,0.007194245,0,0,0.059701493,0.038461538,0,0.005319149,0.006535948,0.041420118,0,0,0,0,0.012987013,0,0,0,0,0,0,0,0,0,0,0,0,0.004807692,0,0,0.002949853,0.005681818,0.003267974,0.003937008,0.012195122,0.009803922,0,0,0.004545455,0,0,0,0,0.018115942,0.003546099,0,0,0,0,0,0,0,0,0,0,0.004694836,0,0.005128205,0,0.003875969,0,0.002747253,0.003921569,0.004405286,0,0,0.020746888,0,0.005338078,0.004424779,0.004219409,0,0,0,0.004081633,0,0,0.009803922,0,0,0,0.007692308,0,0,0,0,0,0.01,0,0,0,0,0,0,0,0,0,0,0.020618557,0,0,0,0,0,0.05982906,0,0,0,0,0,0.011695906
Circadian entrainment - Homo sapiens (human),0,0,0,0,0,0,0,0,0,0,0,0,0,0,0,0.008474576,0.061320755,0,0,0,0,0,0,0,0,0.006849315,0,0,0,0,0,0,0,0,0,0,0,0,0,0,0,0,0,0,0,0,0,0,0,0,0,0.024096386,0,0,0,0,0,0,0,0,0,0,0,0,0,0,0,0,0,0,0,0,0,0,0,0,0,0,0,0,0,0,0,0,0,0,0,0,0,0,0,0,0,0,0,0,0,0,0,0,0,0,0,0,0,0,0,0,0,0,0.042666667,0.052023121,0.117449664,0.124542125,0.154109589,0.157894737,0.169117647,0,0,0.16064257,0.005,0.045685279,0.008849558,0.08988764,0.064039409,0.074561404,0.029147982,0,0.134328358,0,0,0,0,0,0,0.025862069,0,0,0,0.004032258,0,0.02016129,0.048837209,0.004608295,0.021929825,0.075144509,0.081632653,0,0,0.015873016,0.049792531,0.016574586,0.193236715,0.196891192,0.055335968,0,0.02,0.010582011,0.037174721,0.033112583,0.289617486,0.018099548,0,0,0.017064846,0,0,0.012048193,0.015267176,0.217105263,0.008403361,0,0.157068063,0.005747126,0.032374101,0,0.015151515,0.029304029,0,0,0.057894737,0,0,0.022421525,0.015957447,0.016129032,0.014851485,0.015151515,0.022857143,0.018518519,0.026455026,0.024509804,0.029268293,0,0.031496063,1,0.054487179,0.28125,0,0.069306931,0.289473684,0.379084967,0.35483871,0.263473054,0.265306122,0.363095238,0.207692308,0.03875969,0.082840237,0.077586207,0.211180124,0.009287926,0.054054054,0.21192053,0.241830065,0.096296296,0.093406593,0.197969543,0.245283019,0.018292683,0.162162162,0.058252427,0,0.267676768,0.133333333,0.131386861,0.23880597,0.266233766,0.241758242,0.191176471,0.173410405,0.15,0.036231884,0.009852217,0.003984064,0.042328042,0.166666667,0.179347826,0,0,0,0.03875969,0.102941176,0.060150376,0,0,0.243421053,0.272058824,0.117977528,0.043478261,0,0,0.075144509,0,0,0,0.054824561,0.064516129,0.019911504,0.033333333,0.085972851,0.051136364,0.071028037,0.114503817,0.23880597,0.278911565,0.0703125,0.16872428,0,0.05,0,0.010309278,0.026865672,0.008746356,0.08125,0,0.017391304,0.023529412,0.075675676,0.063492063,0,0.02955665,0.069892473,0,0.053231939,0.007936508,0.027777778,0.004255319,0.201492537,0.015151515,0.016627078,0.052805281,0.114942529,0,0,0.136029412,0.018575851,0.097902098,0.006944444,0.020338983,0,0.048611111,0.014962594,0.088028169,0.009463722,0.016666667,0.012195122,0.011695906,0.013071895,0.102564103,0.015706806,0.015151515,0,0.011976048,0.022222222,0.011695906,0.01863354,0,0.030487805,0.012448133,0.019230769,0.008196721,0.012121212,0.031746032,0.016393443,0,0,0,0.008658009,0.005291005,0,0,0,0.016304348,0.01754386,0.09039548,0.041666667,0,0.068493151,0.035087719
Thermogenesis - Homo sapiens (human),0,0.015503876,0,0,0,0,0,0.020408163,0,0.033834586,0,0,0,0,0.391634981,0,0.031518625,0,0,0,0,0,0,0,0.003401361,0,0,0,0,0,0,0,0,0,0,0,0,0,0,0,0,0,0,0,0,0,0,0,0,0,0.006849315,0,0,0,0,0,0,0,0,0,0,0,0,0,0,0,0,0,0,0,0.003745318,0,0,0,0,0,0.007326007,0,0,0,0,0,0,0,0,0,0,0.002570694,0,0,0,0,0,0,0,0,0,0.003401361,0,0,0,0,0,0.040677966,0,0,0,0,0,0,0.043650794,0.029220779,0.024070022,0.054892601,0.030567686,0.061170213,0.058411215,0.003809524,0,0.044334975,0,0.014880952,0.049132948,0,0.023323615,0.055555556,0.005076142,0,0.058309038,0.003289474,0,0,0,0.011494253,0.009966777,0.047752809,0.002493766,0,0.002074689,0.005235602,0.01618123,0.06010929,0.048300537,0.086153846,0.016574586,0.142348754,0.101123596,0,0.018656716,0,0.031914894,0.107638889,0.070028011,0.048710602,0.007518797,0,0.010526316,0.01242236,0.00729927,0.024647887,0.091176471,0.019830028,0.01038961,0,0.014051522,0,0,0.01,0.033505155,0.070234114,0.024590164,0,0.062686567,0.003236246,0.01686747,0,0.01510574,0.009708738,0.013422819,0,0.021276596,0.012722646,0,0.016806723,0.01242236,0.0125,0.014925373,0.030674847,0.019480519,0.038062284,0.006116208,0.042424242,0.017647059,0,0.031007752,0.054487179,1,0.041811847,0,0.047761194,0.206349206,0.039039039,0.068111455,0.023668639,0.038834951,0.048991354,0.020979021,0.009022556,0.019230769,0,0.057692308,0.019911504,0.075801749,0.074324324,0.079734219,0.048148148,0.067092652,0.078488372,0.07073955,0.034246575,0.073426573,0.032163743,0.059859155,0.075208914,0.079617834,0.082089552,0.037931034,0.078431373,0.093939394,0.076086957,0.069620253,0.010238908,0.003610108,0.075949367,0.294314381,0.021538462,0.057377049,0.106918239,0.047619048,0,0,0.003731343,0.021505376,0.053435115,0,0,0.051948052,0.051194539,0.030864198,0,0,0,0.042207792,0,0,0,0.196116505,0.257575758,0.213849287,0.251162791,0.00536193,0.281725888,0.176079734,0.048507463,0.045138889,0.041935484,0,0.0475,0.006514658,0.02919708,0.013422819,0.014184397,0.023504274,0.016913319,0.013157895,0,0.030726257,0.013114754,0.018292683,0.003731343,0,0.014749263,0.015197568,0,0.012285012,0.015665796,0.050666667,0,0.088095238,0.004987531,0.042592593,0.053364269,0.021582734,0.005405405,0.011655012,0.025404157,0.010893246,0.033875339,0.002358491,0.035629454,0,0.050480769,0.014981273,0.085574572,0.307471264,0.029126214,0.020338983,0.013157895,0.021126761,0.023333333,0.047770701,0.01509434,0,0.016722408,0.011111111,0.01986755,0.031034483,0,0.020134228,0.029891304,0.069518717,0.026954178,0.02027027,0.037735849,0.035483871,0,0,0,0,0,0,0,0,0.028753994,0.006514658,0.047923323,0.310240964,0.006896552,0.022883295,0.024861878
Long-term potentiation - Homo sapiens (human),0,0,0,0,0,0,0,0,0,0,0,0,0,0,0,0,0.010362694,0,0,0,0,0,0,0,0,0,0,0,0,0,0,0,0,0,0,0,0,0,0,0,0,0,0,0,0,0,0,0,0,0,0,0.029411765,0,0,0,0,0,0,0,0,0,0,0,0,0,0,0,0,0,0,0,0,0,0,0,0,0,0,0,0,0,0,0,0,0,0,0,0,0,0.01863354,0,0,0,0,0,0,0,0.015625,0,0,0,0,0,0,0,0,0,0,0,0,0.087349398,0.125925926,0.093862816,0.130612245,0.149812734,0.158415842,0.156626506,0,0,0.088235294,0.005882353,0.079754601,0.07027027,0.115646259,0.094117647,0.091370558,0.021428571,0.010416667,0.207317073,0,0,0,0,0,0.02962963,0.06122449,0.004237288,0,0.003154574,0,0,0.077294686,0.0243309,0,0.062827225,0.068493151,0.066115702,0,0,0.018018018,0.131979695,0.006535948,0.166666667,0.203592814,0.097222222,0.016129032,0.025,0.025477707,0.068669528,0.145454545,0.163841808,0.048387097,0.013574661,0,0.05511811,0,0,0.029850746,0.017241379,0.201550388,0.03960396,0,0.116959064,0,0.048979592,0,0.023952096,0.037190083,0,0,0.14,0.017467249,0,0.1,0.012578616,0.046052632,0.041666667,0.082278481,0.103703704,0.071428571,0.044585987,0.022857143,0.034285714,0,0,0.28125,0.041811847,1,0,0.17721519,0.119791667,0.222972973,0.19205298,0.16025641,0.06122449,0.228395062,0.233009709,0.028455285,0.077464789,0.079545455,0.222222222,0.045936396,0.127071823,0.15037594,0.290322581,0.044247788,0.104575163,0.170454545,0.253731343,0.062015504,0.136,0.119047619,0,0.255681818,0.208333333,0.041666667,0.214285714,0.222222222,0.107344633,0.128205128,0.153333333,0.18018018,0.027272727,0.047904192,0.004524887,0.070512821,0.132653061,0.176100629,0,0,0,0.06122449,0.100917431,0.027777778,0,0,0.169117647,0.232758621,0.097402597,0.04587156,0,0,0.033112583,0,0,0,0.092009685,0.057142857,0.033573141,0.036111111,0.09947644,0.0625,0.096969697,0.094339623,0.346534653,0.053333333,0.07,0.128888889,0,0.03539823,0,0.007633588,0.029508197,0.019354839,0.067164179,0,0.046153846,0.021276596,0.049689441,0.083333333,0,0.011299435,0.076433121,0,0.092920354,0.046728972,0.075117371,0,0.145098039,0.03930131,0.033766234,0.074349442,0.105932203,0.005208333,0,0.107142857,0.017006803,0.06405694,0,0.042307692,0,0.105691057,0.035714286,0.085603113,0.035714286,0.06993007,0.114754098,0.051470588,0.086956522,0.213675214,0.086092715,0.083333333,0,0.07751938,0.102040816,0.07518797,0.080645161,0,0.103174603,0.049019608,0.058558559,0.048543689,0.062015504,0.071428571,0.090909091,0,0,0,0.009950249,0,0,0,0,0.006410256,0.006993007,0.038216561,0.0546875,0,0.119047619,0.035175879
Synaptic vesicle cycle - Homo sapiens (human),0,0,0,0,0,0,0,0,0,0,0,0,0,0,0.121693122,0,0,0,0,0,0,0,0,0,0,0,0,0,0,0,0,0,0,0,0,0,0,0,0,0,0,0,0,0,0,0,0,0,0,0,0,0,0,0,0,0,0,0,0,0,0,0,0,0,0,0,0,0,0,0,0,0,0,0,0,0,0,0,0,0,0,0,0,0,0,0,0,0,0,0,0,0,0,0,0,0,0,0,0,0,0,0,0,0,0,0,0,0,0,0,0.005405405,0,0,0,0.006329114,0,0,0,0,0,0,0,0,0,0,0.013452915,0,0,0,0,0,0,0.047169811,0,0,0,0,0.065989848,0.03785489,0.111111111,0,0.058823529,0,0,0,0,0,0,0,0,0,0,0,0,0,0,0,0,0,0,0,0,0,0,0,0,0,0,0,0,0,0,0,0,0,0,0,0,0,0,0,0,0,0,0,0,0,0,0,0,0.005747126,0,0,0,0,0,0,0,1,0,0.03196347,0.049180328,0.015957447,0.026737968,0.050314465,0.024390244,0.00729927,0,0.006134969,0,0,0,0,0.025,0,0,0,0,0,0,0,0,0,0,0,0,0,0,0,0,0,0,0.016393443,0,0,0,0,0,0,0,0,0,0.100840336,0.016666667,0,0.25,0.00591716,0,0,0,0.005555556,0,0,0,0,0,0,0.008797654,0.002267574,0.035040431,0.00913242,0.002857143,0.005444646,0.024193548,0.027972028,0.018072289,0.053571429,0.011450382,0.047297297,0.219047619,0.184,0,0,0.003067485,0,0,0,0,0,0,0,0,0,0,0.036144578,0,0,0,0,0,0.059585492,0,0,0,0,0,0,0,0,0.007142857,0,0,0,0.006944444,0,0,0,0,0,0,0,0,0,0,0,0,0,0,0,0,0,0,0,0,0,0,0,0,0,0.155405405,0,0,0,0,0,0,0,0,0,0
Neurotrophin signaling pathway - Homo sapiens (human),0,0,0,0,0,0,0,0,0,0,0,0,0,0,0,0,0,0,0,0,0,0,0,0,0,0,0,0,0,0,0,0,0,0,0,0,0,0,0,0,0,0,0,0,0,0,0,0,0,0,0,0.026737968,0,0,0,0,0,0,0,0,0,0,0,0,0,0,0,0,0,0,0,0,0,0,0,0,0,0,0,0,0,0,0,0,0,0,0,0,0,0,0,0,0,0,0,0,0,0,0,0,0.008196721,0,0,0.005181347,0,0,0,0,0,0,0.16011236,0.259259259,0.18729097,0.138408304,0.052785924,0.071161049,0.133333333,0.00729927,0,0.156133829,0.046948357,0.106796117,0.152073733,0.074626866,0.16097561,0.121848739,0,0.016528926,0.101321586,0.021276596,0.007722008,0,0,0,0.061111111,0.111111111,0.028469751,0.004,0.010928962,0.003703704,0,0.12244898,0.094907407,0.052631579,0.159090909,0.106382979,0.083832335,0.04137931,0.006289308,0.037313433,0.136363636,0,0.093495935,0.06302521,0.047101449,0.011363636,0.011560694,0.014285714,0.09057971,0.186666667,0.079497908,0.138248848,0.010989011,0,0.134751773,0,0,0.027027027,0.039711191,0.067010309,0.09623431,0,0.084821429,0,0.08041958,0,0.155440415,0.078291815,0.08,0.028248588,0.211956522,0.059479554,0,0.121076233,0.086734694,0.087628866,0.080952381,0.218579235,0.175438596,0.206451613,0.102040816,0.137931034,0.08372093,0,0,0.069306931,0.047761194,0.17721519,0,1,0.034883721,0.008658009,0.104761905,0.035555556,0,0.100877193,0.052941176,0.020109689,0,0.05,0.154255319,0.077399381,0.20754717,0.025,0.211428571,0,0.133333333,0.156950673,0.1,0.227272727,0.005181347,0.105990783,0.08045977,0.096385542,0.071090047,0.05988024,0.038674033,0.06372549,0.17535545,0.005464481,0.036866359,0.102409639,0.092715232,0.123762376,0.113821138,0.164893617,0.049808429,0.195,0.092050209,0.00621118,0,0.075862069,0,0.01875,0,0,0.034313725,0.059782609,0.01843318,0.057324841,0,0,0,0,0,0.00591716,0.084051724,0.051912568,0.023305085,0.019184652,0.052208835,0.056603774,0.075949367,0.030674847,0.08045977,0,0,0.092857143,0.088888889,0.011976048,0.098837209,0.085910653,0.122699387,0.101796407,0.13372093,0.01734104,0.185185185,0.076923077,0.139175258,0.006451613,0,0.110576923,0.037558685,0,0.132575758,0.131147541,0.185654008,0.12173913,0.146666667,0.082089552,0.071428571,0.092948718,0.163568773,0.036124795,0.110726644,0.173758865,0.08,0.096121417,0.019607843,0.083892617,0,0.14084507,0.080604534,0.099667774,0.14,0.184971098,0.205128205,0.153846154,0.18,0.267973856,0.167567568,0.075862069,0.016759777,0.123529412,0.073825503,0.226415094,0.155279503,0.087628866,0.171779141,0.122362869,0.125490196,0.12605042,0.118343195,0.142105263,0.181818182,0,0.005847953,0.016574586,0,0.004739336,0.006410256,0.00625,0,0,0,0,0.087837838,0.011299435,0.201438849,0.156950673
Retrograde endocannabinoid signaling - Homo sapiens (human),0,0,0,0,0,0,0,0,0,0,0,0,0,0,0.2,0,0.033707865,0,0,0,0,0,0,0,0,0,0,0,0,0,0,0,0,0,0,0,0,0,0,0,0,0,0,0,0,0,0,0,0,0,0.004784689,0.01843318,0,0,0,0.004807692,0,0,0,0,0,0,0,0,0,0,0,0,0,0,0,0,0,0,0,0,0,0,0,0,0,0,0,0,0,0,0,0,0,0,0,0,0,0,0,0,0,0,0,0,0,0,0,0,0,0,0,0,0,0,0.052380952,0.035555556,0.078651685,0.084848485,0.080779944,0.089965398,0.082111437,0,0,0.133333333,0.008,0.01984127,0.037174721,0.042553191,0.08097166,0.064748201,0.053719008,0,0.081395349,0,0,0,0,0,0.013824885,0.032142857,0.00952381,0,0,0,0,0.016722408,0.041493776,0,0.028985507,0.053333333,0.060606061,0.016949153,0,0.009868421,0.034013605,0.017316017,0.116104869,0.114624506,0.042622951,0,0.014925373,0.008333333,0.018518519,0.050761421,0.171428571,0.033707865,0,0,0.023460411,0,0,0.00921659,0.022580645,0.145631068,0.021052632,0,0.119341564,0,0.04,0,0.037037037,0.050632911,0.033175355,0,0.054393305,0,0,0.018248175,0.043103448,0.038961039,0.036437247,0.037037037,0.013215859,0.048543689,0.020833333,0.04,0.03968254,0,0,0.289473684,0.206349206,0.119791667,0.03196347,0.034883721,1,0.290640394,0.260869565,0.247619048,0.362068966,0.244444444,0.11827957,0.012068966,0.103773585,0.011494253,0.138888889,0.00802139,0.028880866,0.119617225,0.169902913,0.069892473,0.10619469,0.12109375,0.116591928,0.043062201,0.115,0.046692607,0.014018692,0.143939394,0.049382716,0.08994709,0.101522843,0.138888889,0.204347826,0.126984127,0.123893805,0.109947644,0.048648649,0.015873016,0.18359375,0.064377682,0.105839416,0.170305677,0.024734982,0,0,0.027777778,0.069148936,0.032258065,0,0,0.105990783,0.131313131,0.086956522,0.031746032,0,0,0.053333333,0,0,0,0.141630901,0.169491525,0.11790393,0.158163265,0.069852941,0.189265537,0.144954128,0.042328042,0.06372549,0.350282486,0.182389937,0.087662338,0,0.03125,0.033175355,0.026785714,0.042216359,0.023195876,0.056603774,0,0.036363636,0.036866359,0.082251082,0.04519774,0,0.052631579,0.050420168,0,0.028213166,0.00660066,0.040268456,0.01056338,0.158385093,0.012698413,0.012684989,0.04815864,0.096153846,0,0.020408163,0.114551084,0.032608696,0.072669826,0.002941176,0.014409222,0.00462963,0.044378698,0.013274336,0.077844311,0.177777778,0.021834061,0.009302326,0.02283105,0.009803922,0.02293578,0.008230453,0.010928962,0,0.009174312,0.010695187,0.009009009,0.009389671,0.0041841,0.023255814,0.006825939,0.01607717,0.006779661,0.009259259,0.033613445,0.025974026,0,0,0,0,0,0,0,0,0.017094017,0.018099548,0.070175439,0.210344828,0,0.043103448,0.025
Glutamatergic synapse - Homo sapiens (human),0,0,0,0,0,0,0,0,0,0,0,0,0,0,0,0.022556391,0.038626609,0,0,0.02027027,0,0,0,0,0,0,0,0,0,0,0,0,0,0,0,0.016949153,0,0,0,0,0,0,0,0,0,0,0,0,0,0,0,0.021857923,0,0.044117647,0.058064516,0.041666667,0.051094891,0.052631579,0,0,0,0,0,0.006993007,0,0,0,0,0,0,0,0,0,0,0,0,0,0,0.007692308,0,0,0,0,0,0,0,0,0,0,0,0,0,0,0,0,0,0,0,0,0,0,0,0,0,0,0,0,0,0,0,0.0625,0.025773196,0.118210863,0.090909091,0.113207547,0.115079365,0.109271523,0,0,0.159090909,0.004608295,0.02293578,0.025104603,0.049751244,0.068807339,0.149122807,0.053097345,0,0.098654709,0,0,0,0,0,0,0.024096386,0,0,0.011080332,0,0,0.018867925,0.044642857,0,0.020408163,0.062827225,0.073170732,0,0,0.030188679,0.042471042,0.010050251,0.109243697,0.164319249,0.055762082,0,0.03030303,0.009708738,0.042253521,0.108974359,0.199052133,0.029787234,0.003703704,0,0.016129032,0,0,0.010928962,0.014336918,0.18128655,0.007843137,0,0.16097561,0,0.030508475,0,0.009259259,0.031141869,0,0,0.048076923,0,0,0.042553191,0.009708738,0.035175879,0.03255814,0.033175355,0.042553191,0.058139535,0.07106599,0.008928571,0.027027027,0,0,0.379084967,0.039039039,0.222972973,0.049180328,0.008658009,0.290640394,1,0.282485876,0.288135593,0.284810127,0.255102041,0.208333333,0.016544118,0.092896175,0.014285714,0.171270718,0.008823529,0.020325203,0.136363636,0.210526316,0.137931034,0.085427136,0.129464286,0.143617021,0.010989011,0.145454545,0.053811659,0,0.201793722,0.088669951,0.102564103,0.150943396,0.139784946,0.202970297,0.147435897,0.164021164,0.105590062,0.032258065,0.004524887,0,0.038834951,0.116182573,0.15270936,0,0,0,0.034246575,0.091503268,0.046357616,0.02238806,0,0.131868132,0.165644172,0.113402062,0.038709677,0.009302326,0,0.068421053,0,0,0,0.048421053,0.029810298,0.030172414,0.03960396,0.103004292,0.060273973,0.05734767,0.131944444,0.165605096,0.25,0.107913669,0.131578947,0,0.044585987,0,0.006472492,0.025568182,0.005540166,0.027027027,0,0.012096774,0.015957447,0.064039409,0.055944056,0,0.027272727,0.064039409,0,0.024390244,0.007434944,0.018450185,0,0.181184669,0.014234875,0.013667426,0.059936909,0.096085409,0,0,0.120274914,0.014662757,0.075,0.003267974,0.015974441,0,0.035714286,0.016786571,0.079470199,0.012012012,0.01010101,0.011049724,0.021505376,0.011764706,0.027173913,0.009569378,0.013422819,0,0.010869565,0.013071895,0.010638298,0.011173184,0,0.027624309,0.007722008,0.018050542,0.007662835,0.022222222,0.070707071,0.035714286,0,0,0,0.008064516,0,0,0,0,0.00990099,0.010582011,0.076923077,0.022580645,0,0.041139241,0
Cholinergic synapse - Homo sapiens (human),0,0,0,0,0,0,0,0,0,0,0,0,0,0,0,0,0.038793103,0,0,0,0,0,0,0,0,0,0,0,0,0,0,0,0,0,0,0,0,0,0,0,0,0,0,0,0,0,0,0,0,0,0,0.04494382,0,0.00952381,0,0,0,0,0,0,0,0,0,0,0,0,0,0,0,0,0,0,0,0,0,0,0,0,0,0,0,0,0,0,0,0,0,0,0,0,0,0,0,0,0,0,0,0,0,0,0,0,0,0,0,0,0,0,0,0,0.062663185,0.125,0.122186495,0.12543554,0.120634921,0.176470588,0.159722222,0,0,0.22983871,0.009302326,0.099009901,0.065502183,0.082474227,0.137254902,0.144736842,0.023706897,0,0.099099099,0.005405405,0,0,0,0,0.022099448,0.085470085,0.007117438,0,0.002754821,0,0,0.071713147,0.114558473,0.073394495,0.092105263,0.195266272,0.158940397,0.006944444,0,0.022556391,0.076,0.020408163,0.217592593,0.143518519,0.05204461,0,0.024242424,0.009756098,0.072727273,0.116883117,0.266331658,0.071111111,0,0,0.060810811,0,0,0.016574586,0.014388489,0.196428571,0.066666667,0,0.190954774,0.005263158,0.066901408,0,0.06372549,0.034843206,0,0,0.085,0.04494382,0,0.070175439,0.014705882,0.019900498,0.01843318,0.085,0.095505618,0.103658537,0.076923077,0.102941176,0.055813953,0,0.006849315,0.35483871,0.068111455,0.19205298,0.015957447,0.104761905,0.260869565,0.282485876,1,0.282485876,0.270440252,0.310160428,0.153333333,0.020332717,0.087431694,0.014388489,0.185393258,0.065420561,0.077586207,0.24375,0.226190476,0.078947368,0.14973262,0.253731343,0.229885057,0.102409639,0.197452229,0.119617225,0.02247191,0.247663551,0.139896373,0.163265306,0.1375,0.241176471,0.344444444,0.227586207,0.223463687,0.229166667,0.081632653,0.083333333,0.042801556,0.115183246,0.191111111,0.316384181,0.011904762,0,0,0.086956522,0.08496732,0.090277778,0,0,0.132596685,0.211538462,0.113989637,0.103448276,0.004651163,0,0.063157895,0,0,0,0.068817204,0.041208791,0.006329114,0.034567901,0.089361702,0.078212291,0.057450628,0.102040816,0.144654088,0.243902439,0.040816327,0.153846154,0.032608696,0.044871795,0,0.013071895,0.055718475,0.037249284,0.032786885,0,0.059322034,0.027027027,0.119791667,0.056338028,0,0.066350711,0.096938776,0,0.042704626,0.058823529,0.117886179,0.045643154,0.251851852,0.055762082,0.059665871,0.120401338,0.154135338,0.017915309,0.032786885,0.164874552,0.036036036,0.108433735,0,0.074576271,0,0.096551724,0.039312039,0.203703704,0.05,0.093406593,0.089820359,0.073863636,0.096153846,0.139393939,0.129032258,0.041666667,0,0.088235294,0.040540541,0.086206897,0.090909091,0.051282051,0.107784431,0.06557377,0.068441065,0.06504065,0.089285714,0.104712042,0.091891892,0,0,0,0,0.004878049,0,0,0,0.020100503,0.021505376,0.082901554,0.067567568,0.005813953,0.093333333,0.045643154
Serotonergic synapse - Homo sapiens (human),0,0,0,0,0,0,0,0,0,0,0,0,0,0,0,0,0.004149378,0,0,0,0.013245033,0,0,0,0,0.012345679,0.014925373,0.020408163,0.023622047,0.033112583,0,0,0,0,0,0,0,0,0,0,0,0,0,0,0,0,0,0,0,0,0,0.021857923,0,0.033980583,0.044585987,0.114649682,0.090909091,0.052631579,0,0,0,0,0,0,0,0,0,0,0,0,0,0,0,0,0.014492754,0.016759777,0,0,0,0,0,0.021390374,0.04519774,0,0,0,0,0,0,0,0,0,0,0,0,0,0,0,0,0,0,0,0,0,0,0,0,0,0,0,0.082228117,0.064171123,0.121794872,0.07641196,0.085889571,0.076628352,0.080645161,0,0,0.141791045,0.009259259,0.02764977,0.038135593,0.049751244,0.08372093,0.091666667,0.032537961,0,0.042553191,0.005376344,0,0,0,0,0.016393443,0.045081967,0,0,0.002747253,0,0,0.042471042,0.056433409,0,0.046025105,0.035714286,0.041420118,0.006896552,0.006493506,0.030188679,0.042471042,0.020304569,0.086419753,0.153488372,0.03649635,0,0.017964072,0.009708738,0.038596491,0.116129032,0.182242991,0.012552301,0,0,0.029411765,0,0,0.010928962,0.014336918,0.167630058,0.028,0,0.122641509,0,0.037542662,0,0.013953488,0.031141869,0,0,0.048076923,0.007194245,0,0.056034483,0.019607843,0.009803922,0.009090909,0.033175355,0.042553191,0.096385542,0.07106599,0.022624434,0.031674208,0,0,0.263473054,0.023668639,0.16025641,0.026737968,0.035555556,0.247619048,0.288135593,0.282485876,1,0.23030303,0.255102041,0.234042553,0.010968921,0.123595506,0.014285714,0.152173913,0.03003003,0.050209205,0.104972376,0.189655172,0.1,0.069306931,0.124444444,0.12565445,0.039548023,0.092485549,0.077981651,0,0.191111111,0.057416268,0.061728395,0.122699387,0.109947644,0.185365854,0.104938272,0.128205128,0.186666667,0.038961039,0.004524887,0.003731343,0.059405941,0.097959184,0.147058824,0.003921569,0,0,0.04137931,0.077419355,0.025974026,0,0,0.084210526,0.111111111,0.069306931,0.038709677,0,0,0.030456853,0,0,0,0.050632911,0.046831956,0.004201681,0.019417476,0.048979592,0.037533512,0.049822064,0.086666667,0.089285714,0.22754491,0.033557047,0.153256705,0,0.031446541,0.005464481,0.00974026,0.025568182,0.016806723,0.032608696,0.005882353,0.016194332,0.021390374,0.058823529,0.055944056,0,0.036697248,0.064039409,0,0.013793103,0.038314176,0.049429658,0.003968254,0.156996587,0.025179856,0.030092593,0.030674847,0.103942652,0.0016,0.003174603,0.124137931,0.014662757,0.073211314,0,0.029126214,0.028089888,0.063333333,0.029126214,0.079470199,0.027439024,0.052631579,0.051724138,0.038251366,0.055214724,0.06779661,0.044554455,0.048611111,0,0.050847458,0.061643836,0.049723757,0.052325581,0.009803922,0.068965517,0.035714286,0.044444444,0.035433071,0.039548023,0.087179487,0.035714286,0,0,0,0,0,0,0,0,0.02,0.021390374,0.044776119,0.022580645,0.005780347,0.047770701,0.003968254
GABAergic synapse - Homo sapiens (human),0,0,0,0,0,0,0,0,0,0,0,0,0,0,0,0.027777778,0.043269231,0,0,0.05,0,0,0.007352941,0,0,0,0,0,0,0,0,0.025641026,0.019417476,0,0,0.021505376,0,0,0,0,0,0,0,0,0,0,0,0,0,0,0,0,0,0,0,0,0,0,0,0,0,0,0,0.008474576,0.008333333,0.026548673,0,0,0,0,0,0,0,0,0.00877193,0,0,0,0.00952381,0,0,0,0,0,0,0,0,0,0,0,0,0,0,0,0,0,0,0,0,0,0,0,0,0,0,0,0,0,0,0,0.035135135,0.023529412,0.07615894,0.060283688,0.061290323,0.066666667,0.07266436,0,0,0.137651822,0.005208333,0.015384615,0.013824885,0.016393443,0.02970297,0.044052863,0.048837209,0,0.057692308,0,0,0,0,0.025423729,0.025477707,0.026785714,0,0,0.002949853,0,0,0.012396694,0.042352941,0,0,0.072289157,0.086330935,0,0,0.004048583,0.004098361,0.023255814,0.091324201,0.093137255,0.023715415,0,0.021126761,0,0.018796992,0.027777778,0.163265306,0,0,0,0.013986014,0,0,0.006289308,0.019762846,0.120253165,0,0,0.081218274,0,0.014545455,0,0,0.011111111,0,0,0.005208333,0,0,0.013824885,0,0,0,0,0.005882353,0.006410256,0.016393443,0,0.030456853,0,0,0.265306122,0.038834951,0.06122449,0.050314465,0,0.362068966,0.284810127,0.270440252,0.23030303,1,0.175531915,0.056737589,0.013435701,0.114649682,0.017391304,0.093567251,0.006329114,0.013452915,0.121794872,0.116564417,0.09375,0.085227273,0.096153846,0.111111111,0.006329114,0.100671141,0.034482759,0,0.114678899,0.020833333,0.113636364,0.082191781,0.113095238,0.191256831,0.115942029,0.101694915,0.06993007,0.030534351,0.005102041,0,0.010695187,0.084444444,0.117647059,0,0.015384615,0,0.024390244,0.059701493,0.055555556,0.027522936,0,0.090361446,0.12244898,0.067039106,0.014925373,0.005235602,0,0.072289157,0,0,0,0.008528785,0.020114943,0.002212389,0.005089059,0.01754386,0.02259887,0.01618705,0.053435115,0.060402685,0.512605042,0.205607477,0.099601594,0.006060606,0.045112782,0.006329114,0.003508772,0.002985075,0,0.018518519,0,0.004444444,0.006060606,0.02688172,0.024390244,0,0.020304569,0.038043478,0,0.003731343,0,0.016194332,0,0.133574007,0.007751938,0.007194245,0.040133779,0.067924528,0.001666667,0,0.086642599,0.009433962,0.05982906,0,0.01384083,0,0.024390244,0.012690355,0.09057971,0.003215434,0,0,0,0,0.01863354,0,0,0,0,0.007751938,0,0,0,0.018987342,0,0.011811024,0,0.012738854,0.016304348,0,0,0,0,0,0,0,0,0,0.022857143,0.024691358,0.094674556,0.010380623,0,0.006622517,0.004405286
Dopaminergic synapse - Homo sapiens (human),0,0,0,0,0,0,0,0,0,0,0,0,0,0.010416667,0,0,0.003861004,0,0,0,0.01183432,0,0,0,0,0.011111111,0.013157895,0.037037037,0.020689655,0.01754386,0,0,0,0,0,0,0,0,0,0,0,0,0,0,0,0,0,0,0,0,0,0.019900498,0,0,0,0,0,0,0,0,0,0,0,0,0,0,0,0,0,0,0,0,0,0,0.006369427,0,0,0,0,0,0,0,0.009950249,0,0,0,0,0,0,0.09047619,0,0,0,0,0,0,0,0,0,0,0,0,0,0,0,0,0,0,0,0,0.073047859,0.068965517,0.115151515,0.099678457,0.110447761,0.154440154,0.157377049,0,0,0.128919861,0.004255319,0.043290043,0.039525692,0.080188679,0.172897196,0.037037037,0.022774327,0.003875969,0.163716814,0,0,0,0,0.012345679,0.02,0.045977011,0.016835017,0,0.013227513,0,0,0.024911032,0.109589041,0.114537445,0.042801556,0.083333333,0.037433155,0.01863354,0,0.024647887,0.090909091,0.00921659,0.287671233,0.117647059,0.074733096,0,0.032967033,0.018018018,0.039735099,0.073033708,0.183406114,0.06122449,0.0433213,0,0.040625,0,0,0,0.052447552,0.105527638,0.029962547,0,0.113043478,0.004784689,0.045454545,0,0.048888889,0.046357616,0.035897436,0,0.107981221,0.010169492,0,0.023346304,0.041474654,0.051643192,0.048034934,0.067873303,0.043902439,0.058201058,0.02690583,0.094170404,0.042372881,0,0.018404908,0.363095238,0.048991354,0.228395062,0.024390244,0.100877193,0.244444444,0.255102041,0.310160428,0.255102041,0.175531915,1,0.142857143,0.036297641,0.058252427,0.059602649,0.191709845,0.019774011,0.080321285,0.159574468,0.19047619,0.028089888,0.078341014,0.183406114,0.176767677,0.068783069,0.143646409,0.058577406,0.030769231,0.181818182,0.189054726,0.061452514,0.168604651,0.210526316,0.260869565,0.145348837,0.155339806,0.126436782,0.040935673,0.081081081,0.051282051,0.074074074,0.12992126,0.205741627,0.041825095,0,0,0.018072289,0.069364162,0.066666667,0,0,0.114427861,0.168539326,0.058823529,0.052941176,0,0,0.023148148,0,0,0,0.068322981,0.105555556,0.033333333,0.060532688,0.091269841,0.094594595,0.083778966,0.206666667,0.358108108,0.205405405,0.048780488,0.222222222,0,0.028248588,0.035897436,0.024922118,0.052777778,0.038147139,0.094736842,0,0.05078125,0.02955665,0.147058824,0.049689441,0,0.060869565,0.058823529,0,0.087108014,0.0433213,0.088888889,0.030418251,0.22260274,0.016778523,0.071759259,0.072727273,0.151943463,0.009404389,0.030864198,0.166101695,0.031161473,0.085106383,0.00308642,0.040247678,0,0.073248408,0.006833713,0.099041534,0.031976744,0.038095238,0.015151515,0.02970297,0.021505376,0.089473684,0.055299539,0,0.005154639,0.014925373,0,0.014634146,0.015306122,0.013574661,0.046153846,0.018248175,0.023890785,0.014440433,0.015075377,0.045454545,0.052380952,0,0,0,0.007518797,0.004464286,0,0,0,0.009090909,0.009661836,0.031674208,0.080645161,0,0.105095541,0.071146245
Long-term depression - Homo sapiens (human),0,0,0,0,0,0,0,0,0,0,0,0,0,0,0,0.012345679,0.016216216,0,0,0,0,0,0,0,0,0.009174312,0,0,0,0,0,0,0,0,0,0,0,0,0,0,0,0,0,0,0,0,0,0,0,0,0,0.031007752,0,0.046052632,0.067961165,0.061403509,0.084337349,0.088607595,0,0,0,0,0,0,0,0,0,0,0,0,0,0,0,0,0,0,0,0,0,0,0,0,0,0,0,0,0,0,0,0.026143791,0,0,0,0,0,0,0,0,0,0,0,0,0,0,0,0,0,0,0,0,0.072727273,0.098484848,0.072463768,0.097560976,0.060070671,0.118226601,0.056390977,0,0,0.076923077,0.012345679,0.05625,0.073033708,0.068027211,0.162337662,0.130434783,0.01686747,0,0.067039106,0.007575758,0,0,0,0.022222222,0.023255814,0.063492063,0,0,0.006472492,0.004739336,0,0.069306931,0.037593985,0.034285714,0.059459459,0.034722222,0.042735043,0,0,0.033018868,0.053658537,0,0.082474227,0.204968944,0.031390135,0,0,0.040540541,0.043103448,0.178217822,0.124293785,0.016216216,0.018779343,0,0.044,0,0,0.0234375,0.017777778,0.254237288,0.051813472,0,0.179487179,0,0.050420168,0,0.025,0.038297872,0,0,0.058064516,0.008928571,0,0.073033708,0.013157895,0.013333333,0.012048193,0.051282051,0.075757576,0.153153153,0.105633803,0.017751479,0.035714286,0,0,0.207692308,0.020979021,0.233009709,0.00729927,0.052941176,0.11827957,0.208333333,0.153333333,0.234042553,0.056737589,0.142857143,1,0.004024145,0.050359712,0,0.144927536,0.0433213,0.053475936,0.081481481,0.214285714,0.099009901,0.08,0.124293785,0.15,0.06557377,0.097560976,0.090361446,0,0.195530726,0.056962025,0.053571429,0.14159292,0.089655172,0.111764706,0.086956522,0.169014085,0.192307692,0.029126214,0.005988024,0,0.073825503,0.102564103,0.161290323,0,0,0,0.077777778,0.086538462,0.009708738,0,0,0.134328358,0.123966942,0.08,0.049019608,0,0,0.006756757,0,0,0,0.044705882,0.021943574,0.00952381,0.025210084,0.091397849,0.018348624,0.053045187,0.048076923,0.057377049,0.063380282,0.041666667,0.064655172,0,0.018518519,0.007751938,0.015810277,0.030201342,0.01980198,0.038167939,0,0.026041667,0.02238806,0.117241379,0.08988764,0,0.036144578,0.065789474,0,0.012658228,0.068965517,0.062200957,0,0.104651163,0.03125,0.034391534,0.025454545,0.049586777,0,0.003831418,0.079365079,0.017421603,0.04787234,0.012,0.023255814,0,0.072874494,0.030640669,0.0625,0.036630037,0.073529412,0.084033613,0.054263566,0.092592593,0.125,0.082758621,0.08988764,0,0.1,0.10989011,0.079365079,0.085470085,0,0.109243697,0.061538462,0.065420561,0.050251256,0.06557377,0.128571429,0.056737589,0,0,0,0,0,0,0,0,0.006711409,0,0.012987013,0.02734375,0,0.045627376,0
Olfactory transduction - Homo sapiens (human),0,0,0,0,0,0,0,0,0,0,0,0,0,0,0,0,0.010695187,0,0,0,0,0,0,0,0,0,0,0,0,0,0,0,0,0,0,0,0,0,0,0,0,0,0,0,0,0,0,0,0,0,0,0,0,0,0,0,0,0,0,0,0,0,0,0,0,0,0,0,0,0,0,0,0,0,0,0,0,0,0,0,0,0,0,0,0,0,0,0,0,0,0,0,0,0,0,0,0,0,0,0,0,0,0,0,0,0,0,0,0,0,0.006868132,0.007692308,0.019637462,0.012480499,0.03348554,0.027118644,0.029641186,0,0,0.017741935,0,0.007352941,0,0.013232514,0,0.001706485,0,0,0.027027027,0,0,0,0,0,0,0.005199307,0,0,0.005830904,0,0,0,0.003797468,0,0,0.007633588,0.00804829,0,0,0.006734007,0.011904762,0.005736138,0.031523643,0.021390374,0.011627907,0,0.014344262,0,0.006482982,0,0.03030303,0,0,0,0,0,0,0,0.004958678,0.011516315,0,0,0.010771993,0,0,0,0,0,0,0,0.013059701,0,0,0,0,0,0,0,0,0,0,0,0,0,0,0.03875969,0.009022556,0.028455285,0,0.020109689,0.012068966,0.016544118,0.020332717,0.010968921,0.013435701,0.036297641,0.004024145,1,0.013513514,0.021881838,0.028735632,0,0.017667845,0.015473888,0.02901354,0.008230453,0.00744879,0.019400353,0.028571429,0,0.007843137,0.005385996,0,0.027729636,0.026315789,0.012219959,0.028340081,0.030710173,0.016100179,0.008,0.011131725,0.003992016,0,0,0,0,0.013651877,0.007207207,0,0,0,0,0.012345679,0.008350731,0,0,0.025096525,0.03,0.001851852,0,0.005565863,0,0.007633588,0,0.006048387,0,0.008578431,0.02173913,0,0,0,0.004231312,0.012168142,0.006185567,0.028340081,0.029126214,0,0.021207178,0,0.008247423,0,0,0,0,0.013779528,0,0,0,0.001851852,0,0,0,0.00744879,0,0.018092105,0,0,0,0.021538462,0,0.003911343,0.00608828,0.016051364,0,0,0.015600624,0,0.018907563,0,0.0046875,0,0.010989011,0,0.009302326,0,0,0,0,0,0.021868787,0,0,0,0,0,0,0,0,0,0,0,0,0,0,0,0,0,0,0,0,0,0,0,0.005703422,0.005847953,0.013257576,0.006269592,0,0.017107309,0.012259194
Taste transduction - Homo sapiens (human),0,0,0,0,0,0,0,0,0,0,0,0,0,0,0,0,0.033816425,0,0,0,0,0,0,0,0,0,0,0,0,0,0,0,0,0,0,0,0,0,0,0,0,0,0,0,0,0,0,0,0,0,0,0.025806452,0,0,0,0,0,0,0,0,0,0,0,0,0,0,0,0,0,0,0,0,0,0,0,0,0,0,0,0,0,0,0,0,0,0,0,0,0,0,0,0,0,0,0,0,0,0,0,0,0,0,0,0,0,0,0,0,0,0,0.013333333,0,0.015772871,0.027777778,0.061889251,0.036885246,0.051369863,0,0,0.045112782,0,0,0.00462963,0.028089888,0.019900498,0.04,0.046728972,0,0.033333333,0,0,0,0,0,0,0.013392857,0,0,0,0,0,0,0.00456621,0,0.004524887,0.035502959,0.042253521,0,0,0,0.004149378,0.005813953,0.048888889,0.057692308,0.02811245,0,0.021582734,0,0,0,0.061320755,0,0,0,0,0,0,0,0.011904762,0.074074074,0,0,0.060606061,0,0.014705882,0,0,0.018867925,0,0,0.005291005,0,0,0,0,0,0,0,0,0,0,0,0,0,0,0.082840237,0.019230769,0.077464789,0.006134969,0,0.103773585,0.092896175,0.087431694,0.123595506,0.114649682,0.058252427,0.050359712,0.013513514,1,0,0.069767442,0.003184713,0.013636364,0.081761006,0.071856287,0.045801527,0.032967033,0.066350711,0.056497175,0,0.073333333,0.035,0,0.052631579,0.043243243,0.043478261,0.091549296,0.069767442,0.0591133,0.086330935,0.060773481,0.056338028,0.015384615,0,0,0.021978022,0.052401747,0.06185567,0,0,0,0.025,0.061068702,0.031746032,0,0,0.072289157,0.08,0.05027933,0.055555556,0.005319149,0,0.035502959,0,0,0,0.01511879,0.011494253,0.002227171,0.010309278,0.031531532,0.014124294,0.014440433,0.022727273,0.026490066,0.127388535,0.058823529,0.018656716,0,0.022556391,0,0,0.015243902,0,0,0,0,0,0.02173913,0.033613445,0,0,0.038674033,0,0,0,0,0,0.043624161,0,0.007246377,0.01986755,0.010830325,0,0,0.010169492,0,0.019834711,0,0.010452962,0,0.013937282,0,0.027586207,0,0,0,0,0,0,0,0,0,0,0,0,0,0,0,0,0,0,0,0,0,0,0,0,0,0,0,0,0,0.005714286,0.00617284,0.04,0.014035088,0,0.013468013,0
Phototransduction - Homo sapiens (human),0,0,0,0,0,0,0,0,0,0,0,0,0,0,0,0,0.033112583,0,0,0,0,0,0,0,0,0,0,0,0,0,0,0,0,0,0,0,0,0,0,0,0,0,0,0,0,0,0,0,0,0,0,0,0,0,0,0,0,0,0,0,0,0,0,0,0,0,0,0,0,0,0,0,0,0,0,0,0,0,0,0,0,0,0,0,0,0,0,0,0,0,0,0,0,0,0,0,0,0,0,0,0,0,0,0,0,0,0,0,0,0,0,0,0.035294118,0.03030303,0.026819923,0.048387097,0.0375,0,0,0.018518519,0,0,0,0.059322034,0,0,0,0,0.046052632,0,0,0,0,0,0,0,0,0,0.007220217,0,0,0,0.005263158,0,0,0,0,0,0,0,0.039548023,0,0.040935673,0.04516129,0,0,0,0,0,0,0.056962025,0,0,0,0,0,0,0,0,0,0,0,0,0,0,0,0,0,0,0,0.056,0,0,0,0,0,0,0,0,0,0,0,0,0,0,0.077586207,0,0.079545455,0,0.05,0.011494253,0.014285714,0.014388489,0.014285714,0.017391304,0.059602649,0,0.021881838,0,1,0.058823529,0,0.044303797,0,0.061403509,0,0,0.04375,0.057377049,0,0,0,0,0.04,0.0546875,0,0.077777778,0.058823529,0.012903226,0,0,0,0,0,0,0,0,0,0,0,0,0,0,0,0,0,0.061946903,0.072164948,0,0,0,0,0,0,0,0,0.017283951,0.024390244,0,0,0,0,0.014084507,0.013157895,0.077777778,0.017094017,0,0.04368932,0,0,0,0,0,0,0.072164948,0,0,0,0,0,0,0,0,0,0.034825871,0,0,0,0.036885246,0,0,0,0.042253521,0,0,0.038961039,0,0.016363636,0,0,0,0,0,0,0,0,0,0,0,0.072916667,0,0,0,0,0,0,0,0,0,0,0,0,0,0,0,0,0,0,0,0,0,0,0,0,0,0,0,0,0.029661017,0.04375
Inflammatory mediator regulation of TRP channels - Homo sapiens (human),0,0,0,0,0,0,0,0,0,0,0,0,0,0,0,0,0.041474654,0,0,0,0,0,0,0,0,0,0,0,0,0,0,0,0,0,0,0,0,0,0,0,0,0,0,0,0,0,0,0,0,0,0,0.055555556,0,0.042328042,0.057142857,0.067114094,0.075630252,0.068965517,0,0,0,0,0,0,0,0,0,0,0,0,0,0,0,0,0,0,0,0,0,0,0,0,0,0,0,0,0,0,0,0.015625,0,0,0,0,0,0,0,0,0,0,0,0,0,0,0,0,0,0,0,0,0.076923077,0.115853659,0.117056856,0.153558052,0.145762712,0.127659574,0.131205674,0.010282776,0,0.106870229,0.030612245,0.083769634,0.065116279,0.147058824,0.124352332,0.138888889,0.026785714,0,0.174358974,0.005882353,0,0,0,0,0.024096386,0.066964286,0.011320755,0,0.002873563,0,0,0.040983607,0.022624434,0.033018868,0.063636364,0.113095238,0.134751773,0.023622047,0,0.061983471,0.114035088,0,0.17535545,0.247311828,0.067729084,0,0.01986755,0,0.052631579,0.171641791,0.133971292,0.081339713,0.011904762,0,0.060283688,0,0,0.005952381,0.030888031,0.17721519,0.047826087,0.016574586,0.240223464,0,0.074626866,0,0.086021505,0.064150943,0.043478261,0.00625,0.154285714,0.023255814,0.01025641,0.050458716,0.043478261,0.049723757,0.06185567,0.080213904,0.046511628,0.177304965,0.120689655,0.082474227,0.076142132,0,0,0.211180124,0.057692308,0.222222222,0,0.154255319,0.138888889,0.171270718,0.185393258,0.152173913,0.093567251,0.191709845,0.144927536,0.028735632,0.069767442,0.058823529,1,0.041401274,0.103286385,0.164556962,0.374100719,0.173228346,0.149425287,0.179104478,0.191616766,0.090909091,0.161073826,0.095,0.024539877,0.223300971,0.132596685,0.138686131,0.159722222,0.225,0.164102564,0.147887324,0.133333333,0.117241379,0.082706767,0.084210526,0.058577406,0.137931034,0.109649123,0.238636364,0.043478261,0.007142857,0,0.08,0.110294118,0.051851852,0,0,0.194968553,0.251798561,0.117318436,0.082089552,0,0,0.074712644,0,0,0,0.054704595,0.06744868,0.015384615,0.02278481,0.090497738,0.06,0.060998152,0.035211268,0.151724138,0.092485549,0,0.055555556,0.041666667,0.064748201,0.063291139,0.035087719,0.088328076,0.038922156,0.094339623,0.006493506,0.087962963,0.035502959,0.129943503,0.088709677,0.006802721,0.044776119,0.117318436,0,0.07751938,0.024096386,0.078838174,0.044052863,0.170289855,0.034615385,0.026315789,0.073825503,0.101886792,0.01836394,0.056338028,0.111111111,0.061093248,0.086355786,0.006920415,0.034246575,0,0.10989011,0.03030303,0.080139373,0.049019608,0.051428571,0.037267081,0.054545455,0.04,0.153333333,0.037234043,0.007462687,0,0.042944785,0.007246377,0.035714286,0.037735849,0.032608696,0.06918239,0.029411765,0.043137255,0.024896266,0.043478261,0.113636364,0.080924855,0,0,0.00617284,0,0.005263158,0,0.007194245,0,0.005347594,0,0.077777778,0.102564103,0,0.129963899,0.117924528
Regulation of actin cytoskeleton - Homo sapiens (human),0,0,0,0,0,0,0,0,0,0,0,0,0,0,0,0,0,0,0,0,0,0,0,0,0,0,0,0,0,0,0,0,0,0,0,0,0,0,0,0,0,0,0,0,0,0,0,0,0,0,0,0.034246575,0,0,0,0,0,0,0,0,0,0,0,0,0,0,0,0,0,0,0,0,0,0,0,0,0,0,0,0,0,0,0,0,0,0,0,0,0,0.009287926,0,0,0,0,0,0,0,0.003436426,0.004291845,0,0,0.008474576,0,0,0,0,0,0,0,0,0.127155172,0.121428571,0.168341709,0.229691877,0.098360656,0.067385445,0.089588378,0.003831418,0.006116208,0.104986877,0.003012048,0.049689441,0.071428571,0.041533546,0.08411215,0.128742515,0.024263432,0,0.022727273,0,0,0,0,0,0.023809524,0.06017192,0,0,0.057268722,0.032520325,0,0.060606061,0.161354582,0.029411765,0.054913295,0.042622951,0.04676259,0,0,0,0.063535912,0.006369427,0.027100271,0.086826347,0.017857143,0,0,0.012539185,0.12295082,0.090909091,0.063583815,0.040816327,0.023872679,0.003891051,0.295180723,0.070945946,0.029333333,0.071428571,0.093406593,0.067340067,0.068965517,0.05,0.117088608,0,0.063451777,0,0.043887147,0.007317073,0,0,0.07073955,0.050531915,0.028213166,0.081081081,0.00623053,0.006269592,0.005970149,0.102649007,0.087412587,0.091911765,0.160142349,0.036474164,0.135761589,0.01459854,0,0.009287926,0.019911504,0.045936396,0,0.077399381,0.00802139,0.008823529,0.065420561,0.03003003,0.006329114,0.019774011,0.0433213,0,0.003184713,0,0.041401274,1,0.079646018,0.006389776,0.042071197,0.003584229,0.057507987,0.060518732,0.02484472,0.075539568,0,0.070336391,0.010169492,0.072829132,0.009009009,0.036101083,0,0,0.06547619,0,0.040372671,0.061594203,0.033834586,0.040123457,0.032258065,0.057877814,0.021276596,0.070552147,0.010899183,0.003690037,0.003937008,0.0390625,0.003558719,0,0,0,0.006269592,0.030405405,0.012232416,0.033707865,0,0,0.003154574,0,0,0,0.042517007,0,0.011945392,0,0.024793388,0.035051546,0.023222061,0,0.010169492,0.003134796,0,0.037406484,0.133333333,0.007220217,0.020477816,0.129973475,0.138755981,0.11682243,0.033898305,0.007042254,0.184466019,0.02,0.040880503,0.003773585,0.007220217,0.020958084,0.054140127,0.01242236,0.0302267,0.063360882,0.059620596,0.027932961,0.101941748,0.041666667,0.09375,0.041570439,0.054862843,0.022068966,0.026190476,0.091584158,0.038288288,0.124260355,0.009569378,0.04842615,0,0.166666667,0.065217391,0.088888889,0.061032864,0.101398601,0.124528302,0.081560284,0.095419847,0.097472924,0.112627986,0.031007752,0.006896552,0.180392157,0.0546875,0.081560284,0.080291971,0.055921053,0.082733813,0.13253012,0.070080863,0.131736527,0.083333333,0.119863014,0.063545151,0,0,0,0.025280899,0.009404389,0,0,0,0.077702703,0.077464789,0.07615894,0.035971223,0.024822695,0.057142857,0.063583815
Insulin signaling pathway - Homo sapiens (human),0.068062827,0.012121212,0.012121212,0,0.036585366,0.05,0,0.019736842,0,0,0,0,0,0,0,0,0.003787879,0,0,0,0,0,0,0,0,0,0,0,0,0,0,0,0,0,0,0,0,0.08125,0,0,0,0,0,0,0.027624309,0.03649635,0,0,0,0,0,0.024390244,0,0,0,0,0,0,0,0,0,0,0.027932961,0,0.011976048,0,0,0,0,0,0,0,0,0,0,0,0,0,0,0,0,0,0,0,0,0,0,0.003401361,0,0.012987013,0,0,0,0,0,0,0,0,0,0,0,0,0,0.019230769,0,0,0,0,0,0,0.074812968,0.21978022,0.126888218,0.101587302,0.041436464,0.089605735,0.104938272,0,0,0.111486486,0.004166667,0.133640553,0.207207207,0.068493151,0.094017094,0.117647059,0,0.003802281,0.067729084,0.004784689,0.014545455,0,0,0.011976048,0.02955665,0.158333333,0.009868421,0,0.01305483,0,0,0.162698413,0.108352144,0.222748815,0.092,0.215053763,0.191616766,0.018072289,0,0.020689655,0.126923077,0,0.066914498,0.079681275,0.023333333,0,0.021164021,0.017621145,0.049342105,0.107344633,0.145228216,0.077235772,0.020833333,0,0.115511551,0,0.003412969,0.02970297,0.051546392,0.066350711,0.072796935,0,0.078512397,0,0.048076923,0,0.075892857,0.019047619,0.019704433,0.005025126,0.126168224,0.066901408,0,0.093877551,0.03125,0.02690583,0.029411765,0.126168224,0.117346939,0.132596685,0.083333333,0.073275862,0.024489796,0,0.042682927,0.054054054,0.075801749,0.127071823,0,0.20754717,0.028880866,0.020325203,0.077586207,0.050209205,0.013452915,0.080321285,0.053475936,0.017667845,0.013636364,0.044303797,0.103286385,0.079646018,1,0.02293578,0.12195122,0.027322404,0.111627907,0.140495868,0.086757991,0.196531792,0.014354067,0.116883117,0.150837989,0.110687023,0.213930348,0.107954545,0.056410256,0.049107143,0.131914894,0.015075377,0.038461538,0.092391304,0.196078431,0.296296296,0.106060606,0.087155963,0.03180212,0.184331797,0.081395349,0.005586592,0.01875,0.080745342,0.016042781,0.016853933,0.012658228,0,0.0456621,0.049261084,0,0.095238095,0,0,0.013452915,0,0,0,0.078674948,0.033333333,0.004008016,0.011415525,0.048689139,0.040609137,0.038983051,0.016393443,0.067357513,0.017857143,0,0.098305085,0.064676617,0.016304348,0.019704433,0.018292683,0.075630252,0.046070461,0.059701493,0,0.078740157,0.014218009,0.066964286,0,0,0.050632911,0.039130435,0,0.056666667,0.097014925,0.103321033,0.061538462,0.13125,0.054794521,0.083333333,0.071641791,0.099667774,0.031796502,0.039877301,0.107936508,0.036516854,0.073954984,0.003039514,0.049230769,0,0.114006515,0.064285714,0.087227414,0.087613293,0.155440415,0.144444444,0.126984127,0.153846154,0.191011236,0.141463415,0.048192771,0.005025126,0.105820106,0.05952381,0.17032967,0.159090909,0.0456621,0.12972973,0.118110236,0.117216117,0.1171875,0.125,0.151960784,0.102439024,0,0,0,0,0,0,0,0,0.031818182,0,0.013043478,0.075949367,0,0.086419753,0.090909091
Insulin secretion - Homo sapiens (human),0.006578947,0,0,0,0,0.00862069,0,0,0,0,0,0,0,0,0,0,0.043902439,0,0,0,0,0,0,0,0,0,0,0,0,0,0,0,0,0,0,0,0,0.008264463,0,0,0,0,0,0,0.007462687,0.011111111,0,0,0,0,0,0.025806452,0,0,0,0,0,0,0,0,0,0,0,0,0,0,0,0,0,0,0,0,0,0,0,0,0,0,0,0,0,0,0,0,0,0.007692308,0,0,0,0,0,0,0,0,0,0,0,0,0,0,0,0,0,0,0,0,0,0,0,0,0.035422343,0.042682927,0.022222222,0.072463768,0.108843537,0.222222222,0.171755725,0,0,0.069230769,0.005291005,0.048387097,0.00462963,0.045714286,0.040609137,0.078341014,0.018181818,0,0.090452261,0,0,0,0.017094017,0,0.006369427,0.01793722,0.007874016,0,0,0,0,0.016806723,0.028037383,0.040201005,0.009090909,0.151315789,0.096296296,0,0,0.01659751,0.008333333,0.088050314,0.255319149,0.176470588,0.05785124,0,0.021582734,0,0.019011407,0.021126761,0.09223301,0.004694836,0,0,0.01056338,0,0,0,0.015936255,0.152317881,0,0,0.09947644,0.006134969,0.026022305,0,0,0.018867925,0,0,0.005291005,0,0,0.014018692,0,0,0,0,0.005988024,0.006535948,0.016666667,0.053191489,0.020408163,0,0.008403361,0.21192053,0.074324324,0.15037594,0.025,0.025,0.119617225,0.136363636,0.24375,0.104972376,0.121794872,0.159574468,0.081481481,0.015473888,0.081761006,0,0.164556962,0.006389776,0.02293578,1,0.209459459,0.113821138,0.074285714,0.147959184,0.198717949,0.019607843,0.341666667,0.106951872,0.006493506,0.148325359,0.16969697,0.107692308,0.148148148,0.362962963,0.14973262,0.290598291,0.20754717,0.145038168,0.064516129,0.06010929,0.008368201,0.033333333,0.187192118,0.218934911,0,0.0078125,0.037037037,0.118181818,0.198275862,0.130434783,0.09,0,0.244755245,0.275590551,0.212903226,0.136752137,0.055865922,0,0.158940397,0,0.065693431,0,0.028446389,0.032258065,0.004464286,0.034300792,0.040909091,0.055882353,0.038817006,0.125,0.192307692,0.099378882,0,0.058139535,0,0.054263566,0,0,0.015243902,0,0,0,0.004504505,0.00617284,0.044444444,0.069565217,0,0,0.08045977,0,0.019157088,0,0.055319149,0,0.118705036,0.007843137,0.027093596,0.080701754,0.007194245,0,0,0.020547945,0.00952381,0.045762712,0,0.046931408,0,0.039285714,0.007633588,0.111940299,0,0,0.006493506,0,0,0.045454545,0.051724138,0,0,0,0,0,0,0,0.019354839,0,0.011952191,0,0.019607843,0.016574586,0,0,0,0,0,0,0,0,0,0.029239766,0.03164557,0.109756098,0.050909091,0,0.034364261,0
GnRH signaling pathway - Homo sapiens (human),0,0,0,0,0,0,0,0,0,0,0,0,0,0,0,0,0.04245283,0,0,0,0,0,0,0,0,0,0,0,0,0,0,0,0,0,0,0,0,0,0,0,0,0,0,0,0,0,0,0,0,0,0,0.024691358,0,0.049180328,0.067164179,0.047619048,0.060344828,0.0625,0,0,0,0,0,0,0,0,0,0,0,0,0,0,0,0,0,0,0,0,0,0,0,0,0,0,0,0,0,0,0,0,0,0,0,0,0,0,0,0,0,0,0,0,0,0,0,0,0,0,0,0,0.14159292,0.178807947,0.130584192,0.15648855,0.132653061,0.155555556,0.154411765,0,0,0.126482213,0.005102041,0.057591623,0.092682927,0.091954023,0.127659574,0.181372549,0.013363029,0,0.172774869,0,0.004273504,0,0,0,0.057692308,0.073394495,0.019379845,0,0.017751479,0,0,0.055084746,0.032332564,0,0.075117371,0.096385542,0.107142857,0.024590164,0,0.058823529,0.111607143,0.022727273,0.202970297,0.268156425,0.069105691,0,0.020547945,0.010810811,0.049618321,0.178294574,0.183673469,0.06763285,0,0,0.065217391,0,0,0.031446541,0.048,0.274647887,0.058295964,0,0.192307692,0,0.059925094,0,0.08839779,0.069498069,0.051612903,0,0.152046784,0.023715415,0,0.066666667,0.0625,0.057142857,0.052356021,0.119318182,0.080246914,0.229007634,0.098265896,0.090425532,0.045454545,0,0,0.241830065,0.079734219,0.290322581,0,0.211428571,0.169902913,0.210526316,0.226190476,0.189655172,0.116564417,0.19047619,0.214285714,0.02901354,0.071856287,0.061403509,0.374100719,0.042071197,0.12195122,0.209459459,1,0.190082645,0.140350877,0.247311828,0.251612903,0.147887324,0.174825175,0.091836735,0.018867925,0.306878307,0.142857143,0.102189781,0.182481752,0.264900662,0.240223464,0.20610687,0.213414634,0.207692308,0.061068702,0.025510204,0.042016807,0.135294118,0.169811321,0.314814815,0.049107143,0,0,0.04,0.097744361,0.053846154,0,0,0.193548387,0.251851852,0.114285714,0.044776119,0,0,0.076923077,0,0,0,0.071910112,0.068452381,0.017817372,0.025706941,0.058295964,0.063953488,0.083809524,0.051851852,0.157142857,0.088757396,0,0.089494163,0.011904762,0.051470588,0.086666667,0.043165468,0.065830721,0.058823529,0.111842105,0,0.095238095,0.055900621,0.107954545,0.056910569,0,0.056701031,0.071428571,0,0.087649402,0.050420168,0.133333333,0.01754386,0.195488722,0.027237354,0.041769042,0.101398601,0.116731518,0.001655629,0.042402827,0.125461255,0.045016077,0.092819615,0,0.045774648,0,0.124528302,0.038659794,0.125461255,0.089655172,0.098159509,0.087248322,0.076433121,0.094202899,0.174825175,0.073446328,0.056910569,0,0.057692308,0.098360656,0.069620253,0.073825503,0,0.092715232,0.057268722,0.06097561,0.052173913,0.058441558,0.164634146,0.103030303,0,0.006896552,0.006369427,0,0.005405405,0,0,0,0.022346369,0.024096386,0.098837209,0.068592058,0,0.136531365,0.099526066
Ovarian steroidogenesis - Homo sapiens (human),0,0,0,0,0,0,0,0,0.04,0,0.014285714,0,0,0.107843137,0,0,0.052941176,0,0,0,0,0,0,0,0,0,0,0,0,0.021978022,0,0,0,0,0,0,0,0,0,0,0,0,0,0,0,0,0,0,0,0,0,0,0,0.048951049,0.074468085,0.108910891,0.109589041,0.1,0,0,0,0,0,0,0,0,0,0,0,0,0,0,0,0,0.013157895,0.008474576,0,0,0,0,0,0.015873016,0,0,0.04,0,0,0,0,0,0,0,0,0,0,0,0,0,0,0,0,0,0,0,0,0,0,0,0,0,0.042296073,0,0.051282051,0.056680162,0.043010753,0.053140097,0.070866142,0.005813953,0,0.051948052,0.006493506,0.025641026,0.02247191,0,0,0.105555556,0.012254902,0,0.089820359,0.008130081,0,0,0,0,0,0.026737968,0,0,0.006666667,0.004950495,0,0.019704433,0.009975062,0.023809524,0,0.129032258,0.164948454,0,0,0.034482759,0,0,0.069148936,0.121212121,0.013761468,0,0.028846154,0.006944444,0,0.078431373,0.06741573,0,0.004830918,0,0.008,0,0,0.016666667,0.013824885,0.103174603,0.010416667,0,0.129032258,0,0,0,0,0,0,0,0.006493506,0,0,0,0.006944444,0,0,0,0,0.072072072,0.04964539,0.00617284,0,0,0,0.096296296,0.048148148,0.044247788,0,0,0.069892473,0.137931034,0.078947368,0.1,0.09375,0.028089888,0.099009901,0.008230453,0.045801527,0,0.173228346,0.003584229,0.027322404,0.113821138,0.190082645,1,0.108695652,0.073446328,0.09352518,0.043103448,0.125,0.017751479,0,0.114130435,0.032679739,0.184782609,0.052631579,0.146153846,0.077844311,0.208333333,0.090277778,0.017699115,0.021052632,0.012738854,0.009803922,0,0.107526882,0.089171975,0,0.010752688,0.013157895,0.035294118,0.06122449,0.079545455,0,0,0.1,0.114035088,0.06993007,0,0,0.010752688,0.12,0.013513514,0,0.03030303,0.006944444,0.016025641,0,0,0,0.009345794,0.001901141,0.052631579,0.043478261,0.100775194,0,0.021459227,0,0.063157895,0,0,0,0,0,0,0,0.007874016,0.013245033,0,0,0.01242236,0.033783784,0,0,0.009708738,0,0,0.053435115,0,0.013262599,0.045977011,0.004098361,0,0,0,0,0.028268551,0.008264463,0.011904762,0.025641026,0.019920319,0.005571031,0.060483871,0.011070111,0,0,0,0,0.016129032,0.020689655,0,0,0.016528926,0,0,0,0.007042254,0,0.010204082,0.004587156,0,0,0.049295775,0,0,0.009708738,0,0,0,0,0,0,0.007142857,0,0.105263158,0.007936508,0,0.011406844,0
Progesterone-mediated oocyte maturation - Homo sapiens (human),0,0,0,0,0,0,0,0,0,0,0,0,0,0,0,0,0.045454545,0,0,0,0,0,0,0,0,0,0,0,0,0,0,0,0,0,0,0,0,0,0,0,0,0,0,0,0,0,0,0,0,0,0,0.01744186,0,0,0,0,0,0,0,0,0,0,0,0,0,0,0,0,0,0,0,0,0,0,0,0,0,0,0,0,0,0,0,0,0,0,0,0,0,0,0,0,0,0,0,0,0,0,0,0,0,0,0,0,0,0,0,0,0,0,0.076086957,0.113095238,0.073015873,0.122302158,0.030120482,0.084677419,0.113793103,0,0,0.113636364,0,0.076530612,0.153465347,0.031088083,0.121827411,0.10619469,0,0.156565657,0.447204969,0.029411765,0.065502183,0,0,0,0.023529412,0.099547511,0.018726592,0,0.002840909,0,0,0.093220339,0.04587156,0.066985646,0.076923077,0.15060241,0.179856115,0.022900763,0,0.01953125,0.112068966,0,0.105263158,0.082568807,0.022556391,0,0.019354839,0.010309278,0.04797048,0.125874126,0.110599078,0.090047393,0,0,0.066901408,0,0,0.017647059,0.022641509,0.124260355,0.088888889,0,0.153061224,0.011235955,0.061818182,0,0.101604278,0.04,0.042424242,0,0.107526882,0.03875969,0,0.059090909,0.065217391,0.048648649,0.055276382,0.113513514,0.082352941,0.140939597,0.069892473,0.097435897,0.064039409,0,0,0.093406593,0.067092652,0.104575163,0,0.133333333,0.10619469,0.085427136,0.14973262,0.069306931,0.085227273,0.078341014,0.08,0.00744879,0.032967033,0,0.149425287,0.057507987,0.111627907,0.074285714,0.140350877,0.108695652,1,0.153110048,0.109289617,0.146666667,0.072727273,0.082524272,0.036363636,0.084745763,0.039800995,0.194029851,0.055555556,0.063829787,0.184615385,0.077419355,0.112299465,0.092105263,0.088235294,0.088082902,0.070833333,0.103825137,0.084388186,0.2,0.042735043,0.006944444,0.007874016,0.0859375,0.033333333,0.042857143,0,0,0.065934066,0.09202454,0.046153846,0.064285714,0,0,0.067039106,0,0,0,0.042918455,0.027932961,0.008658009,0.007407407,0.051502146,0.050420168,0.024822695,0.048611111,0.023952096,0.09039548,0,0.050909091,0.040697674,0.034013605,0.042424242,0.031034483,0.054380665,0.057228916,0.072289157,0,0.106481481,0.034682081,0.120879121,0,0,0.075376884,0.051546392,0,0.048327138,0.070247934,0.109243697,0.057017544,0.112244898,0.05,0.04842615,0.173913043,0.076363636,0.014876033,0.066666667,0.101754386,0.047021944,0.069256757,0.013745704,0.058823529,0,0.088652482,0.035175879,0.133574007,0.07615894,0.112426036,0.103225806,0.119496855,0.111111111,0.113207547,0.124293785,0.037313433,0,0.115384615,0.051470588,0.098765432,0.119205298,0.054347826,0.101265823,0.082608696,0.067193676,0.072649573,0.088607595,0.092896175,0.104046243,0,0,0,0,0,0,0,0,0.005235602,0,0.07027027,0.059027778,0,0.070945946,0.080717489
Estrogen signaling pathway - Homo sapiens (human),0,0,0,0,0,0,0,0,0,0,0,0,0,0,0,0.00625,0.034883721,0,0,0,0,0,0,0,0,0.005319149,0,0,0,0,0,0,0,0,0,0,0,0,0,0,0,0,0,0,0,0,0,0,0,0,0,0.034146341,0,0,0,0,0,0,0,0,0,0,0,0,0,0,0,0,0,0,0,0,0,0,0,0,0,0,0,0,0,0,0,0,0,0,0,0,0,0,0,0,0,0,0.021428571,0,0,0,0,0,0,0,0,0,0,0,0,0,0,0,0.071782178,0.148717949,0.10619469,0.148026316,0.082857143,0.176923077,0.15755627,0,0,0.157342657,0.004132231,0.068965517,0.088709677,0.092592593,0.12173913,0.16194332,0.010080645,0,0.106557377,0.004739336,0,0,0,0,0.034313725,0.09375,0.04040404,0.003703704,0.023622047,0,0,0.072727273,0.081140351,0.06557377,0.1,0.175257732,0.175438596,0.005882353,0,0.010169492,0.100746269,0,0.179591837,0.142259414,0.026578073,0,0.020942408,0.013043478,0.052459016,0.112359551,0.177966102,0.06374502,0,0,0.079365079,0,0,0.019417476,0.01650165,0.201058201,0.068181818,0,0.163716814,0.043269231,0.061290323,0,0.065789474,0.045307443,0,0,0.130232558,0.055363322,0,0.084337349,0.035555556,0.017621145,0.029166667,0.099547511,0.110552764,0.106951872,0.063063063,0.110619469,0.045454545,0,0.005813953,0.197969543,0.078488372,0.170454545,0,0.156950673,0.12109375,0.129464286,0.253731343,0.124444444,0.096153846,0.183406114,0.124293785,0.019400353,0.066350711,0.04375,0.179104478,0.060518732,0.140495868,0.147959184,0.247311828,0.073446328,0.153110048,1,0.224489796,0.154696133,0.175824176,0.125541126,0.019607843,0.200819672,0.14953271,0.145348837,0.136612022,0.203045685,0.300970874,0.192982456,0.212871287,0.194117647,0.051136364,0.07860262,0.042553191,0.106481481,0.162055336,0.295,0.010791367,0,0,0.053892216,0.066666667,0.082840237,0,0,0.137931034,0.168478261,0.080717489,0.075144509,0,0,0.060465116,0,0,0,0.067346939,0.049222798,0.006,0.032482599,0.072243346,0.081364829,0.044142615,0.112426036,0.130434783,0.116504854,0,0.13986014,0.053658537,0.032786885,0.019512195,0.01510574,0.063360882,0.048648649,0.069651741,0.031578947,0.065637066,0.018867925,0.110599078,0.029239766,0,0.068085106,0.071111111,0.145631068,0.056291391,0.076363636,0.131578947,0.069230769,0.217391304,0.047297297,0.073059361,0.124610592,0.102649007,0.0171875,0.033333333,0.110759494,0.033426184,0.105610561,0.009118541,0.085443038,0,0.102564103,0.051522248,0.193877551,0.074183976,0.125,0.11827957,0.08040201,0.119318182,0.182320442,0.174129353,0.041420118,0,0.093264249,0.077844311,0.12565445,0.113513514,0.045248869,0.116402116,0.130434783,0.09252669,0.099236641,0.094240838,0.112676056,0.096153846,0,0,0.004926108,0,0.008695652,0,0,0,0,0,0.058558559,0.058823529,0,0.134615385,0.103174603
Melanogenesis - Homo sapiens (human),0,0,0,0,0,0,0,0,0,0,0,0,0,0,0,0,0.040909091,0,0,0,0,0,0,0,0,0,0,0.02238806,0,0,0,0,0,0,0,0,0,0,0,0,0,0,0,0,0,0,0,0,0,0,0,0.023529412,0,0,0,0,0,0,0,0,0,0,0,0,0,0,0,0,0,0,0,0,0,0,0,0,0,0,0,0,0,0,0,0,0,0,0,0,0,0,0,0,0,0,0,0,0,0.012345679,0,0,0,0,0,0,0,0,0,0,0,0,0.042216359,0.094117647,0.073248408,0.147601476,0.1,0.155172414,0.15,0,0,0.109848485,0.004901961,0.071428571,0.045045045,0.076086957,0.094527363,0.111607143,0.008714597,0.013333333,0.126213592,0,0,0,0,0,0.023668639,0.047619048,0,0,0.002849003,0,0,0.20657277,0.041189931,0.027777778,0.034934498,0.124260355,0.101351351,0,0,0.015625,0.061983471,0,0.195238095,0.169154229,0.248847926,0.032258065,0.026143791,0.020942408,0.071969697,0.073825503,0.170731707,0.022321429,0.172727273,0,0.034246575,0,0,0.055214724,0.011235955,0.203821656,0.213930348,0,0.113861386,0.005617978,0.043010753,0,0.019900498,0.021505376,0,0,0.067708333,0.015209125,0.01010101,0.049773756,0.015625,0.010471204,0.009661836,0.045918367,0.057803468,0.05625,0.036649215,0.049261084,0.033653846,0,0.007462687,0.245283019,0.07073955,0.253731343,0,0.1,0.116591928,0.143617021,0.229885057,0.12565445,0.111111111,0.176767677,0.15,0.028571429,0.056497175,0.057377049,0.191616766,0.02484472,0.086757991,0.198717949,0.251612903,0.09352518,0.109289617,0.224489796,1,0.055555556,0.181208054,0.115577889,0.00591716,0.208530806,0.162011173,0.111888112,0.156462585,0.24375,0.197916667,0.177304965,0.196531792,0.10738255,0.013793103,0.039800995,0.003921569,0.063492063,0.406593407,0.227777778,0.025316456,0,0,0.045454545,0.1,0.098484848,0,0,0.16969697,0.246478873,0.097297297,0.034965035,0,0,0.073446328,0,0,0,0.125290023,0.054597701,0,0.032994924,0.033898305,0.033149171,0.118217054,0.102941176,0.172413793,0.11627907,0,0.111969112,0.005649718,0.048611111,0,0.006756757,0.020527859,0.032448378,0.072727273,0,0.025862069,0.017142857,0.068421053,0.061538462,0,0.028985507,0.068421053,0,0.064393939,0.040322581,0.077868852,0.0041841,0.172661871,0.034220532,0.152,0.091216216,0.088560886,0,0,0.079310345,0.015243902,0.161764706,0.006849315,0.055363322,0,0.186046512,0.040506329,0.121863799,0.025316456,0.080924855,0.0625,0.029069767,0.096551724,0.142857143,0.125,0.095238095,0.301587302,0.054878049,0.059701493,0.047337278,0.083870968,0,0.067901235,0.233830846,0.222727273,0.225490196,0.055555556,0.058510638,0.043956044,0,0,0,0,0,0,0,0,0.005263158,0.028901734,0.070652174,0.04109589,0,0.074829932,0.038961039
Prolactin signaling pathway - Homo sapiens (human),0.007352941,0,0,0,0,0.02020202,0,0,0,0,0,0,0,0.007633588,0,0,0,0,0,0,0,0,0,0,0,0,0,0.00952381,0,0,0,0,0,0,0,0,0,0.00952381,0,0,0,0,0,0,0.017094017,0.013513514,0,0,0,0,0,0.021428571,0,0,0,0,0,0,0,0,0,0,0,0,0,0,0,0,0,0,0,0,0,0,0.010526316,0,0,0,0,0,0,0,0,0,0,0,0,0,0,0,0,0,0,0,0,0,0,0,0,0,0,0,0,0,0,0,0,0,0,0,0.073746313,0.25,0.108695652,0.089494163,0.003236246,0.039473684,0.085820896,0.011080332,0,0.139130435,0.023529412,0.104938272,0.189349112,0.037267081,0.159509202,0.129533679,0.011709602,0.015463918,0.041450777,0.014184397,0.00952381,0,0,0,0.067669173,0.110526316,0.012658228,0,0.006269592,0,0,0.107843137,0.076142132,0.067039106,0.12568306,0.111888112,0.118644068,0.03030303,0,0.036199095,0.13,0,0.042654028,0.025125628,0.025641026,0,0.024390244,0.012345679,0.058823529,0.216981132,0.060913706,0.164705882,0.013392857,0,0.115226337,0,0,0.02173913,0.021367521,0.082191781,0.132978723,0,0.08988764,0,0.087866109,0,0.16,0.049586777,0.06870229,0.015267176,0.183673469,0.151219512,0,0.116666667,0.086092715,0.109589041,0.105590062,0.216783217,0.1875,0.243243243,0.084415584,0.151898734,0.057471264,0,0,0.018292683,0.034246575,0.062015504,0,0.227272727,0.043062201,0.010989011,0.102409639,0.039548023,0.006329114,0.068783069,0.06557377,0,0,0,0.090909091,0.075539568,0.196531792,0.019607843,0.147887324,0.043103448,0.146666667,0.154696133,0.055555556,1,0.006944444,0.130177515,0.0859375,0.051643192,0.029069767,0.094017094,0,0,0.213414634,0.007462687,0.035294118,0.175438596,0.183673469,0.119496855,0.108374384,0.205673759,0.032110092,0.275167785,0.076142132,0.008928571,0.032258065,0.103092784,0.008196721,0,0,0,0,0,0,0.093457944,0,0,0,0,0,0,0.055813953,0.012048193,0.009302326,0.008042895,0.059701493,0.048929664,0.034090909,0.025862069,0.01459854,0,0,0.061983471,0.080882353,0,0.076923077,0.051181102,0.078231293,0.074074074,0.097744361,0.016,0.137362637,0.080882353,0.139072848,0,0,0.109756098,0.048780488,0,0.077586207,0.135,0.183673469,0.117647059,0.113207547,0.085585586,0.072192513,0.097744361,0.142857143,0.026455026,0.088,0.105882353,0.070921986,0.063716814,0.011538462,0.078740157,0,0.113360324,0.06741573,0.128,0.122605364,0.2,0.168067227,0.177419355,0.219047619,0.208333333,0.176056338,0.080808081,0.007575758,0.14516129,0.099009901,0.247863248,0.234234234,0.08,0.213675214,0.160427807,0.122641509,0.134715026,0.157024793,0.166666667,0.204545455,0,0.008196721,0.030534351,0,0.01875,0,0,0,0,0,0,0.079051383,0.007751938,0.108949416,0.105820106
Thyroid hormone synthesis - Homo sapiens (human),0,0,0,0,0,0,0,0,0,0,0,0,0,0,0,0,0.046391753,0,0,0,0,0,0,0,0,0,0,0.009090909,0,0,0,0,0,0,0,0,0.064516129,0,0,0,0,0,0,0,0,0,0,0,0,0,0,0.027777778,0,0,0,0,0,0,0,0,0,0,0,0,0,0,0,0,0,0,0,0,0,0,0,0,0,0,0,0,0,0,0,0,0,0,0,0,0,0,0,0,0,0,0,0,0.010309278,0,0,0,0,0,0,0,0,0,0,0,0,0,0.022160665,0.01910828,0.019672131,0.06741573,0.075085324,0.174757282,0.121212121,0,0,0.072289157,0.005617978,0.016574586,0,0.061728395,0.043010753,0.072115385,0.006912442,0,0.078534031,0,0,0,0,0,0.006849315,0.018867925,0.025104603,0,0,0.004424779,0,0.013157895,0.028776978,0.037037037,0.019323671,0.154929577,0.096,0,0,0,0.013157895,0.058823529,0.203208556,0.12972973,0.042553191,0,0.031496063,0,0.00390625,0.022900763,0.103092784,0.004950495,0,0,0.010989011,0,0,0,0.012448133,0.172661871,0,0,0.117977528,0.02,0.027131783,0,0,0.027777778,0,0,0.017045455,0,0,0.014778325,0.005952381,0,0,0,0.006410256,0.007042254,0.017751479,0.056497175,0.016129032,0,0.009259259,0.162162162,0.073426573,0.136,0,0.005181347,0.115,0.145454545,0.197452229,0.092485549,0.100671141,0.143646409,0.097560976,0.007843137,0.073333333,0,0.161073826,0,0.014354067,0.341666667,0.174825175,0.125,0.072727273,0.175824176,0.181208054,0.006944444,1,0.107344633,0,0.117073171,0.1375,0.136752137,0.11627907,0.320610687,0.159090909,0.28440367,0.231292517,0.094488189,0,0.045714286,0.004366812,0.035502959,0.155778894,0.211180124,0,0,0,0.12,0.219047619,0.133333333,0.101123596,0,0.246268657,0.268907563,0.204081633,0.12962963,0.053254438,0,0.154929577,0,0.071428571,0.008,0.02,0.03021148,0.023310023,0.055401662,0.053140097,0.051359517,0.037664783,0.137614679,0.142857143,0.106666667,0,0.060728745,0,0.068376068,0,0,0.022222222,0.003095975,0,0,0.004739336,0.006622517,0.041176471,0.076923077,0,0,0.079268293,0,0.003937008,0,0.058035714,0,0.127819549,0.008196721,0.027848101,0.083941606,0.01509434,0,0,0.025,0.009868421,0.039451115,0.003745318,0.04887218,0,0.033210332,0.007853403,0.103846154,0,0,0,0,0,0.020408163,0.055214724,0.009009009,0,0,0,0,0,0,0.020833333,0,0.0125,0,0,0.017647059,0,0,0.040650407,0,0,0,0,0,0,0,0,0.082278481,0.02962963,0,0.03202847,0.004694836
Thyroid hormone signaling pathway - Homo sapiens (human),0.016216216,0,0.02027027,0,0.026666667,0.020134228,0,0,0,0,0,0,0,0,0,0,0,0,0,0,0,0,0,0,0,0,0,0,0,0,0,0,0,0,0,0,0,0,0,0,0,0,0,0,0,0,0,0,0,0,0,0.077777778,0,0,0,0,0,0,0,0,0,0,0,0,0,0,0,0,0,0,0,0,0,0,0,0,0,0,0,0,0,0,0,0,0,0,0,0,0,0,0.015228426,0,0,0,0,0,0,0.022222222,0,0,0,0.007751938,0,0.020833333,0,0,0,0,0,0,0.047979798,0.150837989,0.081818182,0.103333333,0.061764706,0.111969112,0.114006515,0.002409639,0,0.106007067,0.013513514,0.12745098,0.100436681,0.101010101,0.121495327,0.111570248,0.004158004,0.037656904,0.028571429,0.026455026,0.003816794,0,0,0.006578947,0.032085561,0.110169492,0,0,0.008130081,0.014869888,0,0.103585657,0.072234763,0.085201794,0.098290598,0.105263158,0.115853659,0.006578947,0.00621118,0.003584229,0.103585657,0.077720207,0.119834711,0.0625,0.065934066,0.058823529,0.029069767,0.028708134,0.066901408,0.161290323,0.092436975,0.064102564,0.02962963,0,0.091525424,0.009661836,0.003610108,0.043478261,0.028368794,0.1,0.090909091,0,0.103603604,0,0.110714286,0,0.066350711,0.023489933,0,0,0.09223301,0.062962963,0.00456621,0.081545064,0.014150943,0.033980583,0.040909091,0.097560976,0.109289617,0.125,0.09,0.054298643,0.063348416,0,0,0.058252427,0.032163743,0.119047619,0,0.105990783,0.046692607,0.053811659,0.119617225,0.077981651,0.034482759,0.058577406,0.090361446,0.005385996,0.035,0,0.095,0.070336391,0.116883117,0.106951872,0.091836735,0.017751479,0.082524272,0.125541126,0.115577889,0.130177515,0.107344633,1,0.043956044,0.091269841,0.08056872,0.071856287,0.038251366,0.089552239,0.116071429,0.039106145,0.080952381,0.149068323,0.056962025,0.075117371,0.041509434,0.151041667,0.057471264,0.164251208,0.02734375,0,0,0.161764706,0.12987013,0.018518519,0.066666667,0,0.103626943,0.119318182,0.098522167,0.15862069,0.046728972,0,0.076923077,0,0.052325581,0,0.063157895,0.015748031,0.012526096,0.028915663,0.081967213,0.039577836,0.043706294,0.017964072,0.043956044,0.029126214,0,0.044067797,0.053191489,0.049079755,0.015957447,0.019230769,0.088757396,0.04519774,0.01025641,0.005649718,0.075,0.020618557,0.072115385,0.046357616,0,0.040178571,0.077294686,0,0.041522491,0.103174603,0.109803922,0.06122449,0.130718954,0.081481481,0.102439024,0.085443038,0.113074205,0.029268293,0.0625,0.081168831,0.041297935,0.099494098,0.03630363,0.086956522,0,0.147887324,0.082914573,0.11,0.06501548,0.137362637,0.130952381,0.11299435,0.162337662,0.152941176,0.153439153,0.097222222,0.027932961,0.122093023,0.087248322,0.138728324,0.125748503,0.086734694,0.18404908,0.130801688,0.124513619,0.111111111,0.15060241,0.134715026,0.111111111,0,0,0.005405405,0,0,0,0,0,0.044554455,0.042105263,0.06372549,0.08,0.034285714,0.094462541,0.069958848
Adipocytokine signaling pathway - Homo sapiens (human),0.038167939,0.020618557,0,0,0,0.030927835,0,0.101265823,0,0.098039216,0,0,0,0,0,0,0,0,0,0,0,0,0,0,0,0,0,0,0,0,0,0,0,0,0,0,0,0.029411765,0,0,0,0,0,0,0,0,0,0,0,0,0,0,0,0,0,0,0,0,0,0,0,0,0.026548673,0,0.01,0,0,0,0,0,0,0,0,0,0,0,0,0,0,0,0,0,0,0,0,0,0,0,0,0,0,0,0,0,0,0,0,0,0,0,0,0,0,0.142857143,0,0,0,0,0,0,0.043103448,0.047619048,0.040955631,0.010869565,0,0.026086957,0.043165468,0.013927577,0.018072289,0.048192771,0.067901235,0.047058824,0.149425287,0,0.068181818,0.023584906,0.009367681,0,0,0,0.004761905,0,0,0.01,0.02919708,0.076923077,0.017021277,0,0,0.004545455,0.034246575,0.056338028,0.049627792,0.210191083,0.084656085,0.161764706,0.11965812,0.041237113,0.047619048,0.04109589,0.02739726,0,0.013888889,0.004950495,0.012711864,0,0,0.00617284,0.004,0.024,0.06122449,0.08839779,0,0,0.022727273,0.006410256,0,0,0.04845815,0,0.024154589,0,0.015789474,0.006849315,0.023715415,0,0.08125,0.049792531,0.103174603,0.056,0.088050314,0.044444444,0.012048193,0.01010101,0.079470199,0.087837838,0.113207547,0.101910828,0.078571429,0.053846154,0.018404908,0.110429448,0.005494505,0,0.072916667,0,0.059859155,0,0,0.08045977,0.014018692,0,0.02247191,0,0,0.030769231,0,0,0,0,0.024539877,0.010169492,0.150837989,0.006493506,0.018867925,0,0.036363636,0.019607843,0.00591716,0.0859375,0,0.043956044,1,0.037209302,0.142857143,0.058333333,0,0.006024096,0.047619048,0.007518797,0.01744186,0.023076923,0.116504854,0.282608696,0.148717949,0.069620253,0.004484305,0.073863636,0.17877095,0.009009009,0,0.00952381,0,0,0.022222222,0,0,0,0,0.054545455,0,0.009009009,0.012820513,0,0,0.008403361,0.04137931,0.009036145,0.011682243,0.016260163,0.039215686,0.01183432,0.018691589,0.017241379,0,0,0,0.007874016,0,0,0.07751938,0.059760956,0.063973064,0.052980132,0.043165468,0.032786885,0.072916667,0.042857143,0.089171975,0.00952381,0.017094017,0.103658537,0.017857143,0,0.050632911,0.081339713,0.069444444,0.077720207,0.053763441,0.066666667,0.030927835,0.054347826,0.073469388,0.030141844,0.071146245,0.068441065,0.045138889,0.034482759,0.019455253,0.026315789,0,0.026217228,0.016085791,0.044609665,0.046594982,0.047297297,0.037593985,0.098484848,0.024193548,0.028571429,0.064102564,0.029126214,0,0.02173913,0,0.074074074,0.079365079,0.087837838,0.052238806,0.018867925,0.017167382,0.033175355,0.037313433,0.04375,0.112676056,0.01010101,0,0.030769231,0.004901961,0.00621118,0.009433962,0.009090909,0.009433962,0.052980132,0,0.006097561,0.058365759,0,0.079847909,0.077720207
Oxytocin signaling pathway - Homo sapiens (human),0,0,0,0,0,0,0,0,0,0,0,0,0,0,0,0.005714286,0.052238806,0,0,0,0,0,0,0,0,0.004926108,0,0,0,0,0,0,0,0,0,0,0,0,0,0,0,0,0,0,0,0,0,0,0,0,0,0.022522523,0,0.028455285,0.035532995,0.038647343,0.039548023,0.040462428,0,0,0,0,0,0,0,0,0,0,0,0,0.005291005,0,0,0,0,0,0,0,0,0,0,0,0,0,0,0,0,0,0,0.012096774,0,0,0,0,0,0,0,0,0,0,0,0,0,0,0,0,0,0,0,0,0.139949109,0.091324201,0.086350975,0.130434783,0.169139466,0.273809524,0.164596273,0,0,0.112540193,0.0078125,0.060483871,0.06741573,0.072649573,0.092,0.131086142,0.003891051,0.007168459,0.149193548,0.008888889,0,0,0,0,0.022624434,0.053571429,0,0,0.009975062,0.006578947,0,0.047297297,0.036734694,0.041666667,0.054545455,0.109589041,0.113402062,0,0,0.036423841,0.119133574,0.095454545,0.256198347,0.315068493,0.090909091,0,0.019417476,0.016393443,0.087378641,0.14516129,0.252136752,0.048327138,0.019672131,0,0.088957055,0,0,0.032110092,0.073089701,0.21,0.027681661,0,0.241071429,0,0.045592705,0,0.023809524,0.036809816,0,0,0.126637555,0.015873016,0.003968254,0.06741573,0.024793388,0.051282051,0.048,0.079497908,0.087557604,0.077669903,0.05907173,0.023076923,0.046875,0,0.038674033,0.267676768,0.075208914,0.255681818,0,0.096385542,0.143939394,0.201793722,0.247663551,0.191111111,0.114678899,0.181818182,0.195530726,0.027729636,0.052631579,0.04,0.223300971,0.072829132,0.110687023,0.148325359,0.306878307,0.114130435,0.084745763,0.200819672,0.208530806,0.051643192,0.117073171,0.091269841,0.037209302,1,0.16,0.098445596,0.211956522,0.223300971,0.141129032,0.128865979,0.160714286,0.141361257,0.020408163,0.048,0.03,0.062761506,0.144444444,0.170940171,0.031358885,0,0,0.032432432,0.07253886,0.036649215,0,0,0.171428571,0.243243243,0.103448276,0.030769231,0,0,0.056521739,0,0,0,0.067460317,0.057934509,0.015686275,0.013215859,0.042105263,0.049140049,0.073253833,0.046391753,0.167539267,0.108597285,0,0.089456869,0.017621145,0.046153846,0.013574661,0.029325513,0.046997389,0.035989717,0.069767442,0,0.058181818,0.03125,0.062240664,0.049450549,0,0.035019455,0.053497942,0,0.067092652,0.036666667,0.067567568,0.010344828,0.191823899,0.028481013,0.034115139,0.096209913,0.118971061,0.006042296,0.008498584,0.112462006,0.021164021,0.083860759,0.005797101,0.037681159,0.004504505,0.114906832,0.040358744,0.109090909,0.032876712,0.061946903,0.046948357,0.036036036,0.06,0.145,0.045833333,0.049450549,0.00462963,0.051162791,0.06557377,0.045454545,0.04245283,0.012345679,0.066037736,0.045138889,0.055737705,0.037671233,0.041860465,0.090909091,0.084821429,0,0,0.00921659,0,0.008163265,0,0,0,0.140186916,0.110576923,0.168224299,0.046920821,0.014218009,0.108108108,0.069343066
Glucagon signaling pathway - Homo sapiens (human),0.152317881,0.037878788,0.037878788,0,0.044776119,0.053435115,0,0.016260163,0,0.020408163,0,0,0,0,0,0,0.008583691,0,0,0,0.020979021,0.032894737,0,0,0,0,0,0,0,0,0,0,0,0,0,0,0,0.067164179,0,0,0,0,0,0,0.006451613,0.009009009,0,0,0,0,0,0.022727273,0,0,0,0,0,0,0,0,0,0,0.092198582,0,0.053030303,0,0,0,0,0,0.007042254,0,0,0,0,0,0,0,0,0,0,0,0,0,0,0,0,0,0,0,0.016393443,0,0,0,0,0,0,0.011904762,0,0,0,0,0,0.034090909,0,0,0,0,0,0,0.033505155,0.037837838,0.039393939,0.056666667,0.108626198,0.141666667,0.104377104,0,0,0.041811847,0,0.107692308,0.091743119,0.073684211,0.036697248,0.036585366,0.004282655,0.00862069,0.106976744,0,0,0,0,0,0.005617978,0.037656904,0.003623188,0,0,0,0,0.019379845,0.050113895,0.206349206,0.029661017,0.152941176,0.104575163,0,0,0.027027027,0.082304527,0,0.147321429,0.090497738,0.069498069,0.012195122,0.01875,0.010050251,0.032142857,0.050632911,0.144186047,0.039823009,0,0,0.009836066,0,0,0.011363636,0.037593985,0.071428571,0.012145749,0,0.074418605,0.005434783,0.024137931,0,0.014423077,0.024647887,0,0,0.093264249,0.018656716,0,0.021459227,0,0.025773196,0.023809524,0.039408867,0.044198895,0.01744186,0.014925373,0.057971014,0,0,0.060150376,0.133333333,0.079617834,0.208333333,0,0.071090047,0.049382716,0.088669951,0.139896373,0.057416268,0.020833333,0.189054726,0.056962025,0.026315789,0.043243243,0.0546875,0.132596685,0.009009009,0.213930348,0.16969697,0.142857143,0.032679739,0.039800995,0.14953271,0.162011173,0.029069767,0.1375,0.08056872,0.142857143,0.16,1,0.057692308,0.173333333,0.191860465,0.097674419,0.146666667,0.115183246,0.06875,0.02,0.201117318,0.048,0.040201005,0.110169492,0.135,0.082608696,0,0.015267176,0,0.059602649,0.078571429,0.015625,0,0.111731844,0.150943396,0.050251256,0.076923077,0,0,0.031578947,0,0,0,0.051391863,0.053672316,0.015086207,0.040302267,0.046025105,0.055555556,0.044802867,0.090909091,0.205479452,0.03125,0,0.072992701,0,0.026143791,0,0,0.032069971,0.008498584,0.039772727,0,0.016666667,0,0.045,0.035971223,0,0.013888889,0.045,0,0.083018868,0.015384615,0.054901961,0.012345679,0.125423729,0.018315018,0.042857143,0.082236842,0.075,0.00487013,0.009803922,0.063333333,0,0.045901639,0.003344482,0.050675676,0,0.043478261,0.007246377,0.059800664,0.009174312,0.015789474,0.035294118,0.016666667,0.018518519,0.083333333,0.073684211,0,0,0.017045455,0,0.016666667,0.01754386,0.015306122,0.017045455,0.011952191,0.011029412,0.011857708,0.134615385,0.014851485,0.042553191,0,0,0,0,0,0,0,0,0.036842105,0,0.025252525,0.065292096,0,0.084175084,0.051282051
Regulation of lipolysis in adipocytes - Homo sapiens (human),0,0,0,0,0,0,0,0,0,0,0,0,0,0,0,0,0.062857143,0,0,0,0,0,0,0,0,0,0,0,0,0,0,0,0,0,0,0,0,0,0,0,0,0,0,0,0,0,0,0,0,0,0.016949153,0.0234375,0,0.012903226,0.018867925,0.034782609,0.023255814,0.024390244,0,0,0,0,0,0,0,0,0,0,0,0,0,0,0,0,0,0,0,0,0,0,0,0,0,0,0,0,0,0,0,0,0,0,0,0,0,0,0,0,0,0,0,0,0,0.031007752,0,0,0,0,0,0,0.023255814,0.067164179,0.057553957,0.098360656,0.053003534,0.147959184,0.157676349,0,0,0.10619469,0.00621118,0.077419355,0.08,0.040268456,0.079268293,0.113513514,0.024390244,0,0.073863636,0,0,0,0,0,0,0.087431694,0,0,0,0,0,0.059405941,0.03,0.091463415,0.048648649,0.214876033,0.276595745,0,0,0,0.043902439,0,0.112299465,0.090909091,0.013333333,0,0.027027027,0,0.038961039,0.093457944,0.119318182,0.050847458,0,0,0.036,0,0,0.0078125,0.013392857,0.149606299,0.046875,0,0.181818182,0,0.037656904,0,0.058823529,0,0,0,0.065789474,0.041860465,0,0.032786885,0.006622517,0,0,0.058823529,0.06870229,0.076923077,0.061643836,0.0625,0.055214724,0,0,0.131386861,0.082089552,0.041666667,0,0.05988024,0.08994709,0.102564103,0.163265306,0.061728395,0.113636364,0.061452514,0.053571429,0.012219959,0.043478261,0,0.138686131,0.036101083,0.107954545,0.107692308,0.102189781,0.184782609,0.194029851,0.145348837,0.111888112,0.094017094,0.136752137,0.071856287,0.058333333,0.098445596,0.057692308,1,0.154545455,0.114285714,0.154320988,0.118181818,0.108108108,0.089285714,0.11827957,0.08496732,0.065,0.060402685,0.081218274,0.186666667,0.015228426,0.01,0.012048193,0.104651163,0.057142857,0.073684211,0,0,0.136363636,0.13559322,0.066666667,0.09375,0,0,0.097014925,0,0,0,0.035128806,0.025316456,0,0,0.046875,0.027950311,0.001876173,0.080808081,0.040983607,0.13740458,0,0.038135593,0.046511628,0.058823529,0,0,0.030405405,0.019933555,0.022900763,0,0.048387097,0.007462687,0.095890411,0.010638298,0,0.036585366,0.073825503,0,0.012765957,0.04368932,0.042654028,0.04787234,0.10546875,0.040909091,0.037333333,0.081081081,0.041322314,0.016042781,0.035856574,0.046511628,0.021126761,0.048042705,0,0.035573123,0.007936508,0.047808765,0.025069638,0.115702479,0.033088235,0.066666667,0.076271186,0.072,0.08411215,0.072580645,0.068965517,0,0,0.074380165,0,0.072,0.077586207,0.071428571,0.074380165,0.045918367,0.041474654,0.045454545,0.075630252,0.06122449,0.065217391,0,0.027777778,0,0,0,0,0,0,0,0,0.1,0.048192771,0,0.034090909,0.04787234
Renin secretion - Homo sapiens (human),0,0,0,0,0,0,0,0,0,0,0,0,0,0,0,0,0.059139785,0,0,0,0,0,0,0,0,0,0,0,0,0,0,0,0,0,0,0,0,0,0,0,0,0,0,0,0,0,0,0,0,0,0,0.028985507,0,0,0,0,0,0,0,0,0,0,0,0,0,0,0,0,0,0,0,0,0,0,0,0,0,0,0,0,0,0,0,0,0,0,0,0,0,0,0,0,0,0,0,0,0,0,0,0,0,0,0,0,0,0,0,0,0,0,0.034188034,0,0.033898305,0.068965517,0.136029412,0.235602094,0.141732283,0,0,0.052419355,0,0.011363636,0,0.092105263,0.05027933,0.043269231,0.033573141,0,0.111111111,0,0,0,0,0,0,0.024390244,0,0.005,0,0,0,0,0.002369668,0.005291005,0.019900498,0.039473684,0.03968254,0,0,0,0.076555024,0.026315789,0.158730159,0.222891566,0.052863436,0,0.024590164,0,0.032921811,0.040650407,0.136612022,0.031413613,0,0,0,0,0,0,0.017094017,0.162962963,0,0,0.128654971,0.013793103,0.015686275,0.045454545,0,0.032653061,0,0,0.094936709,0,0,0.025641026,0,0.032051282,0.029069767,0.029761905,0.034246575,0,0,0.011173184,0.016666667,0,0.009803922,0.23880597,0.037931034,0.214285714,0,0.038674033,0.101522843,0.150943396,0.1375,0.122699387,0.082191781,0.168604651,0.14159292,0.028340081,0.091549296,0.077777778,0.159722222,0,0.056410256,0.148148148,0.182481752,0.052631579,0.055555556,0.136612022,0.156462585,0,0.11627907,0.038251366,0,0.211956522,0.173333333,0.154545455,1,0.227941176,0.081967213,0.196428571,0.114649682,0.099173554,0.017699115,0.011428571,0,0.043209877,0.125628141,0.131736527,0,0,0,0,0.089285714,0.056074766,0.010989011,0,0.21969697,0.208333333,0.096153846,0.045045045,0,0,0.046357616,0,0,0,0.055944056,0.056782334,0.014051522,0.019021739,0.039215686,0.049079755,0.046065259,0.082568807,0.169491525,0.103448276,0,0.066666667,0,0.034782609,0,0,0.022653722,0,0.074074074,0,0.004878049,0,0.062111801,0.06,0,0.016853933,0.055555556,0,0.055084746,0,0.004347826,0,0.122137405,0,0.015228426,0.039285714,0.064777328,0,0,0.072519084,0.006688963,0.047120419,0,0.014869888,0,0.02238806,0,0.064393939,0,0,0,0,0,0.051094891,0.006060606,0,0,0,0,0,0,0,0,0,0,0,0,0,0.032679739,0,0,0,0,0,0,0,0.009433962,0.046052632,0.028169014,0.078431373,0.03030303,0,0.063670412,0.04
Aldosterone synthesis and secretion - Homo sapiens (human),0,0,0,0,0,0,0,0,0,0,0,0,0,0.032258065,0,0,0.051162791,0,0,0,0,0,0,0,0,0,0,0,0,0,0,0,0,0,0,0,0,0,0,0,0,0,0,0,0,0,0,0,0,0,0,0.023952096,0,0,0,0,0,0,0,0,0,0,0,0,0,0,0,0,0,0,0,0,0,0,0,0,0,0,0,0,0,0,0,0,0,0,0,0,0,0,0,0,0,0,0,0,0,0,0,0,0,0,0,0,0,0,0,0,0,0,0.042553191,0.039772727,0.040498442,0.1,0.177700348,0.267942584,0.203773585,0,0,0.066176471,0.004975124,0.040201005,0,0.095505618,0.043269231,0.074235808,0.00877193,0,0.128078818,0,0,0,0,0,0.00591716,0.017021277,0.007518797,0,0.002873563,0.004016064,0,0.011952191,0.027272727,0.037914692,0.017391304,0.140243902,0.081081081,0,0,0.015810277,0.04526749,0.069364162,0.305263158,0.214659686,0.05511811,0,0.01986755,0,0.018181818,0.019480519,0.150485437,0.008928571,0,0,0.010135135,0,0,0,0.019083969,0.155279503,0,0,0.11,0.005714286,0.024911032,0.016806723,0,0.025454545,0,0,0.052083333,0,0,0.013274336,0,0,0,0,0.005586592,0.006060606,0.020942408,0.05,0.014354067,0,0.007633588,0.266233766,0.078431373,0.222222222,0,0.06372549,0.138888889,0.139784946,0.241176471,0.109947644,0.113095238,0.210526316,0.089655172,0.030710173,0.069767442,0.058823529,0.225,0,0.049107143,0.362962963,0.264900662,0.146153846,0.063829787,0.203045685,0.24375,0,0.320610687,0.089552239,0.006024096,0.223300971,0.191860465,0.114285714,0.227941176,1,0.140703518,0.481818182,0.214285714,0.14084507,0.028571429,0.051020408,0.003968254,0.047619048,0.290816327,0.217877095,0,0,0,0.088709677,0.208,0.109375,0.07079646,0,0.292517007,0.328244275,0.19760479,0.106870229,0.041450777,0.007142857,0.140243902,0.008264463,0.082191781,0.020547945,0.043290043,0.058139535,0.004347826,0.033248082,0.047826087,0.056980057,0.049360146,0.113636364,0.237037037,0.105263158,0,0.08778626,0,0.04964539,0,0,0.023738872,0,0.041916168,0,0.004273504,0.005747126,0.041666667,0.071428571,0,0.004784689,0.075268817,0,0.045112782,0.007905138,0.052631579,0,0.149466192,0.007490637,0.026315789,0.073825503,0.039145907,0,0,0.050847458,0.012269939,0.058922559,0.003448276,0.044982699,0,0.044827586,0.00990099,0.107142857,0.009433962,0,0,0,0,0.116129032,0.042780749,0,0,0,0,0,0,0,0.017964072,0,0.011406844,0,0,0.015544041,0,0,0,0,0,0,0,0,0.007407407,0.027322404,0.023391813,0.102272727,0.045138889,0,0.06462585,0.030434783
Relaxin signaling pathway - Homo sapiens (human),0,0,0,0,0,0,0,0,0,0,0,0,0,0,0,0.02027027,0.036290323,0,0,0,0,0,0,0,0,0.017045455,0,0,0,0,0,0,0,0,0,0,0,0,0,0,0,0,0,0,0,0,0,0,0,0,0,0.035897436,0,0,0,0,0,0,0,0,0,0,0,0,0,0,0,0,0,0,0,0,0,0,0,0,0,0,0,0,0,0,0,0,0,0,0,0,0,0,0,0,0,0,0,0,0,0,0,0,0,0,0,0.004926108,0,0,0,0,0,0,0.116094987,0.182320442,0.177419355,0.160958904,0.075801749,0.138461538,0.151315789,0.007125891,0,0.258823529,0.013043478,0.096774194,0.135371179,0.051162791,0.169811321,0.168776371,0.022916667,0.007874016,0.078838174,0,0,0,0,0,0.052356021,0.093117409,0.020477816,0,0.02425876,0.003571429,0.004761905,0.079545455,0.15274463,0.068376068,0.108786611,0.197802198,0.143712575,0.018987342,0,0.010526316,0.104651163,0,0.167364017,0.105042017,0.041811847,0,0.027777778,0.02764977,0.061433447,0.160493827,0.246511628,0.13215859,0.017793594,0,0.137931034,0.038277512,0,0.030927835,0.034722222,0.18579235,0.092369478,0,0.193396226,0.004854369,0.088737201,0,0.131067961,0.057432432,0.052910053,0.015873016,0.131067961,0.053571429,0,0.092436975,0.082524272,0.06763285,0.082191781,0.165,0.134408602,0.179640719,0.066037736,0.199004975,0.070484581,0.005649718,0.00617284,0.241758242,0.093939394,0.107344633,0,0.17535545,0.204347826,0.202970297,0.344444444,0.185365854,0.191256831,0.260869565,0.111764706,0.016100179,0.0591133,0.012903226,0.164102564,0.06547619,0.131914894,0.14973262,0.240223464,0.077844311,0.184615385,0.300970874,0.197916667,0.213414634,0.159090909,0.116071429,0.047619048,0.141129032,0.097674419,0.154320988,0.081967213,0.140703518,1,0.161676647,0.205128205,0.142011834,0.073619632,0.112676056,0.083969466,0.279329609,0.140562249,0.345945946,0.05859375,0,0,0.064102564,0.064327485,0.088050314,0,0,0.094059406,0.114130435,0.069444444,0.079754601,0.040358744,0,0.063414634,0,0,0,0.062111801,0.031331593,0.014403292,0.035714286,0.066666667,0.07486631,0.044905009,0.133757962,0.1,0.202185792,0,0.187969925,0.056410256,0.040697674,0.075675676,0.048231511,0.08045977,0.073863636,0.090425532,0.016393443,0.117647059,0.067357513,0.209424084,0.031055901,0.005617978,0.095454545,0.149253731,0,0.065517241,0.091603053,0.20746888,0.067729084,0.287272727,0.063829787,0.105769231,0.17,0.1875,0.020700637,0.071197411,0.179930796,0.068047337,0.151832461,0.012578616,0.099009901,0,0.124579125,0.057831325,0.196491228,0.117460317,0.162162162,0.131428571,0.138888889,0.126506024,0.146067416,0.170984456,0.044025157,0,0.098360656,0.08974359,0.171428571,0.126436782,0.094059406,0.122905028,0.108433735,0.112359551,0.116465863,0.099447514,0.135,0.141361257,0,0,0.026455026,0,0.023041475,0,0,0,0.00921659,0,0.066350711,0.11409396,0,0.124183007,0.121338912
Cortisol synthesis and secretion - Homo sapiens (human),0,0,0,0,0,0,0,0,0,0,0,0,0,0.049586777,0,0,0.06043956,0,0,0,0,0,0,0,0,0,0,0,0,0,0,0,0,0,0,0,0,0,0,0,0,0,0,0,0,0,0,0,0,0,0,0.029850746,0,0,0,0,0,0,0,0,0,0,0,0,0,0,0,0,0,0,0,0,0,0,0,0,0,0,0,0,0,0,0,0,0,0,0,0,0,0,0,0,0,0,0,0,0,0,0,0,0,0,0,0,0,0,0,0,0,0,0.037572254,0,0.010067114,0.057692308,0.105072464,0.165829146,0.104247104,0,0,0.070833333,0,0,0,0.04516129,0.027932961,0.081218274,0.009456265,0,0.082872928,0,0,0,0,0,0.014814815,0.01980198,0.008583691,0,0.003174603,0.00462963,0,0,0.026960784,0.039106145,0.020304569,0.166666667,0.104347826,0,0,0,0.01843318,0.027027027,0.187845304,0.16374269,0.030701754,0,0.025423729,0.006329114,0,0,0.114754098,0.005208333,0,0,0,0,0,0,0.017391304,0.167938931,0,0,0.131736527,0.007042254,0.015936255,0.023255814,0,0.02892562,0,0,0.018072289,0,0,0,0,0,0,0,0,0,0,0.05988024,0,0,0.010204082,0.191176471,0.076086957,0.128205128,0,0.005464481,0.126984127,0.147435897,0.227586207,0.104938272,0.115942029,0.145348837,0.086956522,0.008,0.086330935,0,0.147887324,0,0.015075377,0.290598291,0.20610687,0.208333333,0.077419355,0.192982456,0.177304965,0.007462687,0.28440367,0.039106145,0.007518797,0.128865979,0.146666667,0.118181818,0.196428571,0.481818182,0.161676647,1,0.239130435,0.14159292,0.027777778,0.048484848,0.00456621,0.037735849,0.41025641,0.241610738,0,0,0,0,0.102803738,0.147368421,0,0,0.154411765,0.18487395,0.120805369,0.046728972,0,0.009345794,0.115942029,0.011363636,0,0.035714286,0.029816514,0.027950311,0.004683841,0.039215686,0.045226131,0.062893082,0.024621212,0.151515152,0.145299145,0.106382979,0,0.063291139,0,0.055045872,0,0,0.02295082,0,0,0,0.004975124,0,0.050314465,0.051546392,0,0.005681818,0.070512821,0,0.004098361,0.009090909,0.046082949,0,0.128404669,0,0.028571429,0.083018868,0.015686275,0,0,0.018382353,0.003378378,0.038327526,0.0078125,0.05078125,0,0.022727273,0,0.108,0,0,0,0,0,0,0.051948052,0,0,0,0,0,0,0,0,0.004739336,0,0,0,0.00617284,0,0,0,0,0,0,0,0,0.009803922,0.033333333,0.028985507,0.125874126,0.026819923,0,0.025641026,0
"Parathyroid hormone synthesis, secretion and action - Homo sapiens (human)",0,0,0,0.007142857,0,0,0.007407407,0,0,0,0.016129032,0,0,0,0,0,0.058823529,0,0,0,0,0,0,0,0,0,0,0,0,0,0,0,0,0,0,0,0,0,0,0,0,0,0,0,0,0,0,0,0,0,0,0.022857143,0,0.009852217,0.012987013,0,0,0,0,0,0,0,0,0,0,0,0,0,0,0,0,0,0,0,0,0,0,0,0,0,0,0,0,0,0,0,0,0,0,0,0,0,0,0,0,0,0,0,0,0,0,0,0,0.016853933,0,0,0,0,0,0,0.061007958,0.067039106,0.049079755,0.104895105,0.08125,0.176724138,0.12371134,0.0025,0,0.107806691,0.014492754,0.04368932,0.034934498,0.051813472,0.102941176,0.109170306,0.004291845,0.004310345,0.082191781,0.011299435,0,0,0,0,0.011363636,0.037815126,0.010989011,0,0.017094017,0,0,0.043824701,0.047835991,0.031818182,0.043103448,0.13372093,0.076923077,0.00729927,0,0.003787879,0.031496063,0,0.158371041,0.176470588,0.053435115,0,0.038461538,0.020408163,0.028571429,0.044303797,0.150234742,0.030837004,0,0,0.037162162,0,0,0.029069767,0.018518519,0.204968944,0.020491803,0,0.144278607,0.005464481,0.038596491,0,0.019417476,0.043165468,0,0,0.034482759,0.014925373,0,0.039473684,0.025641026,0.020618557,0.033816425,0.029411765,0.032967033,0.029585799,0.046391753,0.073891626,0.03286385,0,0.007194245,0.173410405,0.069620253,0.153333333,0,0.036866359,0.123893805,0.164021164,0.223463687,0.128205128,0.101694915,0.155339806,0.169014085,0.011131725,0.060773481,0,0.133333333,0.040372671,0.038461538,0.20754717,0.213414634,0.090277778,0.112299465,0.212871287,0.196531792,0.035294118,0.231292517,0.080952381,0.01744186,0.160714286,0.115183246,0.108108108,0.114649682,0.214285714,0.205128205,0.239130435,1,0.118421053,0.013333333,0.038834951,0.011627907,0.051020408,0.191780822,0.234972678,0,0,0,0.036231884,0.135714286,0.102941176,0,0,0.137931034,0.174193548,0.11827957,0.033783784,0,0,0.077348066,0,0.024691358,0,0.035940803,0.033333333,0.006423983,0.035175879,0.050632911,0.052777778,0.037433155,0.131386861,0.121794872,0.145348837,0,0.089219331,0.005494505,0.046979866,0.011494253,0.030612245,0.035190616,0.020114943,0.04,0,0.029661017,0.022346369,0.072164948,0.059259259,0,0.028301887,0.072164948,0,0.028776978,0.035433071,0.089430894,0.008230453,0.182142857,0.022140221,0.042959427,0.093333333,0.034482759,0.001620746,0.006535948,0.056478405,0.024242424,0.085178876,0.023972603,0.058020478,0,0.072413793,0.032258065,0.156363636,0.031347962,0.060773481,0.041666667,0.058139535,0.051282051,0.064705882,0.097297297,0.059259259,0.005952381,0.05952381,0.065217391,0.04,0.035928144,0.025906736,0.085365854,0.06302521,0.049808429,0.0625,0.035294118,0.0625,0.031746032,0,0,0.005882353,0,0.015306122,0,0,0,0,0,0.068783069,0.026578073,0,0.052459016,0.020833333
GnRH secretion - Homo sapiens (human),0,0,0,0,0,0,0,0,0,0,0,0,0,0,0,0,0,0,0,0,0,0,0,0,0,0,0,0,0,0,0,0,0,0,0,0,0,0,0,0,0,0,0,0,0,0,0,0,0,0,0,0.053846154,0,0,0,0,0,0,0,0,0,0,0,0,0,0,0,0,0,0,0,0,0,0,0,0,0,0,0,0,0,0,0,0,0,0,0,0,0,0,0,0,0,0,0,0,0,0,0,0,0,0,0,0,0,0,0,0,0,0,0.068656716,0.15503876,0.071428571,0.100401606,0.066666667,0.1,0.08778626,0,0,0.103448276,0.005988024,0.101910828,0.095505618,0.110344828,0.158227848,0.115789474,0.019138756,0,0.031746032,0,0,0,0,0,0.022556391,0.096256684,0,0,0.009615385,0,0,0.1,0.047619048,0.051136364,0.111111111,0.085106383,0.105263158,0,0,0,0.105527638,0.027210884,0.075376884,0.118644068,0.030837004,0,0.016949153,0.012820513,0.069565217,0.194174757,0.109289617,0.066666667,0,0,0.072874494,0.006622517,0,0.015037594,0.004310345,0.151515152,0.089473684,0,0.112426036,0,0.090128755,0,0.090909091,0.037656904,0,0,0.12,0.050228311,0,0.095505618,0.012820513,0.012987013,0.011764706,0.112582781,0.140625,0.157894737,0.110344828,0.073170732,0.053254438,0,0,0.15,0.010238908,0.18018018,0,0.102409639,0.109947644,0.105590062,0.229166667,0.186666667,0.06993007,0.126436782,0.192307692,0.003992016,0.056338028,0,0.117241379,0.061594203,0.092391304,0.145038168,0.207692308,0.017699115,0.092105263,0.194117647,0.10738255,0.175438596,0.094488189,0.149068323,0.023076923,0.141361257,0.06875,0.089285714,0.099173554,0.14084507,0.142011834,0.14159292,0.118421053,1,0.12244898,0.061728395,0.042857143,0.138888889,0.100502513,0.218543046,0.014778325,0,0,0.134831461,0.073394495,0,0,0,0.083333333,0.085271318,0.077922078,0.15625,0.006024096,0,0.006578947,0,0,0,0.069212411,0.009174312,0.00234192,0.016483516,0.106951872,0.046583851,0.044487427,0,0.0390625,0.076388889,0,0.028688525,0.044444444,0.008849558,0,0.007722008,0.061433447,0.03986711,0.014492754,0,0.07486631,0.02173913,0.11409396,0.086021505,0,0.029239766,0.099337748,0,0.025210084,0.083333333,0.097087379,0.046391753,0.111538462,0.073059361,0.047745358,0.059259259,0.084033613,0.015873016,0.035019455,0.099601594,0.038596491,0.047535211,0,0.042801556,0,0.093495935,0.047619048,0.108433735,0.062962963,0.127819549,0.146551724,0.111111111,0.161904762,0.168067227,0.118055556,0.074468085,0,0.142857143,0.082474227,0.138211382,0.149122807,0.06122449,0.172413793,0.093264249,0.094339623,0.086734694,0.145299145,0.14084507,0.125,0,0.00862069,0,0,0,0,0,0,0.026666667,0.02919708,0.025641026,0.06374502,0,0.077220077,0.046391753
Type II diabetes mellitus - Homo sapiens (human),0.066037736,0,0,0,0.053333333,0.069444444,0,0,0,0,0,0,0,0,0,0,0,0,0,0,0,0,0,0,0,0,0,0,0,0,0,0,0,0,0,0,0,0.064935065,0,0,0,0,0,0,0.055555556,0.108695652,0,0,0,0,0,0.025862069,0,0,0,0,0,0,0,0,0,0,0.021978022,0,0,0,0,0,0,0,0,0,0,0,0,0,0,0,0,0,0,0,0,0,0,0.011111111,0,0,0,0,0,0,0,0,0,0,0,0,0,0,0,0,0,0.008333333,0,0,0,0,0,0,0.046153846,0.100840336,0.052238806,0.044897959,0.021428571,0.049261084,0.051181102,0.002941176,0.006896552,0.04845815,0.013513514,0.107142857,0.113207547,0.04379562,0.092715232,0.06010929,0,0,0.017241379,0,0.010752688,0,0,0.012987013,0.026086957,0.1,0.014084507,0,0.003378378,0,0,0.074468085,0.033591731,0.091503268,0.076923077,0.106557377,0.125,0.04,0,0.019900498,0.052083333,0.015267176,0.020833333,0.034482759,0.014084507,0,0,0.02189781,0.04109589,0.082474227,0.022099448,0.094339623,0.004950495,0,0.046610169,0,0,0.026315789,0.028708134,0.015151515,0.044198895,0,0.055900621,0.008130081,0.039647577,0,0.094890511,0.036036036,0.045045045,0.009259259,0.102941176,0.054726368,0.006944444,0.053571429,0.052631579,0.045454545,0.047619048,0.094890511,0.075630252,0.117647059,0.07518797,0.097222222,0.038961039,0,0,0.036231884,0.003610108,0.027272727,0.016393443,0.092715232,0.048648649,0.032258065,0.081632653,0.038961039,0.030534351,0.040935673,0.029126214,0,0.015384615,0,0.082706767,0.033834586,0.196078431,0.064516129,0.061068702,0.021052632,0.088235294,0.051136364,0.013793103,0.183673469,0,0.056962025,0.116504854,0.020408163,0.02,0.11827957,0.017699115,0.028571429,0.073619632,0.027777778,0.013333333,0.12244898,1,0.166666667,0.098360656,0.114503817,0.025510204,0.136986301,0.032967033,0.022988506,0.090909091,0.152777778,0,0,0,0,0,0,0,0.148148148,0,0,0,0,0,0,0.051344743,0.009708738,0.004901961,0.014409222,0.061797753,0.052805281,0.01953125,0,0.017699115,0.014814815,0.023809524,0.008658009,0.051282051,0,0.035714286,0.029661017,0.073260073,0.035087719,0.051724138,0.009803922,0.076470588,0.025,0.096296296,0.012195122,0.010526316,0.053333333,0.04964539,0,0.027272727,0.057291667,0.066666667,0.057142857,0.042307692,0.053398058,0.035714286,0.050980392,0.057268722,0.018248175,0.046413502,0.057377049,0.049056604,0.023049645,0,0.037344398,0,0.041493776,0.040935673,0.053061224,0.05078125,0.1,0.074766355,0.119266055,0.083333333,0.080357143,0.083333333,0.024691358,0,0.072727273,0.023529412,0.079646018,0.097087379,0.053435115,0.072727273,0.048913043,0.043902439,0.048387097,0.16,0.090909091,0.08,0.013157895,0,0.009090909,0.005524862,0.007246377,0.012048193,0.011494253,0,0.022556391,0.016528926,0.021582734,0.068669528,0,0.052419355,0.069364162
Insulin resistance - Homo sapiens (human),0.029411765,0.014705882,0,0,0,0.022058824,0,0.008,0,0.013422819,0,0.008064516,0,0,0,0.007751938,0,0,0,0.013986014,0,0,0,0,0,0.006369427,0,0,0,0,0,0,0,0,0,0,0,0.058823529,0,0,0,0,0.006493506,0,0.012903226,0,0,0,0,0,0,0.02259887,0,0,0,0,0,0,0,0,0,0,0.019736842,0,0.007194245,0,0,0,0,0,0,0,0,0,0,0,0,0,0,0,0,0,0,0,0,0,0,0,0,0.014851485,0,0,0,0,0,0,0,0,0,0,0,0,0,0.076470588,0,0,0,0,0,0,0.046875,0.096590909,0.058461538,0.042622951,0.005780347,0.07421875,0.085808581,0.0075,0.014634146,0.063829787,0.039215686,0.107142857,0.171568627,0.040609137,0.107317073,0.05785124,0.002132196,0.004273504,0.034632035,0.005555556,0.004016064,0,0,0.007194245,0.022727273,0.106666667,0.010909091,0,0.002793296,0.003861004,0.005291005,0.118644068,0.09478673,0.258241758,0.084444444,0.208588957,0.164383562,0.029411765,0,0.034883721,0.073170732,0,0.057377049,0.034188034,0.018315018,0,0.006134969,0.015075377,0.035714286,0.070512821,0.069264069,0.092592593,0.019230769,0,0.065517241,0.005128205,0.003787879,0.017045455,0.045283019,0.005128205,0.045833333,0,0.064220183,0.010869565,0.045614035,0.007692308,0.092783505,0.035460993,0.047058824,0.030120482,0.104166667,0.053846154,0.014705882,0.039130435,0.052083333,0.041666667,0.053658537,0.104166667,0.085714286,0.086419753,0.073298429,0.139896373,0.037383178,0.006410256,0.059701493,0.009852217,0.075949367,0.047904192,0,0.123762376,0.015873016,0.004524887,0.083333333,0.004524887,0.005102041,0.081081081,0.005988024,0,0,0,0.084210526,0.040123457,0.296296296,0.06010929,0.025510204,0.012738854,0.088082902,0.07860262,0.039800995,0.119496855,0.045714286,0.075117371,0.282608696,0.048,0.201117318,0.08496732,0.011428571,0.051020408,0.112676056,0.048484848,0.038834951,0.061728395,0.166666667,1,0.163716814,0.130434783,0.035433071,0.128712871,0.126126126,0.013422819,0.015151515,0.082089552,0.00625,0.048275862,0.015503876,0,0.005025126,0.005464481,0.004784689,0.09929078,0,0.02027027,0.01025641,0,0,0.006329114,0.051282051,0.008086253,0.006396588,0.029850746,0.05907173,0.055401662,0.019197208,0.060810811,0.06626506,0.005050505,0,0.035087719,0.033519553,0,0.047058824,0.037414966,0.079027356,0.046920821,0.039548023,0.03125,0.103603604,0.027777778,0.09947644,0.021126761,0.019354839,0.067961165,0.055276382,0,0.043478261,0.081632653,0.111111111,0.083333333,0.095394737,0.068965517,0.068126521,0.096345515,0.078571429,0.036789298,0.065292096,0.073825503,0.055900621,0.044117647,0.013468013,0.057627119,0,0.068259386,0.037220844,0.095890411,0.067741935,0.08988764,0.06626506,0.115151515,0.077922078,0.070175439,0.145251397,0,0.005882353,0.058823529,0,0.082352941,0.100628931,0.075268817,0.071428571,0.058091286,0.057471264,0.053278689,0.078787879,0.08994709,0.11299435,0.007246377,0,0.029761905,0.004115226,0.010050251,0.006896552,0.013513514,0,0.053191489,0,0.00990099,0.143382353,0,0.080267559,0.092920354
Non-alcoholic fatty liver disease - Homo sapiens (human),0.004524887,0.022099448,0,0,0,0,0,0,0,0,0,0,0,0.00462963,0.356807512,0,0,0,0,0,0,0,0,0,0,0,0,0,0,0,0,0,0,0,0,0,0,0,0,0,0,0,0,0,0,0,0,0,0,0,0,0.013333333,0,0,0,0.004651163,0.005434783,0,0,0,0,0,0.004975124,0,0,0,0,0,0,0,0,0,0,0,0,0,0,0,0,0,0,0.004329004,0.004444444,0.004273504,0,0,0,0,0,0,0,0,0,0,0,0,0,0,0,0,0,0,0,0.022222222,0,0,0,0,0,0,0.076738609,0.061946903,0.053908356,0.048850575,0,0.025477707,0.05027933,0.02739726,0.02,0.051515152,0.03187251,0.060240964,0.125984252,0.024390244,0.100401606,0.041237113,0.003883495,0.007142857,0.017793594,0.027027027,0.006779661,0,0,0,0.031818182,0.072463768,0.038338658,0,0.004950495,0.003267974,0,0.061433447,0.051652893,0.108433735,0.13671875,0.12962963,0.101522843,0.0625,0,0.043189369,0.065068493,0.146919431,0.026936027,0,0.018808777,0,0.004761905,0.008097166,0.027439024,0.075376884,0.035211268,0.118577075,0.006451613,0,0.047058824,0,0,0.013452915,0.04516129,0,0.049295775,0,0.04887218,0.004310345,0.048632219,0,0.11637931,0.052795031,0.066350711,0.023474178,0.10212766,0.045602606,0.020080321,0.04379562,0.087336245,0.05106383,0.069105691,0.10212766,0.07239819,0.087804878,0.045643154,0.145922747,0.046692607,0.00990099,0.038461538,0.003984064,0.294314381,0.004524887,0,0.113821138,0.18359375,0,0.042801556,0.003731343,0,0.051282051,0,0,0,0,0.058577406,0.032258065,0.106060606,0.008368201,0.042016807,0.009803922,0.070833333,0.042553191,0.003921569,0.108374384,0.004366812,0.041509434,0.148717949,0.03,0.048,0.065,0,0.003968254,0.083969466,0.00456621,0.011627907,0.042857143,0.098360656,0.163716814,1,0.128318584,0.006493506,0.086956522,0.142307692,0.03125,0.011173184,0.049180328,0,0,0,0,0,0,0.00390625,0.046632124,0,0,0.004115226,0,0,0,0.268235294,0.264264264,0.221176471,0.229333333,0.060498221,0.308868502,0.204198473,0.02,0.013574661,0,0,0.002932551,0.035714286,0,0.071428571,0.083076923,0.083557951,0.08310992,0.084507042,0.04950495,0.11026616,0.054545455,0.13215859,0.026737968,0.025,0.076612903,0.057613169,0,0.073717949,0.102473498,0.116197183,0.113636364,0.095100865,0.090301003,0.04516129,0.064971751,0.10443038,0.0421875,0.095092025,0.095522388,0.066115702,0.057010786,0.026548673,0.04664723,0.004484305,0.058823529,0.026490066,0.045584046,0.35483871,0.095454545,0.061611374,0.089622642,0.054455446,0.045454545,0.063291139,0.015873016,0.009259259,0.046082949,0.005128205,0.064516129,0.062200957,0.073913043,0.050925926,0.044982699,0.038585209,0.04467354,0.041666667,0.06302521,0.079646018,0.005405405,0.009708738,0.037735849,0.003448276,0.033333333,0.015789474,0.031413613,0,0.042553191,0,0.008032129,0.387596899,0.023809524,0.145510836,0.109433962
AGE-RAGE signaling pathway in diabetic complications - Homo sapiens (human),0,0,0,0,0,0,0,0,0,0,0,0,0,0,0,0.008264463,0,0,0,0,0,0,0,0,0,0.006711409,0,0,0,0,0,0,0,0,0,0,0,0,0,0,0,0,0,0,0,0,0,0,0,0,0,0.08125,0,0,0,0,0,0,0,0,0,0,0,0,0,0,0,0,0,0,0,0,0,0,0,0,0,0,0,0,0,0,0,0,0,0,0,0,0,0,0,0,0,0,0,0,0,0,0,0,0,0,0,0,0,0,0,0,0,0,0.100558659,0.15625,0.098039216,0.119133574,0.055900621,0.051181102,0.07,0.028645833,0.020408163,0.127413127,0.056994819,0.142076503,0.166666667,0.100558659,0.196721311,0.107142857,0.006535948,0.041284404,0.026666667,0.035928144,0,0,0,0,0.048780488,0.085585586,0.018867925,0,0.020348837,0.008,0,0.071129707,0.091346154,0.052380952,0.113207547,0.092485549,0.087248322,0.047619048,0.007142857,0.057142857,0.158371041,0,0.072961373,0.058823529,0.058823529,0,0.012987013,0.06010929,0.064150943,0.195488722,0.101382488,0.169230769,0.044715447,0,0.135849057,0.05027933,0.011811024,0.049079755,0.038610039,0.062146893,0.104545455,0.016393443,0.125628141,0.005649718,0.106870229,0.016528926,0.152542373,0.096525097,0.06918239,0.025157233,0.179190751,0.076923077,0.020512821,0.09478673,0.102272727,0.103448276,0.149171271,0.165714286,0.130434783,0.183098592,0.106741573,0.177777778,0.103092784,0.013605442,0,0.042328042,0.021538462,0.070512821,0,0.164893617,0.064377682,0.038834951,0.115183246,0.059405941,0.010695187,0.074074074,0.073825503,0,0.021978022,0,0.137931034,0.057877814,0.087155963,0.033333333,0.135294118,0,0.103825137,0.106481481,0.063492063,0.205673759,0.035502959,0.151041667,0.069620253,0.062761506,0.040201005,0.060402685,0.043209877,0.047619048,0.279329609,0.037735849,0.051020408,0.138888889,0.114503817,0.130434783,0.128318584,1,0.045081967,0.182795699,0.09009009,0.021428571,0,0.087301587,0.040816327,0,0,0,0.032258065,0.035294118,0.035897436,0.105263158,0.046391753,0,0,0,0,0,0.07079646,0.016666667,0.01978022,0.022670025,0.08,0.07183908,0.060773481,0.020547945,0.018072289,0.010582011,0,0.017730496,0.053571429,0.020408163,0.103896104,0.072202166,0.137704918,0.087227414,0.113924051,0.046666667,0.150485437,0.120253165,0.224242424,0.096,0.079136691,0.121693122,0.188235294,0.005102041,0.102362205,0.098290598,0.207373272,0.132701422,0.136363636,0.110655738,0.091139241,0.133802817,0.152941176,0.033783784,0.118518519,0.122302158,0.102990033,0.120781528,0.028070175,0.085714286,0,0.138059701,0.064935065,0.090909091,0.098639456,0.2,0.141891892,0.230769231,0.112676056,0.136363636,0.11299435,0.053846154,0.00617284,0.109677419,0.076335878,0.197278912,0.143835616,0.142857143,0.162162162,0.07860262,0.121338912,0.116591928,0.08974359,0.125,0.159509202,0.007692308,0,0.1,0.004255319,0.066298343,0.00729927,0.028985507,0,0.038251366,0,0.02617801,0.165384615,0.025641026,0.188679245,0.171568627
Cushing syndrome - Homo sapiens (human),0,0.005434783,0,0,0,0,0,0,0,0,0,0,0,0.028436019,0,0,0.044280443,0,0,0,0,0,0,0,0.009259259,0,0,0,0,0,0,0,0,0,0,0,0,0,0,0,0,0,0,0,0,0,0,0,0,0,0,0.017857143,0,0,0,0,0,0,0,0,0,0,0.004975124,0,0,0,0,0,0,0,0,0,0,0,0,0,0,0,0,0,0,0,0,0,0,0,0,0,0,0,0,0,0,0,0,0,0,0,0,0,0,0,0,0,0,0,0,0,0,0,0.049065421,0.057268722,0.026246719,0.079881657,0.094182825,0.141843972,0.13253012,0,0,0.084375,0,0.047619048,0.04,0.028571429,0.045801527,0.074468085,0.01372549,0.060150376,0.095785441,0.036363636,0,0,0,0,0.01793722,0.027777778,0.00619195,0,0.007444169,0.003267974,0,0.139194139,0.051652893,0.029850746,0.028268551,0.099099099,0.058536585,0,0,0.012903226,0.072413793,0.016806723,0.164122137,0.12890625,0.199261993,0.014218009,0.024271845,0.016326531,0.043343653,0.019047619,0.109433962,0.014336918,0.159851301,0,0.028901734,0,0,0.036697248,0.022082019,0.14084507,0.168627451,0,0.116,0.004310345,0.023738872,0.011363636,0.015686275,0.027272727,0,0,0.019685039,0.009433962,0,0.017793594,0.012195122,0.008163265,0.011538462,0.023715415,0.021551724,0.01826484,0.012048193,0.051181102,0.022813688,0,0.005319149,0.166666667,0.057377049,0.132653061,0,0.049808429,0.105839416,0.116182573,0.191111111,0.097959184,0.084444444,0.12992126,0.102564103,0.013651877,0.052401747,0,0.109649123,0.021276596,0.03180212,0.187192118,0.169811321,0.107526882,0.084388186,0.162055336,0.406593407,0.032110092,0.155778894,0.057471264,0.004484305,0.144444444,0.110169492,0.081218274,0.125628141,0.290816327,0.140562249,0.41025641,0.191780822,0.100502513,0.025510204,0.035433071,0.006493506,0.045081967,1,0.19047619,0.024137931,0,0,0.010526316,0.055837563,0.075675676,0,0,0.092920354,0.143564356,0.084388186,0.025380711,0,0.005076142,0.070175439,0.005617978,0,0.01980198,0.115942029,0.039506173,0.003868472,0.031319911,0.031141869,0.056790123,0.105078809,0.096774194,0.103448276,0.083700441,0,0.072100313,0.004329004,0.030150754,0.004464286,0.005714286,0.028132992,0.02278481,0.022123894,0,0.020979021,0.008695652,0.053278689,0.026737968,0,0.022988506,0.044715447,0,0.021341463,0.064846416,0.078231293,0.027972028,0.158536585,0.01875,0.159904535,0.115384615,0.067278287,0,0.034782609,0.033802817,0.010443864,0.15682968,0.023529412,0.078078078,0,0.153846154,0.04494382,0.132716049,0.021621622,0.080717489,0.046728972,0.064516129,0.092307692,0.090047393,0.135135135,0.066666667,0.245714286,0.070754717,0.076923077,0.069444444,0.047169811,0.055555556,0.070754717,0.232653061,0.214285714,0.240816327,0.022727273,0.024291498,0.020920502,0,0,0,0,0,0,0,0.005208333,0.020833333,0.040358744,0.077253219,0.034682081,0.004672897,0.04519774,0.003412969
"Growth hormone synthesis, secretion and action - Homo sapiens (human)",0,0,0,0,0,0,0,0,0,0,0,0,0,0,0,0,0.042016807,0,0,0,0,0,0,0,0,0,0,0,0,0,0,0,0,0,0,0,0,0,0,0,0,0,0,0,0,0,0,0,0,0,0,0.048913043,0,0,0,0,0,0,0,0,0,0,0,0,0,0,0,0,0,0,0,0,0,0,0,0,0,0,0,0,0,0,0,0,0,0,0,0,0,0,0,0,0,0,0,0,0,0.011049724,0,0,0,0,0,0,0,0,0,0,0,0,0.109919571,0.242424242,0.1125,0.174377224,0.087613293,0.190871369,0.18815331,0.012195122,0,0.214007782,0.013574661,0.111650485,0.156682028,0.090452261,0.171568627,0.185840708,0.02991453,0.012295082,0.100877193,0.010471204,0.011583012,0,0,0.006622517,0.037837838,0.120171674,0.01754386,0,0.002702703,0,0,0.108433735,0.097222222,0.095454545,0.108225108,0.229411765,0.189542484,0.020134228,0,0.029520295,0.117408907,0.019704433,0.2,0.154545455,0.058394161,0.011299435,0.023255814,0.019047619,0.070921986,0.185430464,0.161434978,0.127272727,0.003623188,0,0.114583333,0,0,0.021390374,0.028469751,0.230769231,0.109704641,0,0.196078431,0.005076142,0.09929078,0,0.125628141,0.059233449,0.043956044,0,0.137055838,0.1171875,0,0.115555556,0.054187192,0.076142132,0.08056872,0.154639175,0.134831461,0.212903226,0.101522843,0.177664975,0.093457944,0,0.006535948,0.179347826,0.106918239,0.176100629,0,0.195,0.170305677,0.15270936,0.316384181,0.147058824,0.117647059,0.205741627,0.161290323,0.007207207,0.06185567,0,0.238636364,0.070552147,0.184331797,0.218934911,0.314814815,0.089171975,0.2,0.295,0.227777778,0.275167785,0.211180124,0.164251208,0.073863636,0.170940171,0.135,0.186666667,0.131736527,0.217877095,0.345945946,0.241610738,0.234972678,0.218543046,0.136986301,0.128712871,0.086956522,0.182795699,0.19047619,1,0.056451613,0,0,0.097902098,0.088050314,0.093333333,0,0,0.127659574,0.173652695,0.104477612,0.098684211,0,0,0.066326531,0,0,0,0.081545064,0.043243243,0.018947368,0.046683047,0.10041841,0.100840336,0.064285714,0.119205298,0.125,0.098958333,0,0.116363636,0.076502732,0.055900621,0.055555556,0.03257329,0.098802395,0.066473988,0.071038251,0,0.137168142,0.053475936,0.162303665,0.053691275,0,0.099526066,0.104477612,0,0.063829787,0.09486166,0.226086957,0.074688797,0.254545455,0.077777778,0.089371981,0.163265306,0.145985401,0.021001616,0.073333333,0.152777778,0.069908815,0.109028961,0.009677419,0.102040816,0,0.136363636,0.083123426,0.216117216,0.095846645,0.144444444,0.145454545,0.113636364,0.133757962,0.18902439,0.179347826,0.046666667,0.005494505,0.103448276,0.052287582,0.166666667,0.147239264,0.04950495,0.170731707,0.117154812,0.120622568,0.106995885,0.104651163,0.153439153,0.161111111,0,0,0.010928962,0,0.004716981,0,0,0,0.024390244,0.020725389,0.090909091,0.087542088,0,0.124161074,0.083682008
Alcoholic liver disease - Homo sapiens (human),0.060913706,0,0,0,0,0,0.02994012,0.01910828,0,0.114457831,0,0,0,0.004926108,0,0,0,0,0,0,0.005555556,0,0.032608696,0,0.025,0.026737968,0.031446541,0.040935673,0,0.027932961,0,0.048484848,0,0,0,0,0,0,0,0,0,0,0,0,0,0,0,0,0,0,0.040816327,0,0,0.012605042,0,0.004950495,0.005847953,0.012048193,0,0,0,0,0.08,0,0.029585799,0,0,0,0,0,0.005649718,0.01875,0,0,0,0.034482759,0,0,0,0,0,0.037914692,0.03902439,0.004524887,0.024242424,0,0,0,0,0,0,0,0,0,0.006968641,0,0,0,0,0,0,0,0,0.053398058,0,0,0,0,0,0,0.09,0.041284404,0.035616438,0.029239766,0,0.009803922,0.034188034,0.071078431,0.029787234,0.047021944,0.144186047,0.028688525,0.100806452,0,0.065306122,0.013986014,0.008,0.007490637,0.014869888,0.018957346,0.003533569,0,0,0,0.028846154,0.044280443,0.016286645,0,0.00255102,0.010309278,0.013574661,0.045614035,0.064377682,0.128755365,0.090196078,0.09478673,0.068062827,0.041916168,0,0.102564103,0.060498221,0,0.024561404,0,0.03654485,0,0.010204082,0.004255319,0.003095975,0.036082474,0.044609665,0.111111111,0.023972603,0,0.026946108,0,0,0.028985507,0.043624161,0,0.036363636,0.04587156,0.027027027,0.00456621,0.044025157,0,0.322580645,0.18115942,0.239766082,0.145251397,0.108108108,0.073170732,0.016877637,0.070588235,0.174129353,0.068493151,0.068376068,0.093333333,0.046728972,0.076923077,0.012711864,0.192488263,0.019920319,0.010582011,0.041420118,0,0.047619048,0,0,0.092050209,0.024734982,0,0.011904762,0.003921569,0,0.041825095,0,0,0,0,0.043478261,0.010899183,0.081395349,0,0.049107143,0,0.042735043,0.010791367,0.025316456,0.076142132,0,0.02734375,0.17877095,0.031358885,0.082608696,0.015228426,0,0,0.05859375,0,0,0.014778325,0.032967033,0.126126126,0.142307692,0.09009009,0.024137931,0.056451613,1,0.033519553,0,0,0,0,0,0,0,0,0,0.016129032,0,0.005434783,0,0,0,0,0.047808765,0.012406948,0.022222222,0.018181818,0.025179856,0.040100251,0.043918919,0.010582011,0.004761905,0,0,0.00304878,0.004587156,0,0.104166667,0.115131579,0.105113636,0.136627907,0.184782609,0.099447514,0.152892562,0.100502513,0.190243902,0.046783626,0.037837838,0.149321267,0.060869565,0.043668122,0.162454874,0.163424125,0.225806452,0.211206897,0.139751553,0.163568773,0.097447796,0.052023121,0.204301075,0.080991736,0.190311419,0.17218543,0.172413793,0.069952305,0.018237082,0.032835821,0.004761905,0.045180723,0.011185682,0.023121387,0.067251462,0.065420561,0.014423077,0.058252427,0.058201058,0.018779343,0.076576577,0.034682081,0.030150754,0.019047619,0.011049724,0.048076923,0.071794872,0.058823529,0.023923445,0.035842294,0.033333333,0.035587189,0.014354067,0.025641026,0.09478673,0.005813953,0.083333333,0.045454545,0.033457249,0.039823009,0.028571429,0.027932961,0.005586592,0.040358744,0.023364486,0.004219409,0.045454545,0.015075377,0.231034483,0.101960784
Type I diabetes mellitus - Homo sapiens (human),0,0,0,0,0,0,0,0,0,0,0,0,0,0,0,0,0,0,0,0.025641026,0,0,0,0,0,0,0,0,0,0,0,0.027777778,0.035087719,0,0,0,0,0,0,0,0,0,0,0,0,0,0,0,0,0,0,0,0,0,0,0,0,0,0,0,0,0,0,0,0,0.029411765,0,0,0,0,0,0,0,0,0,0,0,0,0,0,0,0,0,0,0,0,0,0,0,0,0.008264463,0,0,0,0,0.011363636,0,0,0,0,0,0,0.044444444,0,0,0,0,0,0,0,0.018126888,0,0.007220217,0.003968254,0,0.004784689,0,0.030487805,0.021428571,0,0.020833333,0.013333333,0.011627907,0,0.00621118,0.005263158,0,0,0.005780347,0.008695652,0,0,0,0,0,0.005464481,0,0,0.020833333,0.114285714,0,0.010152284,0.007614213,0.006134969,0.028735632,0.007633588,0.009615385,0,0,0.030612245,0.036458333,0,0,0,0,0,0,0.014814815,0,0,0,0.023952096,0,0,0,0,0.129943503,0,0,0,0,0,0,0.222222222,0,0,0.042553191,0.008888889,0.027272727,0.00952381,0.035211268,0.019512195,0.136,0.067484663,0.02238806,0.153846154,0.126865672,0.027972028,0,0.009090909,0,0.026490066,0,0.243243243,0,0,0,0,0,0.00621118,0,0,0,0,0.015384615,0,0,0,0,0,0.007142857,0.003690037,0.005586592,0.0078125,0,0.010752688,0.006944444,0,0,0.008928571,0,0,0.009009009,0,0,0.01,0,0,0,0,0,0,0.022988506,0.013422819,0.03125,0.021428571,0,0,0.033519553,1,0.014705882,0.012658228,0,0,0,0,0,0,0,0,0,0,0,0,0,0,0.011848341,0,0.002463054,0,0,0.009584665,0.009727626,0,0,0,0,0,0,0,0,0.016949153,0.006944444,0.006896552,0.043859649,0.052631579,0.016949153,0.2,0.058394161,0.095890411,0.04494382,0.131386861,0.035714286,0.111111111,0.103960396,0.020408163,0.014851485,0.045977011,0.03875969,0.114583333,0.024657534,0.095041322,0.034934498,0.05313093,0.098654709,0.036585366,0.018518519,0.01056338,0.008547009,0.024896266,0,0.016393443,0,0,0,0,0,0,0,0,0.007194245,0,0,0,0,0,0,0,0,0,0,0,0,0,0.015384615,0.254237288,0.411764706,0.24137931,0.11875,0.182608696,0.653061224,0.603773585,0,0.007575758,0,0.007246377,0.004081633,0.303797468,0.027888446,0.02247191
Maturity onset diabetes of the young - Homo sapiens (human),0.021978022,0,0,0,0,0.017857143,0,0,0,0,0,0,0,0,0,0,0,0,0,0,0,0,0,0,0,0,0,0,0,0,0,0,0,0,0,0,0,0.016393443,0,0,0,0,0,0,0.013513514,0.033333333,0,0,0,0,0,0,0,0,0,0,0,0,0,0,0,0,0.013888889,0,0,0,0,0,0,0,0,0,0,0,0,0,0,0,0,0,0,0,0,0,0,0,0,0,0,0,0,0,0,0,0,0,0,0,0,0,0,0,0,0,0,0,0,0,0,0.012658228,0.003134796,0,0.003831418,0.004255319,0,0.005208333,0,0,0,0,0,0.007462687,0.006410256,0,0,0.005780347,0.002583979,0,0.006410256,0,0,0,0,0,0,0.006024096,0,0,0,0,0,0.005524862,0.002638522,0.013793103,0,0.00877193,0.023255814,0,0,0,0,0,0,0,0,0.011904762,0,0,0,0,0,0,0,0,0,0,0,0,0,0,0.011976048,0,0,0,0,0,0,0,0,0,0,0,0,0,0,0,0,0,0,0,0,0,0,0,0,0,0,0,0,0,0,0,0,0,0,0,0,0,0,0,0,0.003937008,0.01875,0.037037037,0,0.013157895,0.007874016,0,0,0.032258065,0,0,0,0,0.015267176,0.012048193,0,0,0,0,0,0,0.090909091,0.015151515,0.011173184,0,0,0,0,0.014705882,1,0.016129032,0,0,0,0,0,0,0,0.013888889,0,0,0,0,0,0,0.002444988,0,0,0,0,0,0,0,0,0,0,0,0,0,0,0,0,0,0,0,0,0,0,0,0,0,0,0,0,0,0,0,0,0,0.002808989,0,0,0,0.004405286,0,0,0.001798561,0.004587156,0,0,0,0,0,0,0,0,0,0,0,0.008196721,0,0,0,0,0,0,0,0,0.005813953,0,0,0.021276596,0,0,0,0,0,0,0,0,0,0,0,0,0,0.004385965,0,0,0
Aldosterone-regulated sodium reabsorption - Homo sapiens (human),0,0,0,0,0,0,0,0,0,0,0,0,0,0.010204082,0,0,0,0,0,0,0,0,0,0,0,0,0,0,0,0,0,0,0,0,0,0,0,0,0,0,0,0,0,0,0,0,0,0,0,0,0,0.028037383,0,0,0,0,0,0,0,0,0,0,0,0,0,0,0,0,0,0,0,0,0,0,0,0,0,0,0,0,0,0,0,0,0,0,0,0,0,0,0,0,0,0,0,0,0,0,0,0,0,0,0,0.009009009,0,0,0,0,0,0,0.027950311,0.109090909,0.058139535,0.064655172,0.010948905,0.073684211,0.070539419,0,0,0.0456621,0.007142857,0.106060606,0.098039216,0.072,0.090909091,0.069364162,0,0.006134969,0.024390244,0.018518519,0.005617978,0,0,0,0.009259259,0.072289157,0,0,0.003484321,0,0,0.102857143,0.042666667,0.074829932,0.061349693,0.095652174,0.125,0,0,0,0.048913043,0.07826087,0.068571429,0.030120482,0.014705882,0,0,0.015503876,0.052884615,0.142857143,0.01734104,0.050955414,0,0,0.057777778,0,0,0.028571429,0.004878049,0.050420168,0.058823529,0,0.052287582,0,0.050925926,0,0.060150376,0.00913242,0,0,0.068181818,0.030456853,0,0.076923077,0.015503876,0.015748031,0.013986014,0.076335878,0.091743119,0.117021277,0.089430894,0.056737589,0.063380282,0,0,0.03875969,0.003731343,0.06122449,0,0.075862069,0.027777778,0.034246575,0.086956522,0.04137931,0.024390244,0.018072289,0.077777778,0,0.025,0,0.08,0.0390625,0.080745342,0.118181818,0.04,0.035294118,0.0859375,0.053892216,0.045454545,0.103092784,0.12,0.161764706,0.00952381,0.032432432,0,0.104651163,0,0.088709677,0.064102564,0,0.036231884,0.134831461,0.152777778,0.082089552,0.049180328,0.087301587,0.010526316,0.097902098,0,0.012658228,0.016129032,1,0.153846154,0,0.176470588,0,0.102564103,0.118811881,0.094488189,0.235294118,0.06870229,0,0.076923077,0,0.102272727,0,0.029339853,0,0,0,0.052631579,0.026490066,0.01183432,0,0.029126214,0.024,0,0.013574661,0.055555556,0.011627907,0,0.00862069,0.028985507,0.017793594,0.018018018,0,0.048192771,0.027027027,0.061068702,0.042253521,0,0.020547945,0.069230769,0,0.009302326,0.048648649,0.064171123,0.035294118,0.048,0.050505051,0.025069638,0.036,0.040540541,0.011049724,0.025751073,0.050632911,0.042635659,0.023423423,0.004366812,0.038793103,0,0.061403509,0.038922156,0.050632911,0.04,0.078947368,0.092783505,0.086538462,0.117647059,0.131313131,0.098360656,0.042253521,0,0.101010101,0.04,0.086538462,0.094736842,0.048780488,0.135416667,0.057471264,0.062176166,0.050847458,0.091836735,0.106557377,0.076923077,0,0,0,0,0,0,0,0,0.007936508,0,0.007575758,0.052631579,0,0.045643154,0.035294118
Endocrine and other factor-regulated calcium reabsorption - Homo sapiens (human),0,0,0,0.011494253,0,0,0.012195122,0,0,0,0,0,0,0,0,0,0.011173184,0,0,0,0,0,0,0,0,0,0,0,0,0,0,0,0,0,0,0,0,0,0,0,0,0,0,0,0,0,0,0,0,0,0,0.032786885,0,0,0,0,0,0,0,0,0,0,0,0,0,0,0,0,0,0,0,0,0,0,0,0,0,0,0,0,0,0,0,0,0,0,0,0,0,0,0,0,0,0,0,0,0,0,0,0,0,0,0,0,0,0,0,0,0,0,0.017595308,0.022222222,0.021201413,0.043650794,0.077205882,0.12244898,0.074509804,0,0,0.047008547,0.006410256,0.018867925,0,0.048951049,0.055214724,0.057894737,0.007281553,0,0.027932961,0,0,0,0,0,0,0.015706806,0,0.022099448,0.04467354,0,0,0.014563107,0.002463054,0,0,0.044117647,0.045454545,0,0,0,0,0.09375,0.16,0.080924855,0.046948357,0,0.028301887,0,0.004273504,0.027522936,0.072625698,0,0,0,0.011952191,0,0,0,0.01369863,0.11023622,0,0.007246377,0.06626506,0,0.029661017,0.027027027,0,0.017167382,0,0,0,0,0,0.016574586,0,0,0,0,0.007462687,0.008333333,0.02739726,0,0.018292683,0,0,0.102941176,0.021505376,0.100917431,0.100840336,0,0.069148936,0.091503268,0.08496732,0.077419355,0.059701493,0.069364162,0.086538462,0.012345679,0.061068702,0,0.110294118,0.003558719,0.016042781,0.198275862,0.097744361,0.06122449,0.033333333,0.066666667,0.1,0.008196721,0.219047619,0.12987013,0,0.07253886,0.059602649,0.057142857,0.089285714,0.208,0.064327485,0.102803738,0.135714286,0.073394495,0,0.00625,0,0.040816327,0.055837563,0.088050314,0,0,0,0.153846154,1,0.077777778,0.134328358,0,0.228813559,0.205607477,0.192307692,0.162790698,0.083333333,0,0.118110236,0,0.177083333,0,0.011574074,0.012698413,0,0.04057971,0.042553191,0.009287926,0.015355086,0.040816327,0.060869565,0.066666667,0,0.016949153,0.056910569,0.06185567,0,0,0.013513514,0.003322259,0,0,0.005291005,0.007751938,0.047297297,0.097560976,0,0,0.083916084,0,0.004310345,0,0.014150943,0,0.053030303,0.013574661,0.010526316,0.018518519,0,0,0,0.01532567,0.010638298,0.028169014,0,0.011811024,0,0.027888446,0.008333333,0.043307087,0,0,0,0,0,0.024,0,0,0,0,0,0,0,0,0.024590164,0.005025126,0.013761468,0,0,0.02027027,0,0,0,0,0,0.006896552,0,0,0,0.021428571,0.023622047,0.064285714,0.02811245,0,0.019011407,0
Vasopressin-regulated water reabsorption - Homo sapiens (human),0,0,0,0,0,0,0,0,0,0,0,0,0,0,0,0,0.017751479,0,0,0,0,0,0,0,0,0,0,0,0,0,0,0,0,0,0,0,0,0,0,0,0,0,0,0,0,0,0,0,0,0,0,0,0,0,0,0,0,0,0,0,0,0,0,0,0,0,0,0,0,0,0,0,0,0,0,0,0,0,0,0,0,0,0,0,0,0,0,0,0,0,0,0,0,0,0,0,0,0,0,0,0,0,0,0,0,0,0,0,0,0,0.008955224,0,0.02189781,0.016,0.021582734,0.049751244,0.055776892,0,0,0.026086957,0,0,0,0,0,0.032258065,0.004950495,0,0.035502959,0,0,0,0.026666667,0,0,0.016483516,0,0,0.017241379,0.048128342,0,0,0.017902813,0.050955414,0,0.108333333,0.06,0,0,0,0,0,0.077777778,0.047058824,0.014218009,0,0.030927835,0,0,0,0.033898305,0.005847953,0,0,0,0,0,0,0.014285714,0.056,0,0,0.043478261,0.008264463,0,0,0,0,0,0,0,0,0,0,0,0,0,0,0,0,0,0.046979866,0,0,0.012987013,0.060150376,0.053435115,0.027777778,0.016666667,0.01875,0.032258065,0.046357616,0.090277778,0.025974026,0.055555556,0.066666667,0.009708738,0.008350731,0.031746032,0,0.051851852,0,0.016853933,0.130434783,0.053846154,0.079545455,0.042857143,0.082840237,0.098484848,0,0.133333333,0.018518519,0,0.036649215,0.078571429,0.073684211,0.056074766,0.109375,0.088050314,0.147368421,0.102941176,0,0,0.048275862,0,0,0.075675676,0.093333333,0,0,0,0,0.077777778,1,0,0,0.0625,0.061946903,0.035460993,0,0,0,0.064,0,0,0,0,0.013071895,0.014925373,0.035502959,0,0.03257329,0.011673152,0.134146341,0.107843137,0.0546875,0,0.05,0,0.068181818,0,0,0,0.061594203,0,0,0,0,0.006896552,0,0,0,0.050359712,0,0.018181818,0,0.035175879,0,0.054901961,0.009389671,0.03021978,0.051383399,0.004219409,0,0,0,0,0.012323944,0,0.042016807,0,0.012195122,0,0.05785124,0,0,0,0,0,0,0.052238806,0,0,0,0,0,0,0,0,0,0,0,0,0,0,0,0,0,0,0,0,0,0,0,0,0.052631579,0,0,0,0
Proximal tubule bicarbonate reclamation - Homo sapiens (human),0.022727273,0.06,0,0,0,0,0,0,0,0,0,0,0,0,0,0.097560976,0,0,0,0.071428571,0,0.013888889,0,0,0,0,0,0,0,0,0,0,0,0,0,0.074074074,0,0,0,0,0,0,0,0,0,0,0,0,0,0,0,0,0,0,0,0,0,0,0,0,0,0,0.044776119,0.019230769,0,0,0,0,0,0,0,0,0,0,0,0,0,0,0.111111111,0,0,0,0,0,0,0,0,0,0,0,0,0,0,0,0,0,0,0,0,0,0,0,0,0.020833333,0,0,0,0,0,0,0,0,0,0,0,0.049723757,0.038297872,0,0,0,0,0,0.013157895,0,0,0,0,0,0,0,0,0,0,0,0,0,0,0,0,0,0,0,0.005333333,0.014084507,0,0,0,0,0,0.011111111,0,0.089108911,0.054878049,0,0,0,0,0,0,0,0,0,0,0,0,0,0,0,0,0,0,0,0,0,0,0,0,0,0,0,0,0,0,0,0,0,0,0,0,0,0,0,0,0,0,0,0,0,0,0,0,0.02238806,0,0,0.027522936,0,0,0,0,0,0,0,0.012658228,0.09,0,0,0,0,0,0,0.101123596,0.066666667,0.022222222,0,0.015625,0,0.010989011,0.07079646,0,0,0,0,0,0.015503876,0,0,0,0,0,0,0,0.176470588,0.134328358,0,1,0.020408163,0.08490566,0.1,0.096491228,0.147540984,0.086206897,0,0.131313131,0,0.136986301,0,0,0,0,0,0,0,0,0,0,0,0,0,0,0,0,0,0,0,0,0,0,0,0,0,0,0,0,0,0,0,0,0,0,0,0,0,0,0,0,0,0,0,0,0,0,0,0.006042296,0,0,0,0,0,0,0,0,0,0,0,0,0,0,0,0,0,0,0,0.021978022,0,0,0,0,0,0,0,0,0,0,0,0,0,0,0,0,0
Collecting duct acid secretion - Homo sapiens (human),0,0,0,0,0,0,0,0,0,0,0,0,0,0,0.166666667,0,0,0,0,0,0,0,0,0,0,0,0,0,0,0,0,0,0,0,0,0,0,0,0,0,0,0,0,0,0,0,0,0,0,0,0,0,0,0,0,0,0,0,0,0,0,0,0,0,0,0,0,0,0,0,0,0,0,0,0,0,0,0,0.023255814,0,0,0,0,0,0,0,0,0,0,0,0,0,0,0,0,0,0,0,0,0,0,0,0,0,0,0,0,0,0,0,0,0,0,0,0,0,0,0,0,0,0,0,0,0,0,0,0,0,0,0,0,0,0,0,0,0,0,0.046052632,0,0.132911392,0,0.070175439,0,0,0,0,0,0,0,0,0,0,0,0,0,0,0,0,0,0,0,0,0,0,0,0,0,0,0,0,0,0,0,0,0,0,0,0,0,0,0,0,0,0,0,0,0,0,0,0,0,0,0,0,0,0,0,0,0.25,0,0,0,0,0,0,0,0,0,0,0,0,0,0,0,0,0,0,0,0,0,0,0,0,0,0,0,0,0,0,0,0,0,0,0,0,0,0,0,0,0,0,0,0,0,0.020408163,1,0,0.03,0.0078125,0,0,0,0.008695652,0,0,0,0,0,0,0,0,0,0,0,0,0,0,0,0,0.375,0.276315789,0,0,0,0,0,0,0,0,0,0,0,0,0,0.035,0,0,0,0,0,0.06231454,0,0,0,0,0,0,0,0,0.008733624,0,0,0,0,0,0,0,0,0,0,0,0,0,0,0,0,0,0,0,0,0,0,0,0,0,0,0,0,0,0.212121212,0,0,0,0,0,0,0,0,0,0
Salivary secretion - Homo sapiens (human),0,0,0,0,0,0,0,0,0,0,0,0,0,0,0,0.008849558,0.057692308,0,0,0,0,0,0,0,0,0.007092199,0,0,0,0,0,0,0,0,0,0,0,0.040650407,0,0,0,0,0,0,0,0,0,0,0,0,0,0.02484472,0,0,0,0,0,0,0,0,0,0,0,0,0,0,0,0,0,0,0.015873016,0,0,0,0,0,0,0,0,0,0,0,0,0,0,0,0,0,0,0,0,0,0,0,0,0,0,0,0,0,0,0,0,0,0,0,0,0,0,0,0.015789474,0.017241379,0.041269841,0.090252708,0.148788927,0.233333333,0.129963899,0,0,0.067669173,0.005128205,0.015151515,0,0.098837209,0.039408867,0.066666667,0.015659955,0,0.109452736,0,0,0,0.008064516,0,0,0.017467249,0,0,0,0.004115226,0,0.012244898,0.002247191,0.004716981,0.013333333,0.071005917,0.084507042,0,0,0,0.042016807,0.059171598,0.228426396,0.20855615,0.03968254,0,0.020689655,0,0.003663004,0.02027027,0.149253731,0,0,0,0.010344828,0,0,0,0.011627907,0.2,0,0,0.136842105,0,0.02919708,0,0,0.029850746,0,0,0.053763441,0,0.005263158,0.013636364,0.005405405,0,0,0,0.005780347,0.006289308,0.016129032,0,0.014778325,0,0,0.243421053,0.051948052,0.169117647,0.00591716,0.034313725,0.105990783,0.131868132,0.132596685,0.084210526,0.090361446,0.114427861,0.134328358,0.025096525,0.072289157,0.061946903,0.194968553,0.006269592,0.0456621,0.244755245,0.193548387,0.1,0.065934066,0.137931034,0.16969697,0,0.246268657,0.103626943,0,0.171428571,0.111731844,0.136363636,0.21969697,0.292517007,0.094059406,0.154411765,0.137931034,0.083333333,0,0.005025126,0,0.032258065,0.092920354,0.127659574,0,0,0,0.102564103,0.228813559,0.0625,0.08490566,0,1,0.333333333,0.310810811,0.158333333,0.054054054,0,0.152866242,0,0.101449275,0,0.03930131,0.046783626,0.004405286,0.015306122,0.049107143,0.019553073,0.038391225,0.036764706,0.102739726,0.095808383,0,0.04494382,0,0.059701493,0,0,0.021084337,0,0.043478261,0,0.004385965,0.005952381,0.037433155,0.066115702,0,0,0.071823204,0.005319149,0.03030303,0,0.011952191,0,0.108391608,0.007662835,0.009546539,0.039735099,0.036231884,0,0,0.048275862,0.009345794,0.047058824,0,0.010238908,0,0.034843206,0.007518797,0.066666667,0.003184713,0,0,0,0,0.063694268,0,0,0,0,0,0,0,0,0.01863354,0,0.011673152,0,0,0.016042781,0,0,0,0,0,0,0,0,0,0,0,0.08045977,0.024305556,0,0.044217687,0.03125
Gastric acid secretion - Homo sapiens (human),0,0,0,0,0,0,0,0,0,0,0,0,0,0,0.009615385,0,0.046153846,0,0,0,0,0,0,0,0,0,0,0,0,0,0,0,0,0,0,0,0,0,0,0,0,0,0,0,0,0,0,0,0,0,0,0.027586207,0,0,0,0,0,0,0,0,0,0,0,0,0,0,0,0,0,0,0,0,0,0,0,0,0,0,0.010869565,0,0,0,0,0,0,0.008333333,0,0,0,0,0,0,0,0,0,0,0,0,0,0,0,0,0,0,0,0,0,0,0,0,0.016483516,0.045454545,0.043478261,0.1171875,0.144927536,0.191176471,0.151162791,0,0,0.085020243,0.005586592,0.039325843,0,0.108974359,0.059782609,0.071770335,0.011547344,0,0.143646409,0,0,0,0,0,0,0.018779343,0,0,0,0.008849558,0,0.013100437,0.002331002,0.005102041,0.024154589,0.078431373,0.095238095,0,0,0.017316017,0.045045045,0.058441558,0.234972678,0.2,0.060344828,0,0.023255814,0,0.032,0.022727273,0.194444444,0,0.008658009,0,0.03358209,0,0,0.013793103,0.029411765,0.197080292,0,0,0.176470588,0,0.035019455,0,0,0.027667984,0,0,0.058823529,0,0,0.014705882,0,0,0,0,0.006369427,0.006993007,0.017647059,0,0.049723757,0,0,0.272058824,0.051194539,0.232758621,0,0.059782609,0.131313131,0.165644172,0.211538462,0.111111111,0.12244898,0.168539326,0.123966942,0.03,0.08,0.072164948,0.251798561,0.030405405,0.049261084,0.275590551,0.251851852,0.114035088,0.09202454,0.168478261,0.246478873,0,0.268907563,0.119318182,0,0.243243243,0.150943396,0.13559322,0.208333333,0.328244275,0.114130435,0.18487395,0.174193548,0.085271318,0,0.005464481,0,0.035294118,0.143564356,0.173652695,0,0,0,0.118811881,0.205607477,0.061946903,0.1,0.03,0.333333333,1,0.244755245,0.118181818,0.052941176,0,0.178571429,0,0.0625,0,0.036036036,0.06875,0.006864989,0.018666667,0.052884615,0.017492711,0.043478261,0.068376068,0.150793651,0.128378378,0,0.060483871,0.013245033,0.095652174,0,0.011111111,0.02866242,0.00619195,0.070422535,0,0.014285714,0.006578947,0.05952381,0.076190476,0,0.016216216,0.078787879,0,0.044897959,0,0.012765957,0,0.127340824,0.016460905,0.009925558,0.041958042,0.038461538,0,0,0.062730627,0.009836066,0.061188811,0,0.010830325,0,0.064393939,0.010471204,0.07063197,0,0,0,0,0,0.102189781,0,0,0,0,0,0,0,0,0.020689655,0,0.020920502,0,0,0.01754386,0,0,0,0,0,0,0,0,0,0.012195122,0.013245033,0.095541401,0.041044776,0.014925373,0.062043796,0.04368932
Pancreatic secretion - Homo sapiens (human),0,0,0,0,0,0,0,0,0,0,0.008264463,0,0,0,0,0,0.040723982,0,0,0,0,0,0,0,0,0,0,0,0,0,0,0,0,0,0,0,0,0.037593985,0,0,0,0,0,0,0,0,0,0,0,0,0.025,0.023391813,0,0.057894737,0.078014184,0.072368421,0.090909091,0.094017094,0,0,0,0,0,0,0,0,0,0,0,0,0.014705882,0,0,0,0,0,0,0,0.008474576,0,0,0,0,0,0,0.006849315,0,0,0,0,0,0,0,0,0,0,0,0,0,0,0,0,0,0,0,0,0,0,0,0,0.015384615,0.016304348,0.05625,0.075862069,0.099678457,0.14957265,0.113793103,0,0,0.069090909,0.004878049,0.014423077,0,0.052910053,0.047393365,0.068376068,0.01754386,0,0.054298643,0,0,0,0,0,0,0.008298755,0,0,0.008571429,0.003952569,0,0.015748031,0.004405286,0.009049774,0.012765957,0.049450549,0.058064516,0,0,0,0.011764706,0.08,0.161290323,0.168316832,0.034220532,0,0,0.005128205,0.014285714,0.025477707,0.085585586,0.004366812,0,0,0.023648649,0,0,0.011695906,0.018796992,0.124260355,0,0.005347594,0.102439024,0,0.028169014,0.008064516,0.004878049,0.028776978,0,0,0.01980198,0,0.005,0.017467249,0,0,0,0.004878049,0.010989011,0.011904762,0.020512821,0,0.033492823,0,0,0.117977528,0.030864198,0.097402597,0,0.01843318,0.086956522,0.113402062,0.113989637,0.069306931,0.067039106,0.058823529,0.08,0.001851852,0.05027933,0,0.117318436,0.012232416,0,0.212903226,0.114285714,0.06993007,0.046153846,0.080717489,0.097297297,0,0.204081633,0.098522167,0,0.103448276,0.050251256,0.066666667,0.096153846,0.19760479,0.069444444,0.120805369,0.11827957,0.077922078,0,0.004784689,0.00390625,0.035897436,0.084388186,0.104477612,0,0,0,0.094488189,0.192307692,0.035460993,0.096491228,0.0078125,0.310810811,0.244755245,1,0.146153846,0.138888889,0.115384615,0.157575758,0.008,0.094594595,0,0.025316456,0.013774105,0.006479482,0.014925373,0.060606061,0.013513514,0.032142857,0.013422819,0.030120482,0.072222222,0,0.006968641,0.011299435,0.048275862,0.005847953,0.006734007,0.026470588,0.005730659,0.005649718,0,0.012711864,0.005617978,0.035532995,0.061068702,0,0,0.051546392,0,0.003558719,0,0.011494253,0,0.075657895,0.02247191,0.002314815,0.028571429,0.01369863,0,0.00330033,0.026143791,0.009063444,0.032626427,0,0.006578947,0,0.030201342,0.009803922,0.043189369,0.00308642,0.010752688,0.017857143,0.005649718,0,0.017241379,0,0,0,0,0,0,0,0,0.01754386,0,0.011235955,0,0,0.020408163,0,0,0,0,0,0,0,0,0,0.021276596,0.022857143,0.076086957,0.040955631,0.00621118,0.03257329,0.008368201
Carbohydrate digestion and absorption - Homo sapiens (human),0.065420561,0,0,0,0.052631579,0.164179104,0,0,0,0,0,0,0,0,0,0,0,0,0,0,0,0,0,0,0,0,0,0,0,0,0,0,0,0,0,0,0,0.220588235,0,0,0,0,0,0,0.043478261,0.083333333,0,0,0,0,0,0.061946903,0,0,0,0,0,0,0,0,0,0,0,0,0,0,0,0,0,0,0,0,0,0,0,0,0,0,0,0,0,0,0,0,0,0,0,0,0,0,0,0,0,0,0,0,0,0,0,0,0,0,0,0,0,0,0,0,0,0,0.014880952,0.081967213,0.036630037,0.057613169,0.021352313,0.086294416,0.076305221,0,0,0.062222222,0.006666667,0.098591549,0.072289157,0.082706767,0.092105263,0.071428571,0,0,0,0,0,0,0,0,0,0.05027933,0,0,0,0,0,0.051813472,0.030848329,0.076923077,0.051724138,0.070866142,0.09,0,0,0,0.051813472,0.080645161,0.094444444,0.034285714,0.023584906,0,0,0,0.02690583,0.104166667,0.039106145,0.054216867,0,0,0.042016807,0,0,0,0.004651163,0.038461538,0.049723757,0,0.082278481,0,0.062780269,0,0.063380282,0.017621145,0,0,0.063380282,0.044117647,0,0.040935673,0,0,0,0.063380282,0.084033613,0.08490566,0.074626866,0.06,0.045454545,0,0,0.043478261,0,0.04587156,0,0.057324841,0.031746032,0.038709677,0.103448276,0.038709677,0.014925373,0.052941176,0.049019608,0,0.055555556,0,0.082089552,0.033707865,0.095238095,0.136752137,0.044776119,0,0.064285714,0.075144509,0.034965035,0.093457944,0.12962963,0.15862069,0.054545455,0.030769231,0.076923077,0.09375,0.045045045,0.106870229,0.079754601,0.046728972,0.033783784,0.15625,0.148148148,0.09929078,0.046632124,0.105263158,0.025380711,0.098684211,0.016129032,0,0.013888889,0.235294118,0.162790698,0,0.147540984,0,0.158333333,0.118181818,0.146153846,1,0.063829787,0,0.079365079,0,0.103092784,0,0.033573141,0,0,0.011461318,0.079545455,0.022364217,0.011605416,0,0.01754386,0.00729927,0,0,0.050847458,0,0,0,0.061371841,0.020689655,0,0,0.051428571,0.008130081,0.095588235,0.063291139,0,0.019230769,0.079710145,0,0.013392857,0.046153846,0.050251256,0.050847458,0.054263566,0.048076923,0.024390244,0.034615385,0.038793103,0.016363636,0.0375,0.040160643,0.025735294,0.024822695,0,0.024489796,0,0.041322314,0.02,0.044354839,0.034482759,0.072580645,0.08411215,0.078947368,0.09375,0.089285714,0.066666667,0,0,0.081818182,0,0.078947368,0.085714286,0.069230769,0.091743119,0.048648649,0.048780488,0.048128342,0.13592233,0.074074074,0.070866142,0,0,0,0,0,0,0,0,0.007352941,0.008130081,0.007042254,0.059322034,0,0.052208835,0.050847458
Protein digestion and absorption - Homo sapiens (human),0,0,0,0,0,0,0,0,0,0,0,0,0,0,0,0,0,0,0,0,0,0,0,0,0,0,0,0,0,0,0,0,0,0,0,0,0,0,0,0,0,0,0,0,0,0,0,0,0,0,0,0,0,0,0,0,0,0,0,0,0,0,0,0,0,0,0,0,0,0,0,0,0,0,0,0,0,0,0,0,0,0,0,0,0,0,0,0,0,0,0,0,0,0,0,0,0,0,0,0,0,0,0,0,0,0,0,0,0,0,0,0,0,0,0.008823529,0.046511628,0.028571429,0,0,0,0,0,0,0,0,0,0.006493506,0,0,0,0,0,0,0,0,0,0,0,0,0,0,0.003875969,0.038636364,0,0,0,0,0,0.006993007,0,0,0.06741573,0.054166667,0,0,0,0,0,0,0,0.012552301,0,0,0,0.059233449,0.097701149,0,0,0,0,0,0.005319149,0.013392857,0,0,0.032786885,0,0,0,0,0,0,0.004975124,0,0,0,0,0,0,0,0,0,0,0,0,0,0,0,0.005555556,0,0,0.009302326,0.004651163,0,0.005235602,0,0,0.005565863,0.005319149,0,0,0,0,0.055865922,0,0,0,0,0,0,0.053254438,0.046728972,0,0,0,0,0,0.041450777,0.040358744,0,0,0.006024096,0,0,0,0.046391753,0,0,0,0,0,0.06870229,0.083333333,0,0.086206897,0,0.054054054,0.052941176,0.138888889,0.063829787,1,0,0.054945055,0,0.093959732,0,0.002057613,0,0,0,0,0,0,0,0,0,0,0,0,0.006578947,0,0,0,0,0,0,0,0,0,0,0,0,0.045918367,0,0,0,0,0,0,0.011070111,0.040767386,0,0,0,0,0,0.002994012,0.00955414,0,0,0,0.006535948,0,0,0,0,0,0,0,0,0,0,0,0,0,0,0,0.031746032,0,0,0,0,0.005813953,0,0,0,0,0,0,0,0,0,0,0.015789474,0.016949153,0.015306122,0.00990099,0,0,0
Fat digestion and absorption - Homo sapiens (human),0,0,0,0,0,0,0,0,0,0.023809524,0.016129032,0,0,0,0,0.015625,0,0,0,0.012658228,0,0.010869565,0.02247191,0,0.019230769,0.010869565,0,0.012820513,0.017241379,0.024096386,0.020833333,0,0,0,0,0,0,0,0,0,0,0,0,0,0,0,0,0,0,0,0.153846154,0,0,0.126984127,0.17721519,0.11827957,0.177419355,0.189655172,0.032258065,0,0,0,0.022727273,0.028169014,0,0.029411765,0,0,0,0,0,0,0,0,0,0.009090909,0,0.03125,0,0,0,0,0,0,0,0.035294118,0,0,0,0,0,0,0,0,0,0,0,0,0,0,0,0,0,0.053571429,0,0,0,0,0,0,0,0,0.041044776,0,0,0,0,0,0,0,0,0,0,0,0,0.02688172,0,0,0,0,0,0,0,0,0,0,0,0,0,0.010362694,0,0,0,0.006134969,0,0,0,0,0,0,0,0,0,0.06626506,0,0,0,0,0,0,0,0,0,0,0,0.007692308,0,0,0,0,0,0,0,0,0,0,0,0,0,0,0,0,0.007092199,0,0,0,0,0,0,0,0.02189781,0,0,0,0,0,0,0,0,0,0,0,0,0,0,0,0,0,0,0,0,0,0,0,0,0.010752688,0,0,0,0,0,0,0.009009009,0,0,0,0,0.007142857,0,0.009345794,0,0,0,0.02027027,0,0,0.005076142,0,0.005434783,0,0,0,0,0,0,0,0,0,0.115384615,0,0,1,0.023255814,0.080645161,0,0.093023256,0,0,0,0,0,0,0,0,0,0,0,0,0,0,0,0,0,0,0,0,0,0,0,0.012658228,0.010869565,0,0,0,0,0.005025126,0,0,0,0,0,0,0,0,0,0,0,0,0,0,0,0,0,0,0,0,0,0,0,0,0,0,0,0,0,0,0,0,0,0,0,0,0,0.02173913,0,0,0,0,0,0,0,0,0,0,0,0,0.004081633,0,0.019762846,0
Bile secretion - Homo sapiens (human),0,0,0,0.180952381,0,0,0.19,0,0,0,0,0.029126214,0,0.161538462,0,0,0.043269231,0,0,0,0,0,0,0,0,0,0,0,0,0,0,0,0.009615385,0,0,0,0,0,0,0,0,0,0,0,0,0,0,0,0,0,0,0,0,0,0,0,0.008474576,0,0,0,0,0,0,0,0,0,0,0,0,0,0,0,0,0,0,0.145985401,0.168141593,0.009009009,0.00952381,0,0,0.152777778,0.142857143,0.134228188,0.008695652,0.080645161,0,0,0,0,0,0,0,0,0,0,0,0,0,0,0,0,0,0.01863354,0,0,0,0,0,0,0.007894737,0,0.00931677,0.034602076,0.034591195,0.075630252,0.087719298,0,0,0.044609665,0,0.005076142,0,0,0,0.044052863,0.004454343,0,0.057692308,0,0,0,0,0,0,0.013215859,0,0,0.002949853,0.004166667,0.005882353,0,0.002262443,0.009615385,0,0.072289157,0.086330935,0,0,0,0,0.060240964,0.106481481,0.061904762,0.01171875,0,0.021126761,0,0,0,0.060465116,0,0,0,0,0,0,0,0.015748031,0.079268293,0,0,0.065,0,0.003597122,0,0,0,0,0,0,0,0,0,0,0,0.005102041,0,0,0,0,0,0,0,0,0.075144509,0.042207792,0.033112583,0,0,0.053333333,0.068421053,0.063157895,0.030456853,0.072289157,0.023148148,0.006756757,0.007633588,0.035502959,0,0.074712644,0.003154574,0.013452915,0.158940397,0.076923077,0.12,0.067039106,0.060465116,0.073446328,0,0.154929577,0.076923077,0.012820513,0.056521739,0.031578947,0.097014925,0.046357616,0.140243902,0.063414634,0.115942029,0.077348066,0.006578947,0,0.01025641,0.004115226,0,0.070175439,0.066326531,0,0,0,0.076923077,0.118110236,0.064,0.131313131,0.008695652,0.152866242,0.178571429,0.157575758,0.079365079,0.054945055,0.023255814,1,0.008928571,0.079710145,0.052631579,0,0.014285714,0,0,0,0.008356546,0,0.037593985,0.032679739,0.077844311,0,0.018450185,0,0.053030303,0,0,0,0,0,0,0,0,0.010582011,0,0,0.005,0.02688172,0,0,0.012345679,0.004,0,0.043189369,0,0.009615385,0.043624161,0,0,0,0,0,0.024793388,0.003558719,0.010344828,0.161764706,0.013793103,0.002512563,0.131578947,0.003215434,0,0.006369427,0,0,0,0,0.008,0,0,0,0,0,0.005555556,0.00625,0,0,0.008474576,0.006329114,0.005376344,0,0,0,0,0,0,0,0,0,0,0,0.075581395,0.003436426,0,0.006622517,0
Vitamin digestion and absorption - Homo sapiens (human),0,0,0,0,0,0,0,0,0,0,0,0,0,0,0,0,0,0,0,0.016666667,0,0,0,0,0,0,0,0,0,0,0,0,0,0,0,0,0,0,0,0,0,0,0,0,0,0,0,0,0,0,0.011764706,0,0,0.008196721,0.01369863,0.011904762,0.018867925,0.020408163,0,0,0,0,0,0,0,0,0,0,0,0,0,0,0.038461538,0,0,0.022222222,0,0,0,0,0,0,0,0,0,0.014705882,0,0,0,0,0,0,0,0,0,0,0,0,0,0,0,0,0,0.010204082,0,0,0,0,0,0,0,0,0,0,0,0,0,0,0,0,0,0,0,0,0.007042254,0,0,0,0,0,0,0,0,0,0,0,0,0,0,0.005714286,0,0,0,0,0,0,0,0,0,0,0,0,0,0,0,0,0,0,0,0,0,0,0,0,0,0,0,0,0,0,0,0,0,0,0,0,0,0,0,0,0,0,0,0,0,0,0,0,0,0,0,0,0,0,0,0,0,0,0,0,0,0,0,0,0,0,0,0,0,0,0,0,0,0,0,0.013513514,0,0,0,0,0,0,0,0,0,0,0,0.008264463,0,0.011363636,0,0,0,0,0,0,0.005617978,0,0,0,0,0,0,0,0,0,0,0,0.008,0,0,0.080645161,0.008928571,1,0.012048193,0.056338028,0,0,0,0,0,0,0,0,0,0,0,0,0,0,0,0,0,0,0,0,0,0,0,0.016666667,0,0,0,0,0,0.005555556,0,0,0,0,0,0,0,0,0,0,0,0,0,0,0,0,0.003003003,0,0,0,0,0,0,0,0,0,0,0,0,0,0,0,0,0,0,0,0,0,0,0,0,0,0,0,0,0,0,0,0,0,0,0,0.012711864,0
Mineral absorption - Homo sapiens (human),0,0,0,0,0,0,0,0,0,0,0,0,0,0,0,0,0,0,0,0,0,0,0,0,0,0,0,0,0,0,0,0,0,0,0,0,0,0,0,0,0,0,0,0,0,0,0,0,0,0,0,0,0,0,0,0,0,0,0,0,0,0,0,0,0,0,0,0,0,0,0,0,0,0,0,0,0.04040404,0,0,0,0,0,0,0,0,0,0,0,0,0,0,0,0,0,0,0,0,0,0,0,0,0,0,0,0,0,0,0,0,0,0,0,0,0,0.023890785,0.075829384,0.048507463,0,0,0,0,0.011976048,0,0,0,0,0,0,0,0,0,0,0,0,0,0,0,0.005235602,0,0,0,0,0,0,0,0,0,0,0.063157895,0.013888889,0.004651163,0.088888889,0.082474227,0,0,0,0,0,0,0,0.015306122,0,0,0,0,0,0,0,0,0,0,0,0,0,0,0,0,0.004115226,0,0,0,0,0,0,0,0,0,0,0,0,0,0,0,0,0,0,0,0,0,0,0,0,0,0,0,0,0,0.006048387,0,0,0,0,0,0.065693431,0,0,0,0,0,0,0.071428571,0.052325581,0,0,0,0,0,0.082191781,0,0,0.024691358,0,0,0,0,0,0,0,0,0,0,0.102272727,0.177083333,0,0.136986301,0,0.101449275,0.0625,0.094594595,0.103092784,0.093959732,0,0.079710145,0.012048193,1,0,0.004524887,0.00617284,0,0,0,0,0,0,0,0,0,0,0,0,0,0,0,0,0,0,0,0,0,0,0,0,0,0,0.0041841,0,0,0,0,0,0,0,0,0,0,0,0,0.001694915,0,0,0,0,0.002710027,0.003690037,0.010714286,0,0,0,0,0,0,0,0,0,0,0,0,0,0,0,0.004405286,0,0,0,0,0,0,0,0,0,0,0,0,0.020408163,0.02238806,0.019607843,0,0,0,0.005050505
Cholesterol metabolism - Homo sapiens (human),0,0,0,0,0,0,0,0,0,0,0.044117647,0.03030303,0,0.008928571,0,0,0,0,0,0,0,0,0,0,0,0,0,0,0,0,0,0,0,0,0,0,0,0,0,0,0,0,0,0,0,0,0,0,0,0,0.027272727,0,0,0.006711409,0,0,0,0,0,0,0,0,0,0,0,0,0,0,0,0,0,0,0,0,0,0,0,0,0,0,0,0,0,0,0,0.043478261,0,0,0,0,0,0,0,0,0,0,0,0,0,0,0,0,0,0.076923077,0,0,0,0,0,0,0,0,0,0,0.010416667,0.013953488,0,0,0,0,0,0,0,0,0,0,0.002427184,0,0,0,0,0,0,0,0,0,0,0.022346369,0.006666667,0.009950249,0,0,0,0.005847953,0,0,0,0,0.022222222,0.014492754,0.014705882,0,0,0,0,0,0.009433962,0,0,0,0,0,0,0,0,0.007246377,0,0,0,0,0,0,0,0,0.012605042,0,0,0.012931034,0,0,0,0,0.006711409,0,0,0,0,0,0,0,0,0,0,0,0,0,0,0,0,0.00591716,0,0,0,0,0,0,0,0,0,0,0,0,0,0,0,0.03030303,0,0,0,0,0.008,0,0.008403361,0,0,0,0,0.020547945,0,0.035714286,0,0,0,0.006329114,0,0,0.01980198,0,0,0,0,0,0,0,0,0,0,0,0,0,0,0.093023256,0.052631579,0.056338028,0,1,0.013986014,0.00955414,0.004842615,0.008474576,0.015706806,0.009345794,0.007648184,0,0,0,0,0,0,0,0,0,0.003367003,0,0,0,0,0,0,0.011494253,0.02020202,0.00617284,0,0,0,0.009708738,0.004716981,0,0,0.004524887,0,0.014869888,0,0,0,0,0,0,0,0.003937008,0,0,0,0,0.011070111,0,0,0,0,0,0,0,0,0,0,0,0,0,0,0,0,0,0,0,0,0,0,0,0,0,0,0,0,0,0,0,0.016,0,0.023076923,0
Alzheimer disease - Homo sapiens (human),0.002222222,0.009756098,0,0,0,0,0,0,0,0,0,0,0,0,0.2304038,0.004950495,0,0,0,0,0,0,0.002320186,0,0,0.00462963,0,0,0,0,0,0,0,0,0,0,0,0,0,0,0,0,0,0,0,0,0,0,0,0,0.002247191,0.017817372,0,0,0,0.002252252,0,0,0,0,0,0,0,0,0,0,0,0,0,0,0,0,0,0,0,0,0,0,0,0,0,0,0,0,0,0,0.008196721,0,0,0,0,0,0,0,0,0.088607595,0,0,0,0,0,0.00255102,0,0.002183406,0,0,0,0.002358491,0,0,0.071090047,0.058690745,0.067125645,0.066427289,0.083333333,0.099800399,0.072695035,0.010416667,0.008333333,0.053016453,0.029535865,0.04670913,0.066252588,0.045652174,0.067940552,0.049309665,0.013586957,0.001960784,0.038306452,0.015555556,0,0,0,0.02970297,0.038724374,0.096033403,0.031657356,0.001941748,0.006339144,0.040776699,0.002150538,0.132075472,0.046808511,0.032719836,0.127982646,0.055803571,0.042056075,0.034825871,0.014319809,0.046242775,0.099796334,0.087759815,0.049115914,0.052845528,0.135245902,0.023094688,0.011494253,0.006315789,0.042357274,0.059808612,0.069529652,0.068893528,0.079840319,0.00486618,0.039076377,0,0,0.017897092,0.027881041,0.080091533,0.116525424,0,0.038854806,0.002169197,0.057090239,0.002463054,0.05856833,0.05380334,0.027149321,0.015909091,0.096629213,0.024208566,0.012578616,0.051020408,0.041394336,0.032537961,0.037974684,0.072527473,0.063926941,0.051162791,0.027777778,0.075921909,0.016326531,0.002314815,0.004807692,0.054824561,0.196116505,0.092009685,0,0.084051724,0.141630901,0.048421053,0.068817204,0.050632911,0.008528785,0.068322981,0.044705882,0.008578431,0.01511879,0.017283951,0.054704595,0.042517007,0.078674948,0.028446389,0.071910112,0.006944444,0.042918455,0.067346939,0.125290023,0.055813953,0.02,0.063157895,0.04137931,0.067460317,0.051391863,0.035128806,0.055944056,0.043290043,0.062111801,0.029816514,0.035940803,0.069212411,0.051344743,0.051282051,0.268235294,0.07079646,0.115942029,0.081545064,0.047808765,0.011848341,0.002444988,0.029339853,0.011574074,0,0,0,0.03930131,0.036036036,0.025316456,0.033573141,0.002057613,0,0,0,0.004524887,0.013986014,1,0.470588235,0.380073801,0.413934426,0.217090069,0.483069977,0.631878558,0.023640662,0.046189376,0,0.014354067,0.04007286,0.015418502,0,0.0248307,0.075925926,0.074957411,0.102787456,0.047835991,0.025581395,0.056795132,0.022172949,0.070484581,0.02184466,0.009302326,0.046413502,0.038461538,0,0.072243346,0.082,0.083333333,0.076131687,0.107272727,0.075581395,0.115444618,0.070671378,0.115830116,0.037037037,0.091247672,0.099630996,0.038785835,0.117216117,0.008741259,0.038869258,0.002212389,0.105065666,0.038922156,0.049295775,0.288747346,0.075514874,0.046189376,0.062355658,0.065060241,0.0625,0.068888889,0.02184466,0.092909535,0.04587156,0.024096386,0.057471264,0.061176471,0.046153846,0.055555556,0.137044968,0.133470226,0.136460554,0.041284404,0.045553145,0.072562358,0.002415459,0.002293578,0.013544018,0.005802708,0.01059322,0.004761905,0.011876485,0.002375297,0.019354839,0.017660044,0.016949153,0.292951542,0.011389522,0.123827392,0.065173116
Parkinson disease - Homo sapiens (human),0,0.01369863,0,0,0,0,0,0,0,0,0,0,0,0,0.320132013,0,0.002544529,0,0,0,0.00660066,0,0,0,0,0.006369427,0.006993007,0.010033445,0.007142857,0.006535948,0,0,0,0,0,0,0,0,0,0,0,0,0,0,0,0,0,0,0,0,0,0.00295858,0,0,0,0,0,0,0,0,0,0,0,0,0,0,0,0,0,0,0,0,0,0,0.003436426,0,0,0,0,0,0,0,0.005970149,0,0,0,0,0.004739336,0,0,0,0,0,0,0,0.126353791,0.003472222,0,0,0,0,0,0,0.002941176,0,0,0,0.003267974,0,0,0.025641026,0.023323615,0.030800821,0.032537961,0.067510549,0.056097561,0.054112554,0,0,0.017777778,0.005434783,0.013513514,0.007614213,0.03125,0.02393617,0.00729927,0.0048,0.00255102,0.047493404,0.021084337,0.035532995,0,0,0,0.046439628,0.027777778,0.045563549,0.002518892,0.005836576,0.045,0.002881844,0,0.006493506,0,0.080645161,0.020114943,0.015479876,0.034722222,0.019933555,0.036585366,0.047146402,0.096273292,0.050505051,0.041666667,0.025882353,0,0.009404389,0,0.018181818,0.00619195,0.046511628,0.007672634,0,0,0.006465517,0,0,0,0.038186158,0.095975232,0,0,0.029023747,0.002915452,0.020134228,0,0.008174387,0.034482759,0.009009009,0,0.036414566,0.002320186,0,0.005063291,0.011235955,0.011299435,0.010810811,0.010928962,0,0.012121212,0.002762431,0.016129032,0.010638298,0,0,0.064516129,0.257575758,0.057142857,0.008797654,0.051912568,0.169491525,0.029810298,0.041208791,0.046831956,0.020114943,0.105555556,0.021943574,0.02173913,0.011494253,0.024390244,0.06744868,0,0.033333333,0.032258065,0.068452381,0.016025641,0.027932961,0.049222798,0.054597701,0.012048193,0.03021148,0.015748031,0.009036145,0.057934509,0.053672316,0.025316456,0.056782334,0.058139535,0.031331593,0.027950311,0.033333333,0.009174312,0.009708738,0.008086253,0.264264264,0.016666667,0.039506173,0.043243243,0.012406948,0,0,0,0.012698413,0.013071895,0,0,0.046783626,0.06875,0.013774105,0,0,0,0.014285714,0,0.00617284,0.00955414,0.470588235,1,0.396895787,0.448101266,0.152112676,0.526912181,0.443579767,0.05704698,0.077170418,0.025862069,0,0.058411215,0,0.01607717,0.01510574,0.057077626,0.032193159,0.06846473,0.042682927,0.012539185,0.010025063,0,0.022222222,0,0,0.029972752,0.016574586,0,0.044496487,0.019277108,0.026378897,0.030534351,0.051391863,0.025821596,0.013582343,0.038297872,0.052631579,0.013020833,0.063636364,0.048245614,0.012195122,0.041830065,0.008791209,0.019522777,0,0.028384279,0.005235602,0.019189765,0.293650794,0.023255814,0,0.020895522,0.009345794,0.042813456,0.008333333,0.006644518,0.006116208,0.005952381,0.003267974,0.008849558,0,0.01994302,0.021148036,0.00486618,0.014018692,0.004842615,0.002985075,0.011111111,0.002824859,0,0,0,0,0,0,0,0,0,0,0.014005602,0.310055866,0.009287926,0.073660714,0.043814433
Amyotrophic lateral sclerosis - Homo sapiens (human),0,0.01025641,0,0,0,0,0,0,0,0,0,0,0,0,0.241895262,0.005208333,0,0,0,0,0,0,0,0,0,0.004854369,0,0,0,0.002469136,0,0,0,0,0,0,0.016908213,0,0,0,0,0,0,0,0,0,0,0,0,0,0,0.004597701,0,0,0,0,0,0,0,0,0,0,0,0.002544529,0,0,0,0,0,0,0,0,0,0,0,0,0,0,0,0,0,0,0,0,0,0,0.012875536,0,0.090069284,0.024444444,0,0,0,0,0.015904573,0.093333333,0.002590674,0.004705882,0,0,0,0,0,0,0,0,0,0.002475248,0,0,0.034591195,0.015837104,0.013513514,0.028673835,0.025466893,0.017241379,0.015625,0.004573171,0.006507592,0.003610108,0.010799136,0.006382979,0.010204082,0.004357298,0.027659574,0.001956947,0.009735744,0.002040816,0.020618557,0.021028037,0.001980198,0,0,0.03125,0.040572792,0.076759062,0.040935673,0,0.009852217,0.048780488,0.006772009,0.013645224,0.012693935,0.006224066,0.070663812,0.02027027,0.007092199,0.028571429,0.0125,0.019493177,0.033797217,0.073809524,0.011811024,0.002012072,0.013282732,0,0.002386635,0.002188184,0.011111111,0.02919708,0.024439919,0.031446541,0.003853565,0,0.008928571,0,0,0.006944444,0.026974952,0.043879908,0.007952286,0,0.014553015,0.004545455,0.020257827,0,0.019607843,0.035916824,0.018779343,0.004705882,0.026315789,0.0056926,0.002164502,0.018518519,0.017777778,0.020134228,0.021645022,0.021834061,0.013636364,0.018867925,0.002173913,0.028077754,0.014861996,0,0,0.019911504,0.213849287,0.033573141,0.002267574,0.023305085,0.11790393,0.030172414,0.006329114,0.004201681,0.002212389,0.033333333,0.00952381,0,0.002227171,0,0.015384615,0.011945392,0.004008016,0.004464286,0.017817372,0,0.008658009,0.006,0,0.009302326,0.023310023,0.012526096,0.011682243,0.015686275,0.015086207,0,0.014051522,0.004347826,0.014403292,0.004683841,0.006423983,0.00234192,0.004901961,0.006396588,0.221176471,0.01978022,0.003868472,0.018947368,0.022222222,0.002463054,0,0,0,0.014925373,0,0,0.004405286,0.006864989,0.006479482,0,0,0,0,0,0,0.004842615,0.380073801,0.396895787,1,0.502242152,0.157534247,0.418708241,0.538461538,0.017241379,0.030952381,0,0.017632242,0.012867647,0.006849315,0.004854369,0.014018692,0.064516129,0.062608696,0.102517986,0.018518519,0.01937046,0.026639344,0.013793103,0.015250545,0.0025,0.002421308,0.032537961,0.008658009,0,0.042145594,0.027613412,0.037475345,0.026530612,0.042477876,0.04288499,0.013119534,0.020905923,0.056818182,0.029377203,0.069943289,0.049180328,0.013605442,0.017045455,0.009057971,0.016100179,0,0.023381295,0.005970149,0.006993007,0.22037422,0.020408163,0.004640371,0.016166282,0.009569378,0.006880734,0.013186813,0.007537688,0.004705882,0.006928406,0.002475248,0.009174312,0.004662005,0.022421525,0.016317016,0.005905512,0.013333333,0.007858546,0.00462963,0.004347826,0.027210884,0.002538071,0,0.002336449,0.006036217,0.002192982,0.002493766,0.002469136,0,0.006651885,0.004555809,0.006564551,0.221982759,0.016786571,0.068265683,0.028629857
Huntington disease - Homo sapiens (human),0,0.012048193,0,0,0,0,0,0,0,0,0,0,0,0,0.282798834,0,0,0,0,0,0,0,0,0,0,0,0,0,0,0,0,0,0,0,0,0,0.019662921,0,0,0,0,0,0,0,0,0,0,0,0,0,0,0.013368984,0,0,0,0,0,0,0,0,0,0,0,0,0,0,0,0,0,0,0,0,0,0,0,0,0,0,0,0,0,0,0,0,0,0,0,0,0,0,0,0.042944785,0.014450867,0,0,0.110410095,0,0.005449591,0,0,0,0,0,0.005277045,0,0,0,0.002890173,0,0,0.016949153,0.012953368,0.01119403,0.013752456,0.032136106,0.046460177,0.037401575,0,0,0.010141988,0.002444988,0.007281553,0.013921114,0.01511335,0.02905569,0.013392857,0.010590015,0.011682243,0.002293578,0.021563342,0,0,0.00295858,0.036809816,0.024390244,0.051764706,0.017094017,0.00921659,0.022018349,0.043280182,0.005181347,0.006535948,0.016949153,0.026442308,0.057416268,0.044973545,0.013774105,0.036809816,0.00872093,0.028761062,0.022123894,0.085635359,0.027027027,0.013824885,0.021459227,0.011080332,0,0.007556675,0,0.002747253,0.034883721,0.016393443,0.004338395,0,0.005952381,0,0,0.005333333,0.030368764,0.067750678,0.002232143,0,0.014150943,0.002610966,0.031185031,0,0.012345679,0.027253669,0.013477089,0.013736264,0.012345679,0.006396588,0,0.002293578,0.015228426,0.007594937,0.009756098,0.009852217,0,0.010810811,0,0.037220844,0,0,0.002949853,0.033333333,0.251162791,0.036111111,0.035040431,0.019184652,0.158163265,0.03960396,0.034567901,0.019417476,0.005089059,0.060532688,0.025210084,0,0.010309278,0,0.02278481,0,0.011415525,0.034300792,0.025706941,0,0.007407407,0.032482599,0.032994924,0.008042895,0.055401662,0.028915663,0.016260163,0.013215859,0.040302267,0,0.019021739,0.033248082,0.035714286,0.039215686,0.035175879,0.016483516,0.014409222,0.029850746,0.229333333,0.022670025,0.031319911,0.046683047,0.018181818,0,0,0,0.04057971,0.035502959,0,0,0.015306122,0.018666667,0.014925373,0.011461318,0,0,0,0,0,0.008474576,0.413934426,0.448101266,0.502242152,1,0.223433243,0.465822785,0.472693032,0.034985423,0.044568245,0.002525253,0.020648968,0.024948025,0.01055409,0,0.010752688,0.056722689,0.039473684,0.086105675,0.010582011,0.01396648,0.013729977,0,0.022556391,0.014792899,0,0.019512195,0.014925373,0,0.027484144,0.017582418,0.046979866,0.025345622,0.043222004,0.028017241,0.032414911,0.047619048,0.041666667,0.011124845,0.071729958,0.025742574,0.005607477,0.029520295,0.016293279,0.042944785,0,0.007889546,0.011494253,0.017681729,0.265550239,0.02617801,0.00536193,0.018666667,0.008310249,0.007936508,0.030690537,0.008823529,0.005449591,0.005319149,0.002890173,0.010582011,0.002688172,0.017902813,0.016129032,0.008908686,0.006369427,0.006637168,0.005347594,0.012531328,0.002538071,0,0,0,0.002267574,0,0,0,0,0,0,0,0.285353535,0.011049724,0.042,0.013667426
Spinocerebellar ataxia - Homo sapiens (human),0,0,0,0,0,0,0,0,0,0,0,0,0,0,0.003623188,0,0,0,0,0,0,0,0,0,0,0,0,0,0,0,0,0,0,0,0,0,0,0,0,0,0,0,0,0,0,0,0,0,0,0,0,0.038461538,0,0,0,0,0,0,0,0,0,0,0,0,0,0,0,0,0,0,0,0,0,0,0,0,0,0,0,0,0,0,0,0,0,0,0.004,0,0,0,0,0,0.02173913,0,0,0.227272727,0,0,0,0,0,0,0,0,0,0,0,0.005464481,0,0,0.028235294,0.075471698,0.049861496,0.06006006,0.084985836,0.076388889,0.073746313,0,0,0.046875,0.008163265,0.054393305,0.049808429,0.076233184,0.091666667,0.058181818,0.024340771,0,0.011070111,0.004651163,0,0,0,0.073619632,0.038647343,0.122529644,0.029605263,0,0,0.003401361,0,0.052816901,0.024742268,0.043478261,0.073076923,0.064220183,0.051282051,0.035502959,0.010989011,0.037800687,0.075539568,0.013215859,0.042704626,0.041353383,0.0330033,0.02020202,0,0.004237288,0.025236593,0.063157895,0.064150943,0.050387597,0,0,0.048780488,0.004347826,0,0,0.012987013,0.054794521,0.032490975,0,0.068,0.004545455,0.081168831,0,0.05106383,0.048076923,0.019138756,0,0.064655172,0.033444816,0,0.033962264,0.017167382,0.02173913,0.020325203,0.05106383,0.046511628,0.065656566,0.052631579,0.058091286,0.036290323,0,0.005681818,0.085972851,0.00536193,0.09947644,0.00913242,0.052208835,0.069852941,0.103004292,0.089361702,0.048979592,0.01754386,0.091269841,0.091397849,0,0.031531532,0,0.090497738,0.024793388,0.048689139,0.040909091,0.058295964,0,0.051502146,0.072243346,0.033898305,0.059701493,0.053140097,0.081967213,0.039215686,0.042105263,0.046025105,0.046875,0.039215686,0.047826087,0.066666667,0.045226131,0.050632911,0.106951872,0.061797753,0.05907173,0.060498221,0.08,0.031141869,0.10041841,0.025179856,0,0,0.052631579,0.042553191,0,0,0,0.049107143,0.052884615,0.060606061,0.079545455,0,0,0,0,0,0.015706806,0.217090069,0.152112676,0.157534247,0.223433243,1,0.185185185,0.19729207,0.049180328,0.070707071,0.017391304,0.063953488,0.02484472,0.028037383,0.005208333,0.014285714,0.014925373,0.083333333,0.031578947,0.013888889,0.005025126,0.052631579,0.00456621,0.074561404,0.046511628,0,0.032388664,0.060606061,0,0.02866242,0.038062284,0.059027778,0.048327138,0.069767442,0.057239057,0.037199125,0.067251462,0.06984127,0.018662519,0.112903226,0.066066066,0.033057851,0.036923077,0.005988024,0.045180723,0,0.048192771,0.022573363,0.041055718,0.060869565,0.065116279,0.044334975,0.063106796,0.046875,0.063414634,0.043478261,0,0,0.04368932,0,0.042857143,0.05,0.049107143,0.0591133,0.039426523,0.043624161,0.035460993,0.049261084,0.075892857,0.045045045,0,0,0.004830918,0.007220217,0,0,0,0,0.013043478,0.013824885,0.012711864,0.101910828,0.004950495,0.071856287,0.048327138
Prion disease - Homo sapiens (human),0,0.013377926,0,0,0,0,0,0,0,0,0,0,0,0,0.312903226,0,0,0,0,0,0,0,0,0,0,0,0,0,0,0,0,0,0,0,0,0,0,0,0,0,0,0,0,0,0,0,0,0,0,0,0,0.008746356,0,0,0,0,0,0,0,0,0,0,0,0,0,0,0,0,0,0,0,0,0,0,0,0,0,0,0,0,0,0,0,0,0,0,0.01061008,0,0,0,0,0,0,0,0.014492754,0.123239437,0.003389831,0,0,0,0.007272727,0,0,0,0,0,0,0.003194888,0,0,0.069811321,0.037681159,0.040899796,0.036480687,0.066528067,0.081081081,0.07860262,0.008880995,0.008108108,0.040268456,0.016172507,0.02688172,0.041237113,0.024930748,0.053763441,0.02184466,0.012759171,0.002506266,0.043927649,0.014662757,0,0,0,0,0.026785714,0.048101266,0.039906103,0,0.0234375,0.059850374,0.002824859,0.023866348,0.039800995,0.034120735,0.093582888,0.058479532,0.05015674,0.026936027,0.012903226,0.035971223,0.077889447,0.111111111,0.060150376,0.032994924,0.042352941,0.003021148,0.012307692,0.008241758,0.038812785,0.067524116,0.03,0.080862534,0.002331002,0,0.044052863,0.002777778,0.004672897,0.026865672,0.04,0.07761194,0.032258065,0.028653295,0.05026455,0.026315789,0.064367816,0,0.056022409,0.055427252,0.023880597,0.009009009,0.077142857,0.016203704,0.010869565,0.046632124,0.039660057,0.042857143,0.043835616,0.064971751,0.04719764,0.059006211,0.033519553,0.084507042,0.045945946,0.003115265,0.003267974,0.051136364,0.281725888,0.0625,0.002857143,0.056603774,0.189265537,0.060273973,0.078212291,0.037533512,0.02259887,0.094594595,0.018348624,0.004231312,0.014124294,0,0.06,0.035051546,0.040609137,0.055882353,0.063953488,0.009345794,0.050420168,0.081364829,0.033149171,0.048929664,0.051359517,0.039577836,0.01183432,0.049140049,0.055555556,0.027950311,0.049079755,0.056980057,0.07486631,0.062893082,0.052777778,0.046583851,0.052805281,0.055401662,0.308868502,0.07183908,0.056790123,0.100840336,0.040100251,0.009584665,0,0.026490066,0.009287926,0.03257329,0,0,0.019553073,0.017492711,0.013513514,0.022364217,0,0,0.008356546,0,0,0.009345794,0.483069977,0.526912181,0.418708241,0.465822785,0.185185185,1,0.415879017,0.066225166,0.085714286,0.011111111,0.026229508,0.050228311,0.029411765,0.009375,0.03003003,0.082949309,0.054766734,0.092050209,0.054380665,0.041009464,0.053984576,0.041666667,0.062322946,0.009771987,0.009375,0.060606061,0.050420168,0.010928962,0.058411215,0.04368932,0.0875,0.081364829,0.0969163,0.057142857,0.044982699,0.087912088,0.071100917,0.024804178,0.091954023,0.068281938,0.06092437,0.033419023,0.006479482,0.06,0,0.052863436,0.017452007,0.058951965,0.340540541,0.055882353,0.030120482,0.048048048,0.037617555,0.026548673,0.054131054,0.009771987,0.005988024,0.029850746,0.006410256,0.029498525,0.027190332,0.033994334,0.042296073,0.026894866,0.025581395,0.024271845,0.023880597,0.036312849,0.061583578,0.00330033,0,0.011976048,0.032828283,0.013850416,0.003225806,0.012861736,0,0.019662921,0.014492754,0.025,0.363896848,0.021472393,0.111617312,0.06185567
Pathways of neurodegeneration - multiple diseases - Homo sapiens (human),0,0.007968127,0,0,0,0,0,0,0,0,0,0,0,0,0.189083821,0.004032258,0,0,0,0,0,0,0.001912046,0,0,0.003816794,0,0,0,0.001934236,0,0,0,0,0,0,0.013307985,0,0,0,0,0,0,0,0,0,0,0,0,0,0,0.012915129,0,0,0,0.001865672,0,0,0,0,0,0,0,0.001980198,0,0,0,0,0,0,0,0,0,0,0,0,0,0,0,0,0,0,0,0,0,0,0.006896552,0.003164557,0,0.003502627,0,0,0,0,0.001607717,0.071868583,0.002008032,0,0,0,0,0,0,0.001818182,0,0,0,0.001937984,0,0,0.07093185,0.046641791,0.051698671,0.057010786,0.091463415,0.069883527,0.065749235,0.011811024,0.008756567,0.030864198,0.026548673,0.033568905,0.039383562,0.034296029,0.058718861,0.02800659,0.01946472,0.00166113,0.04475043,0.018552876,0.021487603,0,0.001968504,0.024193548,0.06407767,0.086267606,0.047001621,0,0.009722222,0.038016529,0.005405405,0.089655172,0.029776675,0.005050505,0.096774194,0.023550725,0.011278195,0.038854806,0.015717092,0.053067993,0.08034188,0.074427481,0.055649241,0.049913941,0.129370629,0.013257576,0.011406844,0.005291005,0.039494471,0.049019608,0.064013841,0.048611111,0.069256757,0.003976143,0.027314112,0,0,0.014842301,0.027070064,0.074285714,0.087873462,0,0.023890785,0.003623188,0.048818898,0,0.041292639,0.064516129,0.028248588,0.009363296,0.064220183,0.009433962,0.00877193,0.042955326,0.038251366,0.030852995,0.035460993,0.046931408,0.033333333,0.042145594,0.015957447,0.053763441,0.018998273,0.001908397,0.003937008,0.071028037,0.176079734,0.096969697,0.005444646,0.075949367,0.144954128,0.05734767,0.057450628,0.049822064,0.01618705,0.083778966,0.053045187,0.012168142,0.014440433,0.014084507,0.060998152,0.023222061,0.038983051,0.038817006,0.083809524,0.001901141,0.024822695,0.044142615,0.118217054,0.034090909,0.037664783,0.043706294,0.018691589,0.073253833,0.044802867,0.001876173,0.046065259,0.049360146,0.044905009,0.024621212,0.037433155,0.044487427,0.01953125,0.019197208,0.204198473,0.060773481,0.105078809,0.064285714,0.043918919,0.009727626,0,0.01183432,0.015355086,0.011673152,0,0,0.038391225,0.043478261,0.032142857,0.011605416,0,0,0,0,0,0.007648184,0.631878558,0.443579767,0.538461538,0.472693032,0.19729207,0.415879017,1,0.029411765,0.066536204,0.007104796,0.021782178,0.039184953,0.003629764,0.003816794,0.02247191,0.073365231,0.075892857,0.105182927,0.04743833,0.025,0.042517007,0.027881041,0.045207957,0.026,0.005736138,0.042553191,0.028469751,0,0.075409836,0.053244592,0.072268908,0.051282051,0.093603744,0.05203252,0.087601078,0.04491018,0.107438017,0.027027027,0.074484945,0.095541401,0.033576642,0.107810781,0.015174507,0.025641026,0.001838235,0.098387097,0.030144168,0.036144578,0.230633803,0.052434457,0.022514071,0.03564728,0.038910506,0.053537285,0.034296029,0.021912351,0.080160321,0.024299065,0.019723866,0.029850746,0.026465028,0.023423423,0.039848197,0.100706714,0.108433735,0.102292769,0.016759777,0.030520646,0.050185874,0.001976285,0.003795066,0.011214953,0.004926108,0.008865248,0.005870841,0.01171875,0,0.017985612,0.016544118,0.01598579,0.243589744,0.011320755,0.11993517,0.04770017
Cocaine addiction - Homo sapiens (human),0,0,0,0,0,0,0,0,0,0,0,0,0,0,0,0,0.005681818,0,0,0,0.023255814,0,0,0,0,0.020618557,0.028985507,0.049382716,0.048387097,0.034090909,0,0,0,0,0,0,0,0,0,0,0,0,0,0,0,0,0,0,0,0,0,0,0,0,0,0,0,0,0,0,0,0,0,0,0,0,0,0,0,0,0,0,0,0,0.013513514,0,0,0,0,0,0,0,0.016949153,0,0,0,0,0,0,0,0,0,0,0,0,0,0,0,0,0,0,0,0,0,0,0,0,0,0,0,0.026946108,0.007518797,0.032608696,0.036,0.032142857,0.069306931,0.125,0,0,0.038793103,0.013245033,0.012820513,0,0,0.030674847,0.020725389,0.032663317,0,0.022727273,0,0,0,0,0,0.025423729,0.016042781,0.00921659,0,0,0,0,0,0.033333333,0.042944785,0.022099448,0.131147541,0.037383178,0,0,0,0.009852217,0,0.099447514,0.028089888,0.018604651,0,0.029411765,0,0.017621145,0,0.038674033,0.029069767,0.004878049,0,0.004016064,0,0,0,0.018691589,0.078740157,0,0,0.048484848,0.007936508,0.008438819,0,0.02,0.013043478,0.017094017,0.018181818,0.02,0,0,0,0.028776978,0.02173913,0.019480519,0.02,0.0234375,0,0,0.087837838,0.01875,0,0.012195122,0.114503817,0.048507463,0.094339623,0.024193548,0.030674847,0.042328042,0.131944444,0.102040816,0.086666667,0.053435115,0.206666667,0.048076923,0.006185567,0.022727273,0.013157895,0.035211268,0,0.016393443,0.125,0.051851852,0.052631579,0.048611111,0.112426036,0.102941176,0.025862069,0.137614679,0.017964072,0.017241379,0.046391753,0.090909091,0.080808081,0.082568807,0.113636364,0.133757962,0.151515152,0.131386861,0,0,0.060810811,0.02,0.020547945,0.096774194,0.119205298,0.010582011,0,0,0,0.040816327,0.134146341,0,0,0.036764706,0.068376068,0.013422819,0,0,0,0.037593985,0,0,0,0.023640662,0.05704698,0.017241379,0.034985423,0.049180328,0.066225166,0.029411765,1,0.421686747,0.06870229,0.098765432,0.191919192,0,0.042105263,0.025862069,0.012345679,0.010238908,0.010169492,0.050420168,0.019230769,0.016393443,0.024390244,0.048611111,0,0,0.032051282,0.04137931,0,0.013274336,0.009803922,0.065656566,0.016216216,0.078740157,0.009174312,0.035422343,0.066929134,0.016736402,0.003577818,0.012096774,0.023529412,0.010791367,0.019332162,0.008333333,0.067510549,0,0.011952191,0.002793296,0.0875,0.011152416,0.007462687,0.008547009,0.016260163,0,0,0.073529412,0,0,0,0,0.016260163,0.01754386,0.014388489,0,0.005128205,0,0,0,0.006849315,0.022222222,0,0,0.027027027,0.010928962,0.007092199,0,0,0,0,0,0.035714286,0.008,0,0.015384615,0.016216216
Amphetamine addiction - Homo sapiens (human),0,0,0,0,0,0,0,0,0,0,0,0,0,0,0,0,0.005102041,0,0,0,0.018867925,0,0,0,0,0.017094017,0.02247191,0.03960396,0.036585366,0.027777778,0,0,0,0,0,0,0,0,0,0,0,0,0,0,0,0,0,0,0,0,0,0,0,0,0,0,0,0,0,0,0,0,0,0,0,0,0,0,0,0,0.009615385,0,0,0,0.010638298,0,0,0,0,0,0,0,0.014492754,0,0,0,0,0,0,0.018404908,0,0,0,0,0,0,0,0,0,0,0,0,0,0,0,0,0,0,0,0,0.049132948,0.054794521,0.055363322,0.056818182,0.111510791,0.134615385,0.178861789,0,0,0.01953125,0.005813953,0.040935673,0.005025126,0.064102564,0.016216216,0.014018692,0.031100478,0.010309278,0.129943503,0,0,0,0.00990099,0,0.014388489,0.014492754,0.008438819,0,0,0,0,0.013513514,0.026699029,0.043956044,0.014851485,0.112676056,0.056451613,0,0,0.017857143,0.081730769,0.012987013,0.171122995,0.109289617,0.071748879,0.015873016,0.024590164,0,0.041493776,0.066666667,0.06122449,0.053475936,0.013452915,0,0.02661597,0,0,0,0.021459227,0.060810811,0,0,0.043243243,0.006849315,0.019685039,0,0.011695906,0.003968254,0,0,0.08125,0,0,0.041666667,0.01875,0.045454545,0.041176471,0.042168675,0.055944056,0.007352941,0.018404908,0.071005917,0.016666667,0,0.009803922,0.23880597,0.045138889,0.346534653,0.027972028,0.08045977,0.06372549,0.165605096,0.144654088,0.089285714,0.060402685,0.358108108,0.057377049,0.028340081,0.026490066,0.077777778,0.151724138,0.010169492,0.067357513,0.192307692,0.157142857,0.043478261,0.023952096,0.130434783,0.172413793,0.01459854,0.142857143,0.043956044,0,0.167539267,0.205479452,0.040983607,0.169491525,0.237037037,0.1,0.145299145,0.121794872,0.0390625,0.017699115,0.06626506,0.013574661,0.018072289,0.103448276,0.125,0.004761905,0,0,0.029126214,0.060869565,0.107843137,0,0,0.102739726,0.150793651,0.030120482,0.01754386,0,0,0.032679739,0,0,0,0.046189376,0.077170418,0.030952381,0.044568245,0.070707071,0.085714286,0.066536204,0.421686747,1,0.059602649,0.112244898,0.219047619,0,0.043859649,0.007246377,0.007575758,0.003174603,0.006329114,0.066176471,0,0.009803922,0.020979021,0.017857143,0.029126214,0,0,0.042682927,0,0.073275862,0,0.069444444,0.009708738,0.113636364,0.008403361,0.033591731,0.077777778,0.060483871,0.005190311,0.01119403,0.064393939,0.016891892,0.039861352,0.011583012,0.062256809,0,0.049808429,0.016085791,0.084942085,0.006896552,0.013071895,0.00729927,0,0,0.11627907,0.050632911,0,0,0,0,0.013986014,0,0,0.02173913,0.009345794,0.012820513,0,0,0.030864198,0.046357616,0,0,0.007518797,0.009852217,0.0125,0,0,0,0.012738854,0.013888889,0.044303797,0.038167939,0,0.075757576,0.045226131
Morphine addiction - Homo sapiens (human),0,0,0,0,0,0,0,0,0,0,0,0,0,0,0,0,0.128865979,0,0,0,0,0,0,0,0,0,0,0,0,0,0,0,0,0,0,0,0,0,0,0,0,0,0,0,0,0,0,0,0,0,0,0,0,0,0,0,0,0,0,0,0,0,0,0,0,0,0,0,0,0,0,0,0,0,0,0,0,0,0,0,0,0,0,0,0,0,0,0,0,0,0,0,0,0,0,0,0,0,0,0,0,0,0,0,0,0,0,0,0,0,0.029411765,0.01734104,0.075657895,0.059859155,0.064308682,0.066115702,0.094736842,0,0,0.164609053,0.005154639,0.015228426,0,0.016216216,0.034482759,0.048245614,0.055944056,0,0.057142857,0,0,0,0,0,0,0.013100437,0,0,0.020895522,0,0,0.012295082,0.042154567,0,0,0.071428571,0.085106383,0,0,0,0,0,0.075892857,0.076555024,0.023529412,0,0.05,0,0.014869888,0.020408163,0.16751269,0,0,0,0.010380623,0,0,0,0.011673152,0.125786164,0,0,0.08040201,0,0.010791367,0,0,0,0,0,0,0,0,0.01369863,0,0,0,0,0.005813953,0.006329114,0.016216216,0,0.030150754,0,0,0.278911565,0.041935484,0.053333333,0.018072289,0,0.350282486,0.25,0.243902439,0.22754491,0.512605042,0.205405405,0.063380282,0.029126214,0.127388535,0.017094017,0.092485549,0.003134796,0.017857143,0.099378882,0.088757396,0.100775194,0.09039548,0.116504854,0.11627907,0,0.106666667,0.029126214,0,0.108597285,0.03125,0.13740458,0.103448276,0.105263158,0.202185792,0.106382979,0.145348837,0.076388889,0.014814815,0.005050505,0,0.010582011,0.083700441,0.098958333,0,0,0,0.024,0.066666667,0.0546875,0,0,0.095808383,0.128378378,0.072222222,0.00729927,0,0,0.077844311,0,0,0,0,0.025862069,0,0.002525253,0.017391304,0.011111111,0.007104796,0.06870229,0.059602649,1,0.201834862,0.107569721,0,0.052238806,0,0,0,0,0.018292683,0,0,0.005988024,0.032085561,0.024,0,0.020100503,0.043243243,0,0,0,0.012,0,0.132616487,0.007692308,0.009569378,0.03986711,0.063432836,0,0,0.086021505,0.009375,0.061433447,0,0.010273973,0,0.020689655,0.007537688,0.082142857,0,0,0,0,0,0.018404908,0,0,0,0,0,0,0,0,0.01875,0,0.01171875,0,0,0.016129032,0,0,0,0,0,0,0,0,0,0,0,0.074712644,0.010309278,0,0.003278689,0
Nicotine addiction - Homo sapiens (human),0,0,0,0,0,0,0,0,0,0,0,0,0,0,0,0,0,0,0,0,0,0,0,0,0,0,0,0,0,0,0,0,0,0,0,0,0,0,0,0,0,0,0,0,0,0,0,0,0,0,0,0,0,0,0,0,0,0,0,0,0,0,0,0,0,0,0,0,0,0,0,0,0,0,0,0,0,0,0,0,0,0,0,0,0,0,0,0,0,0,0,0,0,0,0,0,0,0,0,0,0,0,0,0,0,0,0,0,0,0,0.006024096,0,0.010989011,0.012145749,0.025641026,0,0.044,0,0,0,0,0,0,0,0,0,0.092391304,0,0,0,0,0,0,0,0,0,0,0,0,0,0,0,0,0,0,0,0,0,0,0,0,0,0,0,0,0,0,0,0,0,0,0,0,0,0,0,0,0,0,0,0,0,0,0,0,0,0,0,0,0,0,0,0,0,0,0,0,0,0,0,0,0,0,0,0,0.0703125,0,0.07,0.053571429,0,0.182389937,0.107913669,0.040816327,0.033557047,0.205607477,0.048780488,0.041666667,0,0.058823529,0,0,0,0,0,0,0,0,0,0,0,0,0,0,0,0,0,0,0,0,0,0,0,0.023809524,0,0,0,0,0,0,0,0,0,0,0,0,0,0,0,0,0,0,0,0,0,0,0,0.014354067,0,0.017632242,0.020648968,0.063953488,0.026229508,0.021782178,0.098765432,0.112244898,0.201834862,1,0.031818182,0,0,0,0,0,0,0,0,0,0,0,0,0,0,0,0,0,0,0,0,0,0,0,0,0,0,0,0,0,0,0.004310345,0,0,0,0,0.020242915,0,0,0,0,0,0,0,0,0,0,0,0,0,0,0,0,0,0,0,0,0,0,0,0,0.011494253,0,0,0,0,0,0,0,0,0,0,0
Alcoholism - Homo sapiens (human),0,0,0,0,0,0,0,0,0,0,0,0,0,0,0,0,0.003184713,0,0,0,0.008928571,0,0,0,0,0.008510638,0.009661836,0.01826484,0.015,0.013274336,0,0,0,0,0,0,0,0,0,0,0,0,0,0,0,0,0,0,0,0,0,0,0,0,0,0,0,0,0,0,0,0,0,0,0,0,0,0,0,0,0,0,0,0,0.004716981,0,0,0,0,0,0,0,0.0078125,0,0,0,0,0,0,0.010676157,0,0,0,0,0,0,0,0,0,0,0,0,0,0,0,0,0,0,0,0,0.043383948,0.0625,0.122015915,0.072972973,0.049140049,0.085889571,0.123966942,0,0,0.114705882,0,0.010238908,0.039215686,0.025270758,0.033783784,0.05015674,0.026168224,0.006410256,0.056478405,0,0,0,0,0,0.015686275,0.034700315,0.005633803,0,0.00228833,0,0,0.03313253,0.077689243,0.026666667,0.025396825,0.073929961,0.0375,0,0,0.08125,0.052147239,0,0.09771987,0.077181208,0.008474576,0.008196721,0.0125,0.007168459,0.025,0.033613445,0.143859649,0.022727273,0.008797654,0,0.043010753,0,0,0.0078125,0.008498584,0.078431373,0.02484472,0,0.043624161,0.003787879,0.346428571,0,0.010416667,0.005420054,0,0,0.04676259,0.014367816,0,0.052980132,0.010791367,0.007220217,0.006825939,0.035587189,0.038610039,0.040816327,0.014285714,0.045454545,0.010067114,0,0.004545455,0.16872428,0.0475,0.128888889,0.011450382,0.092857143,0.087662338,0.131578947,0.153846154,0.153256705,0.099601594,0.222222222,0.064655172,0.021207178,0.018656716,0.04368932,0.055555556,0.037406484,0.098305085,0.058139535,0.089494163,0.021459227,0.050909091,0.13986014,0.111969112,0.061983471,0.060728745,0.044067797,0.007874016,0.089456869,0.072992701,0.038135593,0.066666667,0.08778626,0.187969925,0.063291139,0.089219331,0.028688525,0.008658009,0.035087719,0.002932551,0.017730496,0.072100313,0.116363636,0.00304878,0,0,0.013574661,0.016949153,0.05,0,0,0.04494382,0.060483871,0.006968641,0,0,0,0.018450185,0,0,0,0.04007286,0.058411215,0.012867647,0.024948025,0.02484472,0.050228311,0.039184953,0.191919192,0.219047619,0.107569721,0.031818182,1,0.015384615,0.017167382,0,0.005235602,0.045783133,0.011600928,0.047808765,0,0.009345794,0.007633588,0.024822695,0,0,0.020477816,0.014035088,0,0.030898876,0.036144578,0.067278287,0,0.147632312,0.011299435,0.046464646,0.051413882,0.091690544,0.004310345,0.005167959,0.096153846,0.004796163,0.068452381,0.052631579,0.210526316,0,0.048128342,0.033264033,0.075471698,0.030150754,0.045977011,0.049180328,0.02734375,0.051502146,0.100840336,0.075757576,0.032258065,0,0.036,0.04109589,0.073469388,0.049586777,0,0.048582996,0.050314465,0.04719764,0.05,0.028,0.036363636,0.026022305,0,0,0,0.345833333,0,0,0,0,0,0,0.017985612,0.007751938,0,0.033419023,0.021943574
Bacterial invasion of epithelial cells - Homo sapiens (human),0,0,0,0,0,0,0,0,0,0,0,0,0,0,0,0,0,0,0,0,0,0,0,0,0,0,0,0,0,0,0,0,0,0,0,0,0,0,0,0,0,0,0,0,0,0,0,0,0,0,0,0.020408163,0,0,0,0,0,0,0,0,0,0,0,0,0,0,0,0,0,0,0,0,0,0,0,0,0,0,0,0,0,0,0,0,0,0,0,0,0,0,0,0,0,0,0,0,0,0,0,0,0,0.011764706,0,0.006622517,0,0,0,0,0,0,0.013661202,0.109589041,0.05033557,0.070895522,0.003164557,0.004115226,0.027586207,0,0,0.080321285,0,0.033333333,0.02970297,0.035714286,0.042553191,0.071428571,0,0.004926108,0.004830918,0,0.004587156,0,0,0,0.006756757,0.028301887,0,0.019512195,0.086092715,0.022321429,0,0.030973451,0.028639618,0.03125,0.03902439,0.0375,0.045112782,0,0,0,0.026431718,0,0,0.004761905,0.012295082,0,0,0.005882353,0.057142857,0.096774194,0.004651163,0.035353535,0.030837004,0,0.130081301,0.018518519,0.00862069,0.121212121,0.088495575,0.006097561,0.03286385,0,0.057894737,0,0.038910506,0,0.040229885,0.003846154,0,0,0.046242775,0.025316456,0.005714286,0.055837563,0,0,0,0.046242775,0.046052632,0.050724638,0.167785235,0.032786885,0.116959064,0,0,0,0.006514658,0,0.047297297,0.088888889,0,0,0.032608696,0,0.006060606,0,0,0,0,0,0.041666667,0.133333333,0.064676617,0,0.011904762,0,0.040697674,0.053658537,0.005649718,0.080882353,0,0.053191489,0,0.017621145,0,0.046511628,0,0,0.056410256,0,0.005494505,0.044444444,0.051282051,0.033519553,0.035714286,0.053571429,0.004329004,0.076502732,0.004587156,0,0,0.055555556,0.056910569,0,0,0,0,0.013245033,0.011299435,0.050847458,0,0,0,0,0,0,0.015418502,0,0.006849315,0.01055409,0.028037383,0.029411765,0.003629764,0,0,0,0,0.015384615,1,0.016,0.027972028,0.091633466,0.16967509,0.086666667,0.02,0,0.209039548,0.006535948,0.034682081,0,0.007936508,0.005319149,0.052941176,0,0.007843137,0.030837004,0.030172414,0.028571429,0.052264808,0.033333333,0.032911392,0.020477816,0.034351145,0.013769363,0.025735294,0.039568345,0.01980198,0.035775128,0.007462687,0.040740741,0,0.1015625,0.034759358,0.024822695,0.034482759,0.058441558,0.089552239,0.055172414,0.097560976,0.070422535,0.041916168,0.017857143,0.007194245,0.056737589,0.017241379,0.092857143,0.043478261,0.05625,0.049295775,0.051643192,0.065217391,0.081339713,0.05,0.054216867,0.0375,0,0,0,0,0,0,0,0,0.024539877,0.054794521,0.023668639,0.025641026,0.030075188,0.039145907,0.08
Vibrio cholerae infection - Homo sapiens (human),0,0,0,0,0,0,0,0,0,0,0,0,0,0,0.15,0,0.011363636,0,0,0,0,0,0,0,0,0,0,0,0,0,0,0,0,0,0,0,0,0,0,0,0,0,0,0,0,0,0,0,0,0,0,0.016528926,0,0,0,0,0,0,0,0,0,0,0,0,0,0,0,0,0,0,0,0,0,0,0,0,0,0,0,0,0,0,0,0,0,0.010638298,0,0,0,0,0,0,0,0,0,0,0.057971014,0,0,0,0,0,0,0,0,0,0,0,0,0,0.011764706,0.022727273,0.021428571,0.027667984,0.03202847,0.009302326,0.026515152,0,0,0.029787234,0.013157895,0.019230769,0,0.020833333,0.005952381,0.036649215,0,0,0.028409091,0,0,0,0,0,0,0.015957447,0.028037383,0.058139535,0.003333333,0.174418605,0,0.072916667,0.00248139,0.005882353,0.010869565,0.037313433,0.046728972,0,0,0,0,0,0.041666667,0.039548023,0.018518519,0,0.029126214,0,0.013100437,0.028301887,0.027173913,0.005649718,0.009756098,0,0.012096774,0,0,0.025423729,0.037914692,0.061538462,0,0,0.054545455,0,0.021276596,0,0,0,0,0,0.006535948,0,0,0.016853933,0,0.007092199,0.006369427,0.006535948,0.007633588,0.026086957,0.020833333,0,0.031446541,0,0,0.05,0.02919708,0.03539823,0.219047619,0.011976048,0.03125,0.044585987,0.044871795,0.031446541,0.045112782,0.028248588,0.018518519,0.008247423,0.022556391,0,0.064748201,0.007220217,0.016304348,0.054263566,0.051470588,0.063157895,0.034013605,0.032786885,0.048611111,0,0.068376068,0.049079755,0,0.046153846,0.026143791,0.058823529,0.034782609,0.04964539,0.040697674,0.055045872,0.046979866,0.008849558,0,0,0,0.020408163,0.030150754,0.055900621,0,0,0,0.011627907,0.06185567,0.068181818,0,0.375,0.059701493,0.095652174,0.048275862,0,0.006578947,0,0.053030303,0,0,0,0,0.01607717,0.004854369,0,0.005208333,0.009375,0.003816794,0.042105263,0.043859649,0.052238806,0,0.017167382,0.016,1,0.290322581,0.016460905,0.017123288,0.010135135,0,0.009433962,0.016304348,0,0.006622517,0.011627907,0,0,0.034013605,0,0.045454545,0,0.00952381,0,0.026119403,0.013761468,0.079320113,0.018726592,0.008264463,0,0.003984064,0.011583012,0.010752688,0.015734266,0,0.020080321,0,0.032388664,0.008403361,0.02745098,0,0,0,0,0,0.024590164,0,0,0,0,0,0,0,0,0.025210084,0,0.023474178,0,0,0.01369863,0.007246377,0,0,0,0,0.201680672,0,0,0,0.014492754,0.016,0.057971014,0.003968254,0.018518519,0.011450382,0.010695187
Epithelial cell signaling in Helicobacter pylori infection - Homo sapiens (human),0,0,0,0,0,0,0,0,0,0,0,0,0,0,0.133333333,0,0,0,0,0,0,0,0,0,0,0,0,0,0,0,0,0,0,0,0,0,0,0,0,0,0,0,0,0,0,0,0,0,0,0,0,0.014184397,0,0,0,0,0,0,0,0,0,0,0,0,0,0,0,0,0,0,0,0,0,0,0,0,0,0,0,0,0,0,0,0,0,0,0,0,0,0,0,0,0,0,0,0,0,0,0,0,0,0,0,0,0,0,0,0,0,0,0.06122449,0.076388889,0.055172414,0.037037037,0.013071895,0,0.031914894,0.019553073,0.042944785,0.082644628,0.0875,0.028735632,0.052356021,0.012121212,0.055865922,0.033175355,0,0,0.020304569,0.007042254,0,0,0,0,0.044117647,0.014423077,0.012658228,0.052083333,0.019047619,0.126903553,0,0.071090047,0.019230769,0,0.06185567,0.012738854,0,0.040816327,0,0.013274336,0.03196347,0,0.018518519,0,0.021276596,0.0078125,0,0,0.032786885,0.075,0,0.093922652,0,0.010204082,0.038314176,0,0.013392857,0.044444444,0.052863436,0.019354839,0.019138756,0,0.037433155,0,0.04,0,0.115384615,0.085470085,0.111111111,0.055555556,0.122580645,0.008547009,0,0.030769231,0.131034483,0.102040816,0.09202454,0.115384615,0.070422535,0.095238095,0.037267081,0.130434783,0.069767442,0.008474576,0,0,0.013422819,0,0.184,0.098837209,0.033175355,0,0,0.005464481,0.006329114,0.035897436,0.007751938,0,0,0,0.063291139,0.020477816,0.019704433,0,0.086666667,0,0.042424242,0.019512195,0,0.076923077,0,0.015957447,0.07751938,0.013574661,0,0,0,0,0.075675676,0,0.011494253,0,0.035714286,0.047058824,0.071428571,0.103896104,0.004464286,0.055555556,0.104166667,0,0,0,0,0,0,0.276315789,0,0,0.005847953,0,0,0,0,0,0,0,0.0248307,0.01510574,0.014018692,0.010752688,0.014285714,0.03003003,0.02247191,0.025862069,0.007246377,0,0,0,0.027972028,0.290322581,1,0.089795918,0.078231293,0.070469799,0.097744361,0.067226891,0.106951872,0.057553957,0.109677419,0,0.016949153,0.083333333,0.042424242,0,0.091703057,0.03652968,0.089201878,0.055555556,0.061151079,0.038793103,0.086720867,0.042857143,0.10460251,0.017482517,0.079365079,0.072243346,0.070921986,0.030874786,0.015444015,0.045801527,0,0.057692308,0.018766756,0.018050542,0.077205882,0.046979866,0.045112782,0.081481481,0.007874016,0.021126761,0.04375,0,0,0.014285714,0.037383178,0.050359712,0.037878788,0.04516129,0.028985507,0.009302326,0.017094017,0.00921659,0.014492754,0.043478261,0.096551724,0,0,0.022727273,0,0.22556391,0,0,0.009345794,0,0,0,0.038022814,0.015625,0.1003861,0.082901554
Pathogenic Escherichia coli infection - Homo sapiens (human),0.003802281,0,0,0,0,0,0,0,0,0,0,0,0,0,0.003030303,0,0,0,0,0,0,0,0,0,0,0,0,0,0,0,0,0,0,0,0,0,0,0,0,0,0,0,0,0,0,0,0,0,0,0,0,0,0,0,0,0,0,0,0,0,0,0,0,0,0,0,0,0,0,0,0,0,0,0,0,0,0,0,0,0,0,0,0,0,0,0,0,0.002824859,0,0,0,0,0,0,0,0,0,0,0,0,0,0,0,0,0,0,0,0,0,0,0.081497797,0.048327138,0.04842615,0.046272494,0.004597701,0.019607843,0.039800995,0.025,0.027681661,0.045698925,0.09057971,0.023411371,0.044585987,0,0.078498294,0.064814815,0.009025271,0.003095975,0.01863354,0.030534351,0.00295858,0,0,0,0.022813688,0.024242424,0.028011204,0,0.059101655,0.077160494,0,0.020231214,0.035714286,0.003154574,0.144329897,0.010600707,0,0.055299539,0,0.062686567,0.029154519,0,0.017595308,0.044164038,0.022284123,0,0,0.017482517,0.049861496,0.040650407,0.009009009,0.097972973,0.005681818,0.004444444,0.050131926,0.003521127,0.075987842,0.067729084,0.224080268,0.08778626,0.017964072,0.007117438,0.066445183,0.003649635,0.048780488,0,0.131578947,0.117302053,0.094262295,0.052631579,0.102564103,0.008333333,0.017182131,0.047923323,0.114942529,0.066420664,0.073943662,0.106617647,0.052830189,0.051587302,0.084870849,0.119565217,0.139194139,0.008196721,0,0.010309278,0.014184397,0.007633588,0,0.085910653,0.026785714,0.006472492,0.013071895,0.00974026,0.003508772,0.024922118,0.015810277,0,0,0,0.035087719,0.129973475,0.018292683,0,0.043165468,0,0.031034483,0.01510574,0.006756757,0.051181102,0,0.019230769,0.059760956,0.029325513,0,0,0,0,0.048231511,0,0.030612245,0.007722008,0.029661017,0.037414966,0.083076923,0.072202166,0.005714286,0.03257329,0.115131579,0.016949153,0,0.00862069,0,0,0,0,0,0.011111111,0.006734007,0,0,0,0,0,0,0,0.075925926,0.057077626,0.064516129,0.056722689,0.014925373,0.082949309,0.073365231,0.012345679,0.007575758,0,0,0.005235602,0.091633466,0.016460905,0.089795918,1,0.196765499,0.311764706,0.12345679,0.090128755,0.241635688,0.10483871,0.115671642,0.03539823,0.029166667,0.111510791,0.034602076,0.006849315,0.099125364,0.153094463,0.118380062,0.101639344,0.104712042,0.108433735,0.039370079,0.044887781,0.08913649,0.044182622,0.102209945,0.117486339,0.091603053,0.065885798,0.018276762,0.044270833,0,0.07486631,0.020120724,0.017412935,0.052631579,0.05204461,0.035019455,0.058139535,0.02,0.014925373,0.031578947,0.017391304,0.007751938,0.01509434,0.017094017,0.045977011,0.027237354,0.050909091,0.018939394,0.017751479,0.016713092,0.011695906,0.00754717,0.038732394,0.079245283,0.008849558,0.012145749,0.035573123,0.009090909,0.03202847,0.017316017,0.021367521,0.008583691,0.017730496,0.011070111,0.017361111,0.028277635,0.04048583,0.147632312,0.080385852
Shigellosis - Homo sapiens (human),0.012903226,0,0,0,0.014492754,0.01459854,0,0,0,0,0,0,0,0,0.002631579,0,0,0,0,0,0,0,0,0,0,0,0,0,0,0,0,0,0,0,0,0,0,0.014336918,0,0,0,0,0,0,0.01369863,0.016129032,0,0,0,0,0,0.049180328,0,0,0,0,0,0,0,0,0,0,0,0,0,0,0,0,0,0,0,0,0,0,0,0,0,0,0,0,0,0,0,0,0,0,0,0.004962779,0,0,0,0,0,0,0.007672634,0,0,0,0,0,0,0.003921569,0,0.00625,0,0.003412969,0,0.003484321,0,0,0.073412698,0.08496732,0.066225166,0.090692124,0.033970276,0.045454545,0.054054054,0.016885553,0.014619883,0.105793451,0.096875,0.078787879,0.083094556,0.06501548,0.109090909,0.073369565,0.001644737,0.019073569,0.041322314,0.022364217,0.045698925,0,0,0.041044776,0.081355932,0.137829912,0.037313433,0,0.050632911,0.023076923,0,0.068965517,0.058098592,0.048433048,0.113372093,0.066666667,0.058219178,0.037174721,0.021276596,0.065616798,0.092140921,0.003003003,0.041994751,0.043835616,0.047738693,0,0.016778523,0.03021148,0.059259259,0.077464789,0.069252078,0.112759644,0.012531328,0,0.125628141,0.009036145,0.00248139,0.052980132,0.089005236,0.033950617,0.042780749,0.003012048,0.100890208,0.00308642,0.132124352,0,0.13592233,0.180821918,0.093103448,0.061643836,0.128617363,0.037688442,0.020648968,0.038461538,0.092948718,0.059375,0.066066066,0.114285714,0.078688525,0.078767123,0.116883117,0.12539185,0.103975535,0,0.018115942,0.026865672,0.023504274,0.029508197,0,0.122699387,0.042216359,0.025568182,0.055718475,0.025568182,0.002985075,0.052777778,0.030201342,0,0.015243902,0,0.088328076,0.138755981,0.075630252,0.015243902,0.065830721,0,0.054380665,0.063360882,0.020527859,0.078231293,0.022222222,0.088757396,0.063973064,0.046997389,0.032069971,0.030405405,0.022653722,0.023738872,0.08045977,0.02295082,0.035190616,0.061433447,0.073260073,0.079027356,0.083557951,0.137704918,0.028132992,0.098802395,0.105113636,0.006944444,0,0.028985507,0.013513514,0,0,0,0.021084337,0.02866242,0.026470588,0.061371841,0,0,0,0,0,0.003367003,0.074957411,0.032193159,0.062608696,0.039473684,0.083333333,0.054766734,0.075892857,0.010238908,0.003174603,0,0,0.045783133,0.16967509,0.017123288,0.078231293,0.196765499,1,0.221674877,0.094915254,0.066666667,0.250814332,0.069306931,0.125806452,0.028985507,0.020618557,0.094512195,0.070552147,0.002915452,0.086513995,0.08310992,0.111413043,0.102857143,0.151219512,0.102902375,0.068391867,0.073226545,0.151436031,0.057103064,0.111386139,0.164974619,0.106235566,0.077562327,0.070559611,0.066193853,0,0.107843137,0.050943396,0.045558087,0.073059361,0.084690554,0.056856187,0.094915254,0.059027778,0.059210526,0.075,0.014285714,0.009771987,0.049342105,0.028571429,0.076666667,0.071672355,0.079617834,0.056291391,0.050666667,0.058673469,0.050397878,0.060200669,0.071428571,0.105263158,0.003610108,0,0.026315789,0.05801105,0.024096386,0.003521127,0.006968641,0.003521127,0.018126888,0.0125,0.017804154,0.063829787,0.01320132,0.157894737,0.106017192
Salmonella infection - Homo sapiens (human),0.003174603,0,0,0,0,0,0,0,0,0,0,0,0,0,0.002617801,0,0,0,0,0,0,0,0,0,0,0,0,0,0,0,0,0,0,0,0,0,0,0,0,0,0,0,0,0,0,0,0,0,0,0,0,0.025477707,0,0,0,0,0,0,0,0,0,0,0,0,0,0,0,0,0,0,0,0,0,0,0,0,0,0,0,0,0,0,0,0,0,0,0,0.002463054,0.011331445,0,0,0,0,0,0,0,0,0,0,0,0,0,0,0,0,0,0,0,0,0,0.099190283,0.067092652,0.070640177,0.06993007,0,0.02970297,0.056179775,0.01682243,0.023460411,0.060096154,0.086153846,0.046783626,0.06442577,0.020648968,0.088757396,0.064343164,0,0.005347594,0.021505376,0.022222222,0.010335917,0,0,0.003571429,0.028846154,0.059782609,0.029484029,0.002631579,0.063829787,0.107734807,0,0.043814433,0.048695652,0.019283747,0.156156156,0.030487805,0.023026316,0.052434457,0,0.068062827,0.062992126,0.002985075,0.031007752,0.021333333,0.037128713,0,0.003289474,0.017804154,0.043583535,0.062068966,0.034666667,0.102339181,0.025252525,0.003610108,0.09223301,0,0.002469136,0.049180328,0.091383812,0.076677316,0.050938338,0,0.053672316,0.009259259,0.062953995,0,0.172757475,0.139473684,0.074074074,0.043478261,0.106583072,0.027227723,0.011627907,0.043956044,0.106451613,0.052469136,0.0625,0.110062893,0.067741935,0.085616438,0.088050314,0.149681529,0.067647059,0.003367003,0.003546099,0.008746356,0.016913319,0.019354839,0.003067485,0.101796407,0.023195876,0.005540166,0.037249284,0.016806723,0,0.038147139,0.01980198,0,0,0,0.038922156,0.11682243,0.046070461,0,0.058823529,0,0.057228916,0.048648649,0.032448378,0.074074074,0.003095975,0.04519774,0.052980132,0.035989717,0.008498584,0.019933555,0,0,0.073863636,0,0.020114943,0.03986711,0.035087719,0.046920821,0.08310992,0.087227414,0.02278481,0.066473988,0.136627907,0.006896552,0,0.017793594,0.003322259,0.061594203,0,0,0,0.00619195,0.005730659,0.020689655,0,0,0,0,0,0,0.102787456,0.06846473,0.102517986,0.086105675,0.031578947,0.092050209,0.105182927,0.010169492,0.006329114,0,0,0.011600928,0.086666667,0.010135135,0.070469799,0.311764706,0.221674877,1,0.109215017,0.077464789,0.221518987,0.072368421,0.125,0.021428571,0.031034483,0.121118012,0.054054054,0,0.114285714,0.085561497,0.141666667,0.108571429,0.097222222,0.111111111,0.054545455,0.063205418,0.127226463,0.049655172,0.113580247,0.13546798,0.080898876,0.071428571,0.023148148,0.046189376,0,0.078384798,0.02946593,0.054919908,0.067873303,0.101973684,0.056478405,0.07615894,0.069686411,0.04516129,0.084639498,0.047619048,0.02295082,0.045602606,0.028368794,0.069078947,0.078498294,0.068965517,0.055921053,0.058823529,0.055696203,0.055702918,0.04248366,0.057926829,0.104575163,0.003584229,0,0.032894737,0.002604167,0.027027027,0.003496503,0.010416667,0.007017544,0.01497006,0.021943574,0.011730205,0.03908046,0.01980198,0.168765743,0.108571429
Pertussis - Homo sapiens (human),0,0,0,0,0,0,0,0,0,0,0,0,0,0,0,0.010309278,0,0,0,0,0,0,0,0,0,0.008,0,0,0,0,0,0,0,0,0,0,0,0,0,0,0,0,0,0,0,0,0,0,0,0,0,0,0,0,0,0,0,0,0,0,0,0,0,0,0,0,0,0,0,0,0,0,0,0,0,0,0,0,0,0,0,0,0,0,0,0,0,0,0,0,0,0,0,0,0,0,0,0,0,0,0,0.011904762,0,0,0,0,0,0,0,0,0.063218391,0.038709677,0.050505051,0.07518797,0.025974026,0.056521739,0.072202166,0.030555556,0.035294118,0.042801556,0.090909091,0.039325843,0.056122449,0.042168675,0.089385475,0.018181818,0.004587156,0,0.067010309,0.006756757,0.004608295,0,0,0,0.034965035,0.028436019,0.012345679,0,0.006153846,0.04587156,0.006369427,0.01754386,0.018957346,0,0.06,0.012269939,0,0.048543689,0,0.053811659,0.08411215,0,0.076190476,0.05,0.020746888,0,0,0.024096386,0.036144578,0.046511628,0.064356436,0.090909091,0.004310345,0,0.03358209,0.012345679,0.013043478,0.020833333,0.025104603,0.031446541,0.028169014,0.102040816,0.058201058,0.006535948,0.055555556,0,0.2,0.115879828,0.114503817,0.053030303,0.208053691,0.021097046,0.041666667,0.024752475,0.140939597,0.098039216,0.095238095,0.097560976,0.039473684,0.074626866,0.023668639,0.125748503,0.061452514,0.016260163,0,0.08125,0.013157895,0.067164179,0,0.13372093,0.056603774,0.027027027,0.032786885,0.032608696,0.018518519,0.094736842,0.038167939,0.013779528,0,0.072164948,0.094339623,0.033898305,0.059701493,0,0.111842105,0,0.072289157,0.069651741,0.072727273,0.097744361,0,0.01025641,0.043165468,0.069767442,0.039772727,0.022900763,0.074074074,0.041916168,0.090425532,0,0.04,0.014492754,0.051724138,0.039548023,0.084507042,0.113924051,0.022123894,0.071038251,0.184782609,0.043859649,0,0.018018018,0,0,0,0,0.043478261,0.070422535,0.005649718,0,0,0,0,0,0,0,0.047835991,0.042682927,0.018518519,0.010582011,0.013888889,0.054380665,0.04743833,0.050420168,0.066176471,0.018292683,0,0.047808765,0.02,0,0.097744361,0.12345679,0.094915254,0.109215017,1,0.156521739,0.17032967,0.204724409,0.236111111,0.066037736,0.076923077,0.167701863,0.09202454,0.08125,0.179723502,0.040178571,0.122641509,0.096938776,0.09057971,0.088105727,0.027777778,0.041958042,0.106557377,0.029772329,0.069230769,0.129411765,0.136531365,0.051993068,0.022813688,0.033210332,0,0.048507463,0.015789474,0.032258065,0.045454545,0.058823529,0.021126761,0.048275862,0.015151515,0.063380282,0.023668639,0.018018018,0,0.01369863,0.026315789,0.027027027,0.04379562,0.037037037,0.01369863,0.01826484,0.008264463,0.00896861,0.013888889,0.041916168,0.10738255,0.019047619,0.0078125,0.093023256,0.06,0.076433121,0.036363636,0.035087719,0,0.024691358,0.013245033,0.017751479,0.033333333,0.014925373,0.173387097,0.113989637
Legionellosis - Homo sapiens (human),0,0,0,0,0,0,0,0,0,0,0,0,0,0,0.005263158,0,0,0,0,0,0,0,0,0,0,0,0,0,0,0,0,0,0,0,0,0,0,0,0,0,0,0,0,0,0,0,0,0,0,0,0,0,0,0,0,0,0,0,0,0,0,0,0,0,0,0,0,0,0,0,0,0,0,0,0,0,0,0,0,0,0,0,0,0,0,0,0,0,0.012269939,0.006535948,0.007407407,0,0,0,0.03030303,0,0,0,0,0,0,0,0,0,0,0,0,0,0,0,0.041543027,0,0.006872852,0.00754717,0,0,0.010909091,0.029239766,0.046666667,0.02892562,0.087837838,0.024691358,0.010752688,0,0.01734104,0.009852217,0.002392344,0,0,0.04,0,0,0.011235955,0,0.023809524,0.010204082,0.041284404,0,0.023255814,0.034653465,0,0.004716981,0.014814815,0,0.054644809,0.013888889,0.053097345,0.072289157,0,0.028571429,0.019138756,0,0,0,0,0,0,0.006666667,0,0.008695652,0,0.033519553,0.004694836,0,0,0,0.009433962,0,0,0,0,0.036231884,0,0.0546875,0.042194093,0,0.102739726,0.080717489,0.067226891,0.071428571,0.080536913,0.013636364,0.046979866,0.016216216,0.086330935,0.034722222,0.03125,0.025477707,0.022058824,0.008064516,0,0.076433121,0.01183432,0.00952381,0,0,0,0,0,0.01734104,0,0,0,0.005882353,0,0,0,0,0,0,0.006493506,0.007042254,0,0,0,0,0,0.031578947,0,0.016,0,0.005649718,0.032786885,0,0,0,0,0,0.016393443,0,0,0,0.009803922,0.03125,0.04950495,0.046666667,0,0,0.099447514,0.052631579,0,0,0,0,0,0,0,0,0,0,0,0,0,0,0,0,0.025581395,0.012539185,0.01937046,0.01396648,0.005025126,0.041009464,0.025,0.019230769,0,0,0,0,0,0.009433962,0.067226891,0.090128755,0.066666667,0.077464789,0.156521739,1,0.071823204,0.145299145,0.096551724,0.08045977,0.126315789,0.126666667,0.11971831,0.01986755,0.107476636,0.043902439,0.068292683,0.12,0.040590406,0.090909091,0.01305483,0.025735294,0.054621849,0.028933092,0.052845528,0.042635659,0.050909091,0.024390244,0.024590164,0.027559055,0,0.019455253,0.005479452,0.007490637,0.010830325,0.021428571,0,0.023076923,0.00877193,0,0.026666667,0,0,0,0.010309278,0.023076923,0.033333333,0.049295775,0.0078125,0.004926108,0,0,0,0,0.042857143,0.011494253,0,0.099099099,0.010471204,0.079136691,0.032608696,0.03125,0,0.013793103,0,0.006578947,0.007751938,0.044642857,0.133333333,0.020833333
Yersinia infection - Homo sapiens (human),0,0,0,0,0,0,0,0,0,0,0,0,0,0,0,0,0,0,0,0,0,0,0,0,0,0,0,0,0,0,0,0,0,0,0,0,0,0,0,0,0,0,0,0,0,0,0,0,0,0,0,0.034482759,0,0,0,0,0,0,0,0,0,0,0,0,0,0,0,0,0,0,0,0,0,0,0,0,0,0,0,0,0,0,0,0,0,0,0,0,0,0,0,0,0,0,0,0,0,0.005025126,0.007092199,0,0,0.006896552,0,0,0,0,0,0,0,0,0.122395833,0.126903553,0.090643275,0.126623377,0.010723861,0.048275862,0.094801223,0.023696682,0.030434783,0.146341463,0.110599078,0.078947368,0.098360656,0.044642857,0.137777778,0.08365019,0,0.003802281,0.042801556,0,0.003597122,0,0,0,0.034653465,0.073359073,0.016556291,0,0.065934066,0.028469751,0,0.081180812,0.069716776,0.040322581,0.114285714,0.051162791,0.047368421,0.018072289,0,0.042253521,0.097378277,0,0.036101083,0.038314176,0.04778157,0,0.005208333,0.022123894,0.081355932,0.152941176,0.029850746,0.193693694,0.010309278,0,0.145762712,0.018099548,0.020833333,0.077720207,0.092857143,0.02739726,0.06870229,0,0.115384615,0.023809524,0.101010101,0,0.255208333,0.150537634,0.112903226,0.075268817,0.193069307,0.044827586,0.044247788,0.112033195,0.137931034,0.128078818,0.129032258,0.268421053,0.171122995,0.205882353,0.22513089,0.19138756,0.125560538,0.027624309,0,0.017391304,0.030726257,0.046153846,0,0.185185185,0.036363636,0.012096774,0.059322034,0.016194332,0.004444444,0.05078125,0.026041667,0,0,0,0.087962963,0.184466019,0.078740157,0.004504505,0.095238095,0,0.106481481,0.065637066,0.025862069,0.137362637,0.004739336,0.075,0.072916667,0.058181818,0.016666667,0.048387097,0.004878049,0.004273504,0.117647059,0.004975124,0.029661017,0.07486631,0.076470588,0.103603604,0.11026616,0.150485437,0.020979021,0.137168142,0.152892562,0.016949153,0,0.048192771,0.005291005,0,0,0,0.004385965,0.014285714,0.012711864,0.051428571,0,0,0,0,0,0,0.056795132,0.010025063,0.026639344,0.013729977,0.052631579,0.053984576,0.042517007,0.016393443,0.009803922,0,0,0.009345794,0.209039548,0.016304348,0.106951872,0.241635688,0.250814332,0.221518987,0.17032967,0.071823204,1,0.138297872,0.21319797,0.048192771,0.050561798,0.142201835,0.081447964,0.012987013,0.104529617,0.101123596,0.210526316,0.140495868,0.171521036,0.136531365,0.070938215,0.101226994,0.157342657,0.053571429,0.141414141,0.203448276,0.135384615,0.073954984,0.018518519,0.062305296,0,0.125,0.041958042,0.067278287,0.100917431,0.115,0.095744681,0.126984127,0.077348066,0.070707071,0.093457944,0.023529412,0.005025126,0.066326531,0.034883721,0.109375,0.096774194,0.09569378,0.071794872,0.059701493,0.059027778,0.051470588,0.067010309,0.129807692,0.20855615,0.018181818,0.016042781,0.057591623,0.014869888,0.045454545,0.023391813,0.022857143,0.047904192,0.031818182,0.023923445,0.030973451,0.065830721,0.031413613,0.235087719,0.159663866
Leishmaniasis - Homo sapiens (human),0,0,0,0,0,0,0,0,0,0,0,0,0,0,0,0.010204082,0,0,0,0,0,0,0,0,0,0.007936508,0,0,0,0,0,0,0,0,0,0,0,0,0,0,0,0,0,0,0,0,0,0,0,0,0,0,0,0,0,0.00729927,0,0,0,0,0,0,0,0,0,0,0,0,0,0,0,0,0,0,0,0,0,0,0,0,0,0,0,0,0,0,0,0,0.010928962,0,0,0,0,0,0,0.008196721,0,0,0,0,0,0,0,0,0,0,0,0,0,0,0.072254335,0.031847134,0.019543974,0.036101083,0.00955414,0.008264463,0.024054983,0.036211699,0.011428571,0.038610039,0.096969697,0.062857143,0.050505051,0.005780347,0.053763441,0.013513514,0.002283105,0.014925373,0.02970297,0,0.004587156,0,0,0,0.013605442,0.018691589,0,0,0.003058104,0.156565657,0.006329114,0.017467249,0.028639618,0.005076142,0.03902439,0.012195122,0,0,0.008547009,0.048888889,0.054298643,0,0.027149321,0.014423077,0.012295082,0,0,0.042682927,0.01171875,0.0625,0.014084507,0.198830409,0.017391304,0,0.025830258,0.012269939,0.083333333,0.027777778,0.008196721,0.018518519,0.037735849,0.03164557,0.041450777,0.115107914,0.1125,0,0.16025641,0.101265823,0.097014925,0.037037037,0.103658537,0.047413793,0.157894737,0.06122449,0.125,0.26119403,0.233333333,0.110429448,0.074324324,0.066176471,0.06097561,0.098837209,0.079096045,0.177570093,0,0.023529412,0.013114754,0.021276596,0,0.076923077,0.036866359,0.015957447,0.027027027,0.021390374,0.006060606,0.02955665,0.02238806,0,0,0,0.035502959,0.02,0.014218009,0.00617284,0.055900621,0.007874016,0.034682081,0.018867925,0.017142857,0.080882353,0.006622517,0.020618557,0.042857143,0.03125,0,0.007462687,0,0.005747126,0.067357513,0,0.022346369,0.02173913,0.025,0.027777778,0.054545455,0.120253165,0.008695652,0.053475936,0.100502513,0.2,0,0.027027027,0.007751938,0,0,0,0.005952381,0.006578947,0.005617978,0.008130081,0,0,0,0,0,0,0.022172949,0,0.013793103,0,0.00456621,0.041666667,0.027881041,0.024390244,0.020979021,0.005988024,0,0.007633588,0.006535948,0,0.057553957,0.10483871,0.069306931,0.072368421,0.204724409,0.145299145,0.138297872,1,0.201342282,0.085714286,0.123893805,0.340425532,0.111801242,0.16,0.272277228,0.044642857,0.138095238,0.102040816,0.052264808,0.164319249,0.025125628,0.103321033,0.066929134,0.065099458,0.143442623,0.082397004,0.111510791,0.042881647,0.018867925,0.029304029,0.006896552,0.060150376,0.015748031,0.028469751,0.048951049,0.044871795,0.042857143,0.0625,0.022727273,0.020134228,0.029585799,0.017857143,0,0.013605442,0.017241379,0.055172414,0.043478261,0.043209877,0.020547945,0.018181818,0.029411765,0.022624434,0.013793103,0.029411765,0.160839161,0.2,0.150442478,0.302752294,0.121052632,0.188811189,0.223404255,0.178217822,0.00877193,0.037267081,0.013157895,0.042168675,0.056603774,0.132231405,0.114503817,0.08
Chagas disease - Homo sapiens (human),0,0,0,0,0,0,0,0,0,0,0,0,0,0,0,0.008130081,0.004366812,0,0,0,0,0,0,0,0,0.006622517,0,0,0,0,0,0,0,0,0,0,0,0,0,0,0,0,0,0,0,0,0,0,0,0,0,0.041666667,0,0,0,0,0,0,0,0,0,0,0,0,0,0,0,0,0,0,0,0,0,0,0,0,0,0,0,0,0,0,0,0,0,0,0,0,0,0.041884817,0,0,0,0,0,0.006802721,0,0,0,0,0,0,0,0,0,0,0,0,0,0,0.093922652,0.093567251,0.062893082,0.090909091,0.039513678,0.067460317,0.080267559,0.067204301,0.057591623,0.122137405,0.08994709,0.104712042,0.136585366,0.052910053,0.220994475,0.077586207,0.006507592,0.017777778,0.04954955,0.01744186,0.004115226,0,0,0.015151515,0.029585799,0.08,0.014925373,0,0.011461318,0.020080321,0.005464481,0.061728395,0.070422535,0.082524272,0.138755981,0.067039106,0.064935065,0.046875,0,0.069672131,0.112068966,0,0.12,0.044247788,0.03030303,0,0,0.076923077,0.04029304,0.102739726,0.080717489,0.197916667,0.06147541,0,0.052083333,0,0,0.023668639,0.046332046,0.073446328,0.069868996,0.038674033,0.124378109,0.016949153,0.089552239,0.008064516,0.312101911,0.134920635,0.139072848,0.064516129,0.190751445,0.072,0.030769231,0.073732719,0.152941176,0.161676647,0.173184358,0.197674419,0.115151515,0.133333333,0.058510638,0.215909091,0.064039409,0.027210884,0,0.075675676,0.018292683,0.049689441,0,0.139175258,0.082251082,0.064039409,0.119791667,0.058823529,0.02688172,0.147058824,0.117241379,0.001851852,0.02173913,0,0.129943503,0.040880503,0.066964286,0.044444444,0.107954545,0.013245033,0.120879121,0.110599078,0.068421053,0.139072848,0.041176471,0.072115385,0.089171975,0.062240664,0.045,0.095890411,0.062111801,0.041666667,0.209424084,0.050314465,0.072164948,0.11409396,0.096296296,0.09947644,0.13215859,0.224242424,0.053278689,0.162303665,0.190243902,0.058394161,0,0.061068702,0.047297297,0.006896552,0,0,0.037433155,0.05952381,0.035532995,0.095588235,0,0,0.010582011,0,0,0,0.070484581,0.022222222,0.015250545,0.022556391,0.074561404,0.062322946,0.045207957,0.048611111,0.017857143,0.032085561,0,0.024822695,0.034682081,0.006622517,0.109677419,0.115671642,0.125806452,0.125,0.236111111,0.096551724,0.21319797,0.201342282,1,0.139344262,0.109489051,0.23699422,0.192982456,0.025773196,0.165289256,0.161434978,0.216589862,0.199004975,0.176258993,0.161702128,0.0825,0.132867133,0.142857143,0.069686411,0.151515152,0.189393939,0.151724138,0.095155709,0.017241379,0.051546392,0,0.084805654,0.027431421,0.068027211,0.090604027,0.13253012,0.096153846,0.163398693,0.073825503,0.06626506,0.093406593,0.01459854,0,0.067484663,0.021428571,0.141025641,0.104575163,0.096045198,0.067484663,0.055084746,0.067193676,0.072649573,0.068322981,0.086956522,0.232258065,0.015267176,0.026490066,0.128378378,0.03030303,0.095505618,0.060606061,0.051094891,0.02189781,0.032258065,0,0.03125,0.105072464,0.00621118,0.209923664,0.136792453
African trypanosomiasis - Homo sapiens (human),0,0,0,0,0,0,0,0,0,0,0,0,0,0,0,0,0,0,0,0,0,0,0,0,0,0,0,0,0,0.025974026,0,0,0,0,0,0,0,0,0,0,0,0,0,0,0,0,0,0,0,0,0,0.037735849,0,0,0,0,0,0,0,0,0,0,0,0,0,0,0,0,0,0,0,0,0,0,0,0,0,0,0,0,0,0,0,0,0,0,0,0,0,0,0,0,0,0,0,0.012195122,0,0,0,0,0,0,0,0.009009009,0,0,0,0,0,0,0.024767802,0.025210084,0.014869888,0.033472803,0.03358209,0.035532995,0.003891051,0.031055901,0.030075188,0.02690583,0.052238806,0.042857143,0.018181818,0.05511811,0.068493151,0.033519553,0.005037783,0,0,0.009174312,0,0,0,0,0,0,0,0,0,0.005319149,0,0.021164021,0.012953368,0,0.017647059,0,0,0,0,0.02617801,0.005208333,0,0.033149171,0.055555556,0.035,0,0,0.015503876,0.004587156,0.032258065,0.029239766,0.018518519,0,0,0.017094017,0.008064516,0.015706806,0,0,0.068376068,0,0.008196721,0.032051282,0.017699115,0.03652968,0.016949153,0.052238806,0.04245283,0.028846154,0.030927835,0.044444444,0.025252525,0.03030303,0.056603774,0.031496063,0.023809524,0.021126761,0.02173913,0.017094017,0.029411765,0.030769231,0.049295775,0.034246575,0.036144578,0,0.063492063,0.003731343,0.083333333,0,0.006451613,0.04519774,0.055944056,0.056338028,0.055944056,0.024390244,0.049689441,0.08988764,0,0.033613445,0,0.088709677,0.003773585,0,0.069565217,0.056910569,0,0,0.029239766,0.061538462,0,0.076923077,0.046357616,0.00952381,0.049450549,0.035971223,0.010638298,0.06,0.071428571,0.031055901,0.051546392,0.059259259,0.086021505,0.012195122,0.021126761,0.026737968,0.096,0.026737968,0.053691275,0.046783626,0.095890411,0,0.042253521,0.097560976,0,0,0,0.066115702,0.076190476,0.061068702,0.063291139,0,0.012658228,0,0.016666667,0,0.011494253,0.02184466,0,0.0025,0.014792899,0.046511628,0.009771987,0.026,0,0.029126214,0.024,0,0,0,0.011627907,0,0.03539823,0.028985507,0.021428571,0.066037736,0.08045977,0.048192771,0.085714286,0.139344262,1,0.208333333,0.049295775,0.139344262,0.022900763,0.053398058,0.021052632,0.041884817,0.047619048,0.052208835,0.066666667,0.010989011,0.01171875,0.013157895,0.018552876,0.025751073,0.033195021,0.038610039,0.028985507,0.00877193,0,0,0.029787234,0.00872093,0.012195122,0,0,0,0,0,0.027522936,0,0,0,0,0,0,0,0.0078125,0.028301887,0,0.014851485,0,0,0.022727273,0.024390244,0.046153846,0.046511628,0.085106383,0.023668639,0.056910569,0.119402985,0.082191781,0.013513514,0.016,0,0.015267176,0.030042918,0.021052632,0.076923077,0.035294118
Malaria - Homo sapiens (human),0,0,0,0,0,0,0,0,0,0,0,0,0,0,0,0,0,0,0,0,0,0,0,0,0,0,0,0,0,0,0,0,0,0,0,0,0,0,0,0,0,0,0,0,0,0,0,0,0,0,0,0,0,0,0,0,0,0,0,0,0,0,0,0,0,0,0,0,0,0,0,0,0,0,0,0,0,0,0,0,0,0,0,0,0,0,0,0,0,0,0,0,0,0,0,0.010526316,0,0,0,0,0,0,0,0.008064516,0,0,0,0,0,0,0.023809524,0,0.007042254,0.019607843,0.006944444,0,0,0.045454545,0.041666667,0.008333333,0.062068966,0.019230769,0.028409091,0,0.005952381,0.005076142,0,0.017241379,0,0.008196721,0,0,0,0,0,0,0,0,0,0.046632124,0,0.004878049,0.027989822,0.005882353,0.005405405,0,0,0,0,0.019512195,0.024875622,0,0,0,0,0,0,0.043478261,0.004329004,0,0,0.028901734,0.019704433,0,0.028688525,0.053435115,0.056122449,0.008333333,0,0,0,0.022556391,0,0.015873016,0.030042918,0,0.069444444,0.03539823,0.025641026,0.027272727,0.033557047,0.023696682,0.056737589,0.040229885,0.051094891,0.014285714,0.025974026,0.026666667,0.007633588,0.008547009,0,0.04516129,0.031446541,0.053191489,0,0,0,0,0,0,0,0,0,0,0,0,0,0,0,0,0.006802721,0.007220217,0,0,0,0,0,0,0,0,0,0,0.017094017,0,0,0,0,0,0.005617978,0,0,0,0.010526316,0.019354839,0.025,0.079136691,0,0,0.037837838,0.04494382,0,0,0,0,0,0,0,0,0,0,0,0.010869565,0,0,0,0.02020202,0.009302326,0,0.002421308,0,0,0.009375,0.005736138,0,0,0,0,0,0.007936508,0,0.016949153,0.029166667,0.020618557,0.031034483,0.076923077,0.126315789,0.050561798,0.123893805,0.109489051,0.208333333,1,0.08,0.09352518,0.035211268,0.079812207,0.014705882,0.044334975,0.038461538,0.018518519,0.052380952,0.016,0.034220532,0.012448133,0.016274864,0.028571429,0.015503876,0.040590406,0.015734266,0.016736402,0,0,0.040816327,0.008403361,0,0.007380074,0.022556391,0.043859649,0.024390244,0,0,0,0,0,0.016666667,0.02247191,0.024390244,0,0,0.016666667,0,0.023474178,0.025773196,0.008403361,0,0.037313433,0.051948052,0.03,0.116504854,0.027624309,0.1171875,0.073170732,0.045454545,0.023255814,0.037037037,0,0.028169014,0.016064257,0.047619048,0.068548387,0.055865922
Toxoplasmosis - Homo sapiens (human),0,0,0,0,0,0,0,0,0,0,0,0,0,0,0.004081633,0.007518797,0,0,0,0,0,0,0,0,0,0.00621118,0,0,0,0,0,0,0,0,0,0,0,0,0,0,0,0,0,0,0,0,0,0,0,0,0,0.005434783,0,0,0,0.005813953,0,0,0,0,0,0,0,0,0,0,0,0,0,0,0,0,0,0,0,0,0,0,0,0,0,0,0,0,0,0,0,0,0,0,0,0,0,0,0.023715415,0.006369427,0,0.005747126,0.00862069,0,0,0,0,0.005376344,0,0,0,0,0,0,0.10326087,0.04787234,0.045045045,0.052287582,0.005714286,0.04887218,0.047169811,0.040920716,0.029126214,0.081850534,0.125,0.06763285,0.089686099,0,0.1,0.031746032,0,0.012711864,0.025316456,0.033519553,0.024193548,0,0,0,0.027932961,0.058577406,0.036764706,0,0.025423729,0.068825911,0.005181347,0.03875969,0.08372093,0.021929825,0.122171946,0.025510204,0.054545455,0.107692308,0,0.075396825,0.063492063,0,0.06504065,0.008196721,0.014388489,0,0.005988024,0.035175879,0.024390244,0.06875,0.050209205,0.165048544,0.018939394,0,0.098245614,0.075268817,0.071713147,0.016666667,0.014440433,0.025641026,0.049382716,0,0.072727273,0.137724551,0.052264808,0,0.2,0.125475285,0.12345679,0.041666667,0.125,0.073359073,0.082051282,0.029661017,0.119565217,0.236363636,0.215469613,0.130890052,0.065934066,0.104294479,0.024509804,0.148717949,0.036697248,0.125874126,0,0.02955665,0.014749263,0.011299435,0,0.110576923,0.052631579,0.027272727,0.066350711,0.036697248,0.020304569,0.060869565,0.036144578,0,0,0,0.044776119,0.020958084,0.050632911,0,0.056701031,0.01242236,0.075376884,0.068085106,0.028985507,0.109756098,0,0.040178571,0.103658537,0.035019455,0.013888889,0.036585366,0.016853933,0.004784689,0.095454545,0.005681818,0.028301887,0.029239766,0.053333333,0.067961165,0.076612903,0.121693122,0.022988506,0.099526066,0.149321267,0.131386861,0,0.020547945,0,0,0,0,0,0.016216216,0,0.019230769,0,0,0.005,0,0,0.00617284,0.046413502,0.029972752,0.032537961,0.019512195,0.032388664,0.060606061,0.042553191,0.032051282,0,0.020100503,0,0.020477816,0.005319149,0,0.083333333,0.111510791,0.094512195,0.121118012,0.167701863,0.126666667,0.142201835,0.340425532,0.23699422,0.049295775,0.08,1,0.138297872,0.077319588,0.247863248,0.102459016,0.191304348,0.18957346,0.10130719,0.18907563,0.077858881,0.124579125,0.125,0.089005236,0.198473282,0.153024911,0.102564103,0.095400341,0.02006689,0.039473684,0,0.063758389,0.021791768,0.048543689,0.066878981,0.087912088,0.052325581,0.13253012,0.049382716,0.027472527,0.077319588,0.013605442,0,0.033707865,0.013245033,0.093023256,0.071856287,0.2,0.051428571,0.019685039,0.037037037,0.035714286,0.028248588,0.044776119,0.168604651,0.144,0.114864865,0.204081633,0.082969432,0.114130435,0.162790698,0.115942029,0.02739726,0.041237113,0.021621622,0.04,0.053511706,0.146666667,0.193430657,0.091304348
Amoebiasis - Homo sapiens (human),0,0,0,0,0,0,0,0,0,0,0,0,0,0,0,0.024793388,0.004366812,0,0,0,0,0,0,0,0,0.020134228,0,0,0,0,0,0,0,0,0,0,0,0,0,0,0,0,0,0,0,0,0,0,0,0,0,0.041666667,0,0,0,0,0,0,0,0,0,0,0,0,0,0,0,0,0,0,0,0,0,0,0,0,0,0,0,0,0,0,0,0,0,0,0,0,0,0,0,0,0,0,0,0.006802721,0,0,0,0,0,0,0,0,0,0,0,0,0,0,0.044854881,0.056497175,0.052959502,0.06122449,0.058823529,0.026717557,0.041935484,0.044736842,0.035897436,0.084870849,0.067357513,0.076530612,0.04954955,0.069892473,0.083333333,0.063829787,0.002159827,0.013274336,0.017467249,0.005747126,0,0,0,0,0.01754386,0.047413793,0,0.004291845,0.011461318,0.04526749,0.010989011,0.040322581,0.083135392,0.02764977,0.043859649,0.067039106,0.064935065,0.007518797,0,0.015564202,0.053061224,0,0.045643154,0.063063063,0.038167939,0,0.019354839,0.02617801,0.028985507,0.073333333,0.043290043,0.064814815,0.015686275,0,0.126394052,0.124260355,0.007782101,0.017647059,0.038314176,0.079545455,0.025104603,0.032967033,0.09178744,0.011235955,0.077490775,0.008064516,0.08994709,0.051470588,0.036144578,0.02484472,0.072916667,0.046875,0.07486631,0.068807339,0.065217391,0.026455026,0.034482759,0.06185567,0.057471264,0.0625,0.052910053,0.080808081,0.074626866,0.027210884,0,0.069892473,0.015197568,0.076433121,0,0.037558685,0.050420168,0.064039409,0.096938776,0.064039409,0.038043478,0.058823529,0.065789474,0.00744879,0.038674033,0,0.117318436,0.054140127,0.039130435,0.08045977,0.071428571,0.033783784,0.051546392,0.071111111,0.068421053,0.048780488,0.079268293,0.077294686,0.017857143,0.053497942,0.045,0.073825503,0.055555556,0.075268817,0.149253731,0.070512821,0.072164948,0.099337748,0.04964539,0.055276382,0.057613169,0.188235294,0.044715447,0.104477612,0.060869565,0.035714286,0,0.069230769,0.083916084,0.050359712,0,0,0.071823204,0.078787879,0.051546392,0.079710145,0.045918367,0,0.02688172,0,0,0,0.038461538,0.016574586,0.008658009,0.014925373,0.060606061,0.050420168,0.028469751,0.04137931,0.042682927,0.043243243,0,0.014035088,0.052941176,0.034013605,0.042424242,0.034602076,0.070552147,0.054054054,0.09202454,0.11971831,0.081447964,0.111801242,0.192982456,0.139344262,0.09352518,0.138297872,1,0.020512821,0.093023256,0.044354839,0.081967213,0.066371681,0.097315436,0.07480315,0.090680101,0.069306931,0.053380783,0.026755853,0.04467354,0.060810811,0.080906149,0.089500861,0.035087719,0.047945205,0,0.080985915,0.03,0.053691275,0.028481013,0.056179775,0.055555556,0.065868263,0.038961039,0.053571429,0.047368421,0,0,0.035714286,0.007042254,0.065868263,0.069620253,0.182926829,0.054545455,0.024691358,0.046511628,0.041493776,0.036144578,0.047120419,0.061111111,0.023076923,0.013071895,0.091503268,0.04845815,0.089385475,0.044776119,0.028571429,0.007194245,0.037837838,0.011299435,0.064516129,0.073943662,0.031847134,0.093103448,0.061674009
Staphylococcus aureus infection - Homo sapiens (human),0,0,0,0,0,0,0,0,0,0,0,0,0,0,0,0,0,0,0,0,0,0,0,0,0,0,0,0,0,0,0,0,0,0,0,0,0,0,0,0,0,0,0,0,0,0,0,0,0,0,0,0,0,0,0,0,0,0,0,0,0,0,0,0,0,0,0,0,0,0,0,0,0,0,0,0,0,0,0,0,0,0,0,0,0,0.007092199,0,0,0,0,0,0,0,0,0,0,0,0,0,0,0,0,0,0,0,0,0,0,0,0,0,0,0,0.01320132,0.005970149,0,0,0.002557545,0.005102041,0,0.010050251,0,0.004405286,0,0,0.004098361,0.02,0,0,0,0,0,0,0,0,0,0,0,0,0.121621622,0,0,0.002222222,0,0,0,0,0,0,0,0,0,0,0,0,0,0,0,0,0,0,0.02739726,0.003952569,0,0,0,0.085470085,0,0,0,0,0.14375,0.00913242,0.086956522,0.066914498,0,0,0.040740741,0,0,0.005,0.003816794,0.094972067,0.027027027,0.010582011,0.08,0.073298429,0.005,0.011299435,0.006097561,0.031914894,0.004807692,0.019323671,0.123076923,0,0,0,0,0,0,0,0,0,0,0,0,0,0,0,0,0,0.01242236,0,0,0,0,0,0.145631068,0,0,0,0,0,0,0,0,0,0,0,0,0,0,0,0,0,0.005102041,0,0,0.043668122,0.111111111,0,0,0,0,0,0,0.005319149,0,0,0,0,0,0,0,0,0,0,0,0,0,0,0.010928962,0,0,0,0,0,0,0,0,0,0.006849315,0.002915452,0,0.08125,0.01986755,0.012987013,0.16,0.025773196,0.022900763,0.035211268,0.077319588,0.020512821,1,0.103585657,0,0,0.004255319,0,0.063492063,0,0.056291391,0.006920415,0.02698145,0.060283688,0,0.068181818,0,0.03202847,0.003333333,0,0,0,0,0,0,0,0,0,0,0,0,0,0,0,0,0.012345679,0,0,0,0,0,0,0,0,0.142857143,0.119402985,0.102040816,0.147783251,0.104651163,0.134453782,0.112,0.007462687,0,0,0.005208333,0,0.129496403,0.006451613,0.004255319
Tuberculosis - Homo sapiens (human),0,0,0,0,0,0,0,0,0,0,0.005025126,0,0,0,0.03630363,0.004975124,0,0,0,0,0,0,0,0,0,0.004366812,0,0,0,0,0,0,0,0,0,0,0,0,0,0,0,0,0,0,0,0,0,0,0,0,0,0.003968254,0,0,0,0,0,0,0.008658009,0,0,0,0,0,0,0,0,0,0,0,0,0,0,0,0,0,0,0,0,0,0,0,0,0,0,0,0,0,0,0,0.007782101,0,0,0,0,0.004444444,0,0.008298755,0.010928962,0.010989011,0,0,0,0,0,0,0,0,0,0,0.077272727,0.06,0.06122449,0.056910569,0.05,0.064417178,0.072192513,0.072234763,0.025641026,0.036211699,0.071698113,0.074349442,0.072413793,0.029739777,0.095238095,0.037974684,0.001848429,0.016556291,0.076124567,0.032653061,0.003115265,0,0,0.004739336,0.024390244,0.055921053,0.014492754,0.046979866,0.01891253,0.194244604,0.003831418,0.030674847,0.065868263,0.013468013,0.093425606,0.026717557,0.012552301,0.065326633,0,0.126245847,0.094462541,0,0.071428571,0.039735099,0.044776119,0.008438819,0.004255319,0.037878788,0.043227666,0.091324201,0.056291391,0.149253731,0.012012012,0,0.035326087,0,0.049844237,0.024489796,0.014534884,0.015151515,0.038585209,0.023076923,0.051903114,0.112068966,0.081871345,0,0.203389831,0.133956386,0.141552511,0.084821429,0.21888412,0.108974359,0.094117647,0.122743682,0.083003953,0.162393162,0.161290323,0.100775194,0.073770492,0.073593074,0.057251908,0.101886792,0.024390244,0.085308057,0.004694836,0.053231939,0.012285012,0.092920354,0.036144578,0.132575758,0.028213166,0.024390244,0.042704626,0.013793103,0.003731343,0.087108014,0.012658228,0.018092105,0,0.034825871,0.07751938,0.0302267,0.056666667,0.019157088,0.087649402,0,0.048327138,0.056291391,0.064393939,0.077586207,0.003937008,0.041522491,0.050632911,0.067092652,0.083018868,0.012765957,0.055084746,0.045112782,0.065517241,0.004098361,0.028776978,0.025210084,0.027272727,0.043478261,0.073717949,0.102362205,0.021341463,0.063829787,0.162454874,0.103960396,0,0.009302326,0.004310345,0.018181818,0,0.035,0.03030303,0.044897959,0.003558719,0.013392857,0,0,0,0,0.0041841,0,0.072243346,0.044496487,0.042145594,0.027484144,0.02866242,0.058411215,0.075409836,0.013274336,0.073275862,0,0,0.030898876,0.007843137,0.045454545,0.091703057,0.099125364,0.086513995,0.114285714,0.179723502,0.107476636,0.104529617,0.272277228,0.165289256,0.053398058,0.079812207,0.247863248,0.093023256,0.103585657,1,0.127090301,0.212765957,0.185873606,0.163793103,0.227272727,0.096566524,0.116666667,0.198717949,0.1072,0.190031153,0.177177177,0.116531165,0.098918083,0.024725275,0.052054795,0,0.066481994,0.020833333,0.037037037,0.044041451,0.076923077,0.050632911,0.080168776,0.03930131,0.075949367,0.053231939,0.014018692,0.004132231,0.032786885,0.01843318,0.053497942,0.05106383,0.05019305,0.037037037,0.021875,0.03264095,0.034591195,0.024590164,0.033457249,0.120833333,0.093264249,0.142156863,0.166666667,0.078498294,0.161702128,0.101010101,0.093596059,0.023474178,0.018867925,0,0.018450185,0.055096419,0.095890411,0.230529595,0.092465753
Hepatitis C - Homo sapiens (human),0,0,0,0,0,0,0,0,0,0,0,0,0,0,0.003448276,0,0,0,0,0,0,0,0,0,0,0,0,0,0,0,0,0,0,0,0,0,0,0,0,0,0,0,0,0,0,0,0,0,0,0,0,0.013215859,0,0,0,0,0,0,0,0,0,0,0,0,0,0,0,0,0,0,0,0,0,0,0,0,0,0,0,0,0,0,0,0,0,0,0,0,0,0.032520325,0,0,0,0,0,0.009950249,0,0.009174312,0,0,0,0,0,0.013100437,0,0,0,0,0,0,0.078947368,0.130841121,0.082644628,0.060693642,0.005063291,0.028571429,0.055865922,0.051162791,0.011811024,0.100946372,0.065306122,0.081300813,0.120622568,0.024193548,0.140495868,0.077738516,0,0.067669173,0.051094891,0.064814815,0.010135135,0,0,0.010695187,0.036199095,0.095588235,0.02507837,0,0.00990099,0.003246753,0,0.090592334,0.158730159,0.069230769,0.176706827,0.069565217,0.057971014,0.055865922,0.005076142,0.136690647,0.106007067,0,0.044217687,0.024647887,0.01552795,0,0.009478673,0.037190083,0.039877301,0.096446701,0.042253521,0.130952381,0.060810811,0,0.071856287,0,0.082758621,0.017857143,0.116438356,0.056034483,0.083032491,0,0.040740741,0.012931034,0.048338369,0,0.231132075,0.159863946,0.182291667,0.145833333,0.115384615,0.157706093,0.003921569,0.165991903,0.091304348,0.050632911,0.055776892,0.12987013,0.132701422,0.102941176,0.053941909,0.135021097,0.129166667,0,0,0.007936508,0.015665796,0.046728972,0,0.131147541,0.00660066,0.007434944,0.058823529,0.038314176,0,0.0433213,0.068965517,0,0,0,0.024096386,0.063360882,0.097014925,0,0.050420168,0.009708738,0.070247934,0.076363636,0.040322581,0.135,0,0.103174603,0.081339713,0.036666667,0.015384615,0.04368932,0,0.007905138,0.091603053,0.009090909,0.035433071,0.083333333,0.057291667,0.081632653,0.102473498,0.098290598,0.064846416,0.09486166,0.163424125,0.020408163,0,0.048648649,0,0,0,0,0,0,0,0.046153846,0,0.005025126,0.012345679,0.005555556,0,0.009708738,0.082,0.019277108,0.027613412,0.017582418,0.038062284,0.04368932,0.053244592,0.009803922,0,0,0,0.036144578,0.030837004,0,0.03652968,0.153094463,0.08310992,0.085561497,0.040178571,0.043902439,0.101123596,0.044642857,0.161434978,0.021052632,0.014705882,0.102459016,0.044354839,0,0.127090301,1,0.340336134,0.333333333,0.232258065,0.312,0.213930348,0.104956268,0.281021898,0.124369748,0.264084507,0.178913738,0.16119403,0.129720854,0.023391813,0.135220126,0,0.100303951,0.071100917,0.098214286,0.088825215,0.173913043,0.118811881,0.201030928,0.187845304,0.177664975,0.198113208,0.08988764,0.028037383,0.168367347,0.118644068,0.213541667,0.160621762,0.169014085,0.205263158,0.142857143,0.132404181,0.141791045,0.096618357,0.094420601,0.144186047,0.005347594,0.076923077,0.027777778,0.006872852,0.008064516,0.020942408,0.020512821,0.005154639,0.004065041,0.004291845,0.003968254,0.037463977,0.028436019,0.196141479,0.068592058
Hepatitis B - Homo sapiens (human),0,0,0,0,0,0,0,0,0,0,0,0,0,0,0.006802721,0,0,0,0,0,0,0,0,0,0,0,0,0,0,0,0,0,0,0,0,0,0,0,0,0,0,0,0,0,0,0,0,0,0,0,0,0.012931034,0,0,0,0,0,0,0,0,0,0,0,0,0,0,0,0,0,0,0,0,0,0,0,0,0,0,0,0,0,0,0,0,0,0,0,0,0,0,0,0,0,0.005076142,0,0,0,0.00896861,0,0,0,0,0,0,0.005154639,0.014563107,0.005434783,0,0,0,0.15443038,0.181818182,0.096418733,0.081395349,0.012594458,0.078688525,0.097421203,0.05787037,0.011583012,0.116719243,0.094650206,0.101626016,0.181451613,0.036,0.137651822,0.080139373,0,0.086466165,0.046428571,0.068181818,0.013333333,0,0,0,0.058823529,0.089928058,0.027863777,0.003412969,0.014742015,0.009646302,0,0.092783505,0.156950673,0.071969697,0.182539683,0.115555556,0.056603774,0.071823204,0.009950249,0.150537634,0.186567164,0,0.072164948,0.034965035,0.057324841,0.00913242,0.004608295,0.053497942,0.051987768,0.14507772,0.048780488,0.198347107,0.039087948,0,0.086826347,0.004016064,0,0.044843049,0.024767802,0.063829787,0.105072464,0,0.059259259,0.008403361,0.086419753,0,0.364102564,0.197231834,0.234042553,0.136363636,0.1875,0.163120567,0.007722008,0.181451613,0.132743363,0.128888889,0.14893617,0.182222222,0.150943396,0.16751269,0.065843621,0.245454545,0.057471264,0.009569378,0.005128205,0.027777778,0.050666667,0.075117371,0,0.185654008,0.040268456,0.018450185,0.117886179,0.049429658,0.016194332,0.088888889,0.062200957,0,0,0,0.078838174,0.059620596,0.103321033,0.055319149,0.133333333,0,0.109243697,0.131578947,0.077868852,0.183673469,0.058035714,0.109803922,0.069444444,0.067567568,0.054901961,0.042654028,0.004347826,0.052631579,0.20746888,0.046082949,0.089430894,0.097087379,0.066666667,0.111111111,0.116197183,0.207373272,0.078231293,0.226086957,0.225806452,0.014851485,0,0.064171123,0.014150943,0.035175879,0,0,0.011952191,0.012765957,0.011494253,0.050251256,0,0,0.004,0,0,0.004716981,0.083333333,0.026378897,0.037475345,0.046979866,0.059027778,0.0875,0.072268908,0.065656566,0.069444444,0.012,0,0.067278287,0.030172414,0.00952381,0.089201878,0.118380062,0.111413043,0.141666667,0.122641509,0.068292683,0.210526316,0.138095238,0.216589862,0.041884817,0.044334975,0.191304348,0.081967213,0,0.212765957,0.340336134,1,0.337777778,0.294314381,0.266159696,0.185096154,0.238709677,0.328358209,0.114049587,0.31884058,0.276450512,0.197568389,0.170608108,0.038011696,0.188311688,0,0.139751553,0.085057471,0.150769231,0.12244898,0.221674877,0.149253731,0.226804124,0.157894737,0.161764706,0.245192308,0.069892473,0.018099548,0.13592233,0.109289617,0.246073298,0.174358974,0.154545455,0.2,0.119565217,0.149825784,0.156133829,0.089201878,0.120689655,0.218446602,0.005208333,0.075,0.075829384,0.003367003,0.045081967,0.015228426,0.02,0.01010101,0.020242915,0,0.015748031,0.086309524,0.023041475,0.30449827,0.118959108
Measles - Homo sapiens (human),0,0,0,0,0,0,0,0,0,0,0,0,0,0,0.003676471,0,0,0,0,0,0,0,0,0,0,0,0,0,0,0,0,0,0,0,0,0,0,0,0,0,0,0,0,0,0,0,0,0,0,0,0,0.014354067,0,0,0,0,0,0,0,0,0,0,0,0,0,0,0,0,0,0,0,0,0,0,0,0,0,0,0,0,0,0,0,0,0,0,0.016460905,0,0,0,0,0,0,0,0.021428571,0,0,0.01,0.014084507,0.014184397,0,0,0.007042254,0,0,0,0,0,0,0,0.079800499,0.092682927,0.059322034,0.026470588,0,0.013245033,0.052631579,0.066339066,0.021367521,0.074675325,0.109589041,0.068965517,0.084337349,0.026086957,0.079497908,0.032374101,0,0.043137255,0.011235955,0.115789474,0.010791367,0,0,0,0.065656566,0.081081081,0.058219178,0,0.029023747,0.017482517,0,0.042402827,0.125570776,0.044176707,0.165254237,0.060465116,0.080645161,0.096153846,0.005586592,0.159533074,0.080586081,0,0.014035088,0,0.047457627,0,0.020942408,0,0.022292994,0.058823529,0.01459854,0.145922747,0.020689655,0,0.059190031,0,0.003389831,0.024390244,0.023255814,0,0.048327138,0.004464286,0.035433071,0.028436019,0.047770701,0,0.313513514,0.200743494,0.229411765,0.174418605,0.151658768,0.177606178,0.03030303,0.106557377,0.120192308,0.132352941,0.127853881,0.14084507,0.099502488,0.061538462,0.044247788,0.146118721,0.028455285,0.016216216,0,0.004255319,0,0,0,0.12173913,0.01056338,0,0.045643154,0.003968254,0,0.030418251,0,0,0,0,0.044052863,0.027932961,0.061538462,0,0.01754386,0,0.057017544,0.069230769,0.0041841,0.117647059,0,0.06122449,0.077720207,0.010344828,0.012345679,0.04787234,0,0,0.067729084,0,0.008230453,0.046391753,0.057142857,0.083333333,0.113636364,0.132701422,0.027972028,0.074688797,0.211206897,0.045977011,0,0.035294118,0,0,0,0,0,0,0,0.050847458,0,0,0,0,0,0,0.076131687,0.030534351,0.026530612,0.025345622,0.048327138,0.081364829,0.051282051,0.016216216,0.009708738,0,0,0,0.028571429,0,0.055555556,0.101639344,0.102857143,0.108571429,0.096938776,0.12,0.140495868,0.102040816,0.199004975,0.047619048,0.038461538,0.18957346,0.066371681,0.004255319,0.185873606,0.333333333,0.337777778,1,0.162939297,0.330472103,0.151960784,0.131661442,0.237918216,0.140105079,0.347826087,0.210344828,0.224422442,0.129848229,0.031055901,0.120915033,0,0.058461538,0.044186047,0.063636364,0.061583578,0.125,0.055837563,0.155913978,0.08839779,0.075376884,0.118483412,0.023255814,0.02020202,0.082051282,0.016949153,0.137566138,0.101604278,0.166666667,0.110526316,0.067164179,0.062283737,0.07063197,0.050251256,0.062780269,0.175257732,0,0.097142857,0.073684211,0.003649635,0.035714286,0.035087719,0.040229885,0.029069767,0.004385965,0,0,0.04587156,0.036458333,0.264285714,0.094488189
Human cytomegalovirus infection - Homo sapiens (human),0,0,0,0,0,0,0,0,0,0,0,0,0,0,0.002793296,0,0.026162791,0,0,0,0,0,0,0,0,0,0,0,0,0,0,0,0,0,0,0,0,0,0,0,0,0,0,0,0,0,0,0,0,0,0,0.024054983,0,0,0,0.003508772,0,0,0,0,0,0,0,0,0,0,0,0,0,0,0,0,0,0,0,0,0,0,0,0,0,0,0,0,0,0.007462687,0,0,0,0,0,0,0,0,0,0,0,0.006993007,0.00877193,0,0,0.004291845,0,0,0,0,0,0,0,0,0.133187773,0.131386861,0.164141414,0.172506739,0.09929078,0.180722892,0.143589744,0.083333333,0.072607261,0.291021672,0.068181818,0.091503268,0.102167183,0.076923077,0.166101695,0.144171779,0.006861063,0.038348083,0.105590062,0.053003534,0.00273224,0,0,0.00390625,0.034843206,0.082840237,0.018041237,0,0.032537961,0.032876712,0,0.104347826,0.193814433,0.074534161,0.135220126,0.167286245,0.103846154,0.036290323,0.003773585,0.081690141,0.217252396,0,0.146788991,0.143312102,0.079234973,0,0.018115942,0.029032258,0.09703504,0.159183673,0.209302326,0.131410256,0.010582011,0,0.106493506,0.006430868,0.018666667,0.031358885,0.026041667,0.15498155,0.079178886,0,0.155629139,0.048442907,0.083550914,0,0.200729927,0.136111111,0.130268199,0.120622568,0.192028986,0.113960114,0.018867925,0.182724252,0.088737201,0.070945946,0.088235294,0.146341463,0.145522388,0.114068441,0.073333333,0.174216028,0.090032154,0.011070111,0.003875969,0.201492537,0.088095238,0.145098039,0,0.146666667,0.158385093,0.181184669,0.251851852,0.156996587,0.133574007,0.22260274,0.104651163,0.021538462,0.043624161,0.036885246,0.170289855,0.101941748,0.13125,0.118705036,0.195488722,0.053435115,0.112244898,0.217391304,0.172661871,0.113207547,0.127819549,0.130718954,0.053763441,0.191823899,0.125423729,0.10546875,0.122137405,0.149466192,0.287272727,0.128404669,0.182142857,0.111538462,0.042307692,0.095394737,0.095100865,0.136363636,0.158536585,0.254545455,0.139751553,0.03875969,0,0.048,0.053030303,0.054901961,0,0,0.108391608,0.127340824,0.075657895,0.054263566,0,0,0.043189369,0,0,0,0.107272727,0.051391863,0.042477876,0.043222004,0.069767442,0.0969163,0.093603744,0.078740157,0.113636364,0.132616487,0,0.147632312,0.052264808,0.026119403,0.061151079,0.104712042,0.151219512,0.097222222,0.09057971,0.040590406,0.171521036,0.052264808,0.176258993,0.052208835,0.018518519,0.10130719,0.097315436,0,0.163793103,0.232258065,0.294314381,0.162939297,1,0.175074184,0.203463203,0.211382114,0.415540541,0.109939759,0.22,0.432786885,0.120098039,0.245469522,0.02955665,0.159459459,0.003412969,0.165311653,0.091836735,0.168449198,0.084745763,0.143382353,0.092936803,0.162162162,0.123015873,0.181102362,0.175182482,0.056451613,0.021276596,0.120754717,0.094650206,0.162162162,0.123076923,0.124113475,0.146718147,0.117117117,0.122857143,0.106508876,0.080586081,0.12543554,0.154411765,0.003921569,0.081712062,0.024734982,0.002777778,0.035830619,0.035433071,0.04296875,0.011538462,0.012861736,0.010033445,0.052459016,0.067331671,0.055555556,0.260744986,0.130434783
Influenza A - Homo sapiens (human),0,0,0,0,0,0,0,0,0,0,0,0,0,0,0.003289474,0,0,0,0,0,0,0,0,0,0,0,0,0,0,0,0,0,0,0,0,0,0,0,0,0,0,0,0,0,0,0,0,0,0,0,0,0.012448133,0,0,0,0,0,0,0,0,0,0,0,0,0,0,0,0,0,0,0,0,0,0,0,0,0,0.005181347,0,0,0,0,0,0,0,0,0.025735294,0,0.052830189,0.042801556,0,0,0,0,0,0.00462963,0,0.021834061,0,0,0,0,0,0,0,0,0,0,0,0,0.056818182,0.066666667,0.059895833,0.049586777,0.017326733,0.04,0.050938338,0.086247086,0.042307692,0.08358209,0.078431373,0.09375,0.074733096,0.030769231,0.086142322,0.052805281,0.007561437,0.017064846,0.010033445,0.056277056,0.006430868,0,0,0,0.0125,0.054054054,0.017910448,0,0.007159905,0.055555556,0,0.06514658,0.09375,0.035460993,0.149812734,0.048387097,0.040178571,0.051813472,0,0.18705036,0.09,0,0.019047619,0.023489933,0.014880952,0.00877193,0,0.023166023,0.029154519,0.079812207,0.026490066,0.128301887,0.009230769,0,0.050847458,0,0.047923323,0.025423729,0.008902077,0.027777778,0.053691275,0.00390625,0.046099291,0.073275862,0.084084084,0,0.26146789,0.195286195,0.193069307,0.181818182,0.12704918,0.142372881,0.071428571,0.157088123,0.090534979,0.138528139,0.129554656,0.09561753,0.095238095,0.071748879,0.059288538,0.136546185,0.040145985,0.073170732,0,0.015151515,0.004987531,0.03930131,0,0.082089552,0.012698413,0.014234875,0.055762082,0.025179856,0.007751938,0.016778523,0.03125,0,0,0,0.034615385,0.041666667,0.054794521,0.007843137,0.027237354,0,0.05,0.047297297,0.034220532,0.085585586,0.008196721,0.081481481,0.066666667,0.028481013,0.018315018,0.040909091,0,0.007490637,0.063829787,0,0.022140221,0.073059361,0.053398058,0.068965517,0.090301003,0.110655738,0.01875,0.077777778,0.163568773,0.114583333,0,0.050505051,0.013574661,0.009389671,0,0,0.007662835,0.016460905,0.02247191,0.048076923,0.011070111,0,0,0,0,0.004524887,0.075581395,0.025821596,0.04288499,0.028017241,0.057239057,0.057142857,0.05203252,0.009174312,0.008403361,0.007692308,0,0.011299435,0.033333333,0.013761468,0.038793103,0.108433735,0.102902375,0.111111111,0.088105727,0.090909091,0.136531365,0.164319249,0.161702128,0.066666667,0.052380952,0.18907563,0.07480315,0.063492063,0.227272727,0.312,0.266159696,0.330472103,0.175074184,1,0.146118721,0.145772595,0.233108108,0.167521368,0.281786942,0.164133739,0.206586826,0.103773585,0.02247191,0.080691643,0,0.068181818,0.043383948,0.072829132,0.067750678,0.079831933,0.071428571,0.112612613,0.080188679,0.088495575,0.098360656,0.02970297,0.00862069,0.08,0.034146341,0.107623318,0.091743119,0.10041841,0.094594595,0.06,0.069400631,0.052631579,0.061674009,0.063241107,0.130434783,0.080213904,0.148717949,0.134615385,0.054982818,0.10460251,0.105820106,0.109375,0.009661836,0.015564202,0.008130081,0.011363636,0.050561798,0.105263158,0.217665615,0.080139373
Human papillomavirus infection - Homo sapiens (human),0.002518892,0,0,0,0,0,0,0,0,0,0,0,0,0,0.054421769,0,0,0,0,0,0,0,0,0,0,0,0,0,0,0,0,0,0,0,0,0,0,0,0,0,0,0,0.008,0,0,0,0,0,0,0,0,0.01,0,0,0,0.002557545,0,0,0,0,0,0,0.00265252,0,0,0,0,0,0,0,0,0,0,0,0,0,0,0,0,0,0,0,0,0,0,0,0,0,0,0.038834951,0,0,0.008042895,0,0,0.002659574,0,0.01025641,0,0,0,0.00591716,0,0,0,0,0,0.002695418,0,0.005221932,0.057529611,0.080519481,0.06779661,0.06916996,0.014209591,0.033195021,0.057471264,0.0330033,0.004662005,0.073921971,0.028368794,0.062801932,0.087058824,0.016627078,0.102941176,0.062084257,0.002894356,0.057736721,0.040540541,0.052083333,0.004246285,0,0,0.008333333,0.017676768,0.070294785,0.00804829,0.022075055,0.028268551,0.092760181,0,0.190709046,0.304761905,0.105134474,0.081018519,0.088082902,0.056451613,0.016806723,0.002695418,0.069868996,0.116972477,0,0.071269488,0.019736842,0.118303571,0.071428571,0.021108179,0.031553398,0.051229508,0.0626703,0.046770601,0.06993007,0.156398104,0,0.220183486,0.183615819,0.029535865,0.028132992,0.068376068,0.044887781,0.139423077,0.004819277,0.055684455,0.019950125,0.044088176,0,0.115384615,0.075156576,0.075067024,0.059139785,0.071428571,0.099557522,0.021377672,0.1,0.041666667,0.047029703,0.025700935,0.074074074,0.067183463,0.055555556,0.038834951,0.088452088,0.027713626,0.005291005,0.002747253,0.016627078,0.042592593,0.033766234,0.059585492,0.071428571,0.012684989,0.013667426,0.059665871,0.030092593,0.007194245,0.071759259,0.034391534,0.003911343,0.007246377,0,0.026315789,0.09375,0.083333333,0.027093596,0.041769042,0.013262599,0.04842615,0.073059361,0.152,0.072192513,0.027848101,0.102439024,0.030927835,0.034115139,0.042857143,0.037333333,0.015228426,0.026315789,0.105769231,0.028571429,0.042959427,0.047745358,0.035714286,0.068126521,0.04516129,0.091139241,0.159904535,0.089371981,0.097447796,0.024657534,0.002808989,0.025069638,0.010526316,0.03021978,0,0.06231454,0.009546539,0.009925558,0.002314815,0.024390244,0.040767386,0,0.009615385,0,0,0,0.115444618,0.013582343,0.013119534,0.032414911,0.037199125,0.044982699,0.087601078,0.035422343,0.033591731,0.009569378,0,0.046464646,0.032911392,0.079320113,0.086720867,0.039370079,0.068391867,0.054545455,0.027777778,0.01305483,0.070938215,0.025125628,0.0825,0.010989011,0.016,0.077858881,0.090680101,0,0.096566524,0.213930348,0.185096154,0.151960784,0.203463203,0.146118721,1,0.130879346,0.18510158,0.086340206,0.168859649,0.128898129,0.091085271,0.238505747,0.035573123,0.173245614,0.002506266,0.175438596,0.09948542,0.099190283,0.059273423,0.109042553,0.069518717,0.10298103,0.108262108,0.094339623,0.150537634,0.045454545,0.128939828,0.086253369,0.053824363,0.105978261,0.099447514,0.155737705,0.086253369,0.225641026,0.188095238,0.2,0.060846561,0.07518797,0.079691517,0.002770083,0.05785124,0.010204082,0.002145923,0.065326633,0.025,0.024725275,0.002717391,0.057788945,0.068062827,0.0675,0.032882012,0.028947368,0.100806452,0.053811659
Human T-cell leukemia virus 1 infection - Homo sapiens (human),0,0,0,0,0,0,0,0,0,0,0,0,0,0,0,0,0.026392962,0,0,0,0,0,0,0,0,0,0,0,0,0,0,0,0,0,0,0,0,0,0,0,0,0,0,0,0,0,0,0,0,0,0,0.013745704,0,0,0,0,0,0,0,0,0,0,0,0,0,0,0,0,0,0,0,0,0,0,0,0,0,0.004098361,0,0,0,0,0,0,0,0,0.006097561,0,0.006097561,0,0,0,0.011363636,0,0,0,0,0.025179856,0.004424779,0,0,0,0,0,0.003937008,0,0,0.003816794,0,0.003636364,0.109677419,0.09252669,0.072599532,0.071960298,0.05,0.124277457,0.1075,0.044444444,0.028753994,0.092348285,0.068852459,0.067741935,0.124203822,0.022435897,0.082539683,0.072463768,0.001715266,0.183050847,0.142394822,0.064981949,0.048991354,0,0,0,0.042553191,0.07079646,0.020833333,0,0.030501089,0.065527066,0,0.058823529,0.097142857,0.061919505,0.111801242,0.139194139,0.092307692,0.028340081,0.011538462,0.049586777,0.239344262,0,0.07826087,0.047058824,0.073972603,0.014440433,0.018315018,0.049833887,0.052083333,0.084942085,0.084084084,0.147540984,0.038356164,0,0.06281407,0,0.070621469,0.028070175,0.028947368,0.065292096,0.067251462,0.003257329,0.07788162,0.098901099,0.06185567,0,0.093959732,0.051813472,0.039145907,0.025179856,0.13986014,0.083798883,0.080808081,0.096273292,0.060402685,0.180451128,0.204379562,0.164285714,0.117647059,0.082089552,0.039087948,0.143835616,0.027522936,0.092741935,0.003921569,0.052805281,0.053364269,0.074349442,0,0.092948718,0.04815864,0.059936909,0.120401338,0.030674847,0.040133779,0.072727273,0.025454545,0.00608828,0.01986755,0,0.073825503,0.041570439,0.071641791,0.080701754,0.101398601,0.045977011,0.173913043,0.124610592,0.091216216,0.097744361,0.083941606,0.085443038,0.054347826,0.096209913,0.082236842,0.081081081,0.039285714,0.073825503,0.17,0.083018868,0.093333333,0.059259259,0.050980392,0.096345515,0.064971751,0.133802817,0.115384615,0.163265306,0.052023121,0.095041322,0,0.036,0.018518519,0.051383399,0,0,0.039735099,0.041958042,0.028571429,0.034615385,0,0,0.043624161,0,0,0.014869888,0.070671378,0.038297872,0.020905923,0.047619048,0.067251462,0.087912088,0.04491018,0.066929134,0.077777778,0.03986711,0,0.051413882,0.020477816,0.018726592,0.042857143,0.044887781,0.073226545,0.063205418,0.041958042,0.025735294,0.101226994,0.103321033,0.132867133,0.01171875,0.034220532,0.124579125,0.069306931,0.056291391,0.116666667,0.104956268,0.238709677,0.131661442,0.211382114,0.145772595,0.130879346,1,0.175141243,0.065312046,0.204545455,0.148148148,0.060747664,0.132330827,0.053299492,0.206798867,0,0.070175439,0.061876248,0.130208333,0.090686275,0.124087591,0.093984962,0.159533074,0.089494163,0.1,0.16,0.048582996,0.010638298,0.101123596,0.069105691,0.168627451,0.111538462,0.113475177,0.109433962,0.088495575,0.111111111,0.114114114,0.073529412,0.070234114,0.147601476,0.067510549,0.086956522,0.103846154,0.046783626,0.089965398,0.097046414,0.095435685,0.035856574,0.016286645,0,0.052980132,0.075949367,0.097276265,0.109137056,0.07761194
Kaposi sarcoma-associated herpesvirus infection - Homo sapiens (human),0,0,0,0,0,0,0,0,0,0,0,0,0,0,0.003058104,0,0,0,0,0,0,0,0,0,0,0,0,0,0,0,0,0,0,0,0,0,0,0,0,0,0,0,0,0,0,0,0,0,0,0,0,0.026923077,0,0,0,0.003937008,0,0,0,0,0,0,0,0,0,0,0,0,0,0,0,0,0,0,0,0,0,0,0,0,0,0,0,0,0,0,0,0.005714286,0,0,0,0,0,0,0,0,0,0.011811024,0.005050505,0,0,0,0.005076142,0.003731343,0,0,0,0,0,0,0.111617312,0.120481928,0.152815013,0.100817439,0.048309179,0.093939394,0.089238845,0.06768559,0.042553191,0.19504644,0.075812274,0.097826087,0.109215017,0.069852941,0.117857143,0.082278481,0.001801802,0.042207792,0.072607261,0.047058824,0.012048193,0,0,0.022624434,0.094650206,0.109271523,0.02247191,0,0.020642202,0.026706231,0,0.067073171,0.163481953,0.03960396,0.153846154,0.067924528,0.053497942,0.066037736,0.02173913,0.120634921,0.219512195,0,0.061728395,0.047923323,0.073746313,0.007968127,0.008064516,0.017667845,0.071225071,0.160550459,0.176678445,0.188191882,0.023323615,0,0.067567568,0,0.023323615,0.043307087,0.025423729,0.048327138,0.09771987,0.003584229,0.085324232,0.026415094,0.075630252,0,0.257383966,0.18125,0.162995595,0.107758621,0.246861925,0.142857143,0.006872852,0.199261993,0.129411765,0.121568627,0.135338346,0.177865613,0.159663866,0.144104803,0.069852941,0.181467181,0.051194539,0.008298755,0.004405286,0.114942529,0.021582734,0.105932203,0,0.163568773,0.096153846,0.096085409,0.154135338,0.103942652,0.067924528,0.151943463,0.049586777,0.016051364,0.010830325,0.042253521,0.101886792,0.054862843,0.099667774,0.007194245,0.116731518,0.004098361,0.076363636,0.102649007,0.088560886,0.142857143,0.01509434,0.113074205,0.073469388,0.118971061,0.075,0.041322314,0.064777328,0.039145907,0.1875,0.015686275,0.034482759,0.084033613,0.057268722,0.078571429,0.10443038,0.152941176,0.067278287,0.145985401,0.204301075,0.034934498,0,0.040540541,0,0.004219409,0,0,0.036231884,0.038461538,0.01369863,0.038793103,0,0,0,0,0,0,0.115830116,0.052631579,0.056818182,0.041666667,0.06984127,0.071100917,0.107438017,0.016736402,0.060483871,0.063432836,0,0.091690544,0.034351145,0.008264463,0.10460251,0.08913649,0.151436031,0.127226463,0.106557377,0.054621849,0.157342657,0.066929134,0.142857143,0.013157895,0.012448133,0.125,0.053380783,0.006920415,0.198717949,0.281021898,0.328358209,0.237918216,0.415540541,0.233108108,0.18510158,0.175141243,1,0.110062893,0.281553398,0.367003367,0.17032967,0.186579378,0.029255319,0.160349854,0.003816794,0.111420613,0.074626866,0.08847185,0.100263852,0.161825726,0.105042017,0.173913043,0.135135135,0.169565217,0.168674699,0.084507042,0.04048583,0.127118644,0.093023256,0.14893617,0.134782609,0.130434783,0.136752137,0.129139073,0.117283951,0.113636364,0.086419753,0.101886792,0.199152542,0,0.092920354,0.03187251,0.006097561,0.039855072,0.035714286,0.039647577,0.004329004,0.003533569,0.018796992,0,0.055851064,0.062761506,0.286163522,0.140410959
Herpes simplex virus 1 infection - Homo sapiens (human),0,0,0,0,0,0,0,0,0,0,0,0,0,0,0.001550388,0,0,0,0,0,0,0,0,0,0,0,0,0,0,0,0,0,0,0,0,0,0,0,0,0,0,0,0,0,0,0,0,0,0,0,0,0.005154639,0,0,0,0,0,0,0,0,0,0,0,0,0,0,0,0,0,0,0,0,0,0,0,0,0,0,0,0,0,0,0,0,0,0.003603604,0.006493506,0,0.008130081,0.013311148,0,0,0,0,0.01540832,0.001795332,0,0.00174216,0,0,0,0.013618677,0,0,0,0,0,0,0,0,0.032010243,0.022260274,0.0260631,0.015471167,0,0.010416667,0.022315202,0.041290323,0.013245033,0.032258065,0.049403748,0.029850746,0.020634921,0.009950249,0.031045752,0.023255814,0.002293578,0.001567398,0.0046875,0.020942408,0.00770416,0,0,0.001841621,0.010380623,0.034865293,0.016393443,0,0.01193634,0.042386185,0,0.027692308,0.058679707,0.024271845,0.064039409,0.030874786,0.017730496,0.026415094,0.001811594,0.068471338,0.042121685,0,0.010687023,0.00466563,0.002941176,0,0.001763668,0.003311258,0.011661808,0.021466905,0.00618238,0.061359867,0.00753012,0,0.027377522,0.003344482,0.034003091,0.006908463,0.001470588,0.001669449,0.017080745,0.003355705,0.024154589,0.051693405,0.027818448,0,0.1,0.092621664,0.069852941,0.056985294,0.049403748,0.066037736,0.032094595,0.061056106,0.041237113,0.050434783,0.050847458,0.030100334,0.027681661,0.019332162,0.016694491,0.063032368,0.011308562,0.027472527,0,0,0.005405405,0.005208333,0,0.036124795,0,0,0.017915309,0.0016,0.001666667,0.009404389,0,0,0,0,0.01836394,0.022068966,0.031796502,0,0.001655629,0,0.014876033,0.0171875,0,0.026455026,0,0.029268293,0.030141844,0.006042296,0.00487013,0.016042781,0,0,0.020700637,0,0.001620746,0.015873016,0.018248175,0.036789298,0.0421875,0.033783784,0,0.021001616,0.080991736,0.05313093,0,0.011049724,0,0,0,0,0,0,0,0.016363636,0,0,0,0,0,0,0.037037037,0.013020833,0.029377203,0.011124845,0.018662519,0.024804178,0.027027027,0.003577818,0.005190311,0,0,0.004310345,0.013769363,0,0.017482517,0.044182622,0.057103064,0.049655172,0.029772329,0.028933092,0.053571429,0.065099458,0.069686411,0.018552876,0.016274864,0.089005236,0.026755853,0.02698145,0.1072,0.124369748,0.114049587,0.140105079,0.109939759,0.167521368,0.086340206,0.065312046,0.110062893,1,0.16097561,0.112135177,0.094117647,0.064285714,0.014388489,0.051395007,0,0.034632035,0.018587361,0.025495751,0.025104603,0.031034483,0.019298246,0.040707965,0.025179856,0.022648084,0.033955857,0.005494505,0.005244755,0.022767075,0.003629764,0.037037037,0.032085561,0.052264808,0.024561404,0.020123839,0.022556391,0.021638331,0.019264448,0.023489933,0.04886562,0.028409091,0.066037736,0.047186933,0.028571429,0.035958904,0.049618321,0.049242424,0.005484461,0.006688963,0.003407155,0.004958678,0.021428571,0.045703839,0.109923664,0.038277512
Epstein-Barr virus infection - Homo sapiens (human),0,0,0,0,0,0,0,0,0,0,0,0,0,0,0.002985075,0,0.009174312,0,0.011673152,0,0,0,0,0,0,0,0,0,0,0,0,0,0,0,0,0,0,0,0,0,0,0,0,0,0,0,0,0,0,0,0,0.014760148,0,0,0,0,0,0,0,0,0,0,0,0,0,0,0,0,0,0,0,0,0,0,0,0,0,0,0,0,0,0,0,0,0,0.008163265,0,0,0,0,0,0,0,0,0.002873563,0.082969432,0,0,0,0,0,0,0,0,0,0.004032258,0,0.004132231,0,0.007874016,0.09010989,0.070895522,0.04784689,0.043037975,0.004545455,0.008196721,0.041871921,0.044117647,0.010033445,0.064864865,0.133333333,0.057823129,0.106312292,0.023972603,0.088135593,0.035502959,0,0.082236842,0.021472393,0.09561753,0.014749263,0,0,0,0.030075188,0.048929664,0.030470914,0,0.02027027,0.079268293,0,0.037681159,0.107569721,0.041935484,0.134228188,0.04676259,0.043478261,0.063636364,0.004132231,0.121118012,0.143769968,0,0.023255814,0,0.030470914,0.031620553,0.011764706,0.006802721,0.021276596,0.065306122,0.011869436,0.166077739,0.011267606,0,0.046753247,0.003460208,0.071641791,0.007380074,0.024861878,0,0.051829268,0.003484321,0.055016181,0.106719368,0.065217391,0,0.269709544,0.18404908,0.198237885,0.127659574,0.133333333,0.118541033,0.086642599,0.128813559,0.112781955,0.162055336,0.148148148,0.125,0.105058366,0.111111111,0.049122807,0.171641791,0.046357616,0.077253219,0,0,0.011655012,0,0,0.110726644,0.020408163,0,0.032786885,0.003174603,0,0.030864198,0.003831418,0,0,0,0.056338028,0.026190476,0.039877301,0,0.042402827,0,0.066666667,0.033333333,0,0.088,0,0.0625,0.071146245,0.008498584,0.009803922,0.035856574,0,0,0.071197411,0,0.006535948,0.035019455,0.046413502,0.065292096,0.095092025,0.118518519,0.034782609,0.073333333,0.190311419,0.098654709,0.004405286,0.025751073,0,0,0,0,0,0,0.00330033,0.0375,0,0,0,0,0,0,0.091247672,0.063636364,0.069943289,0.071729958,0.112903226,0.091954023,0.074484945,0.012096774,0.01119403,0,0,0.005167959,0.025735294,0.003984064,0.079365079,0.102209945,0.111386139,0.113580247,0.069230769,0.052845528,0.141414141,0.143442623,0.151515152,0.025751073,0.028571429,0.198473282,0.04467354,0.060283688,0.190031153,0.264084507,0.31884058,0.347826087,0.22,0.281786942,0.168859649,0.204545455,0.281553398,0.16097561,1,0.250755287,0.182561308,0.134674923,0.061827957,0.170028818,0,0.06824147,0.064449064,0.050761421,0.067839196,0.11627907,0.046332046,0.158333333,0.087866109,0.108,0.107407407,0.048245614,0.03515625,0.10483871,0.042918455,0.148760331,0.076,0.185483871,0.118367347,0.090625,0.078717201,0.090062112,0.042145594,0.048951049,0.13229572,0.078703704,0.164383562,0.089795918,0.052959502,0.076642336,0.111111111,0.104072398,0.048034934,0.006896552,0,0.006756757,0.049222798,0.134199134,0.208695652,0.1
Human immunodeficiency virus 1 infection - Homo sapiens (human),0,0,0,0,0,0,0,0,0,0,0,0,0,0,0.002898551,0,0,0,0,0,0,0,0,0,0,0,0,0,0,0,0,0,0,0,0,0,0,0,0,0,0,0,0,0,0,0,0,0,0,0,0,0.017857143,0,0,0,0,0,0,0,0,0,0,0,0,0,0,0,0,0,0,0,0,0,0,0,0,0,0,0,0,0,0,0,0,0,0.007843137,0,0,0,0,0,0,0,0,0,0,0,0.053639847,0.014018692,0,0,0,0,0,0,0.015686275,0,0.003968254,0,0.003773585,0.134529148,0.16015625,0.178947368,0.116402116,0.056074766,0.095375723,0.096202532,0.045360825,0.016286645,0.167630058,0.089655172,0.09556314,0.099358974,0.072916667,0.149305556,0.065088757,0,0.039877301,0.099358974,0.055555556,0.038123167,0,0,0.004115226,0.03649635,0.092879257,0.035230352,0.023809524,0.022075055,0.034090909,0,0.079178886,0.132,0.040625,0.167785235,0.06360424,0.057915058,0.060869565,0,0.091176471,0.194805195,0,0.064705882,0.061349693,0.070028011,0,0.015151515,0.026845638,0.119318182,0.168103448,0.147058824,0.156462585,0.005449591,0.004166667,0.098404255,0,0.019337017,0.02166065,0.016,0.071428571,0.062874251,0,0.073482428,0.050724638,0.083557951,0,0.239215686,0.147826087,0.155737705,0.1,0.196969697,0.08,0.016339869,0.195121951,0.100719424,0.113553114,0.111111111,0.215384615,0.1484375,0.138211382,0.103571429,0.161290323,0.079470199,0.003846154,0.020746888,0.136029412,0.025404157,0.107142857,0,0.173758865,0.114551084,0.120274914,0.164874552,0.124137931,0.086642599,0.166101695,0.079365079,0.015600624,0.010169492,0.038961039,0.111111111,0.091584158,0.107936508,0.020547945,0.125461255,0,0.101754386,0.110759494,0.079310345,0.105882353,0.025,0.081168831,0.068441065,0.112462006,0.063333333,0.046511628,0.072519084,0.050847458,0.179930796,0.018382353,0.056478405,0.099601594,0.057377049,0.073825503,0.095522388,0.122302158,0.033802817,0.152777778,0.17218543,0.036585366,0,0.050632911,0.01532567,0,0,0,0.048275862,0.062730627,0.026143791,0.040160643,0,0,0,0,0,0,0.099630996,0.048245614,0.049180328,0.025742574,0.066066066,0.068281938,0.095541401,0.023529412,0.064393939,0.086021505,0,0.096153846,0.039568345,0.011583012,0.072243346,0.117486339,0.164974619,0.13546798,0.129411765,0.042635659,0.203448276,0.082397004,0.189393939,0.033195021,0.015503876,0.153024911,0.060810811,0,0.177177177,0.178913738,0.276450512,0.210344828,0.432786885,0.164133739,0.128898129,0.148148148,0.367003367,0.112135177,0.250755287,1,0.144329897,0.166405024,0.01758794,0.09762533,0,0.112,0.06097561,0.081632653,0.090225564,0.133079848,0.128514056,0.129411765,0.084337349,0.125490196,0.095744681,0.0375,0.007326007,0.075757576,0.032653061,0.111969112,0.102766798,0.09352518,0.100775194,0.071641791,0.082621083,0.068047337,0.068181818,0.115107914,0.208835341,0.004132231,0.086065574,0.025925926,0.002881844,0.016666667,0.037344398,0.036734694,0.024590164,0.003322259,0,0.003257329,0.061381074,0.054263566,0.270833333,0.128617363
Coronavirus disease - COVID-19 - Homo sapiens (human),0,0,0,0,0,0,0,0,0,0,0,0,0,0,0,0,0,0,0,0,0,0,0,0,0,0,0,0,0,0,0,0,0,0,0,0,0,0,0,0,0,0,0,0,0,0,0,0,0,0,0,0.016666667,0,0,0,0,0,0,0,0,0,0,0,0,0,0,0,0,0,0,0,0,0,0,0,0,0,0,0,0,0,0,0,0,0,0,0,0.304347826,0,0,0,0,0,0,0,0,0,0.006825939,0,0,0,0,0,0.003267974,0,0,0,0,0,0,0.058350101,0.063758389,0.051685393,0.04,0.017241379,0.007575758,0.036613272,0.060362173,0.027863777,0.06,0.076923077,0.068965517,0.058309038,0.034591195,0.066869301,0.046831956,0.011925043,0,0.016806723,0,0.008086253,0,0,0,0.027027027,0.038997214,0.010050251,0,0.004158004,0.021276596,0,0.043010753,0.077205882,0.020231214,0.060518732,0.025559105,0.020833333,0.015384615,0.003676471,0.095238095,0.043010753,0,0.021390374,0.016666667,0.020304569,0.003448276,0,0.009287926,0.029850746,0.062043796,0.010899183,0.125,0,0,0.040865385,0.003134796,0.00257732,0.013377926,0.010075567,0.01910828,0.041666667,0.104166667,0.05952381,0.003236246,0.096103896,0.015936255,0.226277372,0.171830986,0.170542636,0.125954198,0.12,0.102493075,0.021604938,0.1,0.112627986,0.08361204,0.08974359,0.094462541,0.071672355,0.079136691,0.051118211,0.113268608,0.048484848,0.010791367,0,0.018575851,0.010893246,0.017006803,0,0.08,0.032608696,0.014662757,0.036036036,0.014662757,0.009433962,0.031161473,0.017421603,0,0,0,0.061093248,0.038288288,0.036516854,0.00952381,0.045016077,0,0.047021944,0.033426184,0.015243902,0.070921986,0.009868421,0.041297935,0.045138889,0.021164021,0,0.021126761,0.006688963,0.012269939,0.068047337,0.003378378,0.024242424,0.038596491,0.049056604,0.055900621,0.066115702,0.102990033,0.010443864,0.069908815,0.172413793,0.018518519,0,0.042635659,0.010638298,0,0,0,0.009345794,0.009836066,0.009063444,0.025735294,0.002994012,0,0,0,0,0,0.038785835,0.012195122,0.013605442,0.005607477,0.033057851,0.06092437,0.033576642,0.010791367,0.016891892,0.009375,0,0.004796163,0.01980198,0.010752688,0.070921986,0.091603053,0.106235566,0.080898876,0.136531365,0.050909091,0.135384615,0.111510791,0.151724138,0.038610039,0.040590406,0.102564103,0.080906149,0.068181818,0.116531165,0.16119403,0.197568389,0.224422442,0.120098039,0.206586826,0.091085271,0.060747664,0.17032967,0.094117647,0.182561308,0.144329897,1,0.079207921,0.019184652,0.053140097,0,0.060679612,0.032380952,0.042253521,0.055684455,0.046052632,0.030821918,0.069444444,0.03202847,0.04778157,0.054487179,0.007490637,0,0.030508475,0.02247191,0.047619048,0.052816901,0.04516129,0.051903114,0.029891304,0.03626943,0.024193548,0.030716724,0.057692308,0.103092784,0.007662835,0.055555556,0.045774648,0.054441261,0.041666667,0.018867925,0.014814815,0.007462687,0.009404389,0,0.006134969,0.050724638,0.003436426,0.173228346,0.072254335
Pathways in cancer - Homo sapiens (human),0,0.001785714,0,0,0,0,0,0,0,0,0,0,0.001848429,0,0.001506024,0.001811594,0.013846154,0,0,0,0,0,0,0,0.001686341,0.001724138,0,0,0,0,0,0,0,0,0.005504587,0,0.033391916,0,0,0,0,0,0,0,0,0,0,0,0,0,0,0.016835017,0,0.003184713,0.003454231,0.001692047,0,0,0,0,0,0,0.001733102,0,0,0,0,0,0,0,0,0,0,0,0,0,0.001745201,0,0,0,0,0.032258065,0.032590051,0.032094595,0,0,0,0,0.001567398,0,0,0,0,0,0,0.001736111,0,0.005076142,0.001869159,0,0,0,0,0.01,0,0.003472222,0.007272727,0.003508772,0,0.00862069,0.157082749,0.098039216,0.204081633,0.178060413,0.117391304,0.067278287,0.102639296,0.079738562,0.017741935,0.138582677,0.042692939,0.101549053,0.097844113,0.038016529,0.085141903,0.105863192,0.022909507,0.066450567,0.055821372,0.052264808,0.027480916,0,0,0.001779359,0.0237691,0.056603774,0.020378457,0,0.03030303,0.005891016,0.001633987,0.111650485,0.264285714,0.030015798,0.098846787,0.061643836,0.057040998,0.042592593,0.005272408,0.076443058,0.100961538,0.001620746,0.067398119,0.077795786,0.136142626,0.040564374,0.031634446,0.041666667,0.067365269,0.055456172,0.114808652,0.073289902,0.107890499,0.001788909,0.138413686,0.042087542,0.005847953,0.046956522,0.02489019,0.074652778,0.123333333,0.009819967,0.077302632,0.004950495,0.044927536,0.003623188,0.083617747,0.07518797,0.052539405,0.034843206,0.078098472,0.146381579,0.03960396,0.079934747,0.057529611,0.077854671,0.088586031,0.069023569,0.060553633,0.058303887,0.044925125,0.071666667,0.050488599,0.015761821,0.005338078,0.097902098,0.033875339,0.06405694,0,0.096121417,0.072669826,0.075,0.108433735,0.073211314,0.05982906,0.085106383,0.04787234,0.018907563,0.019834711,0.016363636,0.086355786,0.124260355,0.073954984,0.045762712,0.092819615,0.028268551,0.069256757,0.105610561,0.161764706,0.063716814,0.039451115,0.099494098,0.034482759,0.083860759,0.045901639,0.048042705,0.047120419,0.058922559,0.151832461,0.038327526,0.085178876,0.047535211,0.023049645,0.044117647,0.057010786,0.120781528,0.15682968,0.109028961,0.069952305,0.01056338,0.001798561,0.023423423,0.028169014,0.012323944,0,0,0.047058824,0.061188811,0.032626427,0.024822695,0.00955414,0,0.024793388,0,0.001694915,0,0.117216117,0.041830065,0.017045455,0.029520295,0.036923077,0.033419023,0.107810781,0.019332162,0.039861352,0.061433447,0,0.068452381,0.035775128,0.015734266,0.030874786,0.065885798,0.077562327,0.071428571,0.051993068,0.024390244,0.073954984,0.042881647,0.095155709,0.028985507,0.015734266,0.095400341,0.089500861,0,0.098918083,0.129720854,0.170608108,0.129848229,0.245469522,0.103773585,0.238505747,0.132330827,0.186579378,0.064285714,0.134674923,0.166405024,0.079207921,1,0.085457271,0.092124814,0.034482759,0.1776,0.103674541,0.173775671,0.100729927,0.157598499,0.098901099,0.140977444,0.102996255,0.124304267,0.133574007,0.069679849,0.118644068,0.131332083,0.067164179,0.130353818,0.105360444,0.171052632,0.122905028,0.255555556,0.250447227,0.252302026,0.061837456,0.07890223,0.076388889,0.007168459,0.03180212,0.049295775,0.001501502,0.021276596,0.01426025,0.008802817,0.007079646,0.026446281,0.028764805,0.045,0.062228654,0.020725389,0.145929339,0.116666667
Transcriptional misregulation in cancer - Homo sapiens (human),0,0,0,0,0,0,0,0,0,0,0,0,0,0,0,0,0,0,0,0,0,0,0,0,0.011857708,0,0,0,0,0,0,0,0,0,0,0,0,0,0.004132231,0,0,0.004329004,0,0,0,0,0,0,0.004854369,0,0,0,0,0,0,0.003952569,0,0,0,0,0,0,0,0,0,0,0,0,0,0,0,0,0,0,0,0,0,0,0,0,0,0,0,0.003676471,0,0,0,0,0,0.003460208,0,0,0.004219409,0,0.00591716,0,0,0.019920319,0,0,0.005102041,0,0.005102041,0.015151515,0,0.0041841,0,0.004291845,0,0.004065041,0.049568966,0.01459854,0.03125,0.020253165,0.011682243,0.002785515,0.00729927,0.020920502,0.01384083,0.010498688,0.056939502,0.027210884,0.04516129,0,0.012987013,0.00887574,0.001805054,0.052631579,0.00621118,0.051383399,0.015151515,0,0,0,0.023166023,0.006024096,0.008333333,0,0.011389522,0.014705882,0,0.00867052,0.04789272,0.019480519,0.057877814,0.02919708,0.02,0.02739726,0.004291845,0.008595989,0.054380665,0,0,0,0.011142061,0.012048193,0.004032258,0.017730496,0.00536193,0.003984064,0.006060606,0.025559105,0.023391813,0,0.026041667,0.003571429,0.011560694,0.011494253,0.002770083,0.003571429,0.030674847,0.010869565,0,0,0.072829132,0,0.024137931,0.035714286,0.011538462,0.011857708,0.013651877,0.025714286,0.035460993,0.009345794,0.028673835,0.014234875,0.034364261,0.010204082,0.011029412,0.011627907,0.006944444,0.033898305,0.009868421,0.021097046,0.004424779,0.006944444,0.002358491,0,0,0.019607843,0.002941176,0.003267974,0,0,0,0.00308642,0.012,0,0,0,0.006920415,0.009569378,0.003039514,0,0,0.008264463,0.013745704,0.009118541,0.006849315,0.011538462,0.003745318,0.03630363,0.019455253,0.005797101,0.003344482,0,0,0.003448276,0.012578616,0.0078125,0.023972603,0,0,0.013468013,0.026548673,0.028070175,0.023529412,0.009677419,0.018237082,0.008547009,0.004587156,0.004366812,0,0,0,0,0,0,0,0,0,0,0.003558719,0,0,0,0.008741259,0.008791209,0.009057971,0.016293279,0.005988024,0.006479482,0.015174507,0.008333333,0.011583012,0,0.004310345,0.052631579,0.007462687,0,0.015444015,0.018276762,0.070559611,0.023148148,0.022813688,0.024590164,0.018518519,0.018867925,0.017241379,0.00877193,0.016736402,0.02006689,0.035087719,0.03202847,0.024725275,0.023391813,0.038011696,0.031055901,0.02955665,0.02247191,0.035573123,0.053299492,0.029255319,0.014388489,0.061827957,0.01758794,0.019184652,0.085457271,1,0.039267016,0,0.031088083,0.041407867,0.01758794,0.009708738,0.041044776,0.019455253,0.05078125,0.041493776,0.050980392,0.074074074,0.074766355,0.040650407,0.06,0.026315789,0.076,0.106382979,0.08778626,0.051587302,0.042944785,0.043352601,0.055555556,0.019379845,0.006920415,0.007142857,0.013574661,0.016528926,0.015748031,0.071661238,0.025089606,0.017621145,0.012931034,0.008733624,0.010714286,0.007462687,0.01048951,0.012787724,0.012,0.043478261,0.027863777
Viral carcinogenesis - Homo sapiens (human),0.003703704,0,0,0,0,0,0,0,0,0,0,0,0,0,0.005952381,0,0,0,0,0,0,0,0,0,0,0,0,0,0,0,0,0,0,0,0,0,0,0,0,0,0,0,0,0,0,0,0,0,0,0,0,0.010948905,0,0,0,0,0,0,0,0,0,0,0.004,0,0,0,0,0,0,0,0,0,0,0,0,0,0,0,0,0,0,0,0,0,0,0,0,0,0,0,0,0,0.064102564,0,0.005730659,0.004016064,0,0.019083969,0.004807692,0,0,0,0,0,0.004237288,0.028688525,0,0,0,0,0.052854123,0.07037037,0.057692308,0.037593985,0.009090909,0.045070423,0.067839196,0.012170385,0.020134228,0.090909091,0.044067797,0.053872054,0.080645161,0.020338983,0.0625,0.041420118,0.001769912,0.114478114,0.053459119,0.069498069,0.014662757,0,0,0,0.029850746,0.045454545,0.016304348,0.005988024,0.027088036,0.028901734,0,0.040462428,0.096267191,0.051779935,0.086261981,0.097378277,0.055555556,0.021645022,0.008230453,0.037142857,0.128526646,0,0.044247788,0.018072289,0.033149171,0.035433071,0.019607843,0.024054983,0.040431267,0.069105691,0.03313253,0.067524116,0.031428571,0,0.057441253,0,0.016901408,0.037735849,0.038997214,0.039145907,0.048338369,0.003460208,0.047923323,0.025454545,0.193939394,0,0.062068966,0.048648649,0.041825095,0.022988506,0.092198582,0.06017192,0,0.063492063,0.045614035,0.045936396,0.043478261,0.073170732,0.07518797,0.058365759,0.048780488,0.104895105,0.039215686,0.003968254,0.004219409,0.020338983,0.035629454,0.042307692,0.007142857,0.083892617,0.014409222,0.015974441,0.074576271,0.029126214,0.01384083,0.040247678,0.023255814,0.0046875,0.010452962,0,0.034246575,0.04842615,0.049230769,0.046931408,0.045774648,0.011904762,0.058823529,0.085443038,0.055363322,0.078740157,0.04887218,0.086956522,0.026315789,0.037681159,0.050675676,0.035573123,0.014869888,0.044982699,0.099009901,0.05078125,0.058020478,0.042801556,0.037344398,0.057627119,0.04664723,0.085714286,0.078078078,0.102040816,0.032835821,0.024896266,0,0.038793103,0.011811024,0.042016807,0,0.008733624,0.010238908,0.010830325,0.006578947,0.024489796,0,0,0.010344828,0,0,0.003937008,0.038869258,0.019522777,0.016100179,0.042944785,0.045180723,0.06,0.025641026,0.067510549,0.062256809,0.010273973,0,0.210526316,0.040740741,0.020080321,0.045801527,0.044270833,0.066193853,0.046189376,0.033210332,0.027559055,0.062305296,0.029304029,0.051546392,0,0,0.039473684,0.047945205,0.003333333,0.052054795,0.135220126,0.188311688,0.120915033,0.159459459,0.080691643,0.173245614,0.206798867,0.160349854,0.051395007,0.170028818,0.09762533,0.053140097,0.092124814,0.039267016,1,0,0.067885117,0.070833333,0.094736842,0.051724138,0.086142322,0.07480315,0.102362205,0.073770492,0.085603113,0.135849057,0.043290043,0.015209125,0.086614173,0.056034483,0.129032258,0.088353414,0.108614232,0.104,0.066869301,0.062857143,0.06969697,0.049808429,0.048611111,0.065454545,0,0.023904382,0.01509434,0.137123746,0.010204082,0.025423729,0.025,0.008333333,0,0,0.01010101,0.025188917,0.039370079,0.082687339,0.042553191
Chemical carcinogenesis - DNA adducts - Homo sapiens (human),0,0,0,0.223529412,0,0,0.2375,0,0,0,0,0,0,0.297029703,0,0,0,0.071428571,0,0,0,0,0,0,0,0,0,0,0,0.027777778,0,0,0,0,0,0,0.2,0,0,0,0,0,0,0,0,0,0,0,0,0,0,0,0,0,0,0.056910569,0.064516129,0,0,0,0,0,0,0,0,0,0,0,0,0,0,0,0,0,0.010638298,0.280373832,0.204301075,0,0,0,0,0.604395604,0.538461538,0.419047619,0,0,0,0,0,0,0,0,0,0,0,0,0,0,0,0,0,0,0,0,0,0,0,0,0,0,0,0,0,0,0,0,0,0,0,0,0.005813953,0,0,0,0,0,0,0,0,0,0,0,0,0,0,0,0,0,0,0,0.006666667,0,0,0,0,0,0,0,0,0,0,0,0,0,0,0,0,0,0,0.007874016,0,0,0,0,0,0,0,0,0,0,0,0,0,0,0,0,0,0,0,0,0.005813953,0,0,0,0.00617284,0,0,0,0,0,0,0.005555556,0,0,0,0,0,0,0,0,0.00462963,0,0,0.028089888,0,0,0,0,0,0,0,0,0,0,0,0.025641026,0,0,0,0,0,0,0,0.004504505,0,0.007936508,0,0,0,0,0,0,0,0,0.004484305,0,0,0,0.004761905,0,0,0,0,0,0,0,0,0,0,0,0,0,0.161764706,0,0,0,0.002212389,0,0,0,0,0,0.001838235,0,0,0,0,0,0,0,0,0,0,0,0,0,0,0.006896552,0,0,0,0,0,0,0,0,0,0,0.003412969,0,0.002506266,0,0.003816794,0,0,0,0,0.034482759,0,0,1,0,0.00530504,0.175732218,0.093632959,0,0,0,0,0,0.006060606,0,0,0,0,0,0,0.00625,0,0,0.087155963,0,0,0,0,0,0,0,0,0,0,0,0,0,0,0,0,0,0.017921147,0.100529101
Proteoglycans in cancer - Homo sapiens (human),0,0,0,0,0,0,0,0,0,0,0,0,0,0,0,0,0,0,0,0,0,0,0,0,0,0,0,0,0,0,0,0,0,0,0,0,0,0,0,0,0,0,0,0,0,0,0.009009009,0,0,0,0,0.022058824,0,0,0,0,0,0,0,0,0,0,0,0,0,0,0,0,0,0,0,0,0,0,0,0,0,0,0,0,0,0,0,0,0,0,0.003205128,0.002762431,0,0.010033445,0,0,0,0,0.002849003,0,0,0,0,0,0,0.009433962,0,0.003584229,0,0,0,0,0,0,0.128959276,0.193415638,0.130769231,0.143250689,0.062052506,0.050847458,0.103626943,0.012145749,0.003289474,0.112044818,0.01980198,0.125448029,0.123745819,0.052264808,0.105802048,0.096273292,0,0.024691358,0.070063694,0.02962963,0.005797101,0,0,0.004237288,0.03358209,0.098412698,0,0.005970149,0.027027027,0.037790698,0,0.211409396,0.12248996,0.051612903,0.092948718,0.076923077,0.08097166,0.004237288,0.004081633,0.025352113,0.121118012,0.003436426,0.062874251,0.086538462,0.139817629,0,0.031620553,0.045454545,0.115273775,0.142857143,0.085173502,0.074193548,0.124223602,0.004291845,0.208333333,0.053956835,0.014005602,0.061538462,0.056497175,0.081180812,0.212543554,0.010416667,0.134482759,0.007117438,0.085164835,0,0.076655052,0.031830239,0.022304833,0,0.123636364,0.066091954,0.016722408,0.11627907,0.031034483,0.027681661,0.03986711,0.123636364,0.103846154,0.1375,0.094202899,0.067340067,0.119298246,0.003952569,0,0.048611111,0.050480769,0.105691057,0,0.14084507,0.044378698,0.035714286,0.096551724,0.063333333,0.024390244,0.073248408,0.072874494,0.010989011,0.013937282,0,0.10989011,0.166666667,0.114006515,0.039285714,0.124528302,0.019920319,0.088652482,0.102564103,0.186046512,0.113360324,0.033210332,0.147887324,0.026217228,0.114906832,0.043478261,0.047808765,0.02238806,0.044827586,0.124579125,0.022727273,0.072413793,0.093495935,0.041493776,0.068259386,0.058823529,0.138059701,0.153846154,0.136363636,0.045180723,0.016393443,0,0.061403509,0.027888446,0.012195122,0,0,0.034843206,0.064393939,0.030201342,0.041322314,0.006535948,0,0.013793103,0,0,0,0.105065666,0.028384279,0.023381295,0.007889546,0.048192771,0.052863436,0.098387097,0.011952191,0.049808429,0.020689655,0,0.048128342,0.1015625,0.032388664,0.057692308,0.07486631,0.107843137,0.078384798,0.048507463,0.019455253,0.125,0.060150376,0.084805654,0.029787234,0.040816327,0.063758389,0.080985915,0,0.066481994,0.100303951,0.139751553,0.058461538,0.165311653,0.068181818,0.175438596,0.070175439,0.111420613,0.034632035,0.06824147,0.112,0.060679612,0.1776,0.031088083,0.067885117,0,1,0.119565217,0.100263852,0.091836735,0.145669291,0.141666667,0.124,0.13362069,0.161825726,0.135338346,0.056768559,0.150214592,0.12145749,0.103139013,0.124,0.114754098,0.068345324,0.149377593,0.230769231,0.255892256,0.242105263,0.1,0.113970588,0.122137405,0.004255319,0.0078125,0.030534351,0.002941176,0.024054983,0.016736402,0.012295082,0,0.042402827,0.032967033,0.052447552,0.085106383,0.023166023,0.122994652,0.120521173
MicroRNAs in cancer - Homo sapiens (human),0,0,0,0,0,0,0,0,0,0,0.003039514,0,0,0.002695418,0,0.006060606,0,0,0,0.005797101,0,0.008403361,0,0,0.002688172,0,0,0,0,0.002849003,0,0,0,0,0,0.006369427,0,0,0,0,0,0,0,0,0,0,0,0,0,0,0,0.015915119,0,0,0,0.002702703,0,0,0,0,0,0,0,0,0,0,0,0,0,0,0.002898551,0,0,0,0,0,0.002840909,0,0,0,0,0.002590674,0,0,0,0.005665722,0,0,0.002398082,0,0,0,0,0,0.002192982,0,0,0.005390836,0,0,0,0.006309148,0,0,0,0,0,0.005730659,0,0.002754821,0.072824156,0.097222222,0.085487078,0.074380165,0.028037383,0.021413276,0.031067961,0.00331675,0,0.05907173,0.024752475,0.068877551,0.083538084,0.030379747,0.061881188,0.067599068,0,0.05811138,0.013793103,0.046448087,0.008928571,0,0,0.005882353,0.013262599,0.048837209,0.0041841,0,0.010810811,0.006535948,0,0.068807339,0.101160862,0.028639618,0.054373522,0.041775457,0.04494382,0.01183432,0.005730659,0.004282655,0.078703704,0.002525253,0.013215859,0.025404157,0.032258065,0.022160665,0.008264463,0.025380711,0.058064516,0.060344828,0.032183908,0.037914692,0.024122807,0.00295858,0.091880342,0.020512821,0,0.021447721,0.014830508,0.052910053,0.06088993,0.002531646,0.028436019,0,0.048218029,0,0.029850746,0.012295082,0.005291005,0.005390836,0.045454545,0.0625,0.007389163,0.060096154,0.02020202,0.020304569,0.01703163,0.056122449,0.056603774,0.055865922,0.048969072,0.036855037,0.036674817,0,0,0.014962594,0.014981273,0.035714286,0,0.080604534,0.013274336,0.016786571,0.039312039,0.029126214,0.012690355,0.006833713,0.030640669,0,0,0,0.03030303,0.065217391,0.064285714,0.007633588,0.038659794,0.005571031,0.035175879,0.051522248,0.040506329,0.06741573,0.007853403,0.082914573,0.016085791,0.040358744,0.007246377,0.025069638,0,0.00990099,0.057831325,0,0.032258065,0.047619048,0.040935673,0.037220844,0.026490066,0.064935065,0.04494382,0.083123426,0.011185682,0,0,0.038922156,0.008333333,0,0.006042296,0,0.007518797,0.010471204,0.009803922,0.02,0,0,0.002512563,0.003003003,0.002710027,0,0.038922156,0.005235602,0.005970149,0.011494253,0.022573363,0.017452007,0.030144168,0.002793296,0.016085791,0.007537688,0,0.033264033,0.034759358,0.008403361,0.018766756,0.020120724,0.050943396,0.02946593,0.015789474,0.005479452,0.041958042,0.015748031,0.027431421,0.00872093,0.008403361,0.021791768,0.03,0,0.020833333,0.071100917,0.085057471,0.044186047,0.091836735,0.043383948,0.09948542,0.061876248,0.074626866,0.018587361,0.064449064,0.06097561,0.032380952,0.103674541,0.041407867,0.070833333,0.00530504,0.119565217,1,0.098947368,0.051282051,0.084931507,0.076704545,0.078212291,0.079178886,0.119186047,0.118131868,0.035820896,0.021917808,0.088319088,0.076687117,0.112391931,0.067988669,0.063492063,0.104046243,0.101204819,0.103926097,0.100719424,0.073446328,0.070866142,0.055555556,0,0,0.008064516,0,0.004987531,0,0,0,0.01010101,0.005194805,0.009950249,0.030120482,0.008174387,0.041666667,0.046620047
Chemical carcinogenesis - receptor activation - Homo sapiens (human),0,0,0,0.083333333,0,0,0.085201794,0,0,0,0,0,0,0.091633466,0,0,0.027190332,0.004608295,0,0,0,0,0,0,0,0,0,0,0,0.011952191,0,0,0,0,0,0,0.071713147,0,0,0,0,0,0,0,0,0,0,0,0,0,0,0.010638298,0,0,0,0.011111111,0.008333333,0,0,0,0,0,0,0,0,0,0,0,0,0,0,0,0,0,0,0.089494163,0.080508475,0,0,0,0,0.174796748,0.164609053,0.149606299,0,0,0,0,0.025641026,0,0,0,0,0,0,0,0,0,0,0,0,0,0,0.014134276,0,0,0,0,0,0,0.124444444,0.133587786,0.114427861,0.137466307,0.099756691,0.11143695,0.127604167,0.001976285,0,0.122222222,0.019354839,0.09556314,0.078616352,0.03,0.085245902,0.104294479,0.015929204,0.021084337,0.065217391,0.010638298,0.002832861,0,0,0.004115226,0.028985507,0.076219512,0.015957447,0,0.010917031,0,0.003412969,0.095238095,0.12749004,0.067307692,0.080745342,0.153256705,0.109311741,0.012448133,0,0.022038567,0.082352941,0.013559322,0.120743034,0.07788162,0.029649596,0.018796992,0.026819923,0.016611296,0.045092838,0.092741935,0.096875,0.059190031,0.013736264,0,0.078328982,0,0,0.014336918,0.018716578,0.127819549,0.072507553,0,0.090909091,0.010452962,0.05511811,0,0.060402685,0.025906736,0.010752688,0.011029412,0.067567568,0.07082153,0,0.061919505,0.033783784,0.048275862,0.056105611,0.082191781,0.092936803,0.081081081,0.06185567,0.090909091,0.038216561,0,0.004081633,0.088028169,0.085574572,0.085603113,0.006944444,0.099667774,0.077844311,0.079470199,0.203703704,0.079470199,0.09057971,0.099041534,0.0625,0.009302326,0.027586207,0,0.080139373,0.088888889,0.087227414,0.111940299,0.125461255,0.060483871,0.133574007,0.193877551,0.121863799,0.128,0.103846154,0.11,0.044609665,0.109090909,0.059800664,0.115702479,0.064393939,0.107142857,0.196491228,0.108,0.156363636,0.108433735,0.053061224,0.095890411,0.045584046,0.090909091,0.132716049,0.216117216,0.023121387,0,0,0.050632911,0.043307087,0.05785124,0,0,0.066666667,0.07063197,0.043189369,0.044354839,0,0,0.131578947,0,0.003690037,0,0.049295775,0.019189765,0.006993007,0.017681729,0.041055718,0.058951965,0.036144578,0.0875,0.084942085,0.082142857,0.020242915,0.075471698,0.024822695,0.02745098,0.018050542,0.017412935,0.045558087,0.054919908,0.032258065,0.007490637,0.067278287,0.028469751,0.068027211,0.012195122,0,0.048543689,0.053691275,0,0.037037037,0.098214286,0.150769231,0.063636364,0.168449198,0.072829132,0.099190283,0.130208333,0.08847185,0.025495751,0.050761421,0.081632653,0.042253521,0.173775671,0.01758794,0.094736842,0.175732218,0.100263852,0.098947368,1,0.147757256,0.120300752,0.093385214,0.103448276,0.102040816,0.112403101,0.157303371,0.050632911,0.003649635,0.149797571,0.067510549,0.111969112,0.129554656,0.070422535,0.140562249,0.180921053,0.155015198,0.153354633,0.076335878,0.111111111,0.102564103,0,0,0.014652015,0,0.013289037,0,0,0,0.013422819,0.014035088,0.062068966,0.040100251,0.003690037,0.086513995,0.117834395
Chemical carcinogenesis - reactive oxygen species - Homo sapiens (human),0.003460208,0.016064257,0,0.003891051,0,0,0.003968254,0,0,0,0,0.0041841,0.004291845,0.028880866,0.367816092,0,0,0.004385965,0,0,0,0,0,0,0,0,0,0,0,0.01532567,0,0,0,0,0,0,0.06870229,0,0,0,0,0,0,0,0,0,0,0,0,0,0.003521127,0.01369863,0,0.00625,0.007380074,0.014285714,0.007968127,0,0,0,0,0,0.003717472,0.003968254,0,0,0,0.004219409,0.004347826,0,0,0,0,0,0.008097166,0.006920415,0.003773585,0,0,0,0,0.094890511,0.072992701,0.066901408,0,0,0,0,0,0,0,0,0,0,0,0,0,0,0,0,0,0,0,0.003367003,0,0,0,0,0,0,0.083857442,0.128205128,0.095465394,0.079800499,0.028888889,0.045576408,0.064748201,0,0,0.086387435,0.021875,0.067524116,0.120253165,0.022364217,0.103225806,0.072254335,0,0.00286533,0.020172911,0.003389831,0.002747253,0,0,0,0.038732394,0.073746313,0.015503876,0,0.010660981,0.010781671,0.013289037,0.070621469,0.066543438,0.033033033,0.097859327,0.057627119,0.059479554,0.011904762,0.011494253,0.02688172,0.09221902,0.111111111,0.024725275,0.022922636,0.012886598,0,0,0.006349206,0.049222798,0.1015625,0.031339031,0.110759494,0,0,0.084398977,0,0,0.031578947,0.020833333,0.047138047,0.063953488,0,0.048338369,0,0.086842105,0,0.10472973,0.054404145,0.046428571,0.021428571,0.112244898,0.045698925,0,0.063063063,0.056666667,0.05704698,0.060897436,0.131487889,0.105072464,0.119230769,0.059602649,0.101973684,0.049844237,0.003690037,0,0.009463722,0.307471264,0.035714286,0,0.14,0.177777778,0.012012012,0.05,0.027439024,0.003215434,0.031976744,0.036630037,0,0,0,0.049019608,0.061032864,0.087613293,0,0.089655172,0.011070111,0.07615894,0.074183976,0.025316456,0.122605364,0,0.06501548,0.046594982,0.032876712,0.009174312,0.033088235,0,0.009433962,0.117460317,0,0.031347962,0.062962963,0.05078125,0.067741935,0.35483871,0.098639456,0.021621622,0.095846645,0.067251462,0,0,0.04,0,0,0,0,0.003184713,0,0.00308642,0.034482759,0,0,0.003215434,0,0.010714286,0.011070111,0.288747346,0.293650794,0.22037422,0.265550239,0.060869565,0.340540541,0.230633803,0.011152416,0.006896552,0,0,0.030150754,0.034482759,0,0.077205882,0.052631579,0.073059361,0.067873303,0.045454545,0.010830325,0.100917431,0.048951049,0.090604027,0,0.007380074,0.066878981,0.028481013,0,0.044041451,0.088825215,0.12244898,0.061583578,0.084745763,0.067750678,0.059273423,0.090686275,0.100263852,0.025104603,0.067839196,0.090225564,0.055684455,0.100729927,0.009708738,0.051724138,0.093632959,0.091836735,0.051282051,0.147757256,1,0.111510791,0.118773946,0.115671642,0.110671937,0.091575092,0.114982578,0.031746032,0,0.092592593,0.056,0.115671642,0.106870229,0.05704698,0.109022556,0.078717201,0.143274854,0.075144509,0.077205882,0.110726644,0.122302158,0,0,0.010526316,0,0.009584665,0,0,0.003846154,0,0,0,0.429530201,0.010714286,0.111675127,0.183006536
Colorectal cancer - Homo sapiens (human),0,0,0,0,0,0,0,0,0,0,0,0,0,0,0.00456621,0,0,0,0,0,0,0,0,0,0,0,0,0,0,0,0,0,0,0,0,0,0,0,0,0,0,0,0,0,0,0,0,0,0,0,0,0.019230769,0,0,0,0,0,0,0,0,0,0,0,0,0,0,0,0,0,0,0,0,0,0,0,0,0,0,0,0,0,0,0,0,0,0,0,0,0,0,0,0,0,0,0,0,0,0,0,0,0,0,0,0,0,0.007575758,0.038095238,0,0,0.014492754,0.117647059,0.285714286,0.118055556,0.104477612,0.00617284,0.041152263,0.088652482,0.013297872,0,0.103174603,0.021505376,0.114285714,0.225988701,0.033898305,0.151685393,0.130434783,0,0.070351759,0.014018692,0.096551724,0.004405286,0,0,0.008547009,0.053333333,0.123762376,0.024,0,0.021212121,0.004219409,0,0.12037037,0.094527363,0.067010309,0.2,0.114649682,0.112781955,0.123809524,0.007936508,0.020833333,0.152380952,0,0.026086957,0.037735849,0.098712446,0,0.021582734,0.084337349,0.072,0.178861789,0.09223301,0.120418848,0.104545455,0,0.12992126,0,0,0.113475177,0.028225806,0.080745342,0.145,0,0.060606061,0,0.065637066,0,0.111111111,0.030534351,0.019607843,0,0.117647059,0.090909091,0,0.118556701,0.052631579,0.040935673,0.077777778,0.165644172,0.183098592,0.203125,0.102409639,0.1,0.052631579,0.007462687,0,0.016666667,0.029126214,0.06993007,0,0.184971098,0.021834061,0.01010101,0.093406593,0.052631579,0,0.038095238,0.073529412,0,0,0,0.051428571,0.101398601,0.155440415,0,0.098159509,0,0.112426036,0.125,0.080924855,0.2,0,0.137362637,0.047297297,0.061946903,0.015789474,0.066666667,0,0,0.162162162,0,0.060773481,0.127819549,0.1,0.08988764,0.095454545,0.2,0.080717489,0.144444444,0.065420561,0,0,0.078947368,0,0,0,0,0,0,0.010752688,0.072580645,0,0,0,0,0,0,0.075514874,0.023255814,0.020408163,0.02617801,0.065116279,0.055882353,0.052434457,0.007462687,0.013071895,0,0,0.045977011,0.058441558,0,0.046979866,0.05204461,0.084690554,0.101973684,0.058823529,0.021428571,0.115,0.044871795,0.13253012,0,0.022556391,0.087912088,0.056179775,0,0.076923077,0.173913043,0.221674877,0.125,0.143382353,0.079831933,0.109042553,0.124087591,0.161825726,0.031034483,0.11627907,0.133079848,0.046052632,0.157598499,0.041044776,0.086142322,0,0.145669291,0.084931507,0.120300752,0.111510791,1,0.24,0.459459459,0.5,0.288,0.262068966,0.242424242,0.146153846,0.253968254,0.144144144,0.338842975,0.26446281,0.155844156,0.305785124,0.273224044,0.289340102,0.327683616,0.155555556,0.226666667,0.158940397,0,0,0.04137931,0,0.028735632,0,0,0,0.01734104,0.03164557,0.016759777,0.086466165,0.050359712,0.106617647,0.102941176
Renal cell carcinoma - Homo sapiens (human),0,0.010204082,0,0,0,0,0,0,0,0,0,0,0,0,0,0,0,0,0,0,0,0,0,0,0,0,0,0,0,0,0,0,0,0,0,0,0,0,0,0,0,0,0,0,0,0,0,0,0,0,0,0.021582734,0,0,0,0,0,0,0,0,0,0,0.008695652,0,0,0,0,0,0,0,0,0,0,0,0,0,0,0,0,0,0,0,0,0,0,0,0,0,0,0,0,0,0,0,0,0,0,0.015384615,0,0,0,0,0,0,0,0.008695652,0,0,0,0,0.1,0.305084746,0.150943396,0.116,0.013114754,0.039647577,0.086142322,0.008310249,0,0.120171674,0,0.186666667,0.162790698,0.0375,0.105882353,0.118556701,0,0.037037037,0.020408163,0.007092199,0.024271845,0,0,0,0.044444444,0.09947644,0.004201681,0,0.006289308,0.004545455,0,0.108374384,0.070886076,0.049723757,0.102150538,0.082191781,0.100840336,0,0,0,0.108374384,0,0.023364486,0.035714286,0.021367521,0.015873016,0,0.051612903,0.100877193,0.196261682,0.055837563,0.094444444,0.013452915,0.010309278,0.163793103,0,0,0.052631579,0.017094017,0.082758621,0.092783505,0,0.072222222,0,0.06147541,0,0.094936709,0.012,0,0,0.116129032,0.087962963,0,0.123595506,0.01875,0.018987342,0.029069767,0.201388889,0.170542636,0.181034483,0.121621622,0.077380952,0.063953488,0.008547009,0.009803922,0.012195122,0.020338983,0.114754098,0,0.205128205,0.009302326,0.011049724,0.089820359,0.051724138,0,0.015151515,0.084033613,0,0,0,0.037267081,0.124528302,0.144444444,0.006493506,0.087248322,0,0.103225806,0.11827957,0.0625,0.168067227,0,0.130952381,0.037593985,0.046948357,0.035294118,0.076271186,0,0,0.131428571,0,0.041666667,0.146551724,0.074766355,0.06626506,0.061611374,0.141891892,0.046728972,0.145454545,0.014423077,0,0,0.092783505,0,0,0,0,0,0,0.017857143,0.08411215,0,0,0.006369427,0,0,0,0.046189376,0,0.004640371,0.00536193,0.044334975,0.030120482,0.022514071,0.008547009,0.00729927,0,0,0.049180328,0.089552239,0,0.045112782,0.035019455,0.056856187,0.056478405,0.021126761,0,0.095744681,0.042857143,0.096153846,0,0.043859649,0.052325581,0.055555556,0,0.050632911,0.118811881,0.149253731,0.055837563,0.092936803,0.071428571,0.069518717,0.093984962,0.105042017,0.019298246,0.046332046,0.128514056,0.030821918,0.098901099,0.019455253,0.07480315,0,0.141666667,0.076704545,0.093385214,0.118773946,0.24,1,0.208333333,0.233009709,0.210084034,0.202898551,0.092783505,0.007633588,0.205128205,0.12244898,0.260869565,0.203539823,0.066225166,0.236842105,0.125,0.150485437,0.153439153,0.168067227,0.167832168,0.144927536,0,0,0.030769231,0,0.031847134,0,0,0,0.019230769,0,0.018518519,0.054263566,0.0078125,0.075757576,0.066666667
Pancreatic cancer - Homo sapiens (human),0,0,0,0,0,0,0,0,0,0,0,0,0,0,0,0,0,0,0,0,0,0,0,0,0,0,0,0,0,0,0,0,0,0,0,0,0,0,0,0,0,0,0,0,0,0,0,0,0,0,0,0.020547945,0,0.011560694,0.016129032,0,0,0,0,0,0,0,0,0,0,0,0,0,0,0,0,0,0,0,0,0,0,0,0,0,0,0,0,0,0,0,0,0,0,0,0,0,0,0,0,0,0,0,0,0,0,0,0,0,0,0.008196721,0,0.017391304,0,0.023622047,0.107784431,0.210526316,0.138686131,0.095785441,0.012820513,0.034042553,0.091911765,0.013661202,0,0.112033195,0.052631579,0.141975309,0.210526316,0.035928144,0.153846154,0.108910891,0,0.10326087,0.014705882,0.095588235,0.004608295,0,0,0.009345794,0.057142857,0.112820513,0.020746888,0,0.02507837,0.004405286,0,0.094339623,0.094147583,0.070652174,0.171270718,0.114864865,0.104,0.069306931,0.00862069,0.030701754,0.18974359,0,0.022624434,0.029411765,0.042372881,0,0.007633588,0.075949367,0.057377049,0.184210526,0.08040201,0.152542373,0.040178571,0,0.108,0,0,0.088888889,0.033755274,0.044585987,0.095,0,0.058201058,0,0.072580645,0,0.139240506,0.052631579,0.057971014,0.037313433,0.139240506,0.085201794,0,0.083769634,0.0625,0.076923077,0.12195122,0.153846154,0.161764706,0.161290323,0.130718954,0.119047619,0.049723757,0.008064516,0,0.011695906,0.013157895,0.051470588,0,0.153846154,0.02283105,0.021505376,0.073863636,0.038251366,0,0.02970297,0.054263566,0,0,0,0.054545455,0.081560284,0.126984127,0,0.076433121,0,0.119496855,0.08040201,0.029069767,0.177419355,0,0.11299435,0.098484848,0.036036036,0.016666667,0.072,0,0,0.138888889,0,0.058139535,0.111111111,0.119266055,0.115151515,0.089622642,0.230769231,0.064516129,0.113636364,0.058252427,0,0,0.086538462,0,0,0,0,0,0,0.005649718,0.078947368,0,0,0,0,0,0,0.062355658,0.020895522,0.016166282,0.018666667,0.063106796,0.048048048,0.03564728,0.016260163,0,0,0,0.02734375,0.055172414,0,0.081481481,0.058139535,0.094915254,0.07615894,0.048275862,0.023076923,0.126984127,0.0625,0.163398693,0,0.024390244,0.13253012,0.065868263,0,0.080168776,0.201030928,0.226804124,0.155913978,0.162162162,0.112612613,0.10298103,0.159533074,0.173913043,0.040707965,0.158333333,0.129411765,0.069444444,0.140977444,0.05078125,0.102362205,0,0.124,0.078212291,0.103448276,0.115671642,0.459459459,0.208333333,1,0.300970874,0.324561404,0.253623188,0.153061224,0.069230769,0.321428571,0.206185567,0.447619048,0.232758621,0.235294118,0.37037037,0.211956522,0.244897959,0.243093923,0.140625,0.191780822,0.195652174,0,0,0.068181818,0,0.024242424,0,0,0.008849558,0.018404908,0,0.017751479,0.094117647,0.038167939,0.106463878,0.113989637
Endometrial cancer - Homo sapiens (human),0,0,0,0,0,0,0,0,0,0,0,0,0,0,0,0,0,0,0,0,0,0,0,0,0,0,0,0,0,0,0,0,0,0,0,0,0,0,0,0,0,0,0,0,0,0,0,0,0,0,0,0.031496063,0,0,0,0,0,0,0,0,0,0,0,0,0,0,0,0,0,0,0,0,0,0,0,0,0,0,0,0,0,0,0,0,0,0,0,0,0,0,0,0,0,0,0,0,0,0,0,0,0,0,0,0.015267176,0,0.009615385,0.0125,0,0,0.018181818,0.076452599,0.265486726,0.088888889,0.089430894,0.010169492,0.041666667,0.060836502,0,0,0.101321586,0.018867925,0.113333333,0.203821656,0.047297297,0.134615385,0.119565217,0,0.04519774,0.016129032,0.082644628,0.005025126,0,0,0,0.04,0.111731844,0.008849558,0,0.006514658,0,0,0.126315789,0.08707124,0.071856287,0.154761905,0.113636364,0.121495327,0.034482759,0.010204082,0.00462963,0.138297872,0,0.024630542,0.037837838,0.060465116,0,0.017857143,0.020134228,0.066666667,0.193877551,0.070652174,0.075144509,0.08040201,0,0.126086957,0,0.004672897,0.112068966,0.008888889,0.097744361,0.148571429,0,0.064327485,0,0.05982906,0,0.087248322,0.008333333,0,0,0.102040816,0.092682927,0,0.111764706,0.020134228,0.013513514,0.012195122,0.157142857,0.176470588,0.2,0.091549296,0.075949367,0.061728395,0,0,0.013071895,0.021126761,0.086956522,0,0.18,0.009803922,0.011764706,0.096153846,0.055214724,0,0.021505376,0.092592593,0,0,0,0.04,0.095419847,0.153846154,0,0.094202899,0,0.111111111,0.119318182,0.096551724,0.219047619,0,0.162337662,0.024193548,0.06,0.018518519,0.08411215,0,0,0.126506024,0,0.051282051,0.161904762,0.083333333,0.077922078,0.054455446,0.112676056,0.092307692,0.133757962,0.058201058,0,0,0.117647059,0,0,0,0,0,0,0,0.09375,0,0,0,0,0,0,0.065060241,0.009345794,0.009569378,0.008310249,0.046875,0.037617555,0.038910506,0,0,0,0,0.051502146,0.097560976,0,0.007874016,0.02,0.059027778,0.069686411,0.015151515,0.00877193,0.077348066,0.022727273,0.073825503,0,0,0.049382716,0.038961039,0,0.03930131,0.187845304,0.157894737,0.08839779,0.123015873,0.080188679,0.108262108,0.089494163,0.135135135,0.025179856,0.087866109,0.084337349,0.03202847,0.102996255,0.041493776,0.073770492,0,0.13362069,0.079178886,0.102040816,0.110671937,0.5,0.233009709,0.300970874,1,0.357142857,0.324786325,0.357142857,0.18627451,0.354166667,0.222222222,0.34,0.302083333,0.171875,0.428571429,0.297468354,0.262569832,0.326923077,0.20754717,0.172932331,0.157480315,0,0,0,0,0,0,0,0,0,0.062992126,0,0.044,0.017241379,0.079051383,0.059139785
Glioma - Homo sapiens (human),0,0,0,0,0,0,0,0,0,0,0,0,0,0,0,0,0,0,0,0,0,0,0,0,0,0,0,0,0,0,0,0,0,0,0,0,0,0,0,0,0,0,0,0,0,0,0,0,0,0,0,0.042253521,0,0,0,0,0,0,0,0,0,0,0,0,0,0,0,0,0,0,0,0,0,0,0,0,0,0,0,0,0,0,0,0,0,0,0,0,0,0,0,0,0,0,0,0,0,0,0,0,0,0,0,0,0,0.008264463,0,0,0,0.0078125,0.09495549,0.333333333,0.169172932,0.149193548,0.089965398,0.066079295,0.100371747,0,0,0.1125,0.034682081,0.179487179,0.190751445,0.124183007,0.134502924,0.17989418,0,0.074468085,0.084210526,0.104477612,0.009302326,0,0,0.009433962,0.035211268,0.102040816,0.008230453,0,0.015576324,0,0,0.137931034,0.097186701,0.071038251,0.122340426,0.123287671,0.12295082,0.019047619,0.008695652,0.021834061,0.209424084,0,0.081730769,0.088541667,0.038135593,0,0.007692308,0.011976048,0.079831933,0.207207207,0.10880829,0.079787234,0.004329004,0,0.145228216,0,0,0.028169014,0.008264463,0.13986014,0.101010101,0,0.064171123,0,0.081632653,0,0.078313253,0.007782101,0,0,0.15483871,0.105504587,0,0.157303371,0.011976048,0.018292683,0.022346369,0.140127389,0.162962963,0.191666667,0.116883117,0.068571429,0.061797753,0,0,0.102564103,0.023333333,0.213675214,0,0.267973856,0.02293578,0.027173913,0.139393939,0.06779661,0.01863354,0.089473684,0.125,0.021868787,0,0.072916667,0.153333333,0.097472924,0.191011236,0.045454545,0.174825175,0.016129032,0.113207547,0.182320442,0.142857143,0.208333333,0.020408163,0.152941176,0.028571429,0.145,0.083333333,0.072580645,0.051094891,0.116129032,0.146067416,0,0.064705882,0.168067227,0.080357143,0.070175439,0.045454545,0.136363636,0.090047393,0.18902439,0.018779343,0,0,0.131313131,0.024,0,0,0,0.063694268,0.102189781,0.017241379,0.089285714,0,0,0,0,0,0,0.0625,0.042813456,0.006880734,0.007936508,0.063414634,0.026548673,0.053537285,0,0.11627907,0.018404908,0,0.100840336,0.070422535,0.024590164,0.021126761,0.014925373,0.059210526,0.04516129,0.063380282,0,0.070707071,0.020134228,0.06626506,0.027522936,0,0.027472527,0.053571429,0,0.075949367,0.177664975,0.161764706,0.075376884,0.181102362,0.088495575,0.094339623,0.1,0.169565217,0.022648084,0.108,0.125490196,0.04778157,0.124304267,0.050980392,0.085603113,0,0.161825726,0.119186047,0.112403101,0.091575092,0.288,0.210084034,0.324561404,0.357142857,1,0.312977099,0.191489362,0.069767442,0.455445545,0.234042553,0.411214953,0.203389831,0.184397163,0.47,0.275862069,0.278947368,0.237569061,0.18852459,0.218309859,0.154929577,0,0,0,0,0,0,0,0,0.006097561,0,0.005882353,0.069230769,0.007462687,0.111111111,0.097435897
Prostate cancer - Homo sapiens (human),0,0,0,0,0,0,0,0,0,0,0,0,0,0.006329114,0,0,0,0,0,0,0,0,0,0,0,0,0,0,0,0,0,0,0,0,0,0,0.006535948,0,0,0,0,0,0,0,0,0,0,0,0,0,0,0.024096386,0,0,0,0,0,0,0,0,0,0,0,0,0,0,0,0,0,0,0,0,0,0,0,0,0,0,0,0,0,0.005780347,0.005988024,0.005681818,0,0,0,0,0,0,0,0,0,0,0,0,0,0.012658228,0,0,0,0,0,0.005847953,0,0,0,0,0,0,0.107648725,0.205298013,0.136518771,0.116363636,0.033742331,0.073170732,0.096551724,0.002557545,0,0.107279693,0.041450777,0.150837989,0.206349206,0.037433155,0.119170984,0.139534884,0,0.071770335,0.04587156,0.06918239,0.004201681,0,0,0.0078125,0.043209877,0.112149533,0.019083969,0,0.01754386,0,0,0.134529148,0.171428571,0.117948718,0.142156863,0.17721519,0.11971831,0.015748031,0.00729927,0.011857708,0.15,0,0.060085837,0.03125,0.038910506,0.012987013,0.02,0.021390374,0.052830189,0.138686131,0.063063063,0.097560976,0.028340081,0,0.13740458,0,0,0.083870968,0.007575758,0.114457831,0.11627907,0.011049724,0.052380952,0.01744186,0.062962963,0,0.104395604,0.040740741,0.037267081,0.038961039,0.122905028,0.109704641,0.005128205,0.090909091,0.079096045,0.044198895,0.056701031,0.161849711,0.177631579,0.145833333,0.071823204,0.154696133,0.039408867,0,0.007692308,0.015706806,0.047770701,0.086092715,0,0.167567568,0.008230453,0.009569378,0.129032258,0.044554455,0,0.055299539,0.082758621,0,0,0,0.037234043,0.112627986,0.141463415,0.051724138,0.073446328,0.020689655,0.124293785,0.174129353,0.125,0.176056338,0.055214724,0.153439153,0.064102564,0.045833333,0.073684211,0.068965517,0.006060606,0.042780749,0.170984456,0.051948052,0.097297297,0.118055556,0.083333333,0.145251397,0.063291139,0.11299435,0.135135135,0.179347826,0.076576577,0.007194245,0.008196721,0.098360656,0,0.052238806,0,0,0,0,0,0.066666667,0,0,0,0,0,0,0.068888889,0.008333333,0.013186813,0.030690537,0.043478261,0.054131054,0.034296029,0.073529412,0.050632911,0,0,0.075757576,0.041916168,0,0.04375,0.031578947,0.075,0.084639498,0.023668639,0.026666667,0.093457944,0.029585799,0.093406593,0,0,0.077319588,0.047368421,0,0.053231939,0.198113208,0.245192308,0.118483412,0.175182482,0.098360656,0.150537634,0.16,0.168674699,0.033955857,0.107407407,0.095744681,0.054487179,0.133574007,0.074074074,0.135849057,0.006060606,0.135338346,0.118131868,0.157303371,0.114982578,0.262068966,0.202898551,0.253623188,0.324786325,0.312977099,1,0.13559322,0.052631579,0.310077519,0.189655172,0.281481481,0.261538462,0.18125,0.270676692,0.213930348,0.188340807,0.223880597,0.184397163,0.181818182,0.169811321,0,0,0.0125,0,0.005291005,0,0,0.007462687,0.005376344,0.029585799,0.005208333,0.056338028,0.012903226,0.114285714,0.123809524
Thyroid cancer - Homo sapiens (human),0,0,0,0,0,0,0,0,0,0,0,0,0,0,0,0,0,0,0,0,0,0,0,0,0,0,0,0,0,0,0,0,0,0,0,0,0,0,0,0,0,0,0,0,0,0,0,0,0,0,0,0,0,0,0,0,0,0,0,0,0,0,0,0,0,0,0,0,0,0,0,0,0,0,0,0,0,0,0,0,0,0,0,0,0,0,0,0,0.006944444,0,0,0,0,0,0,0,0,0,0,0,0,0,0,0.037037037,0,0.012048193,0,0,0,0.011111111,0.044164038,0.089285714,0.030188679,0.042194093,0.007272727,0.02,0.019762846,0,0,0.031531532,0.02173913,0.035460993,0.083870968,0,0.06122449,0.039325843,0,0.044585987,0.018181818,0.078431373,0.005617978,0,0,0,0.038095238,0.040935673,0.009756098,0,0.003484321,0,0,0.043243243,0.034391534,0.012820513,0.088050314,0.05,0.03125,0.029850746,0.026315789,0.005128205,0.078212291,0.008130081,0.016304348,0.030120482,0.040201005,0,0.010869565,0.0234375,0.023364486,0.078651685,0.053892216,0.02484472,0.043010753,0,0.03030303,0,0.005181347,0.08,0.004878049,0.059322034,0.058823529,0,0.012578616,0,0.01793722,0,0.02919708,0.00913242,0,0,0.036764706,0.020100503,0,0.05,0.015503876,0.015748031,0.035714286,0.052238806,0.0625,0.071428571,0.022900763,0.020547945,0.006666667,0,0,0.015151515,0.01509434,0.083333333,0,0.075862069,0.010928962,0.013422819,0.041666667,0.048611111,0,0,0.08988764,0,0,0,0.007462687,0.031007752,0.048192771,0,0.056910569,0,0.037313433,0.041420118,0.095238095,0.080808081,0.009009009,0.097222222,0.029126214,0.049450549,0,0,0,0,0.044025157,0,0.059259259,0.074468085,0.024691358,0,0.015873016,0.053846154,0.066666667,0.046666667,0.034682081,0,0,0.042253521,0,0,0,0,0,0,0,0,0,0,0.008,0,0,0,0.02184466,0.006644518,0.007537688,0.008823529,0,0.009771987,0.021912351,0,0,0,0,0.032258065,0.017857143,0,0,0.017391304,0.014285714,0.047619048,0.018018018,0,0.023529412,0.017857143,0.01459854,0,0,0.013605442,0,0,0.014018692,0.08988764,0.069892473,0.023255814,0.056451613,0.02970297,0.045454545,0.048582996,0.084507042,0.005494505,0.048245614,0.0375,0.007490637,0.069679849,0.074766355,0.043290043,0,0.056768559,0.035820896,0.050632911,0.031746032,0.242424242,0.092783505,0.153061224,0.357142857,0.191489362,0.13559322,1,0.162790698,0.211111111,0.2,0.20212766,0.155555556,0.12173913,0.252873563,0.15,0.132596685,0.17721519,0.114583333,0.0546875,0.058823529,0,0,0,0,0,0,0,0,0.007936508,0.04587156,0.007575758,0,0.010416667,0.045643154,0.011494253
Basal cell carcinoma - Homo sapiens (human),0,0,0,0,0,0,0,0,0,0,0,0,0,0,0,0,0,0,0,0,0,0,0,0,0,0,0,0,0,0,0,0,0,0,0,0,0,0,0,0,0,0,0,0,0,0,0,0,0,0,0,0,0,0,0,0,0,0,0,0,0,0,0,0,0,0,0,0,0,0,0,0,0,0,0,0,0,0,0,0,0,0,0,0,0,0,0,0,0,0,0,0,0,0,0,0,0,0,0,0,0,0,0,0,0,0.009174312,0,0,0,0.00862069,0.011331445,0.01369863,0,0.003676471,0,0,0.014285714,0.005617978,0,0.003937008,0.018292683,0.005847953,0.021052632,0,0.011111111,0,0,0.032608696,0,0.054263566,0.004901961,0,0,0,0.007462687,0,0.008658009,0,0,0,0,0.177419355,0.007246377,0,0.031088083,0.013333333,0,0.021505376,0.009708738,0.004524887,0.023364486,0,0,0,0.226315789,0.025210084,0.101851852,0.012903226,0.033755274,0,0,0,0.257142857,0,0.007633588,0,0,0.03875969,0,0,0.240963855,0,0,0,0,0,0,0,0,0,0,0.004385965,0,0,0.006410256,0,0,0.006024096,0.006944444,0,0,0,0.005681818,0,0,0,0,0,0,0.016759777,0,0,0,0,0,0.005154639,0,0,0,0,0,0.006896552,0.005025126,0,0,0,0,0,0.301587302,0.007575758,0,0.027932961,0,0.00462963,0,0,0,0,0,0,0.005952381,0,0,0.005882353,0.009259259,0.00617284,0.245714286,0.005494505,0.030150754,0,0,0,0,0,0,0,0,0,0,0,0,0,0,0,0,0,0.092909535,0.006116208,0.004705882,0.005449591,0,0.005988024,0.080160321,0,0,0,0,0,0.007194245,0,0,0.007751938,0.009771987,0.02295082,0,0,0.005025126,0,0,0,0,0,0,0,0.004132231,0.028037383,0.018099548,0.02020202,0.021276596,0.00862069,0.128939828,0.010638298,0.04048583,0.005244755,0.03515625,0.007326007,0,0.118644068,0.040650407,0.015209125,0,0.150214592,0.021917808,0.003649635,0,0.146153846,0.007633588,0.069230769,0.18627451,0.069767442,0.052631579,0.162790698,1,0.071428571,0.019607843,0.069230769,0.031746032,0.061643836,0.071428571,0.320754717,0.283333333,0.325,0.007575758,0,0,0,0,0,0,0,0,0,0,0,0.037037037,0,0.003773585,0,0.010909091,0.015075377
Melanoma - Homo sapiens (human),0,0,0,0,0,0,0,0,0,0,0,0,0,0,0,0,0,0,0,0,0,0,0,0,0,0,0,0,0,0,0,0,0,0,0,0,0,0,0,0,0,0,0,0,0,0,0,0,0,0,0,0.028368794,0,0,0,0,0,0,0,0,0,0,0,0,0,0,0,0,0,0,0,0,0,0,0,0,0,0,0,0,0,0,0,0,0,0,0,0,0,0,0,0,0,0,0,0,0,0,0,0,0,0,0,0,0,0.008474576,0,0,0,0.008,0.150943396,0.171641791,0.189189189,0.215517241,0.102473498,0.039130435,0.057761733,0,0,0.073170732,0.01734104,0.110429448,0.173410405,0.043209877,0.116959064,0.128205128,0,0.075675676,0.025252525,0.106870229,0.009433962,0,0,0,0.043478261,0.103626943,0.008333333,0,0.01572327,0,0,0.101449275,0.151351351,0.066298343,0.130434783,0.110344828,0.116666667,0.019607843,0.008928571,0.004347826,0.163265306,0,0.023041475,0.035175879,0.008333333,0,0.007874016,0.012195122,0.053941909,0.159292035,0.065656566,0.069518717,0.013274336,0,0.12345679,0,0.004385965,0.051470588,0.008368201,0.111111111,0.108247423,0,0.059459459,0,0.056451613,0,0.079754601,0.007874016,0,0,0.1,0.086757991,0,0.085561497,0.012195122,0.012345679,0.011235955,0.113924051,0.124087591,0.138211382,0.083333333,0.069767442,0.033333333,0,0,0.011976048,0.016722408,0.07751938,0,0.123529412,0.009174312,0.010869565,0.088235294,0.050847458,0,0.014925373,0.1,0,0,0,0.042944785,0.180392157,0.105820106,0,0.057692308,0.016528926,0.115384615,0.093264249,0.054878049,0.14516129,0,0.122093023,0.02173913,0.051162791,0.017045455,0.074380165,0,0,0.098360656,0,0.05952381,0.142857143,0.072727273,0.058823529,0.046082949,0.109677419,0.070754717,0.103448276,0.019047619,0,0,0.101010101,0,0,0,0,0,0,0,0.081818182,0,0,0,0,0,0,0.04587156,0.005952381,0.006928406,0.005319149,0.04368932,0.029850746,0.024299065,0,0,0,0,0.036,0.056737589,0,0.014285714,0.01509434,0.049342105,0.045602606,0.01369863,0,0.066326531,0.013605442,0.067484663,0,0.016666667,0.033707865,0.035714286,0,0.032786885,0.168367347,0.13592233,0.082051282,0.120754717,0.08,0.086253369,0.101123596,0.127118644,0.022767075,0.10483871,0.075757576,0.030508475,0.131332083,0.06,0.086614173,0,0.12145749,0.088319088,0.149797571,0.092592593,0.253968254,0.205128205,0.321428571,0.354166667,0.455445545,0.310077519,0.211111111,0.071428571,1,0.255555556,0.345454545,0.177966102,0.188405797,0.398058252,0.36875,0.212121212,0.339393939,0.203389831,0.172413793,0.141843972,0,0,0,0,0,0,0,0,0.00621118,0,0.005988024,0.037735849,0.007633588,0.062962963,0.060301508
Bladder cancer - Homo sapiens (human),0,0,0,0,0,0,0,0,0,0,0,0,0,0,0,0,0,0,0.010204082,0,0,0,0,0,0,0,0,0,0,0,0,0,0,0,0,0,0,0,0,0,0,0,0,0,0,0,0,0,0,0,0,0,0,0,0,0,0,0,0,0,0,0,0,0,0,0,0,0,0,0,0,0,0,0,0,0,0,0,0,0,0,0,0,0.008333333,0,0,0,0,0,0,0,0,0,0,0,0,0,0,0,0,0,0,0,0.008695652,0,0,0,0,0,0,0.056782334,0.155963303,0.049242424,0.068085106,0.018115942,0.024630542,0.0234375,0.002985075,0.007142857,0.044843049,0.006944444,0.063829787,0.095541401,0,0.059602649,0.061797753,0,0.070063694,0.017751479,0.065420561,0.005494505,0,0,0,0.056074766,0.064327485,0,0,0.017421603,0.005208333,0,0.04787234,0.053333333,0.00621118,0.053571429,0.031746032,0.03,0,0.012345679,0,0.11299435,0,0.015957447,0.041666667,0.014423077,0,0.010416667,0.030534351,0.032407407,0.111111111,0.058823529,0.018072289,0.020618557,0.014492754,0.056768559,0.0078125,0.005076142,0.056603774,0.019417476,0.093220339,0.057471264,0,0.018518519,0,0.026666667,0,0.035714286,0.013513514,0.009090909,0,0.058394161,0.035,0,0.061728395,0.038461538,0.015267176,0.013605442,0.066176471,0.069565217,0.079207921,0.029850746,0.033783784,0.013071895,0,0,0.022222222,0.011111111,0.102040816,0,0.073825503,0.010695187,0.013071895,0.040540541,0.061643836,0.007751938,0,0.10989011,0,0,0,0.007246377,0.0546875,0.05952381,0,0.098360656,0,0.051470588,0.077844311,0.059701493,0.099009901,0,0.087248322,0,0.06557377,0,0,0,0,0.08974359,0,0.065217391,0.082474227,0.023529412,0,0.005128205,0.076335878,0.076923077,0.052287582,0.011049724,0,0,0.04,0,0,0,0,0,0,0,0,0,0,0,0,0,0,0.024096386,0.003267974,0.002475248,0.002890173,0,0.006410256,0.019723866,0,0,0,0,0.04109589,0.017241379,0,0.037383178,0.017094017,0.028571429,0.028368794,0.026315789,0.010309278,0.034883721,0.017241379,0.021428571,0,0.02247191,0.013245033,0.007042254,0,0.01843318,0.118644068,0.109289617,0.016949153,0.094650206,0.034146341,0.053824363,0.069105691,0.093023256,0.003629764,0.042918455,0.032653061,0.02247191,0.067164179,0.026315789,0.056034483,0,0.103139013,0.076687117,0.067510549,0.056,0.144144144,0.12244898,0.206185567,0.222222222,0.234042553,0.189655172,0.2,0.019607843,0.255555556,1,0.21875,0.125,0.072580645,0.255555556,0.13253012,0.111702128,0.130952381,0.132653061,0.07751938,0.083333333,0,0,0,0,0.022900763,0,0,0,0,0,0,0.008264463,0.01,0.040650407,0.028571429
Chronic myeloid leukemia - Homo sapiens (human),0,0,0,0,0,0,0,0,0,0,0,0,0,0,0,0,0,0,0,0,0,0,0,0,0.007246377,0,0,0,0,0,0,0,0,0,0,0,0,0,0,0,0,0,0,0,0,0,0,0,0,0,0,0.020547945,0,0,0,0,0,0,0,0,0,0,0,0,0,0,0,0,0,0,0,0,0,0,0,0,0,0,0,0,0,0,0,0,0,0,0,0,0,0,0,0,0,0,0,0,0,0,0,0,0,0,0,0,0,0.008196721,0,0,0,0.007751938,0.101190476,0.288,0.122302158,0.07518797,0,0.038461538,0.068345324,0.013661202,0,0.145299145,0.058823529,0.101190476,0.224852071,0.035928144,0.12716763,0.131313131,0,0.134078212,0.014705882,0.095588235,0.013953488,0,0,0,0.04964539,0.095959596,0.008196721,0,0.018691589,0,0,0.110047847,0.088607595,0.053475936,0.171270718,0.10738255,0.112903226,0.028571429,0.00862069,0.012931034,0.208333333,0,0.022624434,0.034482759,0.029288703,0.030534351,0.007633588,0.0625,0.057377049,0.163793103,0.075,0.133333333,0.040178571,0,0.103585657,0,0,0.042553191,0.012396694,0.071895425,0.106060606,0,0.058201058,0,0.072580645,0,0.118012422,0.035856574,0.042857143,0.045112782,0.146496815,0.095022624,0,0.131147541,0.049382716,0.063291139,0.095238095,0.176470588,0.196969697,0.170731707,0.101910828,0.105882353,0.038251366,0.008064516,0,0.011695906,0.01986755,0.07518797,0,0.226415094,0.009009009,0.010638298,0.086206897,0.049723757,0,0.014634146,0.079365079,0,0,0,0.035714286,0.081560284,0.17032967,0,0.069620253,0,0.098765432,0.12565445,0.047337278,0.247863248,0,0.138728324,0.074074074,0.045454545,0.016666667,0.072,0,0,0.171428571,0,0.04,0.138211382,0.079646018,0.082352941,0.064516129,0.197278912,0.069444444,0.166666667,0.048076923,0,0,0.086538462,0,0,0,0,0,0,0,0.078947368,0,0,0,0,0,0,0.057471264,0.008849558,0.009174312,0.010582011,0.042857143,0.029498525,0.029850746,0.016260163,0.013986014,0,0,0.073469388,0.092857143,0,0.050359712,0.045977011,0.076666667,0.069078947,0.027027027,0.023076923,0.109375,0.055172414,0.141025641,0,0.024390244,0.093023256,0.065868263,0,0.053497942,0.213541667,0.246073298,0.137566138,0.162162162,0.107623318,0.105978261,0.168627451,0.14893617,0.037037037,0.148760331,0.111969112,0.047619048,0.130353818,0.076,0.129032258,0,0.124,0.112391931,0.111969112,0.115671642,0.338842975,0.260869565,0.447619048,0.34,0.411214953,0.281481481,0.20212766,0.069230769,0.345454545,0.21875,1,0.3,0.253731343,0.396226415,0.238888889,0.277486911,0.278409091,0.149606299,0.12987013,0.170212766,0,0,0.044444444,0,0.018072289,0,0,0.008849558,0.018404908,0,0.017751479,0.064885496,0.014925373,0.08988764,0.075
Acute myeloid leukemia - Homo sapiens (human),0,0,0,0,0,0,0,0,0,0,0,0,0,0,0,0,0,0,0,0,0,0,0,0,0,0,0,0,0,0,0,0,0,0,0,0,0,0,0,0,0,0,0,0,0,0,0,0,0,0,0,0.02189781,0,0,0,0,0,0,0,0,0,0,0,0,0,0,0,0,0,0,0,0,0,0,0,0,0,0,0,0,0,0,0,0.006849315,0,0,0,0,0,0,0,0,0,0,0,0,0,0,0,0,0,0,0,0.007092199,0,0,0,0,0,0,0.080838323,0.245901639,0.105839416,0.08203125,0,0.04,0.066666667,0.008356546,0.006024096,0.121212121,0.042682927,0.128205128,0.151162791,0.037974684,0.113772455,0.113989637,0,0.021052632,0.015384615,0.007194245,0.004807692,0,0,0.010204082,0.02962963,0.112299465,0,0,0.006329114,0.018604651,0,0.137755102,0.093506494,0.093023256,0.140449438,0.130434783,0.131578947,0,0,0.013452915,0.126262626,0,0.023584906,0.036082474,0.030434783,0,0.008196721,0.032051282,0.050632911,0.166666667,0.078534031,0.120689655,0.027522936,0,0.080645161,0,0.004484305,0.045454545,0.008547009,0.076388889,0.111111111,0.006578947,0.061111111,0,0.084388186,0,0.125,0.028688525,0.037878788,0.04,0.132450331,0.10952381,0.050632911,0.112359551,0.052287582,0.06,0.080246914,0.179310345,0.201612903,0.194690265,0.108108108,0.111801242,0.040229885,0,0.01,0.01863354,0.031034483,0.080645161,0,0.155279503,0.009389671,0.011173184,0.090909091,0.052325581,0,0.015306122,0.085470085,0,0,0,0.037735849,0.080291971,0.159090909,0,0.073825503,0,0.119205298,0.113513514,0.083870968,0.234234234,0,0.125748503,0.079365079,0.04245283,0.01754386,0.077586207,0,0,0.126436782,0,0.035928144,0.149122807,0.097087379,0.100628931,0.062200957,0.143835616,0.047169811,0.147239264,0.071794872,0,0,0.094736842,0,0,0,0,0,0,0,0.085714286,0,0,0,0,0,0,0.061176471,0,0.004662005,0.002688172,0.05,0.027190332,0.026465028,0.01754386,0,0,0,0.049586777,0.043478261,0,0.037878788,0.027237354,0.071672355,0.078498294,0.04379562,0.033333333,0.096774194,0.043478261,0.104575163,0,0,0.071856287,0.069620253,0.012345679,0.05106383,0.160621762,0.174358974,0.101604278,0.123076923,0.091743119,0.099447514,0.111538462,0.134782609,0.032085561,0.076,0.102766798,0.052816901,0.105360444,0.106382979,0.088353414,0,0.114754098,0.067988669,0.129554656,0.106870229,0.26446281,0.203539823,0.232758621,0.302083333,0.203389831,0.261538462,0.155555556,0.031746032,0.177966102,0.125,0.3,1,0.111888112,0.241071429,0.175824176,0.157635468,0.173913043,0.181034483,0.170212766,0.2,0.010309278,0,0.023255814,0.004950495,0.006289308,0,0,0.009615385,0,0.035971223,0,0.046511628,0.007936508,0.084615385,0.072916667
Small cell lung cancer - Homo sapiens (human),0,0,0,0,0,0,0,0,0,0,0,0,0,0,0.004444444,0.008849558,0.00456621,0,0,0,0,0,0,0,0,0.007092199,0,0,0,0,0,0,0,0,0,0,0,0,0,0,0,0,0,0,0,0,0,0,0,0,0,0.02484472,0,0,0,0.006578947,0,0,0,0,0,0,0,0,0,0,0,0,0,0,0,0,0,0,0,0,0,0,0,0,0,0,0,0,0,0,0,0,0,0,0,0,0,0,0,0,0,0,0,0,0,0,0,0.018292683,0,0.007246377,0,0,0,0.006896552,0.046070461,0.079268293,0.047923323,0.037800687,0.003021148,0.01171875,0.03986711,0,0,0.059701493,0.113636364,0.080645161,0.103960396,0.038461538,0.082051282,0.038961039,0,0.100502513,0.013636364,0.137931034,0.030837004,0,0,0,0.025,0.059090909,0.015503876,0,0.002923977,0.012448133,0.005780347,0.055319149,0.140664962,0.049261084,0.163265306,0.077380952,0.062068966,0.107142857,0.007575758,0.028688525,0.132420091,0,0.016806723,0,0.011583012,0,0.01369863,0.010869565,0.030075188,0.086330935,0.022123894,0.083743842,0.016326531,0,0.162698413,0.161290323,0.012195122,0,0.011627907,0,0.044444444,0,0.058823529,0,0.044444444,0,0.094972067,0.057471264,0.058823529,0.040268456,0.088888889,0.057377049,0.021390374,0.032407407,0.075144509,0.033707865,0.047120419,0.088888889,0.094339623,0.059602649,0.05,0.127071823,0.04040404,0,0,0,0,0,0,0.087628866,0.0041841,0,0.051282051,0.009803922,0,0.013574661,0,0,0,0,0.032608696,0.055921053,0.0456621,0,0,0.007042254,0.054347826,0.045248869,0,0.08,0,0.086734694,0.087837838,0.012345679,0.015306122,0.071428571,0,0,0.094059406,0,0.025906736,0.06122449,0.053435115,0.075268817,0.073913043,0.142857143,0.055555556,0.04950495,0.058823529,0,0,0.048780488,0,0,0,0,0,0,0,0.069230769,0.031746032,0,0.005555556,0,0,0,0.046153846,0.01994302,0.022421525,0.017902813,0.049107143,0.033994334,0.023423423,0.014388489,0,0,0,0,0.05625,0,0.04516129,0.050909091,0.079617834,0.068965517,0.037037037,0.049295775,0.09569378,0.043209877,0.096045198,0.0078125,0,0.2,0.182926829,0,0.05019305,0.169014085,0.154545455,0.166666667,0.124113475,0.10041841,0.155737705,0.113475177,0.130434783,0.052264808,0.185483871,0.09352518,0.04516129,0.171052632,0.08778626,0.108614232,0.00625,0.068345324,0.063492063,0.070422535,0.05704698,0.155844156,0.066225166,0.235294118,0.171875,0.184397163,0.18125,0.12173913,0.061643836,0.188405797,0.072580645,0.253731343,0.111888112,1,0.233082707,0.127358491,0.120689655,0.164251208,0.08,0.049723757,0.103658537,0,0,0.012903226,0,0,0,0,0.007751938,0.045977011,0.049689441,0.044444444,0.042402827,0.04109589,0.108303249,0.089622642
Non-small cell lung cancer - Homo sapiens (human),0,0,0,0,0,0,0,0,0,0,0,0,0,0,0,0,0.005025126,0,0,0,0,0,0,0,0,0,0,0,0,0,0,0,0,0,0,0,0,0,0,0,0,0,0,0,0,0,0,0,0,0,0,0.035714286,0,0,0,0,0,0,0,0,0,0,0,0,0,0,0,0,0,0,0,0,0,0,0,0,0,0,0,0,0,0,0,0,0,0,0,0,0,0,0,0,0,0,0,0,0,0,0,0,0,0,0,0.027972028,0,0.008474576,0,0,0,0.008,0.089285714,0.286885246,0.124087591,0.105882353,0.03654485,0.039130435,0.057761733,0,0,0.118644068,0.035294118,0.14556962,0.194117647,0.069620253,0.136904762,0.128205128,0,0.069892473,0.015,0.090225564,0.004694836,0,0,0,0.043478261,0.097938144,0.008333333,0,0.01572327,0,0,0.123152709,0.097938144,0.066298343,0.142857143,0.102739726,0.107438017,0.02970297,0.008928571,0.022123894,0.163265306,0,0.027777778,0.051020408,0.021097046,0,0.007874016,0.012195122,0.071729958,0.224299065,0.060301508,0.075268817,0.008810573,0.01,0.118852459,0,0,0.036231884,0.012605042,0.111111111,0.102564103,0,0.065217391,0,0.0781893,0,0.079754601,0.007874016,0,0,0.1,0.101851852,0,0.134078212,0.012195122,0.037974684,0.058823529,0.150326797,0.166666667,0.206896552,0.119205298,0.069767442,0.068965517,0,0,0.030487805,0.020134228,0.103174603,0,0.171779141,0.023255814,0.027624309,0.107784431,0.068965517,0.018987342,0.046153846,0.109243697,0,0,0,0.06918239,0.082733813,0.12972973,0.019354839,0.092715232,0,0.101265823,0.116402116,0.067901235,0.213675214,0.020833333,0.18404908,0.052238806,0.066037736,0.017045455,0.074380165,0,0.017964072,0.122905028,0,0.085365854,0.172413793,0.072727273,0.071428571,0.050925926,0.162162162,0.070754717,0.170731707,0.023923445,0,0,0.135416667,0.024590164,0,0,0,0.01863354,0.020689655,0.01754386,0.091743119,0,0,0.00625,0,0,0,0.055555556,0.021148036,0.016317016,0.016129032,0.0591133,0.042296073,0.039848197,0,0.02173913,0.01875,0,0.048582996,0.049295775,0.025210084,0.028985507,0.018939394,0.056291391,0.055921053,0.01369863,0.0078125,0.071794872,0.020547945,0.067484663,0.028301887,0.016666667,0.051428571,0.054545455,0,0.037037037,0.205263158,0.2,0.110526316,0.146718147,0.094594595,0.086253369,0.109433962,0.136752137,0.024561404,0.118367347,0.100775194,0.051903114,0.122905028,0.051587302,0.104,0,0.149377593,0.104046243,0.140562249,0.109022556,0.305785124,0.236842105,0.37037037,0.428571429,0.47,0.270676692,0.252873563,0.071428571,0.398058252,0.255555556,0.396226415,0.241071429,0.233082707,1,0.230337079,0.256544503,0.255681818,0.183333333,0.188811189,0.166666667,0,0,0.007352941,0,0,0,0,0.009174312,0,0,0,0.045627376,0.015384615,0.095419847,0.049751244
Breast cancer - Homo sapiens (human),0,0,0,0,0,0,0,0,0,0,0,0,0,0,0,0,0,0,0,0,0,0,0,0,0,0,0,0,0,0,0,0,0,0,0,0,0,0,0,0,0,0,0,0,0,0,0,0,0,0,0,0.018518519,0,0,0,0,0,0,0,0,0,0,0,0,0,0,0,0,0,0,0,0,0,0,0,0,0,0,0,0,0,0,0,0,0,0,0,0,0,0,0,0,0,0,0,0,0,0,0,0,0,0,0,0,0,0.005181347,0,0.010752688,0,0.020304569,0.127877238,0.183673469,0.146706587,0.14057508,0.063186813,0.026143791,0.048433048,0.002267574,0,0.079617834,0.020325203,0.094017094,0.130081301,0.029535865,0.081300813,0.104868914,0,0.053846154,0.022058824,0.057692308,0.006968641,0,0,0.005617978,0.033018868,0.082706767,0.006349206,0,0.007594937,0,0,0.257261411,0.130925508,0.059288538,0.096899225,0.087557604,0.088541667,0.011299435,0.005347594,0.003278689,0.118081181,0,0.017123288,0.025547445,0.196226415,0.08994709,0.020100503,0.025531915,0.054487179,0.095744681,0.063197026,0.065891473,0.173745174,0,0.104761905,0,0,0.053140097,0.012820513,0.058558559,0.271929825,0,0.042307692,0,0.046583851,0,0.063559322,0.009146341,0,0,0.072649573,0.068259386,0.004081633,0.090196078,0.021186441,0.052863436,0.02,0.105726872,0.111650485,0.102564103,0.065502183,0.06147541,0.027559055,0,0,0.012448133,0.029891304,0.049019608,0,0.122362869,0.006825939,0.007722008,0.06557377,0.035714286,0,0.018248175,0.061538462,0,0,0,0.029411765,0.13253012,0.118110236,0,0.057268722,0.010204082,0.082608696,0.130434783,0.233830846,0.160427807,0,0.130801688,0.018867925,0.045138889,0.011952191,0.045918367,0,0,0.108433735,0.004739336,0.06302521,0.093264249,0.048913043,0.058091286,0.044982699,0.07860262,0.232653061,0.117154812,0.035842294,0,0.005813953,0.057471264,0.005025126,0,0,0,0,0,0,0.048648649,0,0,0,0,0,0,0.137044968,0.00486618,0.005905512,0.008908686,0.039426523,0.026894866,0.100706714,0.005128205,0.009345794,0,0,0.050314465,0.051643192,0,0.009302326,0.017751479,0.050666667,0.058823529,0.01826484,0.004926108,0.059701493,0.018181818,0.055084746,0,0,0.019685039,0.024691358,0,0.021875,0.142857143,0.119565217,0.067164179,0.117117117,0.06,0.225641026,0.088495575,0.129139073,0.020123839,0.090625,0.071641791,0.029891304,0.255555556,0.042944785,0.066869301,0,0.230769231,0.101204819,0.180921053,0.078717201,0.273224044,0.125,0.211956522,0.297468354,0.275862069,0.213930348,0.15,0.320754717,0.36875,0.13253012,0.238888889,0.175824176,0.127358491,0.230337079,1,0.444954128,0.617486339,0.130208333,0.129032258,0.118483412,0,0,0.004739336,0,0.012658228,0,0,0,0.004237288,0.02283105,0.004132231,0.038575668,0.004854369,0.055393586,0.047619048
Hepatocellular carcinoma - Homo sapiens (human),0,0,0,0,0,0,0,0,0,0,0,0,0.005617978,0,0,0,0,0,0,0,0,0,0,0,0,0,0,0,0,0,0,0,0,0,0.016483516,0,0.09223301,0,0,0,0,0,0,0,0,0,0,0,0,0,0,0.025531915,0,0,0,0,0,0,0,0,0,0,0,0,0,0,0,0,0,0,0,0,0,0,0,0,0.004761905,0,0,0,0,0.084070796,0.086363636,0.082969432,0,0,0,0,0,0,0,0,0,0,0,0,0,0.004347826,0,0,0,0,0,0,0,0.004672897,0,0,0,0.004524887,0.084507042,0.199052133,0.106849315,0.083094556,0.02,0.027607362,0.042895442,0.010917031,0,0.087613293,0.026415094,0.099206349,0.141221374,0.04743083,0.087121212,0.104895105,0,0.076642336,0.013559322,0.057017544,0.006493506,0,0,0.005025126,0.025641026,0.084210526,0.008955224,0,0.016990291,0.006289308,0,0.246153846,0.082987552,0.050909091,0.097472924,0.075313808,0.074766355,0.015228426,0.009661836,0.003067485,0.14084507,0,0.019230769,0.034246575,0.19858156,0.013392857,0.018181818,0.052208835,0.063829787,0.118226601,0.065972222,0.064748201,0.199261993,0,0.111445783,0,0,0.071748879,0.012012012,0.062240664,0.248995984,0,0.050359712,0,0.06547619,0,0.05019305,0.008595989,0,0,0.0625,0.063694268,0,0.103321033,0.011583012,0.011673152,0.037593985,0.092369478,0.101321586,0.107981221,0.081632653,0.044776119,0.052238806,0.00462963,0,0.019230769,0.069518717,0.058558559,0,0.125490196,0.01607717,0.018050542,0.068441065,0.044444444,0.011811024,0.023890785,0.065420561,0,0,0,0.043137255,0.070080863,0.117216117,0.011952191,0.06097561,0.004587156,0.067193676,0.09252669,0.222727273,0.122641509,0.0125,0.124513619,0.017167382,0.055737705,0.011029412,0.041474654,0,0.011406844,0.112359551,0,0.049808429,0.094339623,0.043902439,0.057471264,0.038585209,0.121338912,0.214285714,0.120622568,0.033333333,0,0,0.062176166,0.013761468,0,0,0,0.011673152,0.020920502,0.011235955,0.048780488,0,0,0,0,0.004405286,0,0.133470226,0.014018692,0.013333333,0.006369427,0.043624161,0.025581395,0.108433735,0,0.012820513,0.01171875,0,0.04719764,0.065217391,0.023474178,0.017094017,0.016713092,0.058673469,0.055696203,0.008264463,0,0.059027778,0.029411765,0.067193676,0.014851485,0.023474178,0.037037037,0.046511628,0,0.03264095,0.132404181,0.149825784,0.062283737,0.122857143,0.069400631,0.188095238,0.111111111,0.117283951,0.022556391,0.078717201,0.082621083,0.03626943,0.250447227,0.043352601,0.062857143,0.087155963,0.255892256,0.103926097,0.155015198,0.143274854,0.289340102,0.150485437,0.244897959,0.262569832,0.278947368,0.188340807,0.132596685,0.283333333,0.212121212,0.111702128,0.277486911,0.157635468,0.120689655,0.256544503,0.444954128,1,0.502369668,0.106976744,0.117647059,0.098290598,0,0,0.021929825,0,0.011627907,0,0,0,0.019762846,0.029411765,0.019305019,0.063037249,0.013333333,0.060941828,0.132841328
Gastric cancer - Homo sapiens (human),0,0,0,0,0,0,0,0,0,0,0,0,0,0,0,0,0,0,0,0,0,0,0,0,0,0,0,0,0,0,0,0,0,0,0,0,0,0,0,0,0,0,0,0,0,0,0,0,0,0,0,0.01369863,0,0,0,0,0,0,0,0,0,0,0,0,0,0,0,0,0,0,0,0,0,0,0,0,0,0,0,0,0,0,0,0,0,0.005181347,0,0,0,0,0,0,0,0,0,0,0,0,0,0,0,0,0,0.013574661,0,0.005128205,0.005847953,0,0,0.009950249,0.127226463,0.187817259,0.142433234,0.136075949,0.065753425,0.025974026,0.042253521,0.011389522,0,0.079113924,0.016064257,0.093220339,0.161825726,0.025,0.080645161,0.104089219,0,0.090909091,0.02189781,0.057142857,0.003448276,0,0,0.005555556,0.023148148,0.078066914,0.009493671,0,0.017811705,0,0,0.239837398,0.130337079,0.050583658,0.091954023,0.076923077,0.076530612,0.016853933,0.005291005,0.006535948,0.150943396,0,0.020477816,0.025362319,0.19924812,0.014634146,0.030150754,0.061135371,0.060897436,0.094736842,0.074626866,0.065384615,0.228915663,0,0.097178683,0,0.003278689,0.089108911,0.006329114,0.058035714,0.27510917,0,0.041984733,0,0.046296296,0,0.054166667,0.009090909,0,0,0.06302521,0.071428571,0,0.089494163,0.0125,0.008368201,0.048979592,0.090517241,0.1,0.101522843,0.064935065,0.048192771,0.039525692,0.005076142,0,0.008196721,0.026954178,0.048543689,0,0.12605042,0.006779661,0.007662835,0.06504065,0.035433071,0,0.014440433,0.050251256,0,0,0,0.024896266,0.131736527,0.1171875,0,0.052173913,0,0.072649573,0.099236641,0.225490196,0.134715026,0,0.111111111,0.033175355,0.037671233,0.011857708,0.045454545,0,0,0.116465863,0,0.0625,0.086734694,0.048387097,0.053278689,0.04467354,0.116591928,0.240816327,0.106995885,0.035587189,0,0,0.050847458,0,0,0,0,0,0,0,0.048128342,0,0,0.008474576,0,0,0,0.136460554,0.004842615,0.007858546,0.006637168,0.035460993,0.024271845,0.102292769,0,0,0,0,0.05,0.081339713,0,0.00921659,0.011695906,0.050397878,0.055702918,0.00896861,0,0.051470588,0.022624434,0.072649573,0,0.025773196,0.035714286,0.041493776,0,0.034591195,0.141791045,0.156133829,0.07063197,0.106508876,0.052631579,0.2,0.114114114,0.113636364,0.021638331,0.090062112,0.068047337,0.024193548,0.252302026,0.055555556,0.06969697,0,0.242105263,0.100719424,0.153354633,0.075144509,0.327683616,0.153439153,0.243093923,0.326923077,0.237569061,0.223880597,0.17721519,0.325,0.339393939,0.130952381,0.278409091,0.173913043,0.164251208,0.255681818,0.617486339,0.502369668,1,0.123076923,0.112612613,0.101851852,0,0,0.023923445,0,0.012552301,0,0,0,0.012711864,0.041474654,0.012396694,0.053892216,0.004807692,0.06122449,0.043478261
Central carbon metabolism in cancer - Homo sapiens (human),0.170940171,0.052631579,0.041666667,0,0.084210526,0.086021505,0,0,0,0,0,0,0,0,0,0.022222222,0,0,0,0.019047619,0.028301887,0.043478261,0,0,0,0,0,0,0,0,0,0,0,0,0,0.027027027,0.024193548,0.04950495,0,0,0,0,0,0,0.043859649,0.071428571,0,0,0,0,0,0.028776978,0,0,0,0,0,0,0,0,0,0,0.083333333,0,0.051546392,0,0,0,0,0,0.019230769,0,0,0,0,0,0,0,0,0,0,0,0,0,0,0,0,0,0,0,0.020547945,0,0,0,0,0,0,0,0,0,0,0,0,0,0,0,0,0,0,0,0.070588235,0.156716418,0.096774194,0.098039216,0.036789298,0.034934498,0.050541516,0,0,0.06504065,0,0.234482759,0.104395604,0.04375,0.111764706,0.112244898,0,0.01025641,0.015151515,0.014184397,0,0,0,0.00990099,0.03649635,0.104712042,0,0,0.015822785,0,0.013333333,0.097087379,0.081632653,0.073033708,0.101604278,0.096551724,0.109243697,0,0.009090909,0,0.102439024,0,0.023255814,0.025125628,0.008403361,0,0,0.01863354,0.054393305,0.151785714,0.060913706,0.064516129,0.004424779,0,0.079681275,0,0,0.044444444,0.004201681,0.074829932,0.109375,0,0.06010929,0,0.06122449,0,0.080745342,0.007936508,0,0,0.094339623,0.072727273,0.011976048,0.07486631,0.012345679,0.0125,0.022988506,0.108280255,0.125925926,0.140495868,0.084415584,0.070588235,0.033707865,0,0,0.012121212,0.02027027,0.062015504,0,0.118343195,0.009259259,0.022222222,0.089285714,0.039548023,0.012738854,0.015075377,0.06557377,0,0,0,0.043478261,0.083333333,0.125,0.019607843,0.058441558,0,0.088607595,0.094240838,0.055555556,0.157024793,0,0.15060241,0.037313433,0.041860465,0.134615385,0.075630252,0,0,0.099447514,0,0.035294118,0.145299145,0.16,0.078787879,0.041666667,0.08974359,0.022727273,0.104651163,0.014354067,0,0.021276596,0.091836735,0,0,0.021978022,0,0,0,0,0.13592233,0.005813953,0,0.006329114,0,0,0,0.041284404,0.002985075,0.00462963,0.005347594,0.049261084,0.023880597,0.016759777,0,0,0,0,0.028,0.05,0,0.014492754,0.00754717,0.060200669,0.04248366,0.013888889,0,0.067010309,0.013793103,0.068322981,0,0.008403361,0.028248588,0.036144578,0,0.024590164,0.096618357,0.089201878,0.050251256,0.080586081,0.061674009,0.060846561,0.073529412,0.086419753,0.019264448,0.042145594,0.068181818,0.030716724,0.061837456,0.019379845,0.049808429,0,0.1,0.073446328,0.076335878,0.077205882,0.155555556,0.168067227,0.140625,0.20754717,0.18852459,0.184397163,0.114583333,0.007575758,0.203389831,0.132653061,0.149606299,0.181034483,0.08,0.183333333,0.130208333,0.106976744,0.123076923,1,0.150684932,0.152173913,0,0,0,0,0,0,0,0,0,0,0,0.062256809,0,0.055555556,0.050251256
Choline metabolism in cancer - Homo sapiens (human),0,0,0,0,0,0,0,0,0,0,0,0,0,0,0,0,0,0,0,0,0,0,0,0,0,0,0,0,0,0,0,0,0,0.02970297,0,0,0,0,0,0,0,0,0,0,0,0,0,0,0,0,0.088435374,0.042682927,0,0.172619048,0.096296296,0.046052632,0.05785124,0.05982906,0.02027027,0,0,0,0,0,0,0,0,0,0,0,0,0,0,0,0,0,0,0,0,0,0,0,0,0,0,0,0,0,0,0,0,0,0,0,0,0,0,0,0,0,0,0,0,0.005813953,0,0,0,0,0,0,0.113636364,0.228187919,0.167832168,0.12,0.036809816,0.031128405,0.081355932,0,0,0.094339623,0.01,0.131147541,0.128078818,0.13372093,0.154255319,0.322580645,0,0,0.013274336,0.005882353,0,0,0,0.007751938,0.055900621,0.132701422,0.011320755,0,0.023460411,0.004016064,0,0.139013453,0.09178744,0.084158416,0.109004739,0.113095238,0.103448276,0.023622047,0,0.04048583,0.094827586,0,0.024793388,0.069124424,0.03875969,0,0,0.026737968,0.06870229,0.246031746,0.062780269,0.09178744,0,0,0.15,0,0,0.062893082,0.022988506,0.134146341,0.080717489,0,0.088235294,0,0.078651685,0,0.103825137,0.02173913,0.018181818,0,0.103825137,0.086419753,0,0.117073171,0.037837838,0.043956044,0.051020408,0.154285714,0.168831169,0.276923077,0.258064516,0.088082902,0.06,0,0,0.031746032,0.037735849,0.071428571,0,0.142105263,0.033613445,0.070707071,0.104712042,0.087179487,0.016304348,0.045454545,0.128571429,0,0,0,0.113636364,0.119863014,0.151960784,0.016574586,0.164634146,0.049295775,0.092896175,0.112676056,0.058510638,0.166666667,0.017647059,0.134715026,0.04375,0.090909091,0.014851485,0.06122449,0,0.015544041,0.135,0.00617284,0.0625,0.14084507,0.090909091,0.08994709,0.06302521,0.125,0.024291498,0.153439153,0.025641026,0,0,0.106557377,0.02027027,0,0,0,0.016042781,0.01754386,0.020408163,0.074074074,0,0.02173913,0.005376344,0,0,0,0.045553145,0.011111111,0.004347826,0.012531328,0.075892857,0.036312849,0.030520646,0.006849315,0.030864198,0.016129032,0,0.036363636,0.054216867,0.01369863,0.043478261,0.038732394,0.071428571,0.057926829,0.041916168,0,0.129807692,0.029411765,0.086956522,0.022727273,0,0.044776119,0.047120419,0,0.033457249,0.094420601,0.120689655,0.062780269,0.12543554,0.063241107,0.07518797,0.070234114,0.101886792,0.023489933,0.048951049,0.115107914,0.057692308,0.07890223,0.006920415,0.048611111,0,0.113970588,0.070866142,0.111111111,0.110726644,0.226666667,0.167832168,0.191780822,0.172932331,0.218309859,0.181818182,0.0546875,0,0.172413793,0.07751938,0.12987013,0.170212766,0.049723757,0.188811189,0.129032258,0.117647059,0.112612613,0.150684932,1,0.161490683,0,0,0.00617284,0,0.010582011,0,0,0,0,0,0,0.067375887,0.019354839,0.079310345,0.087155963
PD-L1 expression and PD-1 checkpoint pathway in cancer - Homo sapiens (human),0,0,0,0,0,0,0,0,0,0,0,0,0,0,0,0,0,0,0,0,0,0,0,0,0,0,0,0,0,0,0,0,0,0,0,0,0,0,0,0,0,0,0,0,0,0,0,0,0,0,0,0.031847134,0,0,0,0,0,0,0,0,0,0,0,0,0,0,0,0,0,0,0,0,0,0,0,0,0,0,0,0,0,0,0,0,0,0,0.020725389,0,0,0,0,0,0,0,0,0.007462687,0,0.006622517,0.010752688,0,0,0,0,0,0,0,0,0,0,0,0.106936416,0.16,0.097972973,0.099264706,0.024922118,0.066666667,0.068965517,0.010526316,0,0.106299213,0.122093023,0.157894737,0.139896373,0.04494382,0.130434783,0.102325581,0,0,0.057692308,0.00621118,0.004347826,0,0,0.008333333,0.066225166,0.116504854,0,0,0.008902077,0.008368201,0,0.103603604,0.077858881,0.060606061,0.125,0.105590062,0.110294118,0,0,0.042016807,0.166666667,0,0.039130435,0.02764977,0.052845528,0,0,0.028089888,0.084,0.233333333,0.065420561,0.219101124,0,0,0.066176471,0,0.016528926,0.052631579,0.003891051,0.05988024,0.115384615,0,0.081218274,0.012121212,0.094117647,0,0.229299363,0.079051383,0.081632653,0.048275862,0.229299363,0.099137931,0.02173913,0.164021164,0.095808383,0.283687943,0.279220779,0.388489209,0.266666667,0.189393939,0.100591716,0.148571429,0.062827225,0.00729927,0,0.016393443,0.035483871,0.090909091,0,0.181818182,0.025974026,0.035714286,0.091891892,0.035714286,0,0.052380952,0.056737589,0,0,0,0.080924855,0.063545151,0.102439024,0,0.103030303,0,0.104046243,0.096153846,0.043956044,0.204545455,0,0.111111111,0.112676056,0.084821429,0.042553191,0.065217391,0.032679739,0,0.141361257,0,0.031746032,0.125,0.08,0.11299435,0.079646018,0.159509202,0.020920502,0.161111111,0.09478673,0.015384615,0,0.076923077,0,0,0,0,0,0,0,0.070866142,0,0,0,0,0,0,0.072562358,0.002824859,0.027210884,0.002538071,0.045045045,0.061583578,0.050185874,0.022222222,0.046357616,0,0,0.026022305,0.0375,0.007246377,0.096551724,0.079245283,0.105263158,0.104575163,0.10738255,0.042857143,0.20855615,0.160839161,0.232258065,0.024390244,0.037313433,0.168604651,0.061111111,0,0.120833333,0.144186047,0.218446602,0.175257732,0.154411765,0.130434783,0.079691517,0.147601476,0.199152542,0.04886562,0.13229572,0.208835341,0.103092784,0.076388889,0.007142857,0.065454545,0,0.122137405,0.055555556,0.102564103,0.122302158,0.158940397,0.144927536,0.195652174,0.157480315,0.154929577,0.169811321,0.058823529,0,0.141843972,0.083333333,0.170212766,0.2,0.103658537,0.166666667,0.118483412,0.098290598,0.101851852,0.152173913,0.161490683,1,0,0.007092199,0.076923077,0.00896861,0.034090909,0.016,0.015503876,0.049586777,0,0,0,0.061818182,0.006756757,0.178294574,0.106796117
Asthma - Homo sapiens (human),0,0,0,0,0,0,0,0,0,0,0,0,0,0,0,0,0,0,0,0,0,0,0,0,0,0,0,0,0,0,0,0,0,0,0,0,0,0,0,0,0,0,0,0,0,0,0,0,0,0,0,0,0,0,0,0,0,0,0,0,0,0,0,0,0,0,0,0,0,0,0,0,0,0,0,0,0,0,0,0,0,0,0,0,0,0,0,0,0,0,0,0,0,0,0,0,0,0,0,0,0,0,0,0,0,0,0,0,0,0,0.00308642,0,0,0,0.003703704,0,0,0.03164557,0.0234375,0.004504505,0.030534351,0,0.00621118,0,0.02739726,0.022857143,0,0,0,0,0,0,0,0,0,0,0,0,0,0.089285714,0,0.005376344,0.007853403,0,0.012121212,0,0,0,0,0.005291005,0,0,0,0,0,0,0,0.008064516,0,0,0,0.006329114,0,0,0,0,0.093023256,0,0,0,0,0,0.006493506,0.159574468,0.004545455,0,0.015037594,0.004672897,0.01,0,0.022727273,0.031413613,0.171171171,0.018867925,0.041666667,0.160377358,0.120967742,0.038461538,0.008928571,0.1,0.007874016,0.007042254,0,0.333333333,0,0,0,0,0,0,0,0,0,0,0,0,0,0,0,0,0,0,0,0,0,0,0,0,0,0,0,0,0.01010101,0,0,0,0,0,0,0,0,0,0.013157895,0.007246377,0.005405405,0.007692308,0,0,0.005813953,0.254237288,0,0,0,0,0,0,0,0,0,0,0,0,0,0,0,0,0.002415459,0,0.002538071,0,0,0.00330033,0.001976285,0,0,0,0,0,0,0,0,0.008849558,0.003610108,0.003584229,0.019047619,0.011494253,0.018181818,0.2,0.015267176,0.046153846,0.051948052,0.144,0.023076923,0.142857143,0.093264249,0.005347594,0.005208333,0,0.003921569,0.080213904,0.002770083,0.067510549,0,0.028409091,0.078703704,0.004132231,0.007662835,0.007168459,0.013574661,0,0,0.004255319,0,0,0,0,0,0,0,0,0,0,0,0,0,0,0.010309278,0,0,0,0,0,0,0,0,1,0.3125,0.246753247,0.128378378,0.148148148,0.4375,0.25862069,0.045454545,0.008333333,0,0.016,0,0.22972973,0.012345679,0.00591716
Autoimmune thyroid disease - Homo sapiens (human),0,0,0,0,0,0,0,0,0,0,0,0,0,0,0,0,0,0,0,0,0,0,0,0,0,0,0,0.011363636,0,0,0,0,0,0,0,0,0,0,0,0,0,0,0,0,0,0,0,0,0,0,0,0,0,0,0,0,0,0,0,0,0,0,0,0,0,0,0,0,0,0,0,0,0,0,0,0,0,0,0,0,0,0,0,0,0,0,0,0,0,0,0,0,0,0,0,0,0,0,0,0,0,0,0.036363636,0,0,0,0,0,0,0,0.005797101,0,0.003472222,0,0.003424658,0,0.011070111,0.064220183,0.013245033,0,0.019480519,0,0.010989011,0,0,0.005,0.007281553,0,0,0.008,0,0,0,0,0,0,0,0,0.020134228,0.114130435,0,0,0.043589744,0,0.021621622,0,0,0,0,0.076142132,0.02955665,0,0,0,0,0,0,0,0,0,0,0,0,0,0,0,0.141304348,0,0,0,0,0,0,0.18018018,0.004132231,0,0.113475177,0.058035714,0.118181818,0.126213592,0.012903226,0.084158416,0.125925926,0.142857143,0.013793103,0.1328125,0.110344828,0.046666667,0.007462687,0.025423729,0.006711409,0.006097561,0,0.307692308,0,0,0,0,0,0.005847953,0,0,0,0,0,0,0,0,0,0,0,0,0,0,0.006896552,0.009708738,0,0,0,0.008196721,0.040650407,0,0,0,0,0.027777778,0,0,0,0,0,0.00862069,0,0,0.009708738,0,0,0,0.083333333,0.411764706,0,0,0,0,0,0,0,0,0,0,0,0,0,0,0,0,0.002293578,0,0,0,0,0,0.003795066,0,0,0,0,0,0,0,0,0.012145749,0,0,0.0078125,0,0.016042781,0.150442478,0.026490066,0.046511628,0.03,0.114864865,0.013071895,0.119402985,0.142156863,0.076923077,0.075,0.097142857,0.081712062,0.148717949,0.05785124,0.086956522,0.092920354,0.066037736,0.164383562,0.086065574,0.055555556,0.03180212,0.016528926,0.023904382,0,0.0078125,0,0,0,0,0,0,0,0,0,0,0,0,0,0,0,0,0,0,0,0,0,0,0.007092199,0.3125,1,0.18,0.125,0.149606299,0.596491228,0.417910448,0.034090909,0,0,0.006756757,0,0.313953488,0.067729084,0
Inflammatory bowel disease - Homo sapiens (human),0,0,0,0,0,0,0,0,0,0,0,0,0,0,0,0,0,0,0,0,0,0,0,0,0,0,0,0,0,0,0,0,0,0,0,0,0,0,0,0,0,0,0,0,0,0,0,0,0,0,0,0,0,0,0,0,0,0,0,0,0,0,0,0,0,0,0,0,0,0,0,0,0,0,0,0,0,0,0,0,0,0,0,0,0,0,0,0,0,0,0,0,0,0,0,0.009090909,0,0,0,0,0,0,0,0,0,0,0,0,0,0,0.028653295,0.006711409,0.006688963,0,0,0.004329004,0.014184397,0.094224924,0.050955414,0.015810277,0.030487805,0.048192771,0.037037037,0,0.016574586,0,0,0.026737968,0,0,0,0,0,0,0.014814815,0,0,0,0.009584665,0.07960199,0,0.004545455,0.02195122,0,0.020304569,0.013157895,0,0,0,0.051643192,0.047393365,0,0,0,0.012931034,0,0,0.046052632,0,0,0.00990099,0.072222222,0.023041475,0,0.003773585,0,0.067307692,0.007407407,0.004291845,0,0.014634146,0,0,0.125984252,0.015936255,0,0.076433121,0.041841004,0.038461538,0.040650407,0.083333333,0.115942029,0.146853147,0.02617801,0.081632653,0.308333333,0.362204724,0.062893082,0.027972028,0.031007752,0,0.047337278,0,0.212765957,0.020618557,0,0,0,0,0.016574586,0,0,0,0,0,0,0,0,0,0,0.00617284,0,0,0,0.006369427,0,0,0.004926108,0,0.030534351,0,0.005405405,0.030769231,0.00921659,0,0,0,0,0.026455026,0,0.005882353,0,0.009090909,0.029761905,0.037735849,0.1,0,0.010928962,0.045454545,0.24137931,0,0,0,0,0,0,0,0,0,0,0,0,0,0,0,0,0.013544018,0,0.002336449,0,0.004830918,0.011976048,0.011214953,0.027027027,0.007518797,0,0,0,0,0,0.022727273,0.035573123,0.026315789,0.032894737,0.093023256,0.099099099,0.057591623,0.302752294,0.128378378,0.085106383,0.116504854,0.204081633,0.091503268,0.102040816,0.166666667,0.027777778,0.075829384,0.073684211,0.024734982,0.134615385,0.010204082,0.103846154,0.03187251,0.047186933,0.089795918,0.025925926,0.045774648,0.049295775,0.015748031,0.01509434,0,0.030534351,0.008064516,0.014652015,0.010526316,0.04137931,0.030769231,0.068181818,0,0,0.0125,0,0,0,0,0.044444444,0.023255814,0.012903226,0.007352941,0.004739336,0.021929825,0.023923445,0,0.00617284,0.076923077,0.246753247,0.18,1,0.092391304,0.215384615,0.271604938,0.229885057,0.009803922,0.033333333,0,0.025477707,0.026819923,0.126126126,0.048689139,0.035532995
Systemic lupus erythematosus - Homo sapiens (human),0,0,0,0,0,0,0,0,0,0,0,0,0,0,0,0,0,0,0,0,0,0,0,0,0,0,0,0,0,0,0,0,0,0,0,0,0,0,0,0,0,0,0,0,0,0,0,0,0,0,0,0,0,0,0,0,0,0,0,0,0,0,0,0,0,0,0,0,0,0,0,0,0,0,0,0,0,0,0,0,0,0,0,0,0,0,0,0,0,0,0,0,0,0,0.010714286,0.005524862,0,0,0,0,0,0,0.014492754,0,0,0,0,0,0,0,0.002331002,0,0.005405405,0.005813953,0.005347594,0,0.005633803,0.011737089,0.008547009,0,0.016949153,0.004098361,0.003759398,0,0.003937008,0.003533569,0.010141988,0,0,0,0,0,0,0,0,0,0,0.003745318,0,0.078651685,0,0.003436426,0.00204499,0,0.003690037,0,0,0,0,0.104868914,0,0,0,0,0,0,0,0.00877193,0,0,0,0.023255814,0,0,0.005970149,0,0.069343066,0.009756098,0.00660066,0,0,0.077669903,0.003861004,0.080808081,0.381355932,0.006329114,0.016949153,0.003134796,0.004878049,0,0.008403361,0.006666667,0.077981651,0.019083969,0.00877193,0.070422535,0.065502183,0.021276596,0.004608295,0.00990099,0.021929825,0.004048583,0.008064516,0.12804878,0,0.008658009,0,0.009950249,0,0,0,0.008064516,0,0,0,0.007518797,0,0,0,0,0,0.025280899,0,0,0,0,0,0,0,0,0,0,0.004901961,0,0,0,0,0,0,0,0,0,0.005524862,0.004115226,0.003448276,0.004255319,0,0,0.033457249,0.11875,0,0,0,0,0,0,0,0,0,0,0,0,0,0,0,0,0.005802708,0,0.006036217,0.002267574,0.007220217,0.032828283,0.004926108,0.010928962,0.009852217,0,0.011494253,0.345833333,0,0,0,0.009090909,0.05801105,0.002604167,0.06,0.010471204,0.014869888,0.121052632,0.03030303,0.023668639,0.027624309,0.082969432,0.04845815,0.147783251,0.078498294,0.006872852,0.003367003,0.003649635,0.002777778,0.054982818,0.002145923,0.046783626,0.006097561,0.028571429,0.052959502,0.002881844,0.054441261,0.001501502,0.071661238,0.137123746,0,0.002941176,0,0,0,0,0,0,0,0,0,0,0,0,0,0,0.004950495,0,0,0,0,0,0,0,0.00896861,0.128378378,0.125,0.092391304,1,0.09569378,0.152317881,0.119496855,0.01754386,0.004444444,0,0.008695652,0,0.113636364,0.00862069,0.007326007
Rheumatoid arthritis - Homo sapiens (human),0,0,0,0,0,0,0,0,0,0,0,0,0,0,0.118226601,0,0,0,0,0,0,0,0,0,0,0,0,0,0,0,0,0,0,0,0,0,0,0,0,0,0,0,0,0,0,0,0,0,0,0,0,0,0,0,0,0,0,0,0,0,0,0,0,0,0,0,0,0,0.01,0,0,0,0,0,0,0,0,0,0,0,0,0,0,0,0,0,0,0,0,0,0,0,0,0,0,0.007246377,0,0,0,0,0,0,0.021052632,0.005988024,0,0,0,0,0,0,0.034759358,0.005649718,0.015432099,0.023648649,0.009090909,0,0.006410256,0.092957746,0.096590909,0.047794118,0.076502732,0.035897436,0.018181818,0,0.004739336,0.008368201,0.002202643,0.013824885,0,0,0,0,0,0,0.006097561,0.004291845,0,0.061320755,0,0.212871287,0,0.059574468,0.020547945,0,0.022321429,0,0,0,0,0.020242915,0.024691358,0,0,0,0.003816794,0,0,0.027472527,0.003649635,0.006622517,0,0.0625,0.016260163,0,0.010309278,0,0.091703057,0,0.003831418,0,0,0.005617978,0,0.11038961,0.017985612,0,0.082417582,0.045283019,0.01242236,0.026315789,0.026041667,0.023715415,0.129411765,0.032258065,0.106508876,0.101190476,0.122905028,0.036842105,0.01744186,0.018987342,0.005291005,0.096256684,0.019704433,0.203389831,0,0.005291005,0,0,0.155405405,0.004739336,0,0,0.004878049,0,0,0.004464286,0,0,0,0,0.005263158,0.009404389,0,0,0.005405405,0,0,0.008695652,0,0.01875,0,0,0.00621118,0.008163265,0,0,0,0,0.023041475,0,0.015306122,0,0.007246377,0.010050251,0.033333333,0.066298343,0,0.004716981,0.039823009,0.182608696,0,0,0.006896552,0,0,0.212121212,0,0,0,0,0,0,0,0,0,0,0.01059322,0,0.002192982,0,0,0.013850416,0.008865248,0.007092199,0.0125,0,0,0,0,0.201680672,0.22556391,0.03202847,0.024096386,0.027027027,0.076433121,0.079136691,0.045454545,0.188811189,0.095505618,0.056910569,0.1171875,0.114130435,0.089385475,0.104651163,0.161702128,0.008064516,0.045081967,0.035714286,0.035830619,0.10460251,0.065326633,0.089965398,0.039855072,0.035958904,0.076642336,0.016666667,0.041666667,0.021276596,0.025089606,0.010204082,0,0.024054983,0.004987531,0.013289037,0.009584665,0.028735632,0.031847134,0.024242424,0,0,0.005291005,0,0,0,0.022900763,0.018072289,0.006289308,0,0,0.012658228,0.011627907,0.012552301,0,0.010582011,0.034090909,0.148148148,0.149606299,0.215384615,0.09569378,1,0.18018018,0.194690265,0.007692308,0.028089888,0,0.027173913,0.010238908,0.159090909,0.069444444,0.045045045
Allograft rejection - Homo sapiens (human),0,0,0,0,0,0,0,0,0,0,0,0,0,0,0,0,0,0,0,0,0,0,0,0,0,0,0,0,0,0,0,0,0,0,0,0,0,0,0,0,0,0,0,0,0,0,0,0,0,0,0,0,0,0,0,0,0,0,0,0,0,0,0,0,0,0,0,0,0,0,0,0,0,0,0,0,0,0,0,0,0,0,0,0,0,0,0,0,0,0,0,0,0,0,0,0.012048193,0,0,0,0,0,0,0.05,0,0,0,0,0,0,0,0.009118541,0,0.003663004,0,0.003610108,0,0,0.037383178,0.022222222,0,0.028985507,0.006849315,0.011976048,0,0.006410256,0.005405405,0,0,0,0.009090909,0,0,0,0,0,0,0,0,0.021201413,0.124260355,0,0.005181347,0.010309278,0,0.029585799,0,0,0,0,0.020725389,0.031914894,0,0,0,0,0,0,0.015384615,0,0,0,0.012195122,0,0,0,0,0.147058824,0,0,0,0,0,0,0.234042553,0.004405286,0,0.044117647,0.004524887,0.028571429,0,0.03649635,0.035532995,0.151260504,0.076433121,0.03125,0.181818182,0.131782946,0.059701493,0.008403361,0.039215686,0.007462687,0.013513514,0,0.380952381,0,0,0,0,0,0.006410256,0,0,0,0,0,0,0,0,0,0,0,0,0,0,0,0,0,0,0,0,0,0,0.009433962,0,0,0,0,0,0,0,0,0,0.012048193,0.006896552,0.015789474,0.00729927,0,0,0.028571429,0.653061224,0,0,0,0,0,0,0,0,0,0,0,0,0,0,0,0,0.004761905,0,0.002493766,0,0,0.003225806,0.005870841,0,0,0,0,0,0,0,0,0.017316017,0.003521127,0.003496503,0.036363636,0.032608696,0.023391813,0.223404255,0.060606061,0.119402985,0.073170732,0.162790698,0.044776119,0.134453782,0.101010101,0.020942408,0.015228426,0.035087719,0.035433071,0.105820106,0.025,0.097046414,0.035714286,0.049618321,0.111111111,0.037344398,0.018867925,0.01426025,0.017621145,0.025423729,0,0.016736402,0,0,0,0,0,0,0,0,0,0,0,0,0,0,0,0,0,0,0,0,0,0,0.016,0.4375,0.596491228,0.271604938,0.152317881,0.18018018,1,0.6,0.04109589,0.007874016,0,0.015151515,0,0.38028169,0.028455285,0.011428571
Graft-versus-host disease - Homo sapiens (human),0,0,0,0,0,0,0,0,0,0,0,0,0,0,0,0,0,0,0,0,0,0,0,0,0,0,0,0,0,0,0,0,0,0,0,0,0,0,0,0,0,0,0,0,0,0,0,0,0,0,0,0,0,0,0,0,0,0,0,0,0,0,0,0,0,0,0,0,0,0,0,0,0,0,0,0,0,0,0,0,0,0,0,0,0,0,0,0,0,0,0,0,0,0,0,0.011494253,0,0,0,0,0,0,0.045454545,0,0,0,0,0,0,0,0.01510574,0,0.003610108,0,0,0,0,0.024316109,0.021582734,0,0.013888889,0.013422819,0.011695906,0,0.00625,0,0,0,0,0.00877193,0,0,0,0,0,0,0,0,0.020905923,0.114942529,0,0.005076142,0.007633588,0,0.028901734,0,0,0,0,0.030769231,0.042105263,0,0,0,0,0,0,0.014925373,0,0,0,0.024096386,0,0,0,0,0.130681818,0,0,0,0,0,0,0.348314607,0,0,0.035460993,0.013452915,0.009009009,0.019417476,0.028169014,0.014634146,0.146341463,0.130718954,0.03030303,0.13559322,0.136363636,0.028169014,0,0.009174312,0,0.026666667,0,0.263888889,0,0,0,0,0,0.00625,0,0,0,0,0,0,0,0,0,0,0.007194245,0,0,0,0,0,0,0,0,0,0,0,0.009090909,0,0,0,0,0,0,0,0,0,0.011494253,0.013513514,0.031413613,0.028985507,0,0,0.027932961,0.603773585,0,0,0,0,0,0,0,0,0,0,0,0,0,0,0,0,0.011876485,0,0.002469136,0,0,0.012861736,0.01171875,0,0,0,0,0,0,0,0,0.021367521,0.006968641,0.010416667,0.035087719,0.03125,0.022857143,0.178217822,0.051094891,0.082191781,0.045454545,0.115942029,0.028571429,0.112,0.093596059,0.020512821,0.02,0.040229885,0.04296875,0.109375,0.024725275,0.095435685,0.039647577,0.049242424,0.104072398,0.036734694,0.014814815,0.008802817,0.012931034,0.025,0,0.012295082,0,0,0,0,0,0,0,0,0,0,0,0,0,0,0,0,0,0,0,0,0,0,0.015503876,0.25862069,0.417910448,0.229885057,0.119496855,0.194690265,0.6,1,0,0.015384615,0,0.00729927,0,0.307692308,0.01984127,0.02259887
Primary immunodeficiency - Homo sapiens (human),0,0,0,0,0,0,0,0,0,0,0,0,0,0,0,0,0.006060606,0,0,0,0,0,0,0,0,0,0,0,0,0,0,0,0,0,0,0,0,0,0,0,0,0,0,0,0,0,0,0,0,0,0,0,0,0,0,0,0,0,0,0,0,0,0,0,0,0,0,0,0,0,0,0,0,0,0,0,0,0,0,0,0,0,0,0,0,0.024691358,0,0,0,0,0,0,0,0,0,0,0,0.01,0.023809524,0,0,0,0,0,0.014285714,0,0,0,0.02,0,0.003021148,0,0.007352941,0,0.007246377,0,0.003875969,0.021472393,0.00729927,0.00877193,0.067669173,0,0.018072289,0,0,0.005405405,0,0,0,0,0.005586592,0,0,0,0,0,0,0,0.003472222,0.016042781,0,0,0.015544041,0,0.005780347,0,0,0,0,0.005102041,0,0,0,0,0,0,0,0,0,0,0,0.024691358,0,0,0,0,0.042780749,0,0,0,0.005555556,0,0.0125,0.094339623,0.004405286,0,0.014285714,0.004524887,0.009345794,0.01,0.007092199,0.014925373,0.0703125,0.018072289,0.007633588,0.06557377,0.057971014,0.092307692,0.052631579,0.019230769,0.015037594,0.006711409,0,0.0875,0,0,0,0,0,0,0,0,0,0,0,0,0,0,0,0,0,0,0,0,0,0,0,0,0,0,0,0,0.009433962,0,0,0,0.009433962,0.007407407,0,0.009803922,0,0,0,0,0,0,0.005208333,0,0.005586592,0,0,0,0,0,0,0,0,0,0,0,0,0,0,0,0,0,0.002375297,0,0,0,0,0,0,0,0,0,0,0,0,0,0.009345794,0.008583691,0.003521127,0.007017544,0,0,0.047904192,0.00877193,0.02189781,0.013513514,0.023255814,0.02739726,0.007194245,0.007462687,0.023474178,0.005154639,0.01010101,0.029069767,0.011538462,0.009661836,0.002717391,0.035856574,0.004329004,0.005484461,0.048034934,0.024590164,0.007462687,0.007079646,0.008733624,0.008333333,0,0,0,0,0.003846154,0,0,0.008849558,0,0,0.007462687,0,0,0,0,0.008849558,0.009615385,0.007751938,0.009174312,0,0,0,0,0,0.049586777,0.045454545,0.034090909,0.009803922,0.01754386,0.007692308,0.04109589,0,1,0,0,0.007518797,0,0.031578947,0.012,0.005681818
Hypertrophic cardiomyopathy - Homo sapiens (human),0,0,0,0,0,0,0,0,0,0,0,0,0,0,0,0,0,0,0,0,0,0,0,0,0,0,0,0,0,0,0,0,0,0,0,0,0,0,0,0,0,0,0,0,0,0,0,0,0,0,0,0,0,0,0,0,0,0,0,0,0,0,0,0,0,0,0,0,0,0,0,0,0,0,0,0,0,0,0,0,0,0,0,0,0,0,0,0,0,0,0,0,0,0,0,0,0,0,0,0,0,0.020618557,0,0,0,0,0,0,0,0,0.069637883,0,0.003076923,0.020408163,0.037735849,0.048979592,0.033222591,0.013157895,0.010638298,0,0.005181347,0.015306122,0.057416268,0,0.004807692,0.004219409,0.004444444,0.014018692,0.004545455,0.00617284,0,0,0,0,0,0.008733624,0,0,0,0.034188034,0,0.016528926,0.062200957,0.039408867,0.018018018,0.046783626,0.055555556,0,0,0.004032258,0.020746888,0.282608696,0.2,0.027522936,0,0,0,0.022222222,0.003690037,0,0.060185185,0.018691589,0.020661157,0,0.098113208,0.148387097,0.033472803,0.012578616,0.048582996,0,0.004310345,0,0.028846154,0.005988024,0.014492754,0.018018018,0.010416667,0.007352941,0.006289308,0.006578947,0.010416667,0.003921569,0.055865922,0.004545455,0.010989011,0,0.010204082,0.005181347,0,0.006369427,0,0.015075377,0.025125628,0.02962963,0.05982906,0.016304348,0.028753994,0.006410256,0,0,0.017094017,0.00990099,0.020100503,0.02,0.022857143,0.009090909,0.006711409,0.005703422,0.005714286,0,0.005347594,0.077702703,0.031818182,0.029239766,0.022346369,0.007142857,0.005235602,0,0.005263158,0,0,0.044554455,0.052980132,0.140186916,0.036842105,0,0.046052632,0.027322404,0.00921659,0.033333333,0,0.026666667,0.022556391,0.053191489,0.042553191,0.038251366,0.020833333,0.024390244,0.040358744,0.007575758,0,0.007936508,0.021428571,0,0,0,0,0.012195122,0.021276596,0.007352941,0.015789474,0,0,0,0.020408163,0,0.019354839,0,0.006651885,0,0.013043478,0.019662921,0.017985612,0,0.012738854,0,0,0,0.024539877,0.014492754,0,0.017730496,0.018126888,0.01497006,0.024691358,0.013793103,0.031818182,0.037267081,0.032258065,0.016,0.037037037,0.041237113,0.037837838,0,0.018867925,0.004065041,0.020242915,0.004385965,0.012861736,0.015564202,0.057788945,0.016286645,0.003533569,0.006688963,0.006896552,0.003322259,0.009404389,0.026446281,0.010714286,0,0,0.042402827,0.01010101,0.013422819,0,0.01734104,0.019230769,0.018404908,0,0.006097561,0.005376344,0.007936508,0,0.00621118,0,0.018404908,0,0.045977011,0,0.004237288,0.019762846,0.012711864,0,0,0,0.008333333,0,0.033333333,0.004444444,0.028089888,0.007874016,0.015384615,0,1,0.560747664,0.754716981,0.035335689,0.086956522,0.00660066,0.040909091
Arrhythmogenic right ventricular cardiomyopathy - Homo sapiens (human),0,0,0,0,0,0,0,0,0,0,0,0,0,0,0,0,0,0,0,0,0,0,0,0,0,0,0,0,0,0,0,0,0,0,0,0,0,0,0,0,0,0,0,0,0,0,0,0,0,0,0,0,0,0,0,0,0,0,0,0,0,0,0,0,0,0,0,0,0,0,0,0,0,0,0,0,0,0,0,0,0,0,0,0,0,0,0,0,0,0,0,0,0,0,0,0,0,0,0,0,0,0.023809524,0,0,0,0,0,0,0,0,0.056980057,0,0,0.021352313,0.035947712,0.042735043,0.027586207,0,0,0,0,0,0,0,0,0,0,0,0,0,0,0,0,0,0,0,0,0,0,0.036199095,0,0,0.053789731,0,0.014285714,0,0,0,0,0,0.004310345,0.197080292,0.135,0.019323671,0.020661157,0,0,0,0.003875969,0,0.018867925,0.004901961,0.044642857,0,0.098814229,0.161971831,0.04,0.072463768,0.016528926,0.006097561,0.009174312,0,0.030769231,0,0.015209125,0,0,0,0,0,0,0,0.047619048,0,0,0,0,0,0,0,0,0,0.043715847,0.016129032,0,0.01754386,0.006514658,0.006993007,0,0,0.018099548,0.010582011,0.021505376,0.021390374,0.024691358,0.009661836,0,0.005847953,0.00617284,0,0,0.077464789,0,0.03164557,0.024096386,0,0,0,0.028901734,0,0,0.042105263,0,0.110576923,0,0,0.028169014,0.023391813,0,0.028985507,0,0.02919708,0.016528926,0,0,0,0.040358744,0.020725389,0.023364486,0,0,0,0.023622047,0,0,0,0,0.013245033,0.022857143,0.008130081,0.016949153,0,0,0,0.02238806,0,0.017660044,0,0.004555809,0,0.013824885,0.014492754,0.016544118,0,0.013888889,0,0,0,0.054794521,0.016,0,0.011070111,0.0125,0.021943574,0.013245033,0,0.023923445,0.013157895,0,0,0,0.021621622,0.011299435,0,0,0.004291845,0,0,0.010033445,0.008130081,0.068062827,0,0.018796992,0.003407155,0,0,0,0.028764805,0.007462687,0,0,0.032967033,0.005194805,0.014035088,0,0.03164557,0,0,0.062992126,0,0.029585799,0.04587156,0.037037037,0,0,0,0.035971223,0.049689441,0,0.02283105,0.029411765,0.041474654,0,0,0,0,0,0,0,0,0,0,0,0.560747664,1,0.530973451,0.014492754,0.078740157,0,0.028571429
Dilated cardiomyopathy - Homo sapiens (human),0,0,0,0,0,0,0,0,0,0,0,0,0,0,0,0,0.041860465,0,0,0,0,0,0,0,0,0,0,0,0,0,0,0,0,0,0,0,0,0,0,0,0,0,0,0,0,0,0,0,0,0,0,0,0,0,0,0,0,0,0,0,0,0,0,0,0,0,0,0,0,0,0,0,0,0,0,0,0,0,0,0,0,0,0,0,0,0,0,0,0,0,0,0,0,0,0,0,0,0,0,0,0,0.019417476,0,0,0,0,0,0,0,0,0.077348066,0,0.012195122,0.055172414,0.083870968,0.095833333,0.081911263,0.010335917,0.005128205,0.043478261,0.01010101,0.004901961,0.01793722,0,0.004672897,0.051724138,0.004385965,0.013636364,0.060747664,0.005952381,0,0,0,0,0,0.012820513,0,0,0,0.037656904,0,0.008,0.056338028,0.00462963,0.01754386,0.075581395,0.089655172,0,0,0.003937008,0.016129032,0.270833333,0.287958115,0.08490566,0.011406844,0,0.020134228,0.021505376,0.003610108,0,0.082949309,0.018181818,0.02016129,0,0.095940959,0.142857143,0.032653061,0.012121212,0.031128405,0.082352941,0.004201681,0,0.094527363,0.005780347,0.017793594,0.008474576,0.005025126,0.003584229,0.006060606,0,0.005025126,0,0.054054054,0.008888889,0.005291005,0,0.004926108,0.005025126,0.005649718,0.012345679,0.005208333,0.004830918,0.024390244,0.028368794,0,0.09039548,0.047923323,0.038216561,0,0,0.070175439,0.076923077,0.082901554,0.044776119,0.094674556,0.031674208,0.012987013,0.013257576,0.04,0,0.077777778,0.07615894,0.013043478,0.109756098,0.098837209,0.105263158,0.07027027,0.058558559,0.070652174,0,0.082278481,0.06372549,0.006097561,0.168224299,0.025252525,0.1,0.078431373,0.102272727,0.066350711,0.125874126,0.068783069,0.025641026,0.021582734,0.00990099,0.008032129,0.02617801,0.077253219,0.090909091,0.004219409,0.007246377,0,0.007575758,0.064285714,0.052631579,0,0,0.08045977,0.095541401,0.076086957,0.007042254,0.015306122,0,0.075581395,0,0.019607843,0,0.016949153,0.014005602,0.006564551,0,0.012711864,0.025,0.01598579,0.035714286,0.044303797,0.074712644,0,0.017985612,0.023668639,0.057971014,0,0.017361111,0.017804154,0.011730205,0.017751479,0.006578947,0.030973451,0.042168675,0.03125,0.015267176,0.028169014,0.04,0.064516129,0.005208333,0.018450185,0.003968254,0.015748031,0,0.052459016,0.011363636,0.0675,0.052980132,0,0.004958678,0.006756757,0.003257329,0.006134969,0.045,0.01048951,0.01010101,0,0.052447552,0.009950249,0.062068966,0,0.016759777,0.018518519,0.017751479,0,0.005882353,0.005208333,0.007575758,0,0.005988024,0,0.017751479,0,0.044444444,0,0.004132231,0.019305019,0.012396694,0,0,0,0.016,0.006756757,0.025477707,0.008695652,0.027173913,0.015151515,0.00729927,0.007518797,0.754716981,0.530973451,1,0.034602076,0.090909091,0.003225806,0.026200873
Diabetic cardiomyopathy - Homo sapiens (human),0.015037594,0.030973451,0.004310345,0,0,0,0,0,0,0.008196721,0,0,0,0,0.398340249,0.004464286,0,0,0,0.008403361,0,0,0,0,0,0.003968254,0,0,0,0,0,0,0,0,0,0,0.007751938,0.008438819,0,0,0,0,0,0,0.008,0,0,0,0,0,0,0.029850746,0,0,0,0,0,0,0,0,0,0,0.012145749,0,0,0,0,0,0,0,0,0,0,0,0,0,0,0,0,0,0,0,0,0,0,0,0,0,0,0.01010101,0,0,0,0,0,0,0,0,0,0,0,0,0,0.01459854,0.004255319,0,0,0,0,0,0.050739958,0.078651685,0.050239234,0.06443299,0.06235012,0.078717201,0.076142132,0.010141988,0,0.058981233,0.01320132,0.098591549,0.087947883,0.048951049,0.10652921,0.057228916,0.003552398,0.018518519,0.037267081,0.003636364,0,0,0,0.004273504,0.018518519,0.055214724,0.008108108,0.002994012,0.011135857,0.020114943,0,0.052785924,0.045028143,0.058823529,0.049535604,0.054151625,0.051587302,0.012931034,0.012448133,0.046242775,0.104615385,0.141732283,0.082822086,0.040123457,0.050704225,0,0.003875969,0.027681661,0.040540541,0.0781893,0.042682927,0.088815789,0.034482759,0,0.063157895,0.010416667,0,0.02238806,0.013623978,0.024647887,0.048484848,0,0.082781457,0,0.110169492,0.022624434,0.065972222,0.051630435,0.034090909,0.007575758,0.065972222,0.027855153,0.003322259,0.034055728,0.038461538,0.031468531,0.050675676,0.065972222,0.055555556,0.075396825,0.056338028,0.064189189,0.074576271,0.003984064,0,0.041666667,0.310240964,0.0546875,0,0.087837838,0.210344828,0.022580645,0.067567568,0.022580645,0.010380623,0.080645161,0.02734375,0.006269592,0.014035088,0,0.102564103,0.035971223,0.075949367,0.050909091,0.068592058,0.007936508,0.059027778,0.058823529,0.04109589,0.079051383,0.02962963,0.08,0.058365759,0.046920821,0.065292096,0.048192771,0.03030303,0.045138889,0.11409396,0.026819923,0.026578073,0.06374502,0.068669528,0.143382353,0.387596899,0.165384615,0.034682081,0.087542088,0.045454545,0.004081633,0.004385965,0.052631579,0.02811245,0,0,0,0.024305556,0.041044776,0.040955631,0.059322034,0.00990099,0.004081633,0.003436426,0,0,0.016,0.292951542,0.310055866,0.221982759,0.285353535,0.101910828,0.363896848,0.243589744,0.008,0.038167939,0.010309278,0,0.007751938,0.025641026,0.003968254,0.038022814,0.028277635,0.063829787,0.03908046,0.033333333,0.007751938,0.065830721,0.056603774,0.105072464,0.030042918,0.016064257,0.053511706,0.073943662,0,0.055096419,0.037463977,0.086309524,0.04587156,0.067331671,0.050561798,0.032882012,0.075949367,0.055851064,0.021428571,0.049222798,0.061381074,0.050724638,0.062228654,0.012787724,0.025188917,0,0.085106383,0.030120482,0.040100251,0.429530201,0.086466165,0.054263566,0.094117647,0.044,0.069230769,0.056338028,0,0.003773585,0.037735849,0.008264463,0.064885496,0.046511628,0.042402827,0.045627376,0.038575668,0.063037249,0.053892216,0.062256809,0.067375887,0.061818182,0,0,0.026819923,0,0.010238908,0,0,0,0.035335689,0.014492754,0.034602076,1,0.007662835,0.1,0.085714286
Viral myocarditis - Homo sapiens (human),0,0,0,0,0,0,0,0,0,0,0,0,0,0,0.005181347,0,0,0,0,0,0,0,0,0,0,0,0,0,0,0,0,0,0,0,0,0,0,0,0,0,0,0,0,0,0,0,0,0,0,0,0,0,0,0,0,0,0,0,0,0,0,0,0,0,0,0,0,0,0,0,0,0,0,0,0,0,0,0,0,0,0,0,0,0,0,0,0,0,0,0,0,0,0,0,0,0,0,0,0,0,0,0,0.049180328,0,0,0,0,0,0,0,0.011428571,0.013986014,0.017182131,0.02661597,0.003344482,0.008888889,0.010791367,0.005665722,0,0.012048193,0.025,0,0.005263158,0,0.028735632,0.009708738,0,0.010810811,0,0.047244094,0,0,0,0,0,0,0,0,0.023026316,0.13368984,0,0,0.014705882,0.005555556,0.042553191,0,0,0.057471264,0,0.00921659,0.033492823,0.013793103,0.009615385,0,0.017699115,0,0.008695652,0,0.021097046,0.034782609,0.005050505,0.010752688,0.018779343,0,0.039840637,0.020689655,0.148148148,0.048,0.017777778,0,0,0.013888889,0.016574586,0.169491525,0.028806584,0,0.031446541,0.004115226,0.007751938,0,0.006134969,0.004444444,0.111888112,0.091428571,0.013157895,0.101449275,0.090909091,0.01863354,0.028985507,0.040650407,0.019480519,0.017751479,0.041916168,0.224719101,0,0,0.006896552,0,0,0.011299435,0,0,0.005813953,0.005780347,0,0,0,0,0,0,0,0.024822695,0,0,0,0,0,0,0,0.007751938,0,0.034285714,0,0.014218009,0,0,0,0,0,0,0,0,0,0,0.023809524,0.025641026,0.004672897,0,0.015075377,0.303797468,0,0,0,0,0,0,0,0.014925373,0.00621118,0,0,0,0,0,0,0,0.011389522,0.009287926,0.016786571,0.011049724,0.004950495,0.021472393,0.011320755,0,0,0,0,0,0.030075188,0.018518519,0.015625,0.04048583,0.01320132,0.01980198,0.014925373,0.044642857,0.031413613,0.132231405,0.00621118,0.021052632,0.047619048,0.146666667,0.031847134,0.129496403,0.095890411,0.028436019,0.023041475,0.036458333,0.055555556,0.105263158,0.028947368,0.097276265,0.062761506,0.045703839,0.134199134,0.054263566,0.003436426,0.020725389,0.012,0.039370079,0,0.023166023,0.008174387,0.003690037,0.010714286,0.050359712,0.0078125,0.038167939,0.017241379,0.007462687,0.012903226,0.010416667,0,0.007633588,0.01,0.014925373,0.007936508,0.04109589,0.015384615,0.004854369,0.013333333,0.004807692,0,0.019354839,0.006756757,0.22972973,0.313953488,0.126126126,0.113636364,0.159090909,0.38028169,0.307692308,0.031578947,0.086956522,0.078740157,0.090909091,0.007662835,1,0.033834586,0.036458333
Lipid and atherosclerosis - Homo sapiens (human),0,0,0,0,0,0,0,0,0,0,0,0,0,0.003623188,0.002873563,0.004237288,0,0.00913242,0,0,0,0,0,0,0,0.003787879,0,0,0,0.00390625,0,0,0,0,0,0,0,0,0,0,0,0,0,0,0,0,0,0,0,0,0,0.028571429,0,0,0,0.014705882,0.012396694,0,0,0,0,0,0,0,0,0,0,0,0,0,0,0,0,0,0,0.02166065,0,0,0,0,0,0.017421603,0.017793594,0.006825939,0,0.007751938,0,0,0,0,0.003412969,0,0,0,0.016853933,0,0.004219409,0,0,0,0,0,0,0.03202847,0,0,0,0,0,0,0.141255605,0.111111111,0.097323601,0.109660574,0.055684455,0.085227273,0.101010101,0.078224101,0.053511706,0.143258427,0.131205674,0.08361204,0.09148265,0.068493151,0.139931741,0.064516129,0,0.005882353,0.07120743,0.047272727,0.002808989,0,0,0,0.051282051,0.088685015,0.075418994,0,0.026431718,0.033802817,0.003378378,0.063037249,0.104854369,0.040247678,0.181818182,0.066666667,0.073643411,0.060085837,0.007874016,0.136778116,0.124242424,0,0.079881657,0.054380665,0.075418994,0,0.007434944,0.013114754,0.087671233,0.136929461,0.063063063,0.174657534,0.002695418,0,0.083333333,0.003311258,0.016393443,0.025089606,0.035040431,0.041237113,0.06231454,0,0.090032154,0.039007092,0.097560976,0,0.323651452,0.216463415,0.168032787,0.120967742,0.212927757,0.088571429,0.01618123,0.157190635,0.152985075,0.104316547,0.121527778,0.181481481,0.137931034,0.136546185,0.068493151,0.206642066,0.100334448,0.011494253,0,0.068493151,0.022883295,0.119047619,0,0.201438849,0.043103448,0.041139241,0.093333333,0.047770701,0.006622517,0.105095541,0.045627376,0.017107309,0.013468013,0.029661017,0.129963899,0.057142857,0.086419753,0.034364261,0.136531365,0.011406844,0.070945946,0.134615385,0.074829932,0.108949416,0.03202847,0.094462541,0.079847909,0.108108108,0.084175084,0.034090909,0.063670412,0.06462585,0.124183007,0.025641026,0.052459016,0.077220077,0.052419355,0.080267559,0.145510836,0.188679245,0.04519774,0.124161074,0.231034483,0.027888446,0,0.045643154,0.019011407,0,0,0,0.044217687,0.062043796,0.03257329,0.052208835,0,0.019762846,0.006622517,0.012711864,0,0.023076923,0.123827392,0.073660714,0.068265683,0.042,0.071856287,0.111617312,0.11993517,0.015384615,0.075757576,0.003278689,0,0.033419023,0.039145907,0.011450382,0.1003861,0.147632312,0.157894737,0.168765743,0.173387097,0.133333333,0.235087719,0.114503817,0.209923664,0.076923077,0.068548387,0.193430657,0.093103448,0.006451613,0.230529595,0.196141479,0.30449827,0.264285714,0.260744986,0.217665615,0.100806452,0.109137056,0.286163522,0.109923664,0.208695652,0.270833333,0.173228346,0.145929339,0.043478261,0.082687339,0.017921147,0.122994652,0.041666667,0.086513995,0.111675127,0.106617647,0.075757576,0.106463878,0.079051383,0.111111111,0.114285714,0.045643154,0.010909091,0.062962963,0.040650407,0.08988764,0.084615385,0.108303249,0.095419847,0.055393586,0.060941828,0.06122449,0.055555556,0.079310345,0.178294574,0.012345679,0.067729084,0.048689139,0.00862069,0.069444444,0.028455285,0.01984127,0.012,0.00660066,0,0.003225806,0.1,0.033834586,1,0.195945946
Fluid shear stress and atherosclerosis - Homo sapiens (human),0,0,0,0,0,0,0,0,0,0,0,0,0.006711409,0,0,0.012578616,0,0,0,0.005714286,0,0,0,0,0,0.005319149,0,0,0,0,0,0,0,0,0,0,0.107344633,0,0,0,0,0,0,0,0,0,0,0,0,0,0,0.014354067,0,0,0,0,0,0,0,0,0,0,0,0,0,0,0,0,0,0,0,0,0,0,0,0,0.005524862,0,0,0,0,0.096446701,0.09947644,0.095,0,0,0,0,0.016460905,0,0,0,0,0,0,0.005434783,0,0,0,0,0,0.006802721,0,0,0,0,0,0,0,0,0.098984772,0.082125604,0.093294461,0.115015974,0.032697548,0.051546392,0.084337349,0.035799523,0.012711864,0.074675325,0.061135371,0.073593074,0.084337349,0.058295964,0.126637555,0.043636364,0.002,0.003773585,0.042471042,0.00952381,0.007168459,0,0,0,0.039408867,0.06870229,0.033444816,0.003703704,0.015625,0.031914894,0,0.05734767,0.067099567,0.048387097,0.108870968,0.065420561,0.057894737,0.030120482,0.011235955,0.041958042,0.100746269,0,0.054744526,0.038022814,0.036912752,0,0.005154639,0.044843049,0.049019608,0.118644068,0.0651341,0.171052632,0.027777778,0,0.107491857,0.022522523,0.031358885,0.044776119,0.051194539,0.022522523,0.08045977,0.00896861,0.08677686,0.023584906,0.085808581,0,0.14084507,0.080267559,0.071794872,0.030612245,0.157142857,0.048109966,0.03030303,0.046511628,0.114832536,0.069444444,0.083333333,0.130232558,0.094059406,0.125,0.053571429,0.172897196,0.114537445,0,0.011695906,0.035087719,0.024861878,0.035175879,0,0.156950673,0.025,0,0.045643154,0.003968254,0.004405286,0.071146245,0,0.012259194,0,0.04375,0.117924528,0.063583815,0.090909091,0,0.099526066,0,0.080717489,0.103174603,0.038961039,0.105820106,0.004694836,0.069958848,0.077720207,0.069343066,0.051282051,0.04787234,0.04,0.030434783,0.121338912,0,0.020833333,0.046391753,0.069364162,0.092920354,0.109433962,0.171568627,0.003412969,0.083682008,0.101960784,0.02247191,0,0.035294118,0,0,0,0,0.03125,0.04368932,0.008368201,0.050847458,0,0,0,0,0.005050505,0,0.065173116,0.043814433,0.028629857,0.013667426,0.048327138,0.06185567,0.04770017,0.016216216,0.045226131,0,0,0.021943574,0.08,0.010695187,0.082901554,0.080385852,0.106017192,0.108571429,0.113989637,0.020833333,0.159663866,0.08,0.136792453,0.035294118,0.055865922,0.091304348,0.061674009,0.004255319,0.092465753,0.068592058,0.118959108,0.094488189,0.130434783,0.080139373,0.053811659,0.07761194,0.140410959,0.038277512,0.1,0.128617363,0.072254335,0.116666667,0.027863777,0.042553191,0.100529101,0.120521173,0.046620047,0.117834395,0.183006536,0.102941176,0.066666667,0.113989637,0.059139785,0.097435897,0.123809524,0.011494253,0.015075377,0.060301508,0.028571429,0.075,0.072916667,0.089622642,0.049751244,0.047619048,0.132841328,0.043478261,0.050251256,0.087155963,0.106796117,0.00591716,0,0.035532995,0.007326007,0.045045045,0.011428571,0.02259887,0.005681818,0.040909091,0.028571429,0.026200873,0.085714286,0.036458333,0.195945946,1
